episode,algo,episode_return
1,saint_ppo,-0.12168312072753906
2,saint_ppo,-2.491880416870117
3,saint_ppo,-0.03623676300048828
4,saint_ppo,2.2263336181640625
5,saint_ppo,0.1113290786743164
6,saint_ppo,-0.4700183868408203
7,saint_ppo,0.5198154449462891
8,saint_ppo,-0.38189125061035156
9,saint_ppo,-0.11017894744873047
10,saint_ppo,0.26393604278564453
11,saint_ppo,-0.8939294815063477
12,saint_ppo,-0.04833507537841797
13,saint_ppo,1.1485843658447266
14,saint_ppo,1.8883953094482422
15,saint_ppo,0.46558570861816406
16,saint_ppo,-0.05968904495239258
17,saint_ppo,-0.10515499114990234
18,saint_ppo,-0.14599323272705078
19,saint_ppo,0.30999279022216797
20,saint_ppo,0.7472019195556641
21,saint_ppo,0.6968202590942383
22,saint_ppo,0.16277599334716797
23,saint_ppo,1.989053726196289
24,saint_ppo,1.1959447860717773
25,saint_ppo,1.4278106689453125
26,saint_ppo,0.8929853439331055
27,saint_ppo,1.247701644897461
28,saint_ppo,-0.5854663848876953
29,saint_ppo,0.11476516723632812
30,saint_ppo,0.6086807250976562
31,saint_ppo,0.06800365447998047
32,saint_ppo,2.072347640991211
33,saint_ppo,0.8226413726806641
34,saint_ppo,-1.8447074890136719
35,saint_ppo,-0.1076974868774414
36,saint_ppo,-0.3447704315185547
37,saint_ppo,0.5831813812255859
38,saint_ppo,0.599461555480957
39,saint_ppo,-1.0854949951171875
40,saint_ppo,0.11762714385986328
41,saint_ppo,0.06027698516845703
42,saint_ppo,0.6574802398681641
43,saint_ppo,-0.40190601348876953
44,saint_ppo,0.6907787322998047
45,saint_ppo,-0.2733011245727539
46,saint_ppo,-0.015908241271972656
47,saint_ppo,-1.0702571868896484
48,saint_ppo,-0.04582977294921875
49,saint_ppo,0.7849454879760742
50,saint_ppo,1.3412284851074219
51,saint_ppo,0.008409500122070312
52,saint_ppo,0.49332523345947266
53,saint_ppo,3.094435691833496
54,saint_ppo,0.7102890014648438
55,saint_ppo,1.4916629791259766
56,saint_ppo,0.39009857177734375
57,saint_ppo,1.3441429138183594
58,saint_ppo,0.5434341430664062
59,saint_ppo,1.1324777603149414
60,saint_ppo,0.9114189147949219
61,saint_ppo,1.2432165145874023
62,saint_ppo,1.112344741821289
63,saint_ppo,-0.23869895935058594
64,saint_ppo,0.9492549896240234
65,saint_ppo,1.1728219985961914
66,saint_ppo,1.3288860321044922
67,saint_ppo,2.119296073913574
68,saint_ppo,0.2616386413574219
69,saint_ppo,-0.1353302001953125
70,saint_ppo,-0.5812187194824219
71,saint_ppo,0.5708084106445312
72,saint_ppo,0.6626300811767578
73,saint_ppo,0.16948604583740234
74,saint_ppo,0.5834054946899414
75,saint_ppo,0.2912788391113281
76,saint_ppo,-0.08942127227783203
77,saint_ppo,-0.15281009674072266
78,saint_ppo,0.16727924346923828
79,saint_ppo,0.8907899856567383
80,saint_ppo,1.144735336303711
81,saint_ppo,-0.10741901397705078
82,saint_ppo,0.6600723266601562
83,saint_ppo,0.519287109375
84,saint_ppo,2.061825752258301
85,saint_ppo,-0.17745685577392578
86,saint_ppo,2.7820091247558594
87,saint_ppo,0.028554916381835938
88,saint_ppo,-0.0400238037109375
89,saint_ppo,-0.4579753875732422
90,saint_ppo,0.5002965927124023
91,saint_ppo,0.07506656646728516
92,saint_ppo,0.15862274169921875
93,saint_ppo,1.3715457916259766
94,saint_ppo,0.49259471893310547
95,saint_ppo,1.3402252197265625
96,saint_ppo,1.0613679885864258
97,saint_ppo,1.4308795928955078
98,saint_ppo,0.6241359710693359
99,saint_ppo,0.8561820983886719
100,saint_ppo,0.3578224182128906
101,saint_ppo,0.40960025787353516
102,saint_ppo,0.7850522994995117
103,saint_ppo,1.4660110473632812
104,saint_ppo,3.1899309158325195
105,saint_ppo,0.16466045379638672
106,saint_ppo,2.472135543823242
107,saint_ppo,1.298151969909668
108,saint_ppo,1.650547981262207
109,saint_ppo,-0.7944917678833008
110,saint_ppo,-0.06455326080322266
111,saint_ppo,1.6907854080200195
112,saint_ppo,1.6334009170532227
113,saint_ppo,-0.16866397857666016
114,saint_ppo,0.5688514709472656
115,saint_ppo,2.301006317138672
116,saint_ppo,0.26987648010253906
117,saint_ppo,0.9441194534301758
118,saint_ppo,-0.25081825256347656
119,saint_ppo,2.216081142425537
120,saint_ppo,0.2663078308105469
121,saint_ppo,0.5141267776489258
122,saint_ppo,-0.5565166473388672
123,saint_ppo,1.1923418045043945
124,saint_ppo,4.536816596984863
125,saint_ppo,0.6021823883056641
126,saint_ppo,0.588862419128418
127,saint_ppo,0.31214427947998047
128,saint_ppo,1.240285873413086
129,saint_ppo,1.352621078491211
130,saint_ppo,0.6901779174804688
131,saint_ppo,0.10171699523925781
132,saint_ppo,1.662827491760254
133,saint_ppo,1.4943885803222656
134,saint_ppo,0.4893350601196289
135,saint_ppo,-0.13958454132080078
136,saint_ppo,0.25228404998779297
137,saint_ppo,0.5298194885253906
138,saint_ppo,0.16733646392822266
139,saint_ppo,-1.0007009506225586
140,saint_ppo,1.0030097961425781
141,saint_ppo,0.9345979690551758
142,saint_ppo,0.5549297332763672
143,saint_ppo,0.49205780029296875
144,saint_ppo,1.2773332595825195
145,saint_ppo,-2.228756904602051
146,saint_ppo,0.10528564453125
147,saint_ppo,2.053647994995117
148,saint_ppo,-0.0049877166748046875
149,saint_ppo,0.39192867279052734
150,saint_ppo,-0.19747257232666016
151,saint_ppo,1.4100637435913086
152,saint_ppo,-0.028017044067382812
153,saint_ppo,0.26398372650146484
154,saint_ppo,1.2083091735839844
155,saint_ppo,0.1673421859741211
156,saint_ppo,1.4124879837036133
157,saint_ppo,1.3492088317871094
158,saint_ppo,0.762481689453125
159,saint_ppo,0.9174261093139648
160,saint_ppo,0.7667751312255859
161,saint_ppo,-0.21417808532714844
162,saint_ppo,2.7793540954589844
163,saint_ppo,1.7992210388183594
164,saint_ppo,2.7972116470336914
165,saint_ppo,0.2106924057006836
166,saint_ppo,0.1804952621459961
167,saint_ppo,-0.19975566864013672
168,saint_ppo,0.5548038482666016
169,saint_ppo,0.464385986328125
170,saint_ppo,0.3499574661254883
171,saint_ppo,2.578158378601074
172,saint_ppo,0.8332395553588867
173,saint_ppo,0.5858659744262695
174,saint_ppo,-0.5655345916748047
175,saint_ppo,1.5631523132324219
176,saint_ppo,1.2655754089355469
177,saint_ppo,0.856231689453125
178,saint_ppo,1.4457836151123047
179,saint_ppo,2.3584184646606445
180,saint_ppo,0.7933406829833984
181,saint_ppo,1.6866073608398438
182,saint_ppo,0.42632007598876953
183,saint_ppo,2.1309728622436523
184,saint_ppo,1.6469087600708008
185,saint_ppo,1.46466064453125
186,saint_ppo,1.480423927307129
187,saint_ppo,2.027132034301758
188,saint_ppo,0.7581300735473633
189,saint_ppo,2.045980453491211
190,saint_ppo,1.3173274993896484
191,saint_ppo,-0.12192249298095703
192,saint_ppo,-0.027589797973632812
193,saint_ppo,0.8924398422241211
194,saint_ppo,1.4777002334594727
195,saint_ppo,2.0928878784179688
196,saint_ppo,0.3448190689086914
197,saint_ppo,-0.7635431289672852
198,saint_ppo,0.46228694915771484
199,saint_ppo,0.12549877166748047
200,saint_ppo,1.7576255798339844
201,saint_ppo,-0.17812156677246094
202,saint_ppo,-0.1109771728515625
203,saint_ppo,0.8702011108398438
204,saint_ppo,0.12044620513916016
205,saint_ppo,1.8574752807617188
206,saint_ppo,0.6857328414916992
207,saint_ppo,-0.4340829849243164
208,saint_ppo,0.08629798889160156
209,saint_ppo,-1.200958251953125
210,saint_ppo,1.0802898406982422
211,saint_ppo,2.0203857421875
212,saint_ppo,1.599015235900879
213,saint_ppo,0.8864383697509766
214,saint_ppo,1.176468849182129
215,saint_ppo,3.2801461219787598
216,saint_ppo,1.5451469421386719
217,saint_ppo,-0.4754199981689453
218,saint_ppo,0.3914308547973633
219,saint_ppo,0.5800800323486328
220,saint_ppo,1.7084989547729492
221,saint_ppo,0.3781394958496094
222,saint_ppo,-0.5640869140625
223,saint_ppo,0.28711700439453125
224,saint_ppo,1.785161018371582
225,saint_ppo,0.8972539901733398
226,saint_ppo,1.613616943359375
227,saint_ppo,2.7707290649414062
228,saint_ppo,0.4462299346923828
229,saint_ppo,1.711756706237793
230,saint_ppo,0.8923969268798828
231,saint_ppo,0.8581762313842773
232,saint_ppo,2.715203285217285
233,saint_ppo,0.4444570541381836
234,saint_ppo,-1.964569091796875
235,saint_ppo,1.2595138549804688
236,saint_ppo,-0.3731231689453125
237,saint_ppo,0.9184579849243164
238,saint_ppo,0.9638442993164062
239,saint_ppo,0.637598991394043
240,saint_ppo,1.202005386352539
241,saint_ppo,0.3329505920410156
242,saint_ppo,1.2276039123535156
243,saint_ppo,0.16781044006347656
244,saint_ppo,2.5813846588134766
245,saint_ppo,0.07406234741210938
246,saint_ppo,2.610884666442871
247,saint_ppo,1.0839061737060547
248,saint_ppo,1.3904528617858887
249,saint_ppo,-0.7407493591308594
250,saint_ppo,-0.3263406753540039
251,saint_ppo,0.8744573593139648
252,saint_ppo,0.7920913696289062
253,saint_ppo,0.1641559600830078
254,saint_ppo,-0.3672981262207031
255,saint_ppo,2.1325511932373047
256,saint_ppo,1.5090465545654297
257,saint_ppo,0.5430784225463867
258,saint_ppo,0.4273662567138672
259,saint_ppo,0.6410684585571289
260,saint_ppo,0.8986749649047852
261,saint_ppo,1.2081108093261719
262,saint_ppo,1.1646089553833008
263,saint_ppo,1.7496757507324219
264,saint_ppo,1.369837760925293
265,saint_ppo,0.9559183120727539
266,saint_ppo,-0.025132179260253906
267,saint_ppo,-2.9117279052734375
268,saint_ppo,0.5902214050292969
269,saint_ppo,0.9943475723266602
270,saint_ppo,-0.40337467193603516
271,saint_ppo,2.3828611373901367
272,saint_ppo,-0.46956348419189453
273,saint_ppo,1.927058219909668
274,saint_ppo,0.5774602890014648
275,saint_ppo,0.5146274566650391
276,saint_ppo,2.087190628051758
277,saint_ppo,0.7621698379516602
278,saint_ppo,1.1415138244628906
279,saint_ppo,0.5425891876220703
280,saint_ppo,-1.03924560546875
281,saint_ppo,2.259084701538086
282,saint_ppo,0.3146543502807617
283,saint_ppo,0.9669189453125
284,saint_ppo,1.1477336883544922
285,saint_ppo,0.21143150329589844
286,saint_ppo,1.6847610473632812
287,saint_ppo,0.17537689208984375
288,saint_ppo,1.0276908874511719
289,saint_ppo,0.5557661056518555
290,saint_ppo,1.661900520324707
291,saint_ppo,-0.7437314987182617
292,saint_ppo,-0.08454608917236328
293,saint_ppo,1.8769044876098633
294,saint_ppo,0.7745180130004883
295,saint_ppo,0.7621955871582031
296,saint_ppo,0.549534797668457
297,saint_ppo,1.5339536666870117
298,saint_ppo,0.6945552825927734
299,saint_ppo,1.5575380325317383
300,saint_ppo,-0.4526376724243164
301,saint_ppo,1.8654088973999023
302,saint_ppo,0.08528327941894531
303,saint_ppo,2.343252182006836
304,saint_ppo,-1.3096046447753906
305,saint_ppo,1.3647260665893555
306,saint_ppo,1.2745733261108398
307,saint_ppo,0.5106897354125977
308,saint_ppo,0.5034542083740234
309,saint_ppo,-0.1677560806274414
310,saint_ppo,0.3672904968261719
311,saint_ppo,-1.1431875228881836
312,saint_ppo,1.7504396438598633
313,saint_ppo,-1.2655210494995117
314,saint_ppo,0.7738652229309082
315,saint_ppo,-0.005478858947753906
316,saint_ppo,-0.07673263549804688
317,saint_ppo,3.232938766479492
318,saint_ppo,-0.9872970581054688
319,saint_ppo,-0.39306068420410156
320,saint_ppo,0.4084444046020508
321,saint_ppo,-1.8641157150268555
322,saint_ppo,0.8342399597167969
323,saint_ppo,-0.13758087158203125
324,saint_ppo,2.6496334075927734
325,saint_ppo,0.5724191665649414
326,saint_ppo,1.6078386306762695
327,saint_ppo,-0.7347679138183594
328,saint_ppo,2.0737037658691406
329,saint_ppo,0.6294107437133789
330,saint_ppo,2.0478477478027344
331,saint_ppo,1.1761188507080078
332,saint_ppo,1.3479719161987305
333,saint_ppo,0.9530782699584961
334,saint_ppo,1.9385852813720703
335,saint_ppo,1.199812889099121
336,saint_ppo,0.017568588256835938
337,saint_ppo,0.29876136779785156
338,saint_ppo,0.6488685607910156
339,saint_ppo,3.167269229888916
340,saint_ppo,-0.17430496215820312
341,saint_ppo,0.951441764831543
342,saint_ppo,1.4438352584838867
343,saint_ppo,1.5381841659545898
344,saint_ppo,-0.04356956481933594
345,saint_ppo,3.3963804244995117
346,saint_ppo,0.4846963882446289
347,saint_ppo,1.6891136169433594
348,saint_ppo,0.3107757568359375
349,saint_ppo,2.8870744705200195
350,saint_ppo,2.6771163940429688
351,saint_ppo,2.395066261291504
352,saint_ppo,2.2924976348876953
353,saint_ppo,1.1631412506103516
354,saint_ppo,0.18309974670410156
355,saint_ppo,0.9637308120727539
356,saint_ppo,2.234060287475586
357,saint_ppo,0.3847789764404297
358,saint_ppo,0.47588634490966797
359,saint_ppo,0.647578239440918
360,saint_ppo,-2.4294815063476562
361,saint_ppo,1.0925664901733398
362,saint_ppo,1.118560791015625
363,saint_ppo,0.5270757675170898
364,saint_ppo,-0.6120996475219727
365,saint_ppo,0.3358726501464844
366,saint_ppo,1.4605541229248047
367,saint_ppo,0.8935203552246094
368,saint_ppo,-0.06821346282958984
369,saint_ppo,1.5497093200683594
370,saint_ppo,2.2818546295166016
371,saint_ppo,0.825164794921875
372,saint_ppo,-0.08160972595214844
373,saint_ppo,2.1134567260742188
374,saint_ppo,1.0810775756835938
375,saint_ppo,1.0567131042480469
376,saint_ppo,1.4804329872131348
377,saint_ppo,0.8152694702148438
378,saint_ppo,0.04888343811035156
379,saint_ppo,0.7994823455810547
380,saint_ppo,-0.0147247314453125
381,saint_ppo,0.8389797210693359
382,saint_ppo,0.03049182891845703
383,saint_ppo,-1.5613765716552734
384,saint_ppo,0.8815746307373047
385,saint_ppo,0.6758155822753906
386,saint_ppo,0.9961471557617188
387,saint_ppo,1.8660221099853516
388,saint_ppo,2.4088869094848633
389,saint_ppo,0.31212711334228516
390,saint_ppo,0.7034912109375
391,saint_ppo,2.850813865661621
392,saint_ppo,-0.43322181701660156
393,saint_ppo,-1.5712766647338867
394,saint_ppo,1.3120059967041016
395,saint_ppo,1.9779882431030273
396,saint_ppo,1.8157663345336914
397,saint_ppo,0.7792949676513672
398,saint_ppo,0.7559089660644531
399,saint_ppo,0.4940767288208008
400,saint_ppo,0.6520051956176758
401,saint_ppo,0.4894828796386719
402,saint_ppo,0.16742420196533203
403,saint_ppo,0.3438892364501953
404,saint_ppo,0.6596193313598633
405,saint_ppo,0.2724170684814453
406,saint_ppo,0.8680715560913086
407,saint_ppo,0.5941047668457031
408,saint_ppo,0.5740966796875
409,saint_ppo,-0.3640899658203125
410,saint_ppo,1.7193012237548828
411,saint_ppo,1.305459976196289
412,saint_ppo,0.846674919128418
413,saint_ppo,-0.010486125946044922
414,saint_ppo,0.4193286895751953
415,saint_ppo,0.4660491943359375
416,saint_ppo,3.35176944732666
417,saint_ppo,0.8717136383056641
418,saint_ppo,0.7354726791381836
419,saint_ppo,1.4454154968261719
420,saint_ppo,1.082413673400879
421,saint_ppo,-0.8943338394165039
422,saint_ppo,2.043079376220703
423,saint_ppo,0.8081388473510742
424,saint_ppo,1.3910226821899414
425,saint_ppo,0.3663053512573242
426,saint_ppo,4.686988353729248
427,saint_ppo,0.0001392364501953125
428,saint_ppo,-0.3752889633178711
429,saint_ppo,2.5175323486328125
430,saint_ppo,0.8579158782958984
431,saint_ppo,0.7204380035400391
432,saint_ppo,1.939835548400879
433,saint_ppo,0.8829002380371094
434,saint_ppo,0.4182920455932617
435,saint_ppo,1.2284412384033203
436,saint_ppo,0.5465917587280273
437,saint_ppo,2.613326072692871
438,saint_ppo,1.4281387329101562
439,saint_ppo,0.18230438232421875
440,saint_ppo,1.2594318389892578
441,saint_ppo,0.2098369598388672
442,saint_ppo,-0.9219932556152344
443,saint_ppo,0.2398700714111328
444,saint_ppo,0.9619836807250977
445,saint_ppo,0.5472183227539062
446,saint_ppo,2.3871145248413086
447,saint_ppo,0.4908723831176758
448,saint_ppo,1.0014944076538086
449,saint_ppo,-0.22613239288330078
450,saint_ppo,0.9493379592895508
451,saint_ppo,0.3506011962890625
452,saint_ppo,-0.3806648254394531
453,saint_ppo,2.5938148498535156
454,saint_ppo,0.5605020523071289
455,saint_ppo,1.2412490844726562
456,saint_ppo,0.29129505157470703
457,saint_ppo,1.1509666442871094
458,saint_ppo,1.3448829650878906
459,saint_ppo,1.816981315612793
460,saint_ppo,0.7858600616455078
461,saint_ppo,0.39525508880615234
462,saint_ppo,0.21257400512695312
463,saint_ppo,1.5734148025512695
464,saint_ppo,2.620206832885742
465,saint_ppo,1.0458784103393555
466,saint_ppo,0.8906993865966797
467,saint_ppo,3.2595009803771973
468,saint_ppo,-0.41711997985839844
469,saint_ppo,1.3565454483032227
470,saint_ppo,0.6841983795166016
471,saint_ppo,-0.049904823303222656
472,saint_ppo,0.8672933578491211
473,saint_ppo,1.6589937210083008
474,saint_ppo,0.344757080078125
475,saint_ppo,0.5678577423095703
476,saint_ppo,-0.31171703338623047
477,saint_ppo,0.546173095703125
478,saint_ppo,2.2716808319091797
479,saint_ppo,0.6316394805908203
480,saint_ppo,-1.4267635345458984
481,saint_ppo,0.9124183654785156
482,saint_ppo,1.4981679916381836
483,saint_ppo,0.27559947967529297
484,saint_ppo,1.359659194946289
485,saint_ppo,1.1314096450805664
486,saint_ppo,1.6282424926757812
487,saint_ppo,0.5494146347045898
488,saint_ppo,1.5798511505126953
489,saint_ppo,0.1619701385498047
490,saint_ppo,0.5153131484985352
491,saint_ppo,1.6145029067993164
492,saint_ppo,1.8811931610107422
493,saint_ppo,3.242417335510254
494,saint_ppo,-0.6495199203491211
495,saint_ppo,-0.31372547149658203
496,saint_ppo,1.8501739501953125
497,saint_ppo,1.4605207443237305
498,saint_ppo,2.4808359146118164
499,saint_ppo,0.8901939392089844
500,saint_ppo,1.3262338638305664
501,saint_ppo,2.439725875854492
502,saint_ppo,1.4424638748168945
503,saint_ppo,2.2013635635375977
504,saint_ppo,2.0787572860717773
505,saint_ppo,0.035668373107910156
506,saint_ppo,0.7338905334472656
507,saint_ppo,1.1504707336425781
508,saint_ppo,2.1017112731933594
509,saint_ppo,0.3341035842895508
510,saint_ppo,1.3636436462402344
511,saint_ppo,1.3298635482788086
512,saint_ppo,-0.7558250427246094
513,saint_ppo,3.3182787895202637
514,saint_ppo,-0.6019821166992188
515,saint_ppo,0.09787225723266602
516,saint_ppo,0.4974985122680664
517,saint_ppo,0.37395668029785156
518,saint_ppo,-0.1939992904663086
519,saint_ppo,-0.29528141021728516
520,saint_ppo,1.1347112655639648
521,saint_ppo,0.6320438385009766
522,saint_ppo,-1.823023796081543
523,saint_ppo,0.3822898864746094
524,saint_ppo,1.1549186706542969
525,saint_ppo,0.22838497161865234
526,saint_ppo,0.8605155944824219
527,saint_ppo,0.6701068878173828
528,saint_ppo,0.9054498672485352
529,saint_ppo,0.6048154830932617
530,saint_ppo,0.5198421478271484
531,saint_ppo,0.7234096527099609
532,saint_ppo,1.1261711120605469
533,saint_ppo,0.11046886444091797
534,saint_ppo,1.1328296661376953
535,saint_ppo,-0.2322063446044922
536,saint_ppo,-0.018312454223632812
537,saint_ppo,-0.21814537048339844
538,saint_ppo,0.0686483383178711
539,saint_ppo,0.7216300964355469
540,saint_ppo,0.48538970947265625
541,saint_ppo,1.4810781478881836
542,saint_ppo,1.2324752807617188
543,saint_ppo,1.0433149337768555
544,saint_ppo,1.743168830871582
545,saint_ppo,-1.4886054992675781
546,saint_ppo,0.8323383331298828
547,saint_ppo,1.4233880043029785
548,saint_ppo,1.275954246520996
549,saint_ppo,0.7535943984985352
550,saint_ppo,0.6914892196655273
551,saint_ppo,-0.5881490707397461
552,saint_ppo,1.9356698989868164
553,saint_ppo,1.2090187072753906
554,saint_ppo,0.21231842041015625
555,saint_ppo,0.5224685668945312
556,saint_ppo,1.718658447265625
557,saint_ppo,0.6620578765869141
558,saint_ppo,-2.023259162902832
559,saint_ppo,-1.5925588607788086
560,saint_ppo,0.5556182861328125
561,saint_ppo,1.3314228057861328
562,saint_ppo,-0.42173099517822266
563,saint_ppo,-0.8395776748657227
564,saint_ppo,0.33722877502441406
565,saint_ppo,0.36730194091796875
566,saint_ppo,4.0988922119140625
567,saint_ppo,2.616486072540283
568,saint_ppo,2.8079185485839844
569,saint_ppo,1.1839771270751953
570,saint_ppo,-0.4859762191772461
571,saint_ppo,-0.08667278289794922
572,saint_ppo,0.8328065872192383
573,saint_ppo,1.1530284881591797
574,saint_ppo,0.40563488006591797
575,saint_ppo,0.074554443359375
576,saint_ppo,2.442814826965332
577,saint_ppo,-0.5081291198730469
578,saint_ppo,0.8075475692749023
579,saint_ppo,1.1907691955566406
580,saint_ppo,1.4980134963989258
581,saint_ppo,-0.1615276336669922
582,saint_ppo,1.9635801315307617
583,saint_ppo,1.0443077087402344
584,saint_ppo,-0.6329402923583984
585,saint_ppo,0.249481201171875
586,saint_ppo,-0.2940788269042969
587,saint_ppo,1.9567317962646484
588,saint_ppo,-0.2871112823486328
589,saint_ppo,-0.4207115173339844
590,saint_ppo,0.6669502258300781
591,saint_ppo,-0.3566923141479492
592,saint_ppo,0.014537811279296875
593,saint_ppo,0.3243846893310547
594,saint_ppo,1.779616355895996
595,saint_ppo,0.4936056137084961
596,saint_ppo,1.9684514999389648
597,saint_ppo,0.9571590423583984
598,saint_ppo,0.6167917251586914
599,saint_ppo,-1.379776954650879
600,saint_ppo,0.47540760040283203
601,saint_ppo,1.0774431228637695
602,saint_ppo,1.2390384674072266
603,saint_ppo,-0.34223461151123047
604,saint_ppo,2.510626792907715
605,saint_ppo,0.07495880126953125
606,saint_ppo,2.05572509765625
607,saint_ppo,0.24376678466796875
608,saint_ppo,1.6799087524414062
609,saint_ppo,0.6027317047119141
610,saint_ppo,0.5043354034423828
611,saint_ppo,-0.6657505035400391
612,saint_ppo,-0.1340494155883789
613,saint_ppo,2.181203842163086
614,saint_ppo,-0.4076671600341797
615,saint_ppo,0.8291311264038086
616,saint_ppo,0.371917724609375
617,saint_ppo,2.302522659301758
618,saint_ppo,-0.22145462036132812
619,saint_ppo,0.7480735778808594
620,saint_ppo,1.1958703994750977
621,saint_ppo,1.5957727432250977
622,saint_ppo,0.3089151382446289
623,saint_ppo,0.8459386825561523
624,saint_ppo,0.015558242797851562
625,saint_ppo,0.8257989883422852
626,saint_ppo,0.5366754531860352
627,saint_ppo,0.16600418090820312
628,saint_ppo,0.6689395904541016
629,saint_ppo,-0.5292043685913086
630,saint_ppo,0.7466402053833008
631,saint_ppo,0.015848159790039062
632,saint_ppo,-0.4919166564941406
633,saint_ppo,0.6897726058959961
634,saint_ppo,1.3794689178466797
635,saint_ppo,1.4602766036987305
636,saint_ppo,0.9133329391479492
637,saint_ppo,2.0158300399780273
638,saint_ppo,0.011506080627441406
639,saint_ppo,-0.24359416961669922
640,saint_ppo,1.2614154815673828
641,saint_ppo,0.6192913055419922
642,saint_ppo,1.4012441635131836
643,saint_ppo,0.719883918762207
644,saint_ppo,1.1198186874389648
645,saint_ppo,0.7027721405029297
646,saint_ppo,0.6183395385742188
647,saint_ppo,0.7895574569702148
648,saint_ppo,0.20012187957763672
649,saint_ppo,-0.9235782623291016
650,saint_ppo,0.5128059387207031
651,saint_ppo,-0.35335445404052734
652,saint_ppo,0.9846773147583008
653,saint_ppo,0.15201282501220703
654,saint_ppo,0.701594352722168
655,saint_ppo,4.396167755126953
656,saint_ppo,1.4228096008300781
657,saint_ppo,0.34329700469970703
658,saint_ppo,0.7191944122314453
659,saint_ppo,0.5548782348632812
660,saint_ppo,1.7408552169799805
661,saint_ppo,3.0210399627685547
662,saint_ppo,0.13465023040771484
663,saint_ppo,2.133133888244629
664,saint_ppo,0.5966691970825195
665,saint_ppo,0.4314842224121094
666,saint_ppo,1.4794921875
667,saint_ppo,0.06382274627685547
668,saint_ppo,1.3644003868103027
669,saint_ppo,0.11962127685546875
670,saint_ppo,-0.0114593505859375
671,saint_ppo,0.14504623413085938
672,saint_ppo,1.1726007461547852
673,saint_ppo,0.7137889862060547
674,saint_ppo,0.5604343414306641
675,saint_ppo,2.42465877532959
676,saint_ppo,1.01715087890625
677,saint_ppo,1.1711997985839844
678,saint_ppo,1.0366020202636719
679,saint_ppo,-1.9563274383544922
680,saint_ppo,1.0804758071899414
681,saint_ppo,0.8543453216552734
682,saint_ppo,2.0813803672790527
683,saint_ppo,0.1394062042236328
684,saint_ppo,0.6332435607910156
685,saint_ppo,2.0897626876831055
686,saint_ppo,1.4855823516845703
687,saint_ppo,3.300556182861328
688,saint_ppo,-1.7557373046875
689,saint_ppo,1.6533594131469727
690,saint_ppo,2.232974052429199
691,saint_ppo,0.1664285659790039
692,saint_ppo,2.1659650802612305
693,saint_ppo,0.1763772964477539
694,saint_ppo,1.7022228240966797
695,saint_ppo,1.8636541366577148
696,saint_ppo,-0.2960691452026367
697,saint_ppo,1.4793033599853516
698,saint_ppo,1.1738300323486328
699,saint_ppo,1.550562858581543
700,saint_ppo,-0.6553030014038086
701,saint_ppo,0.9072389602661133
702,saint_ppo,1.3222675323486328
703,saint_ppo,0.9501981735229492
704,saint_ppo,2.536409378051758
705,saint_ppo,1.3484344482421875
706,saint_ppo,0.9072704315185547
707,saint_ppo,3.500152587890625
708,saint_ppo,0.9505243301391602
709,saint_ppo,0.5017986297607422
710,saint_ppo,1.2138738632202148
711,saint_ppo,2.2166805267333984
712,saint_ppo,1.4968433380126953
713,saint_ppo,1.9401588439941406
714,saint_ppo,1.704463005065918
715,saint_ppo,0.6644229888916016
716,saint_ppo,2.094611167907715
717,saint_ppo,0.4338569641113281
718,saint_ppo,1.3865184783935547
719,saint_ppo,1.8933448791503906
720,saint_ppo,0.9205865859985352
721,saint_ppo,0.8248701095581055
722,saint_ppo,2.4795265197753906
723,saint_ppo,1.7142906188964844
724,saint_ppo,0.424346923828125
725,saint_ppo,0.9436540603637695
726,saint_ppo,-1.5171499252319336
727,saint_ppo,0.9773778915405273
728,saint_ppo,1.3645648956298828
729,saint_ppo,1.6524076461791992
730,saint_ppo,0.3245363235473633
731,saint_ppo,3.6725330352783203
732,saint_ppo,1.4288702011108398
733,saint_ppo,1.7759590148925781
734,saint_ppo,0.720952033996582
735,saint_ppo,-0.07911491394042969
736,saint_ppo,0.15187644958496094
737,saint_ppo,1.429051399230957
738,saint_ppo,0.975590705871582
739,saint_ppo,0.6909141540527344
740,saint_ppo,0.5101385116577148
741,saint_ppo,0.6522350311279297
742,saint_ppo,0.04532623291015625
743,saint_ppo,-0.23244285583496094
744,saint_ppo,2.2211551666259766
745,saint_ppo,1.635697364807129
746,saint_ppo,3.9234399795532227
747,saint_ppo,-1.1806354522705078
748,saint_ppo,0.41413402557373047
749,saint_ppo,0.0032663345336914062
750,saint_ppo,0.21178436279296875
751,saint_ppo,0.7792434692382812
752,saint_ppo,0.5456790924072266
753,saint_ppo,-0.18610858917236328
754,saint_ppo,0.3699026107788086
755,saint_ppo,0.7260150909423828
756,saint_ppo,2.057565689086914
757,saint_ppo,1.2266836166381836
758,saint_ppo,0.19765853881835938
759,saint_ppo,0.10931968688964844
760,saint_ppo,0.46342945098876953
761,saint_ppo,0.41877269744873047
762,saint_ppo,1.8754310607910156
763,saint_ppo,2.4103832244873047
764,saint_ppo,1.4745025634765625
765,saint_ppo,0.42564964294433594
766,saint_ppo,-0.41397762298583984
767,saint_ppo,0.2500801086425781
768,saint_ppo,0.21366214752197266
769,saint_ppo,0.9333972930908203
770,saint_ppo,1.5765962600708008
771,saint_ppo,-0.30833911895751953
772,saint_ppo,0.6403989791870117
773,saint_ppo,0.49920654296875
774,saint_ppo,1.0188236236572266
775,saint_ppo,1.8241081237792969
776,saint_ppo,1.5976285934448242
777,saint_ppo,0.8076381683349609
778,saint_ppo,-0.0650472640991211
779,saint_ppo,0.2776832580566406
780,saint_ppo,0.3377189636230469
781,saint_ppo,-1.20550537109375
782,saint_ppo,-0.7366657257080078
783,saint_ppo,2.462116241455078
784,saint_ppo,0.460296630859375
785,saint_ppo,0.6468706130981445
786,saint_ppo,1.0702838897705078
787,saint_ppo,0.8973655700683594
788,saint_ppo,0.5923442840576172
789,saint_ppo,0.6026096343994141
790,saint_ppo,0.43615245819091797
791,saint_ppo,0.09563446044921875
792,saint_ppo,1.8059883117675781
793,saint_ppo,1.438619613647461
794,saint_ppo,-1.8548517227172852
795,saint_ppo,0.8472633361816406
796,saint_ppo,-0.28210926055908203
797,saint_ppo,1.377009391784668
798,saint_ppo,-0.5592002868652344
799,saint_ppo,1.1605901718139648
800,saint_ppo,1.992238998413086
801,saint_ppo,0.09837627410888672
802,saint_ppo,1.2999029159545898
803,saint_ppo,-1.1135787963867188
804,saint_ppo,0.8784914016723633
805,saint_ppo,2.1580801010131836
806,saint_ppo,2.6403274536132812
807,saint_ppo,1.4403877258300781
808,saint_ppo,0.2312765121459961
809,saint_ppo,2.585683822631836
810,saint_ppo,-0.5706348419189453
811,saint_ppo,-0.2776832580566406
812,saint_ppo,0.8192024230957031
813,saint_ppo,2.3936328887939453
814,saint_ppo,-0.9796686172485352
815,saint_ppo,1.6878681182861328
816,saint_ppo,4.791903495788574
817,saint_ppo,1.092214584350586
818,saint_ppo,1.5263328552246094
819,saint_ppo,3.1711034774780273
820,saint_ppo,-1.7106456756591797
821,saint_ppo,1.3643484115600586
822,saint_ppo,0.586857795715332
823,saint_ppo,3.8478546142578125
824,saint_ppo,0.6752834320068359
825,saint_ppo,0.023644447326660156
826,saint_ppo,0.6074104309082031
827,saint_ppo,0.011201858520507812
828,saint_ppo,0.6672382354736328
829,saint_ppo,1.598684310913086
830,saint_ppo,2.8488426208496094
831,saint_ppo,0.8187503814697266
832,saint_ppo,0.7587976455688477
833,saint_ppo,1.7973089218139648
834,saint_ppo,1.1225767135620117
835,saint_ppo,1.4747743606567383
836,saint_ppo,1.52520751953125
837,saint_ppo,3.4509963989257812
838,saint_ppo,0.5293941497802734
839,saint_ppo,3.181884765625
840,saint_ppo,0.2826824188232422
841,saint_ppo,0.8029317855834961
842,saint_ppo,1.7429351806640625
843,saint_ppo,-1.1627540588378906
844,saint_ppo,0.1470041275024414
845,saint_ppo,1.5629777908325195
846,saint_ppo,2.096341133117676
847,saint_ppo,0.7534570693969727
848,saint_ppo,0.47135257720947266
849,saint_ppo,-0.14104175567626953
850,saint_ppo,1.9635372161865234
851,saint_ppo,0.88311767578125
852,saint_ppo,-0.3301839828491211
853,saint_ppo,4.325734615325928
854,saint_ppo,0.0289306640625
855,saint_ppo,0.5436286926269531
856,saint_ppo,0.1963024139404297
857,saint_ppo,0.38678932189941406
858,saint_ppo,1.5926513671875
859,saint_ppo,-0.7962722778320312
860,saint_ppo,2.706829071044922
861,saint_ppo,0.21013832092285156
862,saint_ppo,0.10753440856933594
863,saint_ppo,-0.14038753509521484
864,saint_ppo,1.1337013244628906
865,saint_ppo,0.13494491577148438
866,saint_ppo,-1.8481941223144531
867,saint_ppo,0.33897972106933594
868,saint_ppo,1.5298233032226562
869,saint_ppo,-1.1116008758544922
870,saint_ppo,1.4668512344360352
871,saint_ppo,2.1981992721557617
872,saint_ppo,0.9678888320922852
873,saint_ppo,1.214590072631836
874,saint_ppo,0.3944988250732422
875,saint_ppo,1.1992015838623047
876,saint_ppo,0.38580894470214844
877,saint_ppo,1.8162555694580078
878,saint_ppo,0.6122550964355469
879,saint_ppo,1.1407556533813477
880,saint_ppo,1.4317045211791992
881,saint_ppo,-0.1905193328857422
882,saint_ppo,0.5159711837768555
883,saint_ppo,1.5925769805908203
884,saint_ppo,3.9473447799682617
885,saint_ppo,0.3773641586303711
886,saint_ppo,0.897273063659668
887,saint_ppo,-0.26152896881103516
888,saint_ppo,1.087965965270996
889,saint_ppo,0.1797475814819336
890,saint_ppo,0.9447755813598633
891,saint_ppo,2.1935911178588867
892,saint_ppo,-1.144683837890625
893,saint_ppo,2.7598533630371094
894,saint_ppo,0.5273675918579102
895,saint_ppo,1.2367753982543945
896,saint_ppo,0.8973960876464844
897,saint_ppo,1.6255760192871094
898,saint_ppo,1.707087516784668
899,saint_ppo,0.8621816635131836
900,saint_ppo,0.7134866714477539
901,saint_ppo,-0.8024415969848633
902,saint_ppo,4.608188629150391
903,saint_ppo,0.8003082275390625
904,saint_ppo,-0.7018308639526367
905,saint_ppo,2.5030174255371094
906,saint_ppo,-1.663320541381836
907,saint_ppo,0.9408035278320312
908,saint_ppo,1.0418100357055664
909,saint_ppo,0.700373649597168
910,saint_ppo,1.8159217834472656
911,saint_ppo,3.159879684448242
912,saint_ppo,-0.33588123321533203
913,saint_ppo,-0.17791175842285156
914,saint_ppo,1.5180511474609375
915,saint_ppo,0.22173309326171875
916,saint_ppo,-0.22820091247558594
917,saint_ppo,1.7116260528564453
918,saint_ppo,0.4803800582885742
919,saint_ppo,0.3582315444946289
920,saint_ppo,2.8041467666625977
921,saint_ppo,0.5196342468261719
922,saint_ppo,2.875638008117676
923,saint_ppo,1.0141716003417969
924,saint_ppo,-0.4538421630859375
925,saint_ppo,0.9294242858886719
926,saint_ppo,0.63385009765625
927,saint_ppo,0.16033458709716797
928,saint_ppo,0.5184717178344727
929,saint_ppo,-0.3891000747680664
930,saint_ppo,1.1234121322631836
931,saint_ppo,2.4099559783935547
932,saint_ppo,2.343513011932373
933,saint_ppo,-1.3380346298217773
934,saint_ppo,1.4594593048095703
935,saint_ppo,-0.17670059204101562
936,saint_ppo,-0.3218851089477539
937,saint_ppo,1.7161874771118164
938,saint_ppo,0.7468070983886719
939,saint_ppo,-0.16111469268798828
940,saint_ppo,1.3095989227294922
941,saint_ppo,-0.5320167541503906
942,saint_ppo,-0.9092693328857422
943,saint_ppo,-0.696624755859375
944,saint_ppo,0.45519542694091797
945,saint_ppo,1.1117525100708008
946,saint_ppo,3.3135108947753906
947,saint_ppo,1.0646495819091797
948,saint_ppo,1.0545988082885742
949,saint_ppo,1.3833532333374023
950,saint_ppo,0.7604494094848633
951,saint_ppo,0.26367855072021484
952,saint_ppo,0.40116405487060547
953,saint_ppo,1.483560562133789
954,saint_ppo,1.0242128372192383
955,saint_ppo,1.6469144821166992
956,saint_ppo,0.17650413513183594
957,saint_ppo,2.9248714447021484
958,saint_ppo,2.1454081535339355
959,saint_ppo,0.5724563598632812
960,saint_ppo,0.8591089248657227
961,saint_ppo,2.2373409271240234
962,saint_ppo,0.40285396575927734
963,saint_ppo,-0.09369468688964844
964,saint_ppo,1.457167625427246
965,saint_ppo,0.41420841217041016
966,saint_ppo,8.532451629638672
967,saint_ppo,-0.6419992446899414
968,saint_ppo,1.878265380859375
969,saint_ppo,4.86706018447876
970,saint_ppo,1.8948006629943848
971,saint_ppo,0.5198879241943359
972,saint_ppo,1.548604965209961
973,saint_ppo,1.9568805694580078
974,saint_ppo,0.6294574737548828
975,saint_ppo,0.5952825546264648
976,saint_ppo,1.3250579833984375
977,saint_ppo,0.3792247772216797
978,saint_ppo,-0.3072042465209961
979,saint_ppo,1.1927385330200195
980,saint_ppo,-1.1713714599609375
981,saint_ppo,0.5448017120361328
982,saint_ppo,-0.6291389465332031
983,saint_ppo,0.8193492889404297
984,saint_ppo,-0.6674175262451172
985,saint_ppo,2.1252260208129883
986,saint_ppo,2.727139472961426
987,saint_ppo,0.5385913848876953
988,saint_ppo,-0.12034130096435547
989,saint_ppo,-0.2947883605957031
990,saint_ppo,0.11584854125976562
991,saint_ppo,2.465277671813965
992,saint_ppo,0.9145851135253906
993,saint_ppo,1.5100536346435547
994,saint_ppo,0.23207664489746094
995,saint_ppo,-0.17020702362060547
996,saint_ppo,-0.7218112945556641
997,saint_ppo,-0.7915468215942383
998,saint_ppo,0.4082155227661133
999,saint_ppo,1.0553312301635742
1000,saint_ppo,0.5404272079467773
1001,saint_ppo,-0.49315834045410156
1002,saint_ppo,1.6373043060302734
1003,saint_ppo,1.1730766296386719
1004,saint_ppo,-0.7180252075195312
1005,saint_ppo,-0.7118101119995117
1006,saint_ppo,0.6376934051513672
1007,saint_ppo,1.1403827667236328
1008,saint_ppo,0.37225341796875
1009,saint_ppo,1.4531841278076172
1010,saint_ppo,1.2239456176757812
1011,saint_ppo,1.392190933227539
1012,saint_ppo,-0.5507011413574219
1013,saint_ppo,1.5818605422973633
1014,saint_ppo,2.107389450073242
1015,saint_ppo,1.542978286743164
1016,saint_ppo,1.73028564453125
1017,saint_ppo,-2.163890838623047
1018,saint_ppo,0.11123466491699219
1019,saint_ppo,1.2405576705932617
1020,saint_ppo,0.09503841400146484
1021,saint_ppo,0.0969696044921875
1022,saint_ppo,1.9732818603515625
1023,saint_ppo,1.1198301315307617
1024,saint_ppo,1.0705900192260742
1025,saint_ppo,0.07689762115478516
1026,saint_ppo,0.634831428527832
1027,saint_ppo,2.1768484115600586
1028,saint_ppo,2.359055519104004
1029,saint_ppo,0.5991048812866211
1030,saint_ppo,-0.7325763702392578
1031,saint_ppo,0.6132640838623047
1032,saint_ppo,-0.9275608062744141
1033,saint_ppo,2.2437543869018555
1034,saint_ppo,1.2030467987060547
1035,saint_ppo,-0.8542137145996094
1036,saint_ppo,1.2567825317382812
1037,saint_ppo,1.5210018157958984
1038,saint_ppo,0.5161886215209961
1039,saint_ppo,1.6463894844055176
1040,saint_ppo,0.6378002166748047
1041,saint_ppo,-0.40598201751708984
1042,saint_ppo,1.0263938903808594
1043,saint_ppo,-1.6698312759399414
1044,saint_ppo,1.2553091049194336
1045,saint_ppo,-0.6638555526733398
1046,saint_ppo,1.9721031188964844
1047,saint_ppo,0.17481422424316406
1048,saint_ppo,1.2684717178344727
1049,saint_ppo,0.7452573776245117
1050,saint_ppo,1.241933822631836
1051,saint_ppo,1.36222505569458
1052,saint_ppo,3.411966323852539
1053,saint_ppo,0.5001516342163086
1054,saint_ppo,0.32330989837646484
1055,saint_ppo,2.4996747970581055
1056,saint_ppo,1.2132816314697266
1057,saint_ppo,0.5190773010253906
1058,saint_ppo,1.2975749969482422
1059,saint_ppo,-0.40117454528808594
1060,saint_ppo,0.31114864349365234
1061,saint_ppo,0.7790393829345703
1062,saint_ppo,0.7162055969238281
1063,saint_ppo,-1.6192045211791992
1064,saint_ppo,5.221648216247559
1065,saint_ppo,0.45611095428466797
1066,saint_ppo,1.7696208953857422
1067,saint_ppo,0.6844997406005859
1068,saint_ppo,1.0281095504760742
1069,saint_ppo,-0.9151144027709961
1070,saint_ppo,0.8584346771240234
1071,saint_ppo,2.491567611694336
1072,saint_ppo,1.7730693817138672
1073,saint_ppo,1.170492172241211
1074,saint_ppo,2.0417604446411133
1075,saint_ppo,-0.49326515197753906
1076,saint_ppo,0.09553337097167969
1077,saint_ppo,3.654862403869629
1078,saint_ppo,0.3820676803588867
1079,saint_ppo,0.972407341003418
1080,saint_ppo,0.6461286544799805
1081,saint_ppo,1.0485954284667969
1082,saint_ppo,-1.1319732666015625
1083,saint_ppo,4.5887579917907715
1084,saint_ppo,0.44704246520996094
1085,saint_ppo,-1.5224018096923828
1086,saint_ppo,1.0880565643310547
1087,saint_ppo,1.0056495666503906
1088,saint_ppo,1.2616863250732422
1089,saint_ppo,0.16526126861572266
1090,saint_ppo,-0.520294189453125
1091,saint_ppo,-0.13861560821533203
1092,saint_ppo,0.1957225799560547
1093,saint_ppo,0.4943370819091797
1094,saint_ppo,1.3161325454711914
1095,saint_ppo,-3.672037124633789
1096,saint_ppo,0.446197509765625
1097,saint_ppo,1.9441375732421875
1098,saint_ppo,-1.3694849014282227
1099,saint_ppo,1.7070417404174805
1100,saint_ppo,0.43043041229248047
1101,saint_ppo,0.9565401077270508
1102,saint_ppo,2.236546516418457
1103,saint_ppo,-0.8143844604492188
1104,saint_ppo,0.7533845901489258
1105,saint_ppo,0.9556550979614258
1106,saint_ppo,0.9131011962890625
1107,saint_ppo,1.49163818359375
1108,saint_ppo,-0.25427913665771484
1109,saint_ppo,0.8559894561767578
1110,saint_ppo,-1.6162652969360352
1111,saint_ppo,1.088693618774414
1112,saint_ppo,-0.26126766204833984
1113,saint_ppo,-0.11260604858398438
1114,saint_ppo,1.71575927734375
1115,saint_ppo,-1.027811050415039
1116,saint_ppo,1.2893924713134766
1117,saint_ppo,-0.5492982864379883
1118,saint_ppo,3.3726272583007812
1119,saint_ppo,1.1643133163452148
1120,saint_ppo,1.0915660858154297
1121,saint_ppo,-0.09535884857177734
1122,saint_ppo,-1.6152019500732422
1123,saint_ppo,0.8498592376708984
1124,saint_ppo,0.8552780151367188
1125,saint_ppo,0.7481708526611328
1126,saint_ppo,5.716836929321289
1127,saint_ppo,1.4747600555419922
1128,saint_ppo,0.8266658782958984
1129,saint_ppo,0.7420082092285156
1130,saint_ppo,0.9962215423583984
1131,saint_ppo,0.8719272613525391
1132,saint_ppo,3.1393051147460938
1133,saint_ppo,1.5989842414855957
1134,saint_ppo,-0.6676158905029297
1135,saint_ppo,0.5647954940795898
1136,saint_ppo,3.0236477851867676
1137,saint_ppo,-0.61468505859375
1138,saint_ppo,3.2377710342407227
1139,saint_ppo,-1.0960521697998047
1140,saint_ppo,1.6949939727783203
1141,saint_ppo,0.3811044692993164
1142,saint_ppo,2.615858554840088
1143,saint_ppo,0.986572265625
1144,saint_ppo,3.2152175903320312
1145,saint_ppo,0.6976318359375
1146,saint_ppo,0.6938819885253906
1147,saint_ppo,1.6079893112182617
1148,saint_ppo,-0.015573501586914062
1149,saint_ppo,2.9687461853027344
1150,saint_ppo,0.14503765106201172
1151,saint_ppo,1.612966537475586
1152,saint_ppo,1.1101722717285156
1153,saint_ppo,1.5841503143310547
1154,saint_ppo,3.1700944900512695
1155,saint_ppo,1.3387689590454102
1156,saint_ppo,0.2516946792602539
1157,saint_ppo,-0.22767925262451172
1158,saint_ppo,3.515789031982422
1159,saint_ppo,-0.5895280838012695
1160,saint_ppo,2.411296844482422
1161,saint_ppo,1.5677881240844727
1162,saint_ppo,0.8300075531005859
1163,saint_ppo,-1.1574878692626953
1164,saint_ppo,2.0899248123168945
1165,saint_ppo,-0.45185184478759766
1166,saint_ppo,1.715235710144043
1167,saint_ppo,-0.08362770080566406
1168,saint_ppo,0.47879981994628906
1169,saint_ppo,0.19431781768798828
1170,saint_ppo,1.2767553329467773
1171,saint_ppo,1.2840843200683594
1172,saint_ppo,2.91287899017334
1173,saint_ppo,-0.6162843704223633
1174,saint_ppo,2.390770435333252
1175,saint_ppo,0.3119697570800781
1176,saint_ppo,0.17467689514160156
1177,saint_ppo,0.9529228210449219
1178,saint_ppo,1.2329931259155273
1179,saint_ppo,1.6939287185668945
1180,saint_ppo,1.2274093627929688
1181,saint_ppo,0.8198461532592773
1182,saint_ppo,1.2032356262207031
1183,saint_ppo,0.01570892333984375
1184,saint_ppo,4.793428421020508
1185,saint_ppo,1.3853092193603516
1186,saint_ppo,2.5714359283447266
1187,saint_ppo,1.2725534439086914
1188,saint_ppo,2.873673439025879
1189,saint_ppo,0.894129753112793
1190,saint_ppo,1.2087669372558594
1191,saint_ppo,-0.041626930236816406
1192,saint_ppo,0.6979122161865234
1193,saint_ppo,3.966876983642578
1194,saint_ppo,0.035767555236816406
1195,saint_ppo,-0.26134681701660156
1196,saint_ppo,0.16746234893798828
1197,saint_ppo,1.0149211883544922
1198,saint_ppo,0.9767665863037109
1199,saint_ppo,1.3543519973754883
1200,saint_ppo,0.531153678894043
1201,saint_ppo,1.3503961563110352
1202,saint_ppo,0.8260726928710938
1203,saint_ppo,-0.49857521057128906
1204,saint_ppo,0.0971212387084961
1205,saint_ppo,1.827962875366211
1206,saint_ppo,0.040637969970703125
1207,saint_ppo,0.5922145843505859
1208,saint_ppo,1.6506719589233398
1209,saint_ppo,0.2806835174560547
1210,saint_ppo,1.5881175994873047
1211,saint_ppo,0.5250663757324219
1212,saint_ppo,0.32204151153564453
1213,saint_ppo,3.4536638259887695
1214,saint_ppo,2.0864181518554688
1215,saint_ppo,-0.035400390625
1216,saint_ppo,0.3724088668823242
1217,saint_ppo,0.2412128448486328
1218,saint_ppo,-2.122694969177246
1219,saint_ppo,0.3173046112060547
1220,saint_ppo,-0.7452535629272461
1221,saint_ppo,1.7405242919921875
1222,saint_ppo,1.129800796508789
1223,saint_ppo,0.027922630310058594
1224,saint_ppo,0.2727985382080078
1225,saint_ppo,1.3110389709472656
1226,saint_ppo,1.7952690124511719
1227,saint_ppo,-0.09354972839355469
1228,saint_ppo,1.7055883407592773
1229,saint_ppo,0.08458900451660156
1230,saint_ppo,-0.08819580078125
1231,saint_ppo,0.35076904296875
1232,saint_ppo,0.5228147506713867
1233,saint_ppo,-0.18206024169921875
1234,saint_ppo,2.9145946502685547
1235,saint_ppo,0.8486127853393555
1236,saint_ppo,1.0471067428588867
1237,saint_ppo,0.05131721496582031
1238,saint_ppo,1.836033821105957
1239,saint_ppo,0.08533000946044922
1240,saint_ppo,1.5468549728393555
1241,saint_ppo,4.349514961242676
1242,saint_ppo,-0.8073720932006836
1243,saint_ppo,0.5080184936523438
1244,saint_ppo,1.3740930557250977
1245,saint_ppo,-1.304152488708496
1246,saint_ppo,0.9415454864501953
1247,saint_ppo,1.4923124313354492
1248,saint_ppo,1.4458160400390625
1249,saint_ppo,1.9048490524291992
1250,saint_ppo,-1.5485620498657227
1251,saint_ppo,1.2996025085449219
1252,saint_ppo,-1.0188703536987305
1253,saint_ppo,0.6290903091430664
1254,saint_ppo,2.0572290420532227
1255,saint_ppo,0.2606468200683594
1256,saint_ppo,0.4512786865234375
1257,saint_ppo,1.0866079330444336
1258,saint_ppo,1.3487424850463867
1259,saint_ppo,0.800175666809082
1260,saint_ppo,-0.6116666793823242
1261,saint_ppo,-0.6981325149536133
1262,saint_ppo,-0.2638120651245117
1263,saint_ppo,3.708108901977539
1264,saint_ppo,-0.7428216934204102
1265,saint_ppo,0.8656959533691406
1266,saint_ppo,2.1319150924682617
1267,saint_ppo,1.598546028137207
1268,saint_ppo,0.9079504013061523
1269,saint_ppo,0.5421714782714844
1270,saint_ppo,1.327707290649414
1271,saint_ppo,0.7037878036499023
1272,saint_ppo,0.07083320617675781
1273,saint_ppo,2.921597480773926
1274,saint_ppo,0.9139595031738281
1275,saint_ppo,2.0882043838500977
1276,saint_ppo,1.0335502624511719
1277,saint_ppo,2.4715137481689453
1278,saint_ppo,1.4389667510986328
1279,saint_ppo,-0.8365678787231445
1280,saint_ppo,1.4198074340820312
1281,saint_ppo,0.5113420486450195
1282,saint_ppo,2.829050064086914
1283,saint_ppo,0.30623817443847656
1284,saint_ppo,1.5172920227050781
1285,saint_ppo,1.1524467468261719
1286,saint_ppo,1.2450485229492188
1287,saint_ppo,1.0494585037231445
1288,saint_ppo,0.29981231689453125
1289,saint_ppo,1.8258962631225586
1290,saint_ppo,2.0496883392333984
1291,saint_ppo,1.6364307403564453
1292,saint_ppo,1.3411636352539062
1293,saint_ppo,0.17137622833251953
1294,saint_ppo,0.36213207244873047
1295,saint_ppo,2.5836496353149414
1296,saint_ppo,-1.2300348281860352
1297,saint_ppo,-0.30759239196777344
1298,saint_ppo,1.9957308769226074
1299,saint_ppo,0.08540153503417969
1300,saint_ppo,2.113292694091797
1301,saint_ppo,1.6932106018066406
1302,saint_ppo,0.18780136108398438
1303,saint_ppo,2.441500663757324
1304,saint_ppo,0.24766254425048828
1305,saint_ppo,0.6498336791992188
1306,saint_ppo,3.388072967529297
1307,saint_ppo,2.8795056343078613
1308,saint_ppo,0.8582401275634766
1309,saint_ppo,0.014644622802734375
1310,saint_ppo,-0.025305747985839844
1311,saint_ppo,1.1955289840698242
1312,saint_ppo,2.341249942779541
1313,saint_ppo,1.337677001953125
1314,saint_ppo,1.4456520080566406
1315,saint_ppo,0.8794918060302734
1316,saint_ppo,0.28009700775146484
1317,saint_ppo,1.174264907836914
1318,saint_ppo,2.554880142211914
1319,saint_ppo,0.8453865051269531
1320,saint_ppo,2.0536327362060547
1321,saint_ppo,4.263359069824219
1322,saint_ppo,0.6399059295654297
1323,saint_ppo,0.48521995544433594
1324,saint_ppo,0.22809410095214844
1325,saint_ppo,3.1061935424804688
1326,saint_ppo,0.2674570083618164
1327,saint_ppo,0.6972904205322266
1328,saint_ppo,0.4760398864746094
1329,saint_ppo,2.017909049987793
1330,saint_ppo,0.16826248168945312
1331,saint_ppo,0.3579244613647461
1332,saint_ppo,0.09447765350341797
1333,saint_ppo,0.6165256500244141
1334,saint_ppo,1.4432849884033203
1335,saint_ppo,2.346524238586426
1336,saint_ppo,-0.9541187286376953
1337,saint_ppo,0.6497869491577148
1338,saint_ppo,1.5596504211425781
1339,saint_ppo,0.3676872253417969
1340,saint_ppo,0.5597763061523438
1341,saint_ppo,-0.2822122573852539
1342,saint_ppo,0.5363597869873047
1343,saint_ppo,1.1772212982177734
1344,saint_ppo,-1.2661008834838867
1345,saint_ppo,2.027352809906006
1346,saint_ppo,0.9906530380249023
1347,saint_ppo,1.0952835083007812
1348,saint_ppo,2.513920783996582
1349,saint_ppo,1.096043586730957
1350,saint_ppo,1.6939735412597656
1351,saint_ppo,2.1595029830932617
1352,saint_ppo,0.9536466598510742
1353,saint_ppo,0.4475584030151367
1354,saint_ppo,0.32547855377197266
1355,saint_ppo,0.4787940979003906
1356,saint_ppo,1.281564712524414
1357,saint_ppo,0.6015443801879883
1358,saint_ppo,0.7052841186523438
1359,saint_ppo,2.234609603881836
1360,saint_ppo,3.422623634338379
1361,saint_ppo,2.0410118103027344
1362,saint_ppo,0.5775566101074219
1363,saint_ppo,0.1503582000732422
1364,saint_ppo,0.8796682357788086
1365,saint_ppo,0.44970703125
1366,saint_ppo,0.5438461303710938
1367,saint_ppo,1.871286392211914
1368,saint_ppo,0.6314458847045898
1369,saint_ppo,1.0487041473388672
1370,saint_ppo,1.9791021347045898
1371,saint_ppo,-0.9202775955200195
1372,saint_ppo,1.8645124435424805
1373,saint_ppo,0.6117429733276367
1374,saint_ppo,2.029513359069824
1375,saint_ppo,1.1444406509399414
1376,saint_ppo,1.0735979080200195
1377,saint_ppo,3.558774948120117
1378,saint_ppo,0.5482454299926758
1379,saint_ppo,1.225449562072754
1380,saint_ppo,0.3805570602416992
1381,saint_ppo,2.6975345611572266
1382,saint_ppo,1.390395164489746
1383,saint_ppo,0.8663969039916992
1384,saint_ppo,1.3939208984375
1385,saint_ppo,2.309957504272461
1386,saint_ppo,1.5054445266723633
1387,saint_ppo,0.9692020416259766
1388,saint_ppo,1.3733949661254883
1389,saint_ppo,2.6758880615234375
1390,saint_ppo,-1.9527091979980469
1391,saint_ppo,0.31597900390625
1392,saint_ppo,-0.31801319122314453
1393,saint_ppo,0.18008041381835938
1394,saint_ppo,0.7939033508300781
1395,saint_ppo,2.0497570037841797
1396,saint_ppo,2.1805877685546875
1397,saint_ppo,-0.9282016754150391
1398,saint_ppo,1.6016159057617188
1399,saint_ppo,1.3772335052490234
1400,saint_ppo,0.2938232421875
1401,saint_ppo,0.4328479766845703
1402,saint_ppo,1.413888931274414
1403,saint_ppo,-0.5147380828857422
1404,saint_ppo,0.6925268173217773
1405,saint_ppo,0.21907711029052734
1406,saint_ppo,0.5247049331665039
1407,saint_ppo,-0.26133155822753906
1408,saint_ppo,1.748948097229004
1409,saint_ppo,1.9071540832519531
1410,saint_ppo,0.5200366973876953
1411,saint_ppo,-0.8612203598022461
1412,saint_ppo,0.5177450180053711
1413,saint_ppo,0.8534946441650391
1414,saint_ppo,0.3293294906616211
1415,saint_ppo,0.16039085388183594
1416,saint_ppo,0.2777671813964844
1417,saint_ppo,2.0052881240844727
1418,saint_ppo,1.5338363647460938
1419,saint_ppo,1.7885322570800781
1420,saint_ppo,-0.4355764389038086
1421,saint_ppo,-0.7846050262451172
1422,saint_ppo,1.326807975769043
1423,saint_ppo,0.7049169540405273
1424,saint_ppo,2.9991798400878906
1425,saint_ppo,0.7264766693115234
1426,saint_ppo,0.8099117279052734
1427,saint_ppo,1.377446174621582
1428,saint_ppo,0.9981880187988281
1429,saint_ppo,0.7058010101318359
1430,saint_ppo,1.456730842590332
1431,saint_ppo,2.5655879974365234
1432,saint_ppo,0.6728019714355469
1433,saint_ppo,-0.2603912353515625
1434,saint_ppo,0.5993556976318359
1435,saint_ppo,-0.34844017028808594
1436,saint_ppo,-0.5557394027709961
1437,saint_ppo,-0.4520120620727539
1438,saint_ppo,0.26824283599853516
1439,saint_ppo,0.25121593475341797
1440,saint_ppo,1.3749608993530273
1441,saint_ppo,-0.2224588394165039
1442,saint_ppo,-0.2587299346923828
1443,saint_ppo,0.3177213668823242
1444,saint_ppo,-1.6813020706176758
1445,saint_ppo,0.6155738830566406
1446,saint_ppo,1.0053091049194336
1447,saint_ppo,0.4716014862060547
1448,saint_ppo,-0.7089452743530273
1449,saint_ppo,1.4026975631713867
1450,saint_ppo,0.08236312866210938
1451,saint_ppo,1.6211481094360352
1452,saint_ppo,-0.4169950485229492
1453,saint_ppo,0.5929107666015625
1454,saint_ppo,2.5223007202148438
1455,saint_ppo,0.24201583862304688
1456,saint_ppo,0.680088996887207
1457,saint_ppo,0.07616996765136719
1458,saint_ppo,0.07372760772705078
1459,saint_ppo,0.5708885192871094
1460,saint_ppo,1.2408905029296875
1461,saint_ppo,0.3602018356323242
1462,saint_ppo,3.172821044921875
1463,saint_ppo,1.3601479530334473
1464,saint_ppo,0.07427597045898438
1465,saint_ppo,1.893136978149414
1466,saint_ppo,0.681182861328125
1467,saint_ppo,-0.6081771850585938
1468,saint_ppo,1.5331573486328125
1469,saint_ppo,-0.23269176483154297
1470,saint_ppo,0.11904144287109375
1471,saint_ppo,0.6273870468139648
1472,saint_ppo,0.728550910949707
1473,saint_ppo,-0.12367630004882812
1474,saint_ppo,-0.1573467254638672
1475,saint_ppo,-0.007130622863769531
1476,saint_ppo,1.3524484634399414
1477,saint_ppo,0.8193340301513672
1478,saint_ppo,0.0042629241943359375
1479,saint_ppo,1.4596099853515625
1480,saint_ppo,0.37691211700439453
1481,saint_ppo,1.2612743377685547
1482,saint_ppo,0.9336986541748047
1483,saint_ppo,1.3287982940673828
1484,saint_ppo,0.5073490142822266
1485,saint_ppo,-0.12019824981689453
1486,saint_ppo,2.487349510192871
1487,saint_ppo,1.0899229049682617
1488,saint_ppo,0.4698028564453125
1489,saint_ppo,1.6580181121826172
1490,saint_ppo,1.4782037734985352
1491,saint_ppo,2.5903663635253906
1492,saint_ppo,1.7211875915527344
1493,saint_ppo,4.703763961791992
1494,saint_ppo,1.3019943237304688
1495,saint_ppo,0.5022163391113281
1496,saint_ppo,2.2506885528564453
1497,saint_ppo,0.40674877166748047
1498,saint_ppo,0.30770301818847656
1499,saint_ppo,0.6591396331787109
1500,saint_ppo,1.5936594009399414
1501,saint_ppo,0.054927825927734375
1502,saint_ppo,2.984236717224121
1503,saint_ppo,0.7004928588867188
1504,saint_ppo,0.39052581787109375
1505,saint_ppo,0.2351236343383789
1506,saint_ppo,0.4681262969970703
1507,saint_ppo,1.5899972915649414
1508,saint_ppo,1.4489574432373047
1509,saint_ppo,1.6959857940673828
1510,saint_ppo,1.709498405456543
1511,saint_ppo,0.9923248291015625
1512,saint_ppo,1.6101083755493164
1513,saint_ppo,1.697312831878662
1514,saint_ppo,-1.2829389572143555
1515,saint_ppo,0.3722343444824219
1516,saint_ppo,-2.5567169189453125
1517,saint_ppo,0.3779573440551758
1518,saint_ppo,0.23691272735595703
1519,saint_ppo,1.929577350616455
1520,saint_ppo,0.09468460083007812
1521,saint_ppo,0.7710733413696289
1522,saint_ppo,0.2777271270751953
1523,saint_ppo,0.8161468505859375
1524,saint_ppo,0.29302120208740234
1525,saint_ppo,0.9399623870849609
1526,saint_ppo,-0.7871274948120117
1527,saint_ppo,-0.9971847534179688
1528,saint_ppo,0.8548421859741211
1529,saint_ppo,0.14722633361816406
1530,saint_ppo,-0.02964019775390625
1531,saint_ppo,0.6659421920776367
1532,saint_ppo,0.27726268768310547
1533,saint_ppo,2.219662666320801
1534,saint_ppo,0.7300958633422852
1535,saint_ppo,-0.7488889694213867
1536,saint_ppo,-1.7612285614013672
1537,saint_ppo,-2.0951786041259766
1538,saint_ppo,-0.5574064254760742
1539,saint_ppo,-1.1339664459228516
1540,saint_ppo,2.4191741943359375
1541,saint_ppo,1.8131046295166016
1542,saint_ppo,0.891697883605957
1543,saint_ppo,0.458343505859375
1544,saint_ppo,0.5747537612915039
1545,saint_ppo,0.6980171203613281
1546,saint_ppo,2.418787956237793
1547,saint_ppo,-1.3443679809570312
1548,saint_ppo,0.2347850799560547
1549,saint_ppo,0.47624874114990234
1550,saint_ppo,1.5926437377929688
1551,saint_ppo,0.59503173828125
1552,saint_ppo,0.5768451690673828
1553,saint_ppo,1.6925430297851562
1554,saint_ppo,0.8559169769287109
1555,saint_ppo,-0.9857692718505859
1556,saint_ppo,1.5077190399169922
1557,saint_ppo,0.7696857452392578
1558,saint_ppo,-0.6615657806396484
1559,saint_ppo,0.5849976539611816
1560,saint_ppo,1.6878328323364258
1561,saint_ppo,-0.38936710357666016
1562,saint_ppo,-0.33672237396240234
1563,saint_ppo,1.650644302368164
1564,saint_ppo,-0.13398265838623047
1565,saint_ppo,0.9201726913452148
1566,saint_ppo,0.391357421875
1567,saint_ppo,-0.09565544128417969
1568,saint_ppo,0.38443565368652344
1569,saint_ppo,1.505671501159668
1570,saint_ppo,1.012873649597168
1571,saint_ppo,2.321247100830078
1572,saint_ppo,0.0292205810546875
1573,saint_ppo,0.8146839141845703
1574,saint_ppo,1.0090789794921875
1575,saint_ppo,1.4590435028076172
1576,saint_ppo,1.5046806335449219
1577,saint_ppo,0.6118030548095703
1578,saint_ppo,-1.646317481994629
1579,saint_ppo,-0.2408151626586914
1580,saint_ppo,3.5997695922851562
1581,saint_ppo,1.005706787109375
1582,saint_ppo,1.5234689712524414
1583,saint_ppo,-2.4622678756713867
1584,saint_ppo,2.506389617919922
1585,saint_ppo,2.026463508605957
1586,saint_ppo,0.3857736587524414
1587,saint_ppo,-0.8153839111328125
1588,saint_ppo,0.9700088500976562
1589,saint_ppo,3.578523635864258
1590,saint_ppo,1.3250389099121094
1591,saint_ppo,0.608210563659668
1592,saint_ppo,2.4233474731445312
1593,saint_ppo,1.8791751861572266
1594,saint_ppo,1.2906112670898438
1595,saint_ppo,-0.2824230194091797
1596,saint_ppo,0.297943115234375
1597,saint_ppo,0.029862403869628906
1598,saint_ppo,0.5584774017333984
1599,saint_ppo,0.7894887924194336
1600,saint_ppo,0.9840888977050781
1601,saint_ppo,1.1074333190917969
1602,saint_ppo,0.9359006881713867
1603,saint_ppo,0.1749868392944336
1604,saint_ppo,-0.20392417907714844
1605,saint_ppo,-0.0052928924560546875
1606,saint_ppo,1.3876752853393555
1607,saint_ppo,1.1366748809814453
1608,saint_ppo,1.7004108428955078
1609,saint_ppo,0.38291168212890625
1610,saint_ppo,0.13691139221191406
1611,saint_ppo,1.0330743789672852
1612,saint_ppo,0.7638168334960938
1613,saint_ppo,0.15616607666015625
1614,saint_ppo,0.5083074569702148
1615,saint_ppo,0.9721012115478516
1616,saint_ppo,0.08945274353027344
1617,saint_ppo,0.23144912719726562
1618,saint_ppo,1.6086654663085938
1619,saint_ppo,0.05843544006347656
1620,saint_ppo,0.6940126419067383
1621,saint_ppo,1.6941986083984375
1622,saint_ppo,0.564915657043457
1623,saint_ppo,1.634735107421875
1624,saint_ppo,0.005293846130371094
1625,saint_ppo,-0.026541709899902344
1626,saint_ppo,0.13936424255371094
1627,saint_ppo,1.4001502990722656
1628,saint_ppo,1.1798686981201172
1629,saint_ppo,1.0240917205810547
1630,saint_ppo,0.3935537338256836
1631,saint_ppo,0.25213050842285156
1632,saint_ppo,0.12008285522460938
1633,saint_ppo,-0.6687755584716797
1634,saint_ppo,-0.8512401580810547
1635,saint_ppo,0.16650772094726562
1636,saint_ppo,0.9921779632568359
1637,saint_ppo,1.573883056640625
1638,saint_ppo,0.8717355728149414
1639,saint_ppo,-0.25681591033935547
1640,saint_ppo,0.5942831039428711
1641,saint_ppo,1.1758365631103516
1642,saint_ppo,0.8396415710449219
1643,saint_ppo,1.117955207824707
1644,saint_ppo,4.357072830200195
1645,saint_ppo,0.13246726989746094
1646,saint_ppo,-0.7887144088745117
1647,saint_ppo,1.0260868072509766
1648,saint_ppo,0.9905185699462891
1649,saint_ppo,1.1724672317504883
1650,saint_ppo,3.2870140075683594
1651,saint_ppo,1.8197050094604492
1652,saint_ppo,0.7824792861938477
1653,saint_ppo,0.8919887542724609
1654,saint_ppo,1.15838623046875
1655,saint_ppo,-0.537806510925293
1656,saint_ppo,0.28850841522216797
1657,saint_ppo,1.0918083190917969
1658,saint_ppo,0.8578643798828125
1659,saint_ppo,0.7611856460571289
1660,saint_ppo,0.35680294036865234
1661,saint_ppo,-1.1608772277832031
1662,saint_ppo,1.8153057098388672
1663,saint_ppo,0.5468502044677734
1664,saint_ppo,1.3106012344360352
1665,saint_ppo,0.9432039260864258
1666,saint_ppo,1.0005159378051758
1667,saint_ppo,0.4990863800048828
1668,saint_ppo,0.6424961090087891
1669,saint_ppo,1.5769758224487305
1670,saint_ppo,2.312882423400879
1671,saint_ppo,0.5501585006713867
1672,saint_ppo,2.634958267211914
1673,saint_ppo,-0.8459262847900391
1674,saint_ppo,0.04154205322265625
1675,saint_ppo,-0.052412986755371094
1676,saint_ppo,1.7001113891601562
1677,saint_ppo,0.4959602355957031
1678,saint_ppo,2.047562599182129
1679,saint_ppo,0.9483098983764648
1680,saint_ppo,0.3718719482421875
1681,saint_ppo,-1.565359115600586
1682,saint_ppo,0.13839149475097656
1683,saint_ppo,0.2819242477416992
1684,saint_ppo,0.9090194702148438
1685,saint_ppo,0.4415292739868164
1686,saint_ppo,1.3833951950073242
1687,saint_ppo,0.5696525573730469
1688,saint_ppo,-0.6429386138916016
1689,saint_ppo,0.4417448043823242
1690,saint_ppo,0.8577184677124023
1691,saint_ppo,0.6291723251342773
1692,saint_ppo,0.8671789169311523
1693,saint_ppo,1.028848648071289
1694,saint_ppo,-0.29497718811035156
1695,saint_ppo,-0.22218799591064453
1696,saint_ppo,0.5528926849365234
1697,saint_ppo,1.0082359313964844
1698,saint_ppo,0.7648773193359375
1699,saint_ppo,0.44901084899902344
1700,saint_ppo,0.7911443710327148
1701,saint_ppo,1.0978155136108398
1702,saint_ppo,1.6412334442138672
1703,saint_ppo,3.4690628051757812
1704,saint_ppo,0.9150943756103516
1705,saint_ppo,1.2004680633544922
1706,saint_ppo,2.071995735168457
1707,saint_ppo,-0.14244461059570312
1708,saint_ppo,5.380321025848389
1709,saint_ppo,0.25045204162597656
1710,saint_ppo,0.6883916854858398
1711,saint_ppo,3.674863815307617
1712,saint_ppo,0.2697277069091797
1713,saint_ppo,-0.24265289306640625
1714,saint_ppo,1.6239309310913086
1715,saint_ppo,-0.045093536376953125
1716,saint_ppo,4.555103302001953
1717,saint_ppo,1.6593685150146484
1718,saint_ppo,0.6990766525268555
1719,saint_ppo,-1.1061286926269531
1720,saint_ppo,0.7251768112182617
1721,saint_ppo,0.3308839797973633
1722,saint_ppo,0.46858692169189453
1723,saint_ppo,0.3405790328979492
1724,saint_ppo,0.35309505462646484
1725,saint_ppo,-0.1732187271118164
1726,saint_ppo,0.36694812774658203
1727,saint_ppo,-0.5588951110839844
1728,saint_ppo,2.4025497436523438
1729,saint_ppo,3.1798038482666016
1730,saint_ppo,0.6935358047485352
1731,saint_ppo,0.45416259765625
1732,saint_ppo,0.9407320022583008
1733,saint_ppo,0.15318012237548828
1734,saint_ppo,1.3939628601074219
1735,saint_ppo,0.9516181945800781
1736,saint_ppo,0.9027252197265625
1737,saint_ppo,0.5439023971557617
1738,saint_ppo,0.8503007888793945
1739,saint_ppo,0.4507637023925781
1740,saint_ppo,-0.8454017639160156
1741,saint_ppo,0.8515949249267578
1742,saint_ppo,0.32842540740966797
1743,saint_ppo,0.981287956237793
1744,saint_ppo,-0.21555614471435547
1745,saint_ppo,1.8528032302856445
1746,saint_ppo,1.5127735137939453
1747,saint_ppo,0.39543628692626953
1748,saint_ppo,1.2063770294189453
1749,saint_ppo,1.9357585906982422
1750,saint_ppo,-0.2892427444458008
1751,saint_ppo,0.45560646057128906
1752,saint_ppo,0.6345186233520508
1753,saint_ppo,-0.3338747024536133
1754,saint_ppo,0.2589397430419922
1755,saint_ppo,0.4732189178466797
1756,saint_ppo,2.0982589721679688
1757,saint_ppo,2.595635414123535
1758,saint_ppo,-0.8773422241210938
1759,saint_ppo,0.7768049240112305
1760,saint_ppo,0.9447593688964844
1761,saint_ppo,-0.7809553146362305
1762,saint_ppo,1.5711746215820312
1763,saint_ppo,1.7716903686523438
1764,saint_ppo,1.1828460693359375
1765,saint_ppo,1.2830810546875
1766,saint_ppo,3.6366043090820312
1767,saint_ppo,0.3920774459838867
1768,saint_ppo,1.0035667419433594
1769,saint_ppo,-0.26299190521240234
1770,saint_ppo,1.2221574783325195
1771,saint_ppo,2.857572555541992
1772,saint_ppo,0.24811172485351562
1773,saint_ppo,0.6594142913818359
1774,saint_ppo,1.351008415222168
1775,saint_ppo,1.4206581115722656
1776,saint_ppo,0.04105949401855469
1777,saint_ppo,0.8959283828735352
1778,saint_ppo,0.7447433471679688
1779,saint_ppo,0.5249977111816406
1780,saint_ppo,0.8346080780029297
1781,saint_ppo,1.702723503112793
1782,saint_ppo,1.2518701553344727
1783,saint_ppo,1.977376937866211
1784,saint_ppo,-0.5939111709594727
1785,saint_ppo,1.3951959609985352
1786,saint_ppo,0.2020111083984375
1787,saint_ppo,-0.034915924072265625
1788,saint_ppo,-0.1097869873046875
1789,saint_ppo,-0.3147411346435547
1790,saint_ppo,1.2921361923217773
1791,saint_ppo,1.298384666442871
1792,saint_ppo,0.052231788635253906
1793,saint_ppo,1.5001068115234375
1794,saint_ppo,0.5123701095581055
1795,saint_ppo,1.1119384765625
1796,saint_ppo,1.3068580627441406
1797,saint_ppo,1.6653356552124023
1798,saint_ppo,0.6521530151367188
1799,saint_ppo,0.4957389831542969
1800,saint_ppo,0.5629043579101562
1801,saint_ppo,2.071133613586426
1802,saint_ppo,2.119805335998535
1803,saint_ppo,0.2865943908691406
1804,saint_ppo,2.135347366333008
1805,saint_ppo,1.1847620010375977
1806,saint_ppo,1.6437606811523438
1807,saint_ppo,-0.13631725311279297
1808,saint_ppo,1.2384662628173828
1809,saint_ppo,2.666621208190918
1810,saint_ppo,1.563201904296875
1811,saint_ppo,2.9592275619506836
1812,saint_ppo,4.431440353393555
1813,saint_ppo,-0.5663385391235352
1814,saint_ppo,0.9878454208374023
1815,saint_ppo,0.3709907531738281
1816,saint_ppo,1.0127696990966797
1817,saint_ppo,0.3038825988769531
1818,saint_ppo,0.6734857559204102
1819,saint_ppo,2.513814926147461
1820,saint_ppo,1.9418039321899414
1821,saint_ppo,0.5795783996582031
1822,saint_ppo,0.934819221496582
1823,saint_ppo,1.0231132507324219
1824,saint_ppo,-1.2301912307739258
1825,saint_ppo,3.265932083129883
1826,saint_ppo,0.3802509307861328
1827,saint_ppo,0.09697723388671875
1828,saint_ppo,1.5512619018554688
1829,saint_ppo,1.1505231857299805
1830,saint_ppo,1.2191200256347656
1831,saint_ppo,1.9932823181152344
1832,saint_ppo,0.6156454086303711
1833,saint_ppo,-1.2201433181762695
1834,saint_ppo,3.282693862915039
1835,saint_ppo,-0.4916715621948242
1836,saint_ppo,0.9801616668701172
1837,saint_ppo,0.6543731689453125
1838,saint_ppo,0.6887359619140625
1839,saint_ppo,-2.546145439147949
1840,saint_ppo,-0.20229625701904297
1841,saint_ppo,0.19814491271972656
1842,saint_ppo,0.41620445251464844
1843,saint_ppo,-0.48229312896728516
1844,saint_ppo,2.2081642150878906
1845,saint_ppo,1.0856733322143555
1846,saint_ppo,0.3148469924926758
1847,saint_ppo,0.7849931716918945
1848,saint_ppo,0.9222707748413086
1849,saint_ppo,0.27697181701660156
1850,saint_ppo,0.11028861999511719
1851,saint_ppo,-1.404642105102539
1852,saint_ppo,0.9903020858764648
1853,saint_ppo,-0.4022054672241211
1854,saint_ppo,2.0011301040649414
1855,saint_ppo,-0.49018383026123047
1856,saint_ppo,1.0421886444091797
1857,saint_ppo,0.5429897308349609
1858,saint_ppo,1.6427326202392578
1859,saint_ppo,-0.41765308380126953
1860,saint_ppo,-0.019805908203125
1861,saint_ppo,-2.021181106567383
1862,saint_ppo,0.14692974090576172
1863,saint_ppo,2.8626298904418945
1864,saint_ppo,5.547414779663086
1865,saint_ppo,0.6075887680053711
1866,saint_ppo,2.0509605407714844
1867,saint_ppo,2.038754463195801
1868,saint_ppo,0.7666196823120117
1869,saint_ppo,0.9755964279174805
1870,saint_ppo,-0.28922367095947266
1871,saint_ppo,1.0291633605957031
1872,saint_ppo,0.7657976150512695
1873,saint_ppo,2.1688718795776367
1874,saint_ppo,1.148371696472168
1875,saint_ppo,2.7514572143554688
1876,saint_ppo,0.86151123046875
1877,saint_ppo,1.4269466400146484
1878,saint_ppo,0.7168102264404297
1879,saint_ppo,1.2903823852539062
1880,saint_ppo,-0.5053396224975586
1881,saint_ppo,1.6256113052368164
1882,saint_ppo,1.2903070449829102
1883,saint_ppo,3.0958757400512695
1884,saint_ppo,2.501715660095215
1885,saint_ppo,0.5593252182006836
1886,saint_ppo,1.3725166320800781
1887,saint_ppo,0.25021934509277344
1888,saint_ppo,-0.1603689193725586
1889,saint_ppo,1.2476253509521484
1890,saint_ppo,0.9868059158325195
1891,saint_ppo,0.4529705047607422
1892,saint_ppo,3.4227352142333984
1893,saint_ppo,1.3880290985107422
1894,saint_ppo,1.1821708679199219
1895,saint_ppo,0.9333286285400391
1896,saint_ppo,2.3013219833374023
1897,saint_ppo,2.583127975463867
1898,saint_ppo,0.6032514572143555
1899,saint_ppo,0.2139596939086914
1900,saint_ppo,1.251307487487793
1901,saint_ppo,1.035360336303711
1902,saint_ppo,1.7128963470458984
1903,saint_ppo,2.737698554992676
1904,saint_ppo,-0.27451229095458984
1905,saint_ppo,1.0529661178588867
1906,saint_ppo,2.2032575607299805
1907,saint_ppo,4.119632720947266
1908,saint_ppo,3.139187812805176
1909,saint_ppo,0.98297119140625
1910,saint_ppo,0.5962085723876953
1911,saint_ppo,0.8661785125732422
1912,saint_ppo,2.0950231552124023
1913,saint_ppo,0.557952880859375
1914,saint_ppo,0.35274505615234375
1915,saint_ppo,-0.2677764892578125
1916,saint_ppo,1.1978216171264648
1917,saint_ppo,3.5011634826660156
1918,saint_ppo,0.748621940612793
1919,saint_ppo,0.9940261840820312
1920,saint_ppo,-0.8208522796630859
1921,saint_ppo,0.7022085189819336
1922,saint_ppo,-1.098708152770996
1923,saint_ppo,-0.7524299621582031
1924,saint_ppo,-0.4909029006958008
1925,saint_ppo,-0.9259529113769531
1926,saint_ppo,0.34308910369873047
1927,saint_ppo,0.3161296844482422
1928,saint_ppo,0.34044837951660156
1929,saint_ppo,1.994462013244629
1930,saint_ppo,0.4051704406738281
1931,saint_ppo,-0.8545622825622559
1932,saint_ppo,0.09417152404785156
1933,saint_ppo,0.8898134231567383
1934,saint_ppo,0.7903347015380859
1935,saint_ppo,-1.132568359375
1936,saint_ppo,-1.2273178100585938
1937,saint_ppo,2.2250585556030273
1938,saint_ppo,0.6221075057983398
1939,saint_ppo,1.4338693618774414
1940,saint_ppo,3.923591136932373
1941,saint_ppo,1.8706226348876953
1942,saint_ppo,-0.1213521957397461
1943,saint_ppo,-0.3815746307373047
1944,saint_ppo,0.2128896713256836
1945,saint_ppo,2.4389591217041016
1946,saint_ppo,0.7445564270019531
1947,saint_ppo,1.365107536315918
1948,saint_ppo,0.2694263458251953
1949,saint_ppo,-0.9546232223510742
1950,saint_ppo,-0.7960300445556641
1951,saint_ppo,2.114927291870117
1952,saint_ppo,1.4115324020385742
1953,saint_ppo,-0.1743755340576172
1954,saint_ppo,2.900381088256836
1955,saint_ppo,1.8347692489624023
1956,saint_ppo,0.48016834259033203
1957,saint_ppo,-0.010417938232421875
1958,saint_ppo,-0.37604618072509766
1959,saint_ppo,0.5844631195068359
1960,saint_ppo,-0.23312759399414062
1961,saint_ppo,1.9289493560791016
1962,saint_ppo,-0.8751916885375977
1963,saint_ppo,0.7484140396118164
1964,saint_ppo,0.2975034713745117
1965,saint_ppo,2.573678970336914
1966,saint_ppo,2.0293169021606445
1967,saint_ppo,0.31521034240722656
1968,saint_ppo,1.8399629592895508
1969,saint_ppo,1.6496143341064453
1970,saint_ppo,-0.9818286895751953
1971,saint_ppo,1.6071357727050781
1972,saint_ppo,2.1916141510009766
1973,saint_ppo,-0.3568115234375
1974,saint_ppo,1.475825309753418
1975,saint_ppo,-0.4344463348388672
1976,saint_ppo,1.4181241989135742
1977,saint_ppo,-0.039132118225097656
1978,saint_ppo,-0.5309295654296875
1979,saint_ppo,1.08465576171875
1980,saint_ppo,1.6045284271240234
1981,saint_ppo,0.8972625732421875
1982,saint_ppo,1.0257186889648438
1983,saint_ppo,0.8009071350097656
1984,saint_ppo,0.1739969253540039
1985,saint_ppo,-0.09085750579833984
1986,saint_ppo,3.596860885620117
1987,saint_ppo,1.3584966659545898
1988,saint_ppo,0.9095897674560547
1989,saint_ppo,0.2661752700805664
1990,saint_ppo,1.6775522232055664
1991,saint_ppo,1.9666566848754883
1992,saint_ppo,0.018787384033203125
1993,saint_ppo,-0.14067649841308594
1994,saint_ppo,0.9598026275634766
1995,saint_ppo,3.202641487121582
1996,saint_ppo,2.2567949295043945
1997,saint_ppo,0.8877582550048828
1998,saint_ppo,-0.5924892425537109
1999,saint_ppo,1.277329444885254
2000,saint_ppo,1.3854265213012695
2001,saint_ppo,-1.4037818908691406
2002,saint_ppo,1.1129531860351562
2003,saint_ppo,2.458432197570801
2004,saint_ppo,1.9622745513916016
2005,saint_ppo,1.3663511276245117
2006,saint_ppo,0.8401250839233398
2007,saint_ppo,-0.11634254455566406
2008,saint_ppo,0.6948671340942383
2009,saint_ppo,0.9078865051269531
2010,saint_ppo,0.45926761627197266
2011,saint_ppo,1.3012771606445312
2012,saint_ppo,2.0591487884521484
2013,saint_ppo,-1.752385139465332
2014,saint_ppo,1.3900423049926758
2015,saint_ppo,0.7204761505126953
2016,saint_ppo,0.01140594482421875
2017,saint_ppo,-0.049957275390625
2018,saint_ppo,0.36508655548095703
2019,saint_ppo,1.3036956787109375
2020,saint_ppo,0.2752218246459961
2021,saint_ppo,0.3583059310913086
2022,saint_ppo,1.3641843795776367
2023,saint_ppo,1.5633583068847656
2024,saint_ppo,2.9084854125976562
2025,saint_ppo,0.9359455108642578
2026,saint_ppo,2.517390251159668
2027,saint_ppo,0.9665870666503906
2028,saint_ppo,0.32402896881103516
2029,saint_ppo,-1.0782670974731445
2030,saint_ppo,2.9706172943115234
2031,saint_ppo,1.193185806274414
2032,saint_ppo,2.628274917602539
2033,saint_ppo,1.2990121841430664
2034,saint_ppo,0.07236957550048828
2035,saint_ppo,0.41451072692871094
2036,saint_ppo,0.9555931091308594
2037,saint_ppo,2.1751041412353516
2038,saint_ppo,0.34037208557128906
2039,saint_ppo,0.3906669616699219
2040,saint_ppo,1.5904350280761719
2041,saint_ppo,2.1016616821289062
2042,saint_ppo,0.8772239685058594
2043,saint_ppo,0.045612335205078125
2044,saint_ppo,-0.2648611068725586
2045,saint_ppo,1.5899953842163086
2046,saint_ppo,0.7462148666381836
2047,saint_ppo,2.145249366760254
2048,saint_ppo,1.7965679168701172
2049,saint_ppo,2.570368766784668
2050,saint_ppo,1.407888412475586
2051,saint_ppo,2.1814403533935547
2052,saint_ppo,1.1999168395996094
2053,saint_ppo,0.5359077453613281
2054,saint_ppo,1.4316368103027344
2055,saint_ppo,-0.0878753662109375
2056,saint_ppo,0.1967144012451172
2057,saint_ppo,0.3430824279785156
2058,saint_ppo,2.3946609497070312
2059,saint_ppo,2.6153135299682617
2060,saint_ppo,1.422149658203125
2061,saint_ppo,0.0715179443359375
2062,saint_ppo,4.752992153167725
2063,saint_ppo,0.18649005889892578
2064,saint_ppo,-0.005942344665527344
2065,saint_ppo,1.0361452102661133
2066,saint_ppo,0.9636669158935547
2067,saint_ppo,1.8660402297973633
2068,saint_ppo,-0.20249557495117188
2069,saint_ppo,-0.3428974151611328
2070,saint_ppo,4.049623012542725
2071,saint_ppo,1.2297706604003906
2072,saint_ppo,0.0649118423461914
2073,saint_ppo,0.18595314025878906
2074,saint_ppo,1.2080774307250977
2075,saint_ppo,0.642852783203125
2076,saint_ppo,0.3454141616821289
2077,saint_ppo,0.1870260238647461
2078,saint_ppo,0.15016460418701172
2079,saint_ppo,1.5465564727783203
2080,saint_ppo,-0.050871849060058594
2081,saint_ppo,-0.7712802886962891
2082,saint_ppo,0.5089635848999023
2083,saint_ppo,0.17972183227539062
2084,saint_ppo,0.21413230895996094
2085,saint_ppo,1.7091941833496094
2086,saint_ppo,4.208045959472656
2087,saint_ppo,1.0145187377929688
2088,saint_ppo,0.6801338195800781
2089,saint_ppo,0.8509111404418945
2090,saint_ppo,0.7027120590209961
2091,saint_ppo,1.815378189086914
2092,saint_ppo,0.3357505798339844
2093,saint_ppo,1.7541799545288086
2094,saint_ppo,1.308974266052246
2095,saint_ppo,0.9930896759033203
2096,saint_ppo,1.696120262145996
2097,saint_ppo,1.4030189514160156
2098,saint_ppo,0.864288330078125
2099,saint_ppo,1.381352424621582
2100,saint_ppo,0.49703025817871094
2101,saint_ppo,0.4284553527832031
2102,saint_ppo,0.18639755249023438
2103,saint_ppo,0.5762453079223633
2104,saint_ppo,2.1048755645751953
2105,saint_ppo,-1.0095405578613281
2106,saint_ppo,0.4157581329345703
2107,saint_ppo,3.0605249404907227
2108,saint_ppo,0.13013935089111328
2109,saint_ppo,0.6640243530273438
2110,saint_ppo,-0.30685901641845703
2111,saint_ppo,3.070039749145508
2112,saint_ppo,1.1535987854003906
2113,saint_ppo,-0.041016578674316406
2114,saint_ppo,1.0981159210205078
2115,saint_ppo,0.7543497085571289
2116,saint_ppo,-2.5922698974609375
2117,saint_ppo,-0.09393024444580078
2118,saint_ppo,0.3370704650878906
2119,saint_ppo,0.9232826232910156
2120,saint_ppo,-1.6489906311035156
2121,saint_ppo,0.6639223098754883
2122,saint_ppo,0.09444999694824219
2123,saint_ppo,1.4605541229248047
2124,saint_ppo,0.5555086135864258
2125,saint_ppo,-0.7461442947387695
2126,saint_ppo,-0.5885114669799805
2127,saint_ppo,0.7942008972167969
2128,saint_ppo,1.5187788009643555
2129,saint_ppo,-0.4972114562988281
2130,saint_ppo,0.5402212142944336
2131,saint_ppo,1.0037384033203125
2132,saint_ppo,0.5508155822753906
2133,saint_ppo,1.6811351776123047
2134,saint_ppo,0.7130641937255859
2135,saint_ppo,0.13811492919921875
2136,saint_ppo,-0.9568700790405273
2137,saint_ppo,2.5592451095581055
2138,saint_ppo,0.8743991851806641
2139,saint_ppo,0.017086029052734375
2140,saint_ppo,0.6900463104248047
2141,saint_ppo,-0.35304927825927734
2142,saint_ppo,0.41410064697265625
2143,saint_ppo,1.9286632537841797
2144,saint_ppo,2.0159950256347656
2145,saint_ppo,1.6816940307617188
2146,saint_ppo,1.3877553939819336
2147,saint_ppo,1.6010608673095703
2148,saint_ppo,0.3079681396484375
2149,saint_ppo,1.8670377731323242
2150,saint_ppo,-0.6819448471069336
2151,saint_ppo,0.7181062698364258
2152,saint_ppo,-0.17644500732421875
2153,saint_ppo,1.416269302368164
2154,saint_ppo,0.5630664825439453
2155,saint_ppo,0.9037370681762695
2156,saint_ppo,2.8816890716552734
2157,saint_ppo,0.6854915618896484
2158,saint_ppo,-0.5130815505981445
2159,saint_ppo,-0.642247200012207
2160,saint_ppo,2.4646682739257812
2161,saint_ppo,2.060640335083008
2162,saint_ppo,-0.7134943008422852
2163,saint_ppo,1.7620649337768555
2164,saint_ppo,1.5693387985229492
2165,saint_ppo,2.746504783630371
2166,saint_ppo,0.5589027404785156
2167,saint_ppo,0.9409666061401367
2168,saint_ppo,1.7230844497680664
2169,saint_ppo,1.5740318298339844
2170,saint_ppo,1.379007339477539
2171,saint_ppo,1.4271726608276367
2172,saint_ppo,1.2128276824951172
2173,saint_ppo,1.2554693222045898
2174,saint_ppo,-0.7435312271118164
2175,saint_ppo,-1.5235710144042969
2176,saint_ppo,1.4175300598144531
2177,saint_ppo,1.192347526550293
2178,saint_ppo,1.7742547988891602
2179,saint_ppo,0.8110809326171875
2180,saint_ppo,-0.48415374755859375
2181,saint_ppo,2.97788143157959
2182,saint_ppo,0.9015674591064453
2183,saint_ppo,-0.5724763870239258
2184,saint_ppo,-0.2424602508544922
2185,saint_ppo,0.903294563293457
2186,saint_ppo,1.2060785293579102
2187,saint_ppo,1.5838432312011719
2188,saint_ppo,1.8987598419189453
2189,saint_ppo,3.848634719848633
2190,saint_ppo,1.6193046569824219
2191,saint_ppo,0.19016647338867188
2192,saint_ppo,-0.06618976593017578
2193,saint_ppo,-0.26420116424560547
2194,saint_ppo,0.2156524658203125
2195,saint_ppo,4.003095626831055
2196,saint_ppo,0.8271903991699219
2197,saint_ppo,2.651780128479004
2198,saint_ppo,0.7522096633911133
2199,saint_ppo,1.4365968704223633
2200,saint_ppo,3.137486457824707
2201,saint_ppo,1.0000190734863281
2202,saint_ppo,0.5379314422607422
2203,saint_ppo,2.848316192626953
2204,saint_ppo,-1.2427349090576172
2205,saint_ppo,-1.1067323684692383
2206,saint_ppo,-0.7136144638061523
2207,saint_ppo,3.1703290939331055
2208,saint_ppo,-0.051543235778808594
2209,saint_ppo,1.3446235656738281
2210,saint_ppo,-0.7136440277099609
2211,saint_ppo,-0.5687541961669922
2212,saint_ppo,-0.1934671401977539
2213,saint_ppo,0.7255983352661133
2214,saint_ppo,1.68505859375
2215,saint_ppo,-0.16281509399414062
2216,saint_ppo,1.10955810546875
2217,saint_ppo,1.1839513778686523
2218,saint_ppo,3.2718896865844727
2219,saint_ppo,1.184523582458496
2220,saint_ppo,0.30019092559814453
2221,saint_ppo,2.1897764205932617
2222,saint_ppo,3.519664764404297
2223,saint_ppo,2.370084762573242
2224,saint_ppo,1.4572172164916992
2225,saint_ppo,1.9627408981323242
2226,saint_ppo,0.7761516571044922
2227,saint_ppo,-1.0599164962768555
2228,saint_ppo,0.12789154052734375
2229,saint_ppo,0.4018440246582031
2230,saint_ppo,2.34896183013916
2231,saint_ppo,0.6591596603393555
2232,saint_ppo,0.3200826644897461
2233,saint_ppo,1.1772565841674805
2234,saint_ppo,0.6230354309082031
2235,saint_ppo,0.7165069580078125
2236,saint_ppo,1.7248191833496094
2237,saint_ppo,0.2681102752685547
2238,saint_ppo,0.9447193145751953
2239,saint_ppo,4.043790817260742
2240,saint_ppo,-0.30564403533935547
2241,saint_ppo,-1.6910009384155273
2242,saint_ppo,-0.058223724365234375
2243,saint_ppo,0.8358278274536133
2244,saint_ppo,-0.5807695388793945
2245,saint_ppo,-0.8735389709472656
2246,saint_ppo,0.15459442138671875
2247,saint_ppo,4.9046525955200195
2248,saint_ppo,1.3859930038452148
2249,saint_ppo,0.07925033569335938
2250,saint_ppo,0.5781707763671875
2251,saint_ppo,2.729665756225586
2252,saint_ppo,2.3734130859375
2253,saint_ppo,-0.08260154724121094
2254,saint_ppo,0.2544689178466797
2255,saint_ppo,3.597911834716797
2256,saint_ppo,0.4059944152832031
2257,saint_ppo,1.1328506469726562
2258,saint_ppo,0.2152271270751953
2259,saint_ppo,2.8104610443115234
2260,saint_ppo,1.0114727020263672
2261,saint_ppo,0.5877466201782227
2262,saint_ppo,0.6490926742553711
2263,saint_ppo,1.5178775787353516
2264,saint_ppo,1.6042852401733398
2265,saint_ppo,0.7405185699462891
2266,saint_ppo,0.6740550994873047
2267,saint_ppo,0.6607685089111328
2268,saint_ppo,1.1175575256347656
2269,saint_ppo,3.569631576538086
2270,saint_ppo,0.39943599700927734
2271,saint_ppo,1.596527099609375
2272,saint_ppo,-0.11597728729248047
2273,saint_ppo,0.39759254455566406
2274,saint_ppo,-0.17810440063476562
2275,saint_ppo,1.3352680206298828
2276,saint_ppo,1.4540977478027344
2277,saint_ppo,1.991786003112793
2278,saint_ppo,1.9350881576538086
2279,saint_ppo,2.107095718383789
2280,saint_ppo,1.1408185958862305
2281,saint_ppo,-0.11340713500976562
2282,saint_ppo,0.8979501724243164
2283,saint_ppo,1.8235111236572266
2284,saint_ppo,1.4440317153930664
2285,saint_ppo,-0.6354494094848633
2286,saint_ppo,1.468440055847168
2287,saint_ppo,2.1090822219848633
2288,saint_ppo,1.9913902282714844
2289,saint_ppo,-0.1815500259399414
2290,saint_ppo,1.9231605529785156
2291,saint_ppo,-0.6899957656860352
2292,saint_ppo,0.6876802444458008
2293,saint_ppo,0.4013233184814453
2294,saint_ppo,0.49381446838378906
2295,saint_ppo,1.0379257202148438
2296,saint_ppo,0.7942476272583008
2297,saint_ppo,0.20874595642089844
2298,saint_ppo,0.9486751556396484
2299,saint_ppo,0.043743133544921875
2300,saint_ppo,0.8516912460327148
2301,saint_ppo,0.981536865234375
2302,saint_ppo,2.0471019744873047
2303,saint_ppo,-1.3499183654785156
2304,saint_ppo,1.43084716796875
2305,saint_ppo,1.1913871765136719
2306,saint_ppo,0.049233436584472656
2307,saint_ppo,-0.19002532958984375
2308,saint_ppo,0.19264602661132812
2309,saint_ppo,1.4439306259155273
2310,saint_ppo,-1.1710472106933594
2311,saint_ppo,1.5275297164916992
2312,saint_ppo,3.2727136611938477
2313,saint_ppo,0.6546440124511719
2314,saint_ppo,2.7765541076660156
2315,saint_ppo,-1.0843505859375
2316,saint_ppo,0.5309333801269531
2317,saint_ppo,0.6229124069213867
2318,saint_ppo,0.8167572021484375
2319,saint_ppo,0.96893310546875
2320,saint_ppo,-0.554753303527832
2321,saint_ppo,3.303781032562256
2322,saint_ppo,2.7130918502807617
2323,saint_ppo,1.689915657043457
2324,saint_ppo,1.4763298034667969
2325,saint_ppo,-1.7907495498657227
2326,saint_ppo,0.16396141052246094
2327,saint_ppo,2.1289539337158203
2328,saint_ppo,-0.23015975952148438
2329,saint_ppo,0.12601470947265625
2330,saint_ppo,0.21408843994140625
2331,saint_ppo,1.6877155303955078
2332,saint_ppo,0.07574844360351562
2333,saint_ppo,0.5134687423706055
2334,saint_ppo,4.438202857971191
2335,saint_ppo,0.8482837677001953
2336,saint_ppo,1.258131980895996
2337,saint_ppo,1.339426040649414
2338,saint_ppo,0.40108489990234375
2339,saint_ppo,2.2486820220947266
2340,saint_ppo,0.15671443939208984
2341,saint_ppo,-0.6731796264648438
2342,saint_ppo,1.5130748748779297
2343,saint_ppo,0.03507232666015625
2344,saint_ppo,0.8445472717285156
2345,saint_ppo,-0.25286006927490234
2346,saint_ppo,0.10272502899169922
2347,saint_ppo,-0.3306102752685547
2348,saint_ppo,2.554844856262207
2349,saint_ppo,0.6374301910400391
2350,saint_ppo,0.91168212890625
2351,saint_ppo,-0.5433635711669922
2352,saint_ppo,0.4745168685913086
2353,saint_ppo,0.42032718658447266
2354,saint_ppo,2.4857683181762695
2355,saint_ppo,2.0479164123535156
2356,saint_ppo,3.46185302734375
2357,saint_ppo,0.26761913299560547
2358,saint_ppo,0.9383935928344727
2359,saint_ppo,0.5697193145751953
2360,saint_ppo,1.3299188613891602
2361,saint_ppo,0.9379844665527344
2362,saint_ppo,0.547429084777832
2363,saint_ppo,1.4030466079711914
2364,saint_ppo,0.4672889709472656
2365,saint_ppo,0.7666006088256836
2366,saint_ppo,0.03700065612792969
2367,saint_ppo,0.5731401443481445
2368,saint_ppo,2.0789246559143066
2369,saint_ppo,1.095327377319336
2370,saint_ppo,1.1705150604248047
2371,saint_ppo,0.9089632034301758
2372,saint_ppo,0.22756099700927734
2373,saint_ppo,-0.7840938568115234
2374,saint_ppo,1.2356700897216797
2375,saint_ppo,1.9080114364624023
2376,saint_ppo,-0.04346656799316406
2377,saint_ppo,0.16652297973632812
2378,saint_ppo,0.5744113922119141
2379,saint_ppo,0.8596181869506836
2380,saint_ppo,0.3320474624633789
2381,saint_ppo,-1.3138236999511719
2382,saint_ppo,0.21467208862304688
2383,saint_ppo,1.2113914489746094
2384,saint_ppo,0.3035888671875
2385,saint_ppo,1.9371528625488281
2386,saint_ppo,1.322484016418457
2387,saint_ppo,1.5922508239746094
2388,saint_ppo,-0.5200815200805664
2389,saint_ppo,1.0928916931152344
2390,saint_ppo,-0.797149658203125
2391,saint_ppo,0.4452228546142578
2392,saint_ppo,0.2795591354370117
2393,saint_ppo,1.2914886474609375
2394,saint_ppo,0.9160900115966797
2395,saint_ppo,1.710500717163086
2396,saint_ppo,2.5054636001586914
2397,saint_ppo,1.052083969116211
2398,saint_ppo,0.9458675384521484
2399,saint_ppo,0.2475910186767578
2400,saint_ppo,1.6369352340698242
2401,saint_ppo,0.41509056091308594
2402,saint_ppo,1.499368667602539
2403,saint_ppo,0.7870330810546875
2404,saint_ppo,2.345637321472168
2405,saint_ppo,1.0716304779052734
2406,saint_ppo,1.2274503707885742
2407,saint_ppo,2.4228858947753906
2408,saint_ppo,2.305948257446289
2409,saint_ppo,0.9109048843383789
2410,saint_ppo,1.9234609603881836
2411,saint_ppo,-0.43381595611572266
2412,saint_ppo,2.535013198852539
2413,saint_ppo,3.4264984130859375
2414,saint_ppo,-0.2550687789916992
2415,saint_ppo,0.848912239074707
2416,saint_ppo,0.9294672012329102
2417,saint_ppo,-0.29772186279296875
2418,saint_ppo,3.934356689453125
2419,saint_ppo,0.6805591583251953
2420,saint_ppo,2.7020645141601562
2421,saint_ppo,2.4759397506713867
2422,saint_ppo,0.4603300094604492
2423,saint_ppo,1.2952508926391602
2424,saint_ppo,0.16420841217041016
2425,saint_ppo,0.7771692276000977
2426,saint_ppo,-0.7732343673706055
2427,saint_ppo,2.0208168029785156
2428,saint_ppo,0.41638946533203125
2429,saint_ppo,-1.6429510116577148
2430,saint_ppo,3.7975034713745117
2431,saint_ppo,1.261826515197754
2432,saint_ppo,-0.853001594543457
2433,saint_ppo,0.38050365447998047
2434,saint_ppo,0.44805240631103516
2435,saint_ppo,-0.5923318862915039
2436,saint_ppo,1.0607118606567383
2437,saint_ppo,2.3989076614379883
2438,saint_ppo,1.3429718017578125
2439,saint_ppo,0.27428531646728516
2440,saint_ppo,2.24697208404541
2441,saint_ppo,0.48925209045410156
2442,saint_ppo,1.5526809692382812
2443,saint_ppo,0.6617660522460938
2444,saint_ppo,-1.4612054824829102
2445,saint_ppo,0.6426753997802734
2446,saint_ppo,0.7588052749633789
2447,saint_ppo,0.3278999328613281
2448,saint_ppo,0.19086074829101562
2449,saint_ppo,0.13130950927734375
2450,saint_ppo,0.5038070678710938
2451,saint_ppo,-0.19044208526611328
2452,saint_ppo,1.6064834594726562
2453,saint_ppo,0.5787620544433594
2454,saint_ppo,0.35683250427246094
2455,saint_ppo,0.03270149230957031
2456,saint_ppo,0.15732192993164062
2457,saint_ppo,-0.3329505920410156
2458,saint_ppo,2.555997848510742
2459,saint_ppo,1.382584571838379
2460,saint_ppo,0.8649120330810547
2461,saint_ppo,0.7987689971923828
2462,saint_ppo,1.0800561904907227
2463,saint_ppo,3.36733341217041
2464,saint_ppo,0.2047262191772461
2465,saint_ppo,1.6004152297973633
2466,saint_ppo,0.8599729537963867
2467,saint_ppo,0.48256683349609375
2468,saint_ppo,-0.4546051025390625
2469,saint_ppo,2.4984703063964844
2470,saint_ppo,-0.5416345596313477
2471,saint_ppo,-3.092373847961426
2472,saint_ppo,2.200345039367676
2473,saint_ppo,0.15276813507080078
2474,saint_ppo,0.6703405380249023
2475,saint_ppo,0.8439397811889648
2476,saint_ppo,0.5687427520751953
2477,saint_ppo,-0.6922616958618164
2478,saint_ppo,1.5731830596923828
2479,saint_ppo,1.6996612548828125
2480,saint_ppo,3.08426570892334
2481,saint_ppo,1.9767580032348633
2482,saint_ppo,0.7007980346679688
2483,saint_ppo,1.9881000518798828
2484,saint_ppo,0.4131050109863281
2485,saint_ppo,0.8617000579833984
2486,saint_ppo,0.7551202774047852
2487,saint_ppo,1.4963197708129883
2488,saint_ppo,1.716278076171875
2489,saint_ppo,0.9293975830078125
2490,saint_ppo,1.4070701599121094
2491,saint_ppo,-0.785858154296875
2492,saint_ppo,1.648148536682129
2493,saint_ppo,0.05615234375
2494,saint_ppo,-0.15839099884033203
2495,saint_ppo,4.366492748260498
2496,saint_ppo,1.686030387878418
2497,saint_ppo,1.9657745361328125
2498,saint_ppo,1.6331100463867188
2499,saint_ppo,2.0484704971313477
2500,saint_ppo,1.8696479797363281
2501,saint_ppo,1.8684453964233398
2502,saint_ppo,-0.1401071548461914
2503,saint_ppo,1.299337387084961
2504,saint_ppo,1.2351551055908203
2505,saint_ppo,1.4722213745117188
2506,saint_ppo,0.9610986709594727
2507,saint_ppo,0.1585397720336914
2508,saint_ppo,-0.44524574279785156
2509,saint_ppo,2.2311058044433594
2510,saint_ppo,-0.5805692672729492
2511,saint_ppo,1.0783710479736328
2512,saint_ppo,0.23234272003173828
2513,saint_ppo,1.2759771347045898
2514,saint_ppo,1.0642385482788086
2515,saint_ppo,0.4745330810546875
2516,saint_ppo,0.7446680068969727
2517,saint_ppo,0.32524776458740234
2518,saint_ppo,0.6547956466674805
2519,saint_ppo,1.5271291732788086
2520,saint_ppo,0.005208015441894531
2521,saint_ppo,0.8291006088256836
2522,saint_ppo,-0.09450435638427734
2523,saint_ppo,0.6157722473144531
2524,saint_ppo,1.1039257049560547
2525,saint_ppo,1.271341323852539
2526,saint_ppo,1.365555763244629
2527,saint_ppo,1.4268817901611328
2528,saint_ppo,1.2668218612670898
2529,saint_ppo,1.1901702880859375
2530,saint_ppo,1.1714239120483398
2531,saint_ppo,2.1364564895629883
2532,saint_ppo,2.39687442779541
2533,saint_ppo,1.099501609802246
2534,saint_ppo,-0.8026704788208008
2535,saint_ppo,0.6934614181518555
2536,saint_ppo,2.1308937072753906
2537,saint_ppo,5.361797332763672
2538,saint_ppo,1.7765064239501953
2539,saint_ppo,0.23076820373535156
2540,saint_ppo,0.4462156295776367
2541,saint_ppo,0.8133277893066406
2542,saint_ppo,2.322582244873047
2543,saint_ppo,0.3805570602416992
2544,saint_ppo,0.4782676696777344
2545,saint_ppo,1.1798152923583984
2546,saint_ppo,1.2008886337280273
2547,saint_ppo,0.8883323669433594
2548,saint_ppo,0.7275981903076172
2549,saint_ppo,0.8483448028564453
2550,saint_ppo,0.5770759582519531
2551,saint_ppo,-0.18567562103271484
2552,saint_ppo,-0.008076667785644531
2553,saint_ppo,0.7701053619384766
2554,saint_ppo,0.9470071792602539
2555,saint_ppo,1.2588253021240234
2556,saint_ppo,0.2666654586791992
2557,saint_ppo,3.8571977615356445
2558,saint_ppo,1.6426725387573242
2559,saint_ppo,0.45810508728027344
2560,saint_ppo,1.865823745727539
2561,saint_ppo,1.5358457565307617
2562,saint_ppo,4.5907392501831055
2563,saint_ppo,1.1147804260253906
2564,saint_ppo,0.6543302536010742
2565,saint_ppo,2.4488887786865234
2566,saint_ppo,1.6579980850219727
2567,saint_ppo,1.0663204193115234
2568,saint_ppo,-0.5128164291381836
2569,saint_ppo,1.574655532836914
2570,saint_ppo,0.6825580596923828
2571,saint_ppo,-0.5716724395751953
2572,saint_ppo,1.5697479248046875
2573,saint_ppo,0.6469955444335938
2574,saint_ppo,0.4283475875854492
2575,saint_ppo,-0.31285953521728516
2576,saint_ppo,1.884817123413086
2577,saint_ppo,2.175426483154297
2578,saint_ppo,-2.792241096496582
2579,saint_ppo,0.49548816680908203
2580,saint_ppo,2.613870620727539
2581,saint_ppo,0.6534748077392578
2582,saint_ppo,1.6582374572753906
2583,saint_ppo,2.0165958404541016
2584,saint_ppo,0.02164936065673828
2585,saint_ppo,-0.0023670196533203125
2586,saint_ppo,-0.5919456481933594
2587,saint_ppo,1.2746915817260742
2588,saint_ppo,5.049317359924316
2589,saint_ppo,-0.4221820831298828
2590,saint_ppo,0.3005199432373047
2591,saint_ppo,-1.1798028945922852
2592,saint_ppo,0.8863563537597656
2593,saint_ppo,0.3733329772949219
2594,saint_ppo,0.44097375869750977
2595,saint_ppo,-0.6426124572753906
2596,saint_ppo,1.0284233093261719
2597,saint_ppo,0.9187021255493164
2598,saint_ppo,0.03464221954345703
2599,saint_ppo,0.42728519439697266
2600,saint_ppo,-0.2071857452392578
2601,saint_ppo,1.6517353057861328
2602,saint_ppo,1.0377769470214844
2603,saint_ppo,3.885043144226074
2604,saint_ppo,0.9605979919433594
2605,saint_ppo,-0.18117523193359375
2606,saint_ppo,1.5515546798706055
2607,saint_ppo,0.8175029754638672
2608,saint_ppo,1.1771507263183594
2609,saint_ppo,0.45444393157958984
2610,saint_ppo,1.468949317932129
2611,saint_ppo,-2.1676530838012695
2612,saint_ppo,0.8634147644042969
2613,saint_ppo,2.6864051818847656
2614,saint_ppo,2.6039133071899414
2615,saint_ppo,2.0954513549804688
2616,saint_ppo,2.0029125213623047
2617,saint_ppo,0.6576948165893555
2618,saint_ppo,1.1044902801513672
2619,saint_ppo,0.46030330657958984
2620,saint_ppo,0.5485391616821289
2621,saint_ppo,3.998819351196289
2622,saint_ppo,2.269129753112793
2623,saint_ppo,1.9005260467529297
2624,saint_ppo,0.41394805908203125
2625,saint_ppo,1.2705268859863281
2626,saint_ppo,-0.12532711029052734
2627,saint_ppo,1.4215621948242188
2628,saint_ppo,0.4319171905517578
2629,saint_ppo,0.612884521484375
2630,saint_ppo,1.564828872680664
2631,saint_ppo,1.2029056549072266
2632,saint_ppo,-0.4494762420654297
2633,saint_ppo,-1.0564546585083008
2634,saint_ppo,3.0696773529052734
2635,saint_ppo,0.5757017135620117
2636,saint_ppo,1.0644617080688477
2637,saint_ppo,4.57960319519043
2638,saint_ppo,0.5050811767578125
2639,saint_ppo,1.0339946746826172
2640,saint_ppo,0.5970077514648438
2641,saint_ppo,1.3659839630126953
2642,saint_ppo,0.8130168914794922
2643,saint_ppo,0.20934486389160156
2644,saint_ppo,1.1495962142944336
2645,saint_ppo,0.5863990783691406
2646,saint_ppo,2.490926742553711
2647,saint_ppo,1.4578475952148438
2648,saint_ppo,-1.658503532409668
2649,saint_ppo,0.5932283401489258
2650,saint_ppo,-0.08827590942382812
2651,saint_ppo,1.7135610580444336
2652,saint_ppo,-0.2166728973388672
2653,saint_ppo,-0.2842292785644531
2654,saint_ppo,3.353290557861328
2655,saint_ppo,-0.0022296905517578125
2656,saint_ppo,-0.47050952911376953
2657,saint_ppo,-0.1644458770751953
2658,saint_ppo,2.4797658920288086
2659,saint_ppo,2.0609493255615234
2660,saint_ppo,1.6982603073120117
2661,saint_ppo,2.349818229675293
2662,saint_ppo,4.911927223205566
2663,saint_ppo,1.305816650390625
2664,saint_ppo,1.519479751586914
2665,saint_ppo,2.100526809692383
2666,saint_ppo,1.079482078552246
2667,saint_ppo,1.584665298461914
2668,saint_ppo,1.5170059204101562
2669,saint_ppo,-0.3698253631591797
2670,saint_ppo,4.664427757263184
2671,saint_ppo,0.7855625152587891
2672,saint_ppo,0.18721485137939453
2673,saint_ppo,1.260451316833496
2674,saint_ppo,1.702784538269043
2675,saint_ppo,1.0975666046142578
2676,saint_ppo,1.3435993194580078
2677,saint_ppo,0.7857656478881836
2678,saint_ppo,2.3340272903442383
2679,saint_ppo,1.488943099975586
2680,saint_ppo,0.8971519470214844
2681,saint_ppo,0.9031391143798828
2682,saint_ppo,-0.5585899353027344
2683,saint_ppo,1.5950555801391602
2684,saint_ppo,1.8326635360717773
2685,saint_ppo,1.6454925537109375
2686,saint_ppo,1.141134262084961
2687,saint_ppo,1.0950441360473633
2688,saint_ppo,2.2046709060668945
2689,saint_ppo,-0.0732583999633789
2690,saint_ppo,-0.5948724746704102
2691,saint_ppo,0.2508516311645508
2692,saint_ppo,-0.2850675582885742
2693,saint_ppo,1.6572961807250977
2694,saint_ppo,0.9798126220703125
2695,saint_ppo,2.3666372299194336
2696,saint_ppo,0.3495969772338867
2697,saint_ppo,0.9670248031616211
2698,saint_ppo,2.5300960540771484
2699,saint_ppo,1.559316635131836
2700,saint_ppo,2.439852714538574
2701,saint_ppo,0.03558063507080078
2702,saint_ppo,1.5419225692749023
2703,saint_ppo,1.987771987915039
2704,saint_ppo,1.507624626159668
2705,saint_ppo,1.6778287887573242
2706,saint_ppo,1.2948760986328125
2707,saint_ppo,-1.4492950439453125
2708,saint_ppo,-1.091165542602539
2709,saint_ppo,0.8487701416015625
2710,saint_ppo,0.9492645263671875
2711,saint_ppo,0.24027538299560547
2712,saint_ppo,3.409128189086914
2713,saint_ppo,0.5646762847900391
2714,saint_ppo,1.6587352752685547
2715,saint_ppo,0.5950469970703125
2716,saint_ppo,0.07342243194580078
2717,saint_ppo,0.7653484344482422
2718,saint_ppo,0.36896514892578125
2719,saint_ppo,2.784061908721924
2720,saint_ppo,2.0514965057373047
2721,saint_ppo,0.4009122848510742
2722,saint_ppo,-0.5219240188598633
2723,saint_ppo,0.8385715484619141
2724,saint_ppo,0.7319736480712891
2725,saint_ppo,2.0170507431030273
2726,saint_ppo,1.1700630187988281
2727,saint_ppo,1.4017610549926758
2728,saint_ppo,1.2131109237670898
2729,saint_ppo,0.9782400131225586
2730,saint_ppo,0.6280326843261719
2731,saint_ppo,1.7846288681030273
2732,saint_ppo,2.077451705932617
2733,saint_ppo,0.038041114807128906
2734,saint_ppo,0.8959941864013672
2735,saint_ppo,0.4057121276855469
2736,saint_ppo,4.186464309692383
2737,saint_ppo,0.6818571090698242
2738,saint_ppo,0.9171552658081055
2739,saint_ppo,0.8268041610717773
2740,saint_ppo,-3.5380911827087402
2741,saint_ppo,-0.7138595581054688
2742,saint_ppo,0.5082168579101562
2743,saint_ppo,0.3835458755493164
2744,saint_ppo,-0.6335439682006836
2745,saint_ppo,0.7176218032836914
2746,saint_ppo,1.8132190704345703
2747,saint_ppo,1.0012693405151367
2748,saint_ppo,-0.7376327514648438
2749,saint_ppo,0.7121295928955078
2750,saint_ppo,1.7766170501708984
2751,saint_ppo,1.1433801651000977
2752,saint_ppo,0.8109683990478516
2753,saint_ppo,4.598574638366699
2754,saint_ppo,1.7007312774658203
2755,saint_ppo,3.3233699798583984
2756,saint_ppo,0.9305963516235352
2757,saint_ppo,1.6178584098815918
2758,saint_ppo,1.121450424194336
2759,saint_ppo,1.2211103439331055
2760,saint_ppo,0.7135391235351562
2761,saint_ppo,1.3255577087402344
2762,saint_ppo,6.39893913269043
2763,saint_ppo,-0.3374977111816406
2764,saint_ppo,0.4716348648071289
2765,saint_ppo,2.1164817810058594
2766,saint_ppo,1.2082815170288086
2767,saint_ppo,0.17657756805419922
2768,saint_ppo,0.3441190719604492
2769,saint_ppo,3.079718589782715
2770,saint_ppo,-0.15306663513183594
2771,saint_ppo,0.010972976684570312
2772,saint_ppo,2.7585067749023438
2773,saint_ppo,1.597346305847168
2774,saint_ppo,2.1607112884521484
2775,saint_ppo,0.15485763549804688
2776,saint_ppo,1.0266284942626953
2777,saint_ppo,1.3080110549926758
2778,saint_ppo,1.0052118301391602
2779,saint_ppo,0.9776506423950195
2780,saint_ppo,0.21238040924072266
2781,saint_ppo,0.9999752044677734
2782,saint_ppo,-1.0824365615844727
2783,saint_ppo,-0.4230175018310547
2784,saint_ppo,0.47954368591308594
2785,saint_ppo,2.762263298034668
2786,saint_ppo,0.9764976501464844
2787,saint_ppo,1.7937793731689453
2788,saint_ppo,1.4596233367919922
2789,saint_ppo,3.1045799255371094
2790,saint_ppo,1.0918197631835938
2791,saint_ppo,2.8117074966430664
2792,saint_ppo,0.6788311004638672
2793,saint_ppo,0.3525066375732422
2794,saint_ppo,-0.19152259826660156
2795,saint_ppo,1.3927268981933594
2796,saint_ppo,0.6534099578857422
2797,saint_ppo,0.8106575012207031
2798,saint_ppo,-0.8777570724487305
2799,saint_ppo,4.251503944396973
2800,saint_ppo,0.3283243179321289
2801,saint_ppo,2.274449348449707
2802,saint_ppo,1.7047462463378906
2803,saint_ppo,2.011873245239258
2804,saint_ppo,1.0706453323364258
2805,saint_ppo,2.4129600524902344
2806,saint_ppo,1.637547492980957
2807,saint_ppo,0.8263397216796875
2808,saint_ppo,0.6687641143798828
2809,saint_ppo,-0.5870189666748047
2810,saint_ppo,1.5574569702148438
2811,saint_ppo,1.0660133361816406
2812,saint_ppo,0.9857025146484375
2813,saint_ppo,-0.6543693542480469
2814,saint_ppo,0.12758636474609375
2815,saint_ppo,0.5634603500366211
2816,saint_ppo,0.08085918426513672
2817,saint_ppo,-0.32840538024902344
2818,saint_ppo,0.7243051528930664
2819,saint_ppo,1.2837018966674805
2820,saint_ppo,1.8141241073608398
2821,saint_ppo,-1.183441162109375
2822,saint_ppo,-0.3084239959716797
2823,saint_ppo,1.081674575805664
2824,saint_ppo,1.4441909790039062
2825,saint_ppo,-0.1733560562133789
2826,saint_ppo,1.9971284866333008
2827,saint_ppo,1.342498779296875
2828,saint_ppo,1.6611518859863281
2829,saint_ppo,2.7656421661376953
2830,saint_ppo,3.896817207336426
2831,saint_ppo,-1.4266910552978516
2832,saint_ppo,-0.1378192901611328
2833,saint_ppo,0.3983154296875
2834,saint_ppo,2.261852264404297
2835,saint_ppo,0.05718994140625
2836,saint_ppo,1.6740550994873047
2837,saint_ppo,0.6989288330078125
2838,saint_ppo,0.8485851287841797
2839,saint_ppo,1.9855232238769531
2840,saint_ppo,1.9585857391357422
2841,saint_ppo,0.07933425903320312
2842,saint_ppo,0.4539823532104492
2843,saint_ppo,0.04093742370605469
2844,saint_ppo,2.6274776458740234
2845,saint_ppo,1.4473142623901367
2846,saint_ppo,1.4415388107299805
2847,saint_ppo,1.2859506607055664
2848,saint_ppo,1.2536964416503906
2849,saint_ppo,1.149770736694336
2850,saint_ppo,0.9647769927978516
2851,saint_ppo,0.8176364898681641
2852,saint_ppo,1.329629898071289
2853,saint_ppo,1.6559505462646484
2854,saint_ppo,0.9664669036865234
2855,saint_ppo,1.7933435440063477
2856,saint_ppo,1.058802604675293
2857,saint_ppo,1.7213382720947266
2858,saint_ppo,2.778975486755371
2859,saint_ppo,-0.06987810134887695
2860,saint_ppo,2.7393035888671875
2861,saint_ppo,-0.6947975158691406
2862,saint_ppo,-0.6750650405883789
2863,saint_ppo,0.5212955474853516
2864,saint_ppo,1.6855697631835938
2865,saint_ppo,1.2199182510375977
2866,saint_ppo,0.8774795532226562
2867,saint_ppo,1.2432289123535156
2868,saint_ppo,0.3354330062866211
2869,saint_ppo,-1.5892963409423828
2870,saint_ppo,1.5473966598510742
2871,saint_ppo,2.067105293273926
2872,saint_ppo,-0.1599130630493164
2873,saint_ppo,1.0942087173461914
2874,saint_ppo,1.220205307006836
2875,saint_ppo,1.7889184951782227
2876,saint_ppo,2.621941566467285
2877,saint_ppo,1.4717493057250977
2878,saint_ppo,0.4361743927001953
2879,saint_ppo,0.9850711822509766
2880,saint_ppo,-0.39422035217285156
2881,saint_ppo,-0.2516756057739258
2882,saint_ppo,1.020817756652832
2883,saint_ppo,-1.3006792068481445
2884,saint_ppo,0.8822927474975586
2885,saint_ppo,0.19104862213134766
2886,saint_ppo,0.3517265319824219
2887,saint_ppo,1.3235435485839844
2888,saint_ppo,1.0510363578796387
2889,saint_ppo,1.1047163009643555
2890,saint_ppo,-0.9472789764404297
2891,saint_ppo,1.2939567565917969
2892,saint_ppo,0.6336593627929688
2893,saint_ppo,1.7177238464355469
2894,saint_ppo,6.620195388793945
2895,saint_ppo,2.467574119567871
2896,saint_ppo,1.1379594802856445
2897,saint_ppo,1.2235736846923828
2898,saint_ppo,0.7596492767333984
2899,saint_ppo,0.2608776092529297
2900,saint_ppo,-0.4052419662475586
2901,saint_ppo,2.3415584564208984
2902,saint_ppo,2.8776683807373047
2903,saint_ppo,-1.1903448104858398
2904,saint_ppo,1.9080772399902344
2905,saint_ppo,-0.11940193176269531
2906,saint_ppo,0.7076902389526367
2907,saint_ppo,1.6158294677734375
2908,saint_ppo,1.1582460403442383
2909,saint_ppo,3.6937713623046875
2910,saint_ppo,0.7861299514770508
2911,saint_ppo,-0.07424449920654297
2912,saint_ppo,2.1966543197631836
2913,saint_ppo,0.24214553833007812
2914,saint_ppo,-0.4742431640625
2915,saint_ppo,1.4986886978149414
2916,saint_ppo,1.104513168334961
2917,saint_ppo,1.6471338272094727
2918,saint_ppo,1.2293128967285156
2919,saint_ppo,1.8675546646118164
2920,saint_ppo,1.3067026138305664
2921,saint_ppo,1.3791885375976562
2922,saint_ppo,1.9333257675170898
2923,saint_ppo,1.7721195220947266
2924,saint_ppo,1.7173032760620117
2925,saint_ppo,1.790480613708496
2926,saint_ppo,4.677362442016602
2927,saint_ppo,0.5246915817260742
2928,saint_ppo,1.1930322647094727
2929,saint_ppo,0.6629886627197266
2930,saint_ppo,1.238027572631836
2931,saint_ppo,2.1244888305664062
2932,saint_ppo,0.44864749908447266
2933,saint_ppo,0.5333576202392578
2934,saint_ppo,1.095139503479004
2935,saint_ppo,4.136063575744629
2936,saint_ppo,3.129103660583496
2937,saint_ppo,1.091120719909668
2938,saint_ppo,0.5718193054199219
2939,saint_ppo,0.07664203643798828
2940,saint_ppo,0.2035388946533203
2941,saint_ppo,-0.07672786712646484
2942,saint_ppo,1.2841901779174805
2943,saint_ppo,0.5030450820922852
2944,saint_ppo,-0.35674571990966797
2945,saint_ppo,-0.558650016784668
2946,saint_ppo,1.3606395721435547
2947,saint_ppo,1.5472726821899414
2948,saint_ppo,-0.6333789825439453
2949,saint_ppo,1.9469966888427734
2950,saint_ppo,2.541635513305664
2951,saint_ppo,0.9236764907836914
2952,saint_ppo,1.145371437072754
2953,saint_ppo,1.2658777236938477
2954,saint_ppo,-0.2702198028564453
2955,saint_ppo,2.317514419555664
2956,saint_ppo,0.11149787902832031
2957,saint_ppo,-0.3658123016357422
2958,saint_ppo,1.3861522674560547
2959,saint_ppo,3.343630790710449
2960,saint_ppo,-0.21750926971435547
2961,saint_ppo,2.493295669555664
2962,saint_ppo,-0.053256988525390625
2963,saint_ppo,2.610729217529297
2964,saint_ppo,0.05833244323730469
2965,saint_ppo,1.075942039489746
2966,saint_ppo,-0.53680419921875
2967,saint_ppo,2.8486223220825195
2968,saint_ppo,1.8777213096618652
2969,saint_ppo,0.6541743278503418
2970,saint_ppo,1.3100481033325195
2971,saint_ppo,3.948843002319336
2972,saint_ppo,0.703577995300293
2973,saint_ppo,1.0853443145751953
2974,saint_ppo,2.10400390625
2975,saint_ppo,1.4517326354980469
2976,saint_ppo,1.2174997329711914
2977,saint_ppo,1.824502944946289
2978,saint_ppo,0.10252761840820312
2979,saint_ppo,3.484518051147461
2980,saint_ppo,0.006931304931640625
2981,saint_ppo,1.2562885284423828
2982,saint_ppo,0.6925544738769531
2983,saint_ppo,1.7790336608886719
2984,saint_ppo,2.792949676513672
2985,saint_ppo,1.7881908416748047
2986,saint_ppo,1.0374011993408203
2987,saint_ppo,0.8184957504272461
2988,saint_ppo,2.065725326538086
2989,saint_ppo,1.6852998733520508
2990,saint_ppo,0.8873100280761719
2991,saint_ppo,1.4598102569580078
2992,saint_ppo,1.4821529388427734
2993,saint_ppo,0.41632080078125
2994,saint_ppo,1.1531620025634766
2995,saint_ppo,1.2371854782104492
2996,saint_ppo,1.4988689422607422
2997,saint_ppo,0.5883560180664062
2998,saint_ppo,1.8266048431396484
2999,saint_ppo,0.8842411041259766
3000,saint_ppo,1.3051204681396484
3001,saint_ppo,-0.530181884765625
3002,saint_ppo,0.5249652862548828
3003,saint_ppo,0.3507814407348633
3004,saint_ppo,1.1335792541503906
3005,saint_ppo,1.5387935638427734
3006,saint_ppo,3.3736658096313477
3007,saint_ppo,0.18002033233642578
3008,saint_ppo,0.9338703155517578
3009,saint_ppo,-0.2409811019897461
3010,saint_ppo,1.2902469635009766
3011,saint_ppo,1.9235496520996094
3012,saint_ppo,2.6331939697265625
3013,saint_ppo,1.2128896713256836
3014,saint_ppo,0.6913204193115234
3015,saint_ppo,0.7102794647216797
3016,saint_ppo,0.22895336151123047
3017,saint_ppo,2.2608699798583984
3018,saint_ppo,-0.5246763229370117
3019,saint_ppo,1.3238143920898438
3020,saint_ppo,1.387939453125
3021,saint_ppo,4.516043663024902
3022,saint_ppo,2.0859804153442383
3023,saint_ppo,0.1317291259765625
3024,saint_ppo,5.723967552185059
3025,saint_ppo,-0.3275012969970703
3026,saint_ppo,1.0265512466430664
3027,saint_ppo,1.6095399856567383
3028,saint_ppo,1.1156005859375
3029,saint_ppo,1.5812358856201172
3030,saint_ppo,2.3125743865966797
3031,saint_ppo,0.8762845993041992
3032,saint_ppo,2.626993179321289
3033,saint_ppo,1.8562602996826172
3034,saint_ppo,0.1804037094116211
3035,saint_ppo,1.1077346801757812
3036,saint_ppo,0.042716026306152344
3037,saint_ppo,4.757620811462402
3038,saint_ppo,0.6004734039306641
3039,saint_ppo,-0.08458328247070312
3040,saint_ppo,1.3652095794677734
3041,saint_ppo,0.8690423965454102
3042,saint_ppo,1.1956672668457031
3043,saint_ppo,1.4343595504760742
3044,saint_ppo,0.9382038116455078
3045,saint_ppo,0.28939342498779297
3046,saint_ppo,1.4502286911010742
3047,saint_ppo,0.9574222564697266
3048,saint_ppo,1.3429536819458008
3049,saint_ppo,2.4999189376831055
3050,saint_ppo,0.9510688781738281
3051,saint_ppo,0.22648239135742188
3052,saint_ppo,3.019232749938965
3053,saint_ppo,0.9651069641113281
3054,saint_ppo,-0.8979368209838867
3055,saint_ppo,1.3899030685424805
3056,saint_ppo,1.7718420028686523
3057,saint_ppo,1.2540760040283203
3058,saint_ppo,1.1776037216186523
3059,saint_ppo,2.529477119445801
3060,saint_ppo,3.040088653564453
3061,saint_ppo,0.5791521072387695
3062,saint_ppo,1.2699155807495117
3063,saint_ppo,-0.8608016967773438
3064,saint_ppo,0.8501434326171875
3065,saint_ppo,1.2660207748413086
3066,saint_ppo,1.0141706466674805
3067,saint_ppo,4.142834663391113
3068,saint_ppo,1.398789405822754
3069,saint_ppo,0.9981002807617188
3070,saint_ppo,1.9404106140136719
3071,saint_ppo,1.027435302734375
3072,saint_ppo,0.8870210647583008
3073,saint_ppo,1.2902898788452148
3074,saint_ppo,1.6717796325683594
3075,saint_ppo,0.3855457305908203
3076,saint_ppo,1.8427391052246094
3077,saint_ppo,0.7277164459228516
3078,saint_ppo,2.431459426879883
3079,saint_ppo,0.7164268493652344
3080,saint_ppo,-0.5110321044921875
3081,saint_ppo,1.372359275817871
3082,saint_ppo,0.6996517181396484
3083,saint_ppo,1.5988578796386719
3084,saint_ppo,0.13285446166992188
3085,saint_ppo,-0.0879983901977539
3086,saint_ppo,1.8094139099121094
3087,saint_ppo,0.6926355361938477
3088,saint_ppo,0.9672536849975586
3089,saint_ppo,5.749044418334961
3090,saint_ppo,0.534916877746582
3091,saint_ppo,1.154083251953125
3092,saint_ppo,-0.8187265396118164
3093,saint_ppo,0.9746017456054688
3094,saint_ppo,1.3076133728027344
3095,saint_ppo,0.6333532333374023
3096,saint_ppo,0.16363143920898438
3097,saint_ppo,-0.9357986450195312
3098,saint_ppo,2.1291561126708984
3099,saint_ppo,0.16387271881103516
3100,saint_ppo,1.7009954452514648
3101,saint_ppo,1.0965280532836914
3102,saint_ppo,1.937347412109375
3103,saint_ppo,1.5566096305847168
3104,saint_ppo,0.38398075103759766
3105,saint_ppo,2.0541114807128906
3106,saint_ppo,-1.2957963943481445
3107,saint_ppo,0.9654083251953125
3108,saint_ppo,-2.8679113388061523
3109,saint_ppo,1.049041748046875e-05
3110,saint_ppo,-1.1637401580810547
3111,saint_ppo,0.8663768768310547
3112,saint_ppo,-0.27579689025878906
3113,saint_ppo,0.5278244018554688
3114,saint_ppo,1.3828258514404297
3115,saint_ppo,-0.6285715103149414
3116,saint_ppo,1.8440055847167969
3117,saint_ppo,1.913987159729004
3118,saint_ppo,1.4747686386108398
3119,saint_ppo,-0.33017921447753906
3120,saint_ppo,1.0421981811523438
3121,saint_ppo,1.2275066375732422
3122,saint_ppo,1.5541534423828125
3123,saint_ppo,0.5991001129150391
3124,saint_ppo,1.2118644714355469
3125,saint_ppo,1.0332260131835938
3126,saint_ppo,0.9365701675415039
3127,saint_ppo,2.111814498901367
3128,saint_ppo,-0.9563121795654297
3129,saint_ppo,0.9848241806030273
3130,saint_ppo,2.1810388565063477
3131,saint_ppo,0.1311793327331543
3132,saint_ppo,-0.6660585403442383
3133,saint_ppo,0.6695413589477539
3134,saint_ppo,0.5012960433959961
3135,saint_ppo,1.6206369400024414
3136,saint_ppo,-1.5690727233886719
3137,saint_ppo,1.8581314086914062
3138,saint_ppo,1.2411041259765625
3139,saint_ppo,-0.16512393951416016
3140,saint_ppo,1.1051645278930664
3141,saint_ppo,0.9551811218261719
3142,saint_ppo,1.4980850219726562
3143,saint_ppo,0.5851259231567383
3144,saint_ppo,0.3924369812011719
3145,saint_ppo,1.0959453582763672
3146,saint_ppo,0.6125478744506836
3147,saint_ppo,2.9977235794067383
3148,saint_ppo,1.4998664855957031
3149,saint_ppo,0.7041263580322266
3150,saint_ppo,-0.24501705169677734
3151,saint_ppo,-0.07667827606201172
3152,saint_ppo,1.1222419738769531
3153,saint_ppo,1.1297245025634766
3154,saint_ppo,1.6591758728027344
3155,saint_ppo,2.937847137451172
3156,saint_ppo,1.3397769927978516
3157,saint_ppo,-1.2626991271972656
3158,saint_ppo,-3.237790107727051
3159,saint_ppo,1.0817289352416992
3160,saint_ppo,1.9923715591430664
3161,saint_ppo,0.8806972503662109
3162,saint_ppo,0.5281429290771484
3163,saint_ppo,1.3929080963134766
3164,saint_ppo,3.836319923400879
3165,saint_ppo,0.9833307266235352
3166,saint_ppo,1.3600330352783203
3167,saint_ppo,-0.14611244201660156
3168,saint_ppo,-0.6892004013061523
3169,saint_ppo,0.35164546966552734
3170,saint_ppo,1.228449821472168
3171,saint_ppo,1.3956804275512695
3172,saint_ppo,1.4643402099609375
3173,saint_ppo,0.38277721405029297
3174,saint_ppo,-0.7130556106567383
3175,saint_ppo,0.6297569274902344
3176,saint_ppo,-0.343780517578125
3177,saint_ppo,1.6815519332885742
3178,saint_ppo,0.16050052642822266
3179,saint_ppo,0.8820991516113281
3180,saint_ppo,0.1698446273803711
3181,saint_ppo,0.9558095932006836
3182,saint_ppo,0.22160911560058594
3183,saint_ppo,1.684340476989746
3184,saint_ppo,1.2392492294311523
3185,saint_ppo,1.5920219421386719
3186,saint_ppo,2.0789737701416016
3187,saint_ppo,0.20646190643310547
3188,saint_ppo,1.4182376861572266
3189,saint_ppo,1.179661750793457
3190,saint_ppo,0.5658416748046875
3191,saint_ppo,-2.4611597061157227
3192,saint_ppo,0.9839601516723633
3193,saint_ppo,-0.4936227798461914
3194,saint_ppo,1.2027225494384766
3195,saint_ppo,0.8140354156494141
3196,saint_ppo,0.5626087188720703
3197,saint_ppo,-0.3300809860229492
3198,saint_ppo,-0.91595458984375
3199,saint_ppo,0.784428596496582
3200,saint_ppo,1.176173210144043
3201,saint_ppo,1.4101676940917969
3202,saint_ppo,0.5348873138427734
3203,saint_ppo,2.885128974914551
3204,saint_ppo,0.532139778137207
3205,saint_ppo,0.5695619583129883
3206,saint_ppo,1.7240324020385742
3207,saint_ppo,3.257761001586914
3208,saint_ppo,0.6015405654907227
3209,saint_ppo,2.140676498413086
3210,saint_ppo,1.7598505020141602
3211,saint_ppo,1.7916879653930664
3212,saint_ppo,1.473536491394043
3213,saint_ppo,2.358340263366699
3214,saint_ppo,-0.365509033203125
3215,saint_ppo,0.4978485107421875
3216,saint_ppo,5.187079906463623
3217,saint_ppo,1.4855432510375977
3218,saint_ppo,0.41131591796875
3219,saint_ppo,1.3506717681884766
3220,saint_ppo,0.6789960861206055
3221,saint_ppo,0.8349237442016602
3222,saint_ppo,1.6181764602661133
3223,saint_ppo,0.1628398895263672
3224,saint_ppo,1.198049545288086
3225,saint_ppo,1.42578125
3226,saint_ppo,-0.022006988525390625
3227,saint_ppo,0.6806783676147461
3228,saint_ppo,1.1746368408203125
3229,saint_ppo,1.5114903450012207
3230,saint_ppo,1.548415184020996
3231,saint_ppo,-0.34234046936035156
3232,saint_ppo,-1.712961196899414
3233,saint_ppo,0.3276996612548828
3234,saint_ppo,-0.03157329559326172
3235,saint_ppo,0.982884407043457
3236,saint_ppo,0.7331008911132812
3237,saint_ppo,2.2423973083496094
3238,saint_ppo,-1.5984983444213867
3239,saint_ppo,1.701014518737793
3240,saint_ppo,1.074955940246582
3241,saint_ppo,1.9071378707885742
3242,saint_ppo,-1.1104459762573242
3243,saint_ppo,1.7573623657226562
3244,saint_ppo,2.8201913833618164
3245,saint_ppo,0.8311843872070312
3246,saint_ppo,0.6239776611328125
3247,saint_ppo,1.7293128967285156
3248,saint_ppo,1.5236082077026367
3249,saint_ppo,2.215949058532715
3250,saint_ppo,1.6961803436279297
3251,saint_ppo,0.7672557830810547
3252,saint_ppo,-0.1293315887451172
3253,saint_ppo,-0.05935859680175781
3254,saint_ppo,0.057727813720703125
3255,saint_ppo,1.359548568725586
3256,saint_ppo,-0.000396728515625
3257,saint_ppo,4.73779296875
3258,saint_ppo,0.44791698455810547
3259,saint_ppo,1.1398868560791016
3260,saint_ppo,1.1240034103393555
3261,saint_ppo,0.6948928833007812
3262,saint_ppo,3.5136499404907227
3263,saint_ppo,1.6876678466796875
3264,saint_ppo,2.022963523864746
3265,saint_ppo,1.232100486755371
3266,saint_ppo,0.7373666763305664
3267,saint_ppo,2.1058082580566406
3268,saint_ppo,4.113994598388672
3269,saint_ppo,0.8833742141723633
3270,saint_ppo,-3.090717315673828
3271,saint_ppo,1.4468021392822266
3272,saint_ppo,1.2009925842285156
3273,saint_ppo,0.8231897354125977
3274,saint_ppo,1.413477897644043
3275,saint_ppo,1.4891357421875
3276,saint_ppo,2.1280860900878906
3277,saint_ppo,1.401362419128418
3278,saint_ppo,1.861715316772461
3279,saint_ppo,2.15376615524292
3280,saint_ppo,-0.656367301940918
3281,saint_ppo,0.9927949905395508
3282,saint_ppo,1.0579452514648438
3283,saint_ppo,0.7283010482788086
3284,saint_ppo,1.426182746887207
3285,saint_ppo,2.153064727783203
3286,saint_ppo,1.3802337646484375
3287,saint_ppo,1.7639122009277344
3288,saint_ppo,1.042428970336914
3289,saint_ppo,1.2355413436889648
3290,saint_ppo,-0.06626605987548828
3291,saint_ppo,1.4978208541870117
3292,saint_ppo,0.7152900695800781
3293,saint_ppo,0.965576171875
3294,saint_ppo,1.735030174255371
3295,saint_ppo,1.5271024703979492
3296,saint_ppo,1.402024269104004
3297,saint_ppo,1.99530029296875
3298,saint_ppo,2.25384521484375
3299,saint_ppo,1.7938365936279297
3300,saint_ppo,-0.12946701049804688
3301,saint_ppo,1.0048112869262695
3302,saint_ppo,0.8393659591674805
3303,saint_ppo,3.480989456176758
3304,saint_ppo,-0.7993030548095703
3305,saint_ppo,1.0136642456054688
3306,saint_ppo,-1.0919780731201172
3307,saint_ppo,-2.2647829055786133
3308,saint_ppo,-6.267292022705078
3309,saint_ppo,2.960979461669922
3310,saint_ppo,0.4709358215332031
3311,saint_ppo,0.4991416931152344
3312,saint_ppo,1.8204154968261719
3313,saint_ppo,0.7903995513916016
3314,saint_ppo,1.8898324966430664
3315,saint_ppo,1.8370723724365234
3316,saint_ppo,0.8360896110534668
3317,saint_ppo,0.9926300048828125
3318,saint_ppo,1.4227514266967773
3319,saint_ppo,1.2921819686889648
3320,saint_ppo,1.6207408905029297
3321,saint_ppo,2.1278772354125977
3322,saint_ppo,0.7844638824462891
3323,saint_ppo,2.22965145111084
3324,saint_ppo,1.2692222595214844
3325,saint_ppo,-0.5095615386962891
3326,saint_ppo,2.331906318664551
3327,saint_ppo,1.0128908157348633
3328,saint_ppo,0.4217033386230469
3329,saint_ppo,1.3018550872802734
3330,saint_ppo,2.358030319213867
3331,saint_ppo,1.1586589813232422
3332,saint_ppo,2.015758514404297
3333,saint_ppo,1.3667678833007812
3334,saint_ppo,0.30336475372314453
3335,saint_ppo,0.25286102294921875
3336,saint_ppo,2.3778982162475586
3337,saint_ppo,-0.22191619873046875
3338,saint_ppo,1.3523492813110352
3339,saint_ppo,0.23224735260009766
3340,saint_ppo,0.7601547241210938
3341,saint_ppo,0.8195886611938477
3342,saint_ppo,1.098592758178711
3343,saint_ppo,-0.4257230758666992
3344,saint_ppo,0.93634033203125
3345,saint_ppo,0.5746994018554688
3346,saint_ppo,0.9320697784423828
3347,saint_ppo,3.1565942764282227
3348,saint_ppo,2.5510997772216797
3349,saint_ppo,0.46693897247314453
3350,saint_ppo,0.43699073791503906
3351,saint_ppo,1.233668327331543
3352,saint_ppo,0.22627735137939453
3353,saint_ppo,0.9355602264404297
3354,saint_ppo,0.16303634643554688
3355,saint_ppo,3.544356346130371
3356,saint_ppo,0.5064983367919922
3357,saint_ppo,-0.5961666107177734
3358,saint_ppo,-0.3216371536254883
3359,saint_ppo,1.5726642608642578
3360,saint_ppo,1.0134782791137695
3361,saint_ppo,0.5719137191772461
3362,saint_ppo,0.6746931076049805
3363,saint_ppo,1.4161338806152344
3364,saint_ppo,1.3710527420043945
3365,saint_ppo,1.4137897491455078
3366,saint_ppo,1.080404281616211
3367,saint_ppo,0.24509334564208984
3368,saint_ppo,1.5777149200439453
3369,saint_ppo,1.0597782135009766
3370,saint_ppo,2.419703483581543
3371,saint_ppo,1.8000335693359375
3372,saint_ppo,0.5516738891601562
3373,saint_ppo,0.5137252807617188
3374,saint_ppo,0.2461404800415039
3375,saint_ppo,1.4204483032226562
3376,saint_ppo,0.6495428085327148
3377,saint_ppo,1.4917068481445312
3378,saint_ppo,1.574324607849121
3379,saint_ppo,1.0497932434082031
3380,saint_ppo,1.7844457626342773
3381,saint_ppo,1.7459564208984375
3382,saint_ppo,4.138510704040527
3383,saint_ppo,0.856379508972168
3384,saint_ppo,-2.860206127166748
3385,saint_ppo,1.4066190719604492
3386,saint_ppo,0.923243522644043
3387,saint_ppo,-0.5984086990356445
3388,saint_ppo,0.6594753265380859
3389,saint_ppo,1.1236858367919922
3390,saint_ppo,1.479135513305664
3391,saint_ppo,1.5715465545654297
3392,saint_ppo,1.0289239883422852
3393,saint_ppo,1.6040449142456055
3394,saint_ppo,2.95438289642334
3395,saint_ppo,0.7155818939208984
3396,saint_ppo,1.1102619171142578
3397,saint_ppo,1.7915353775024414
3398,saint_ppo,1.4999361038208008
3399,saint_ppo,0.8112802505493164
3400,saint_ppo,0.4266548156738281
3401,saint_ppo,1.7878599166870117
3402,saint_ppo,4.0979509353637695
3403,saint_ppo,1.3588972091674805
3404,saint_ppo,1.2860527038574219
3405,saint_ppo,1.0572118759155273
3406,saint_ppo,1.1773099899291992
3407,saint_ppo,1.6228141784667969
3408,saint_ppo,1.0186958312988281
3409,saint_ppo,-0.36941051483154297
3410,saint_ppo,1.0966081619262695
3411,saint_ppo,1.3570194244384766
3412,saint_ppo,3.1746912002563477
3413,saint_ppo,2.6386775970458984
3414,saint_ppo,1.191990852355957
3415,saint_ppo,-0.13547611236572266
3416,saint_ppo,-1.5656604766845703
3417,saint_ppo,0.39987754821777344
3418,saint_ppo,-0.23760604858398438
3419,saint_ppo,1.1064786911010742
3420,saint_ppo,1.4442195892333984
3421,saint_ppo,0.41211509704589844
3422,saint_ppo,0.8153715133666992
3423,saint_ppo,2.255502700805664
3424,saint_ppo,0.9035863876342773
3425,saint_ppo,1.0394048690795898
3426,saint_ppo,0.5681514739990234
3427,saint_ppo,1.8207588195800781
3428,saint_ppo,0.3828420639038086
3429,saint_ppo,2.077181816101074
3430,saint_ppo,-1.1229114532470703
3431,saint_ppo,0.5060224533081055
3432,saint_ppo,2.170863151550293
3433,saint_ppo,1.0757675170898438
3434,saint_ppo,-0.4885673522949219
3435,saint_ppo,1.3884506225585938
3436,saint_ppo,2.0501060485839844
3437,saint_ppo,0.8991308212280273
3438,saint_ppo,1.671858787536621
3439,saint_ppo,3.9812536239624023
3440,saint_ppo,0.3763866424560547
3441,saint_ppo,0.6235246658325195
3442,saint_ppo,2.968613624572754
3443,saint_ppo,1.103555679321289
3444,saint_ppo,2.9006690979003906
3445,saint_ppo,-0.1808032989501953
3446,saint_ppo,2.5932140350341797
3447,saint_ppo,0.9383983612060547
3448,saint_ppo,0.9289102554321289
3449,saint_ppo,0.3623981475830078
3450,saint_ppo,0.9651632308959961
3451,saint_ppo,-1.1594486236572266
3452,saint_ppo,1.5299806594848633
3453,saint_ppo,0.9939279556274414
3454,saint_ppo,0.35062694549560547
3455,saint_ppo,-0.2204265594482422
3456,saint_ppo,-2.0053043365478516
3457,saint_ppo,1.4466438293457031
3458,saint_ppo,1.2361173629760742
3459,saint_ppo,1.6918840408325195
3460,saint_ppo,0.9644088745117188
3461,saint_ppo,2.8159427642822266
3462,saint_ppo,0.44301319122314453
3463,saint_ppo,1.5696372985839844
3464,saint_ppo,1.327937126159668
3465,saint_ppo,-0.015307426452636719
3466,saint_ppo,-0.8909263610839844
3467,saint_ppo,1.0931329727172852
3468,saint_ppo,-0.1306285858154297
3469,saint_ppo,1.2736320495605469
3470,saint_ppo,1.9647226333618164
3471,saint_ppo,0.35597801208496094
3472,saint_ppo,0.5103015899658203
3473,saint_ppo,-0.42819976806640625
3474,saint_ppo,-0.46741390228271484
3475,saint_ppo,0.4402446746826172
3476,saint_ppo,1.5291385650634766
3477,saint_ppo,-0.2777104377746582
3478,saint_ppo,3.1884236335754395
3479,saint_ppo,0.8769865036010742
3480,saint_ppo,0.33650875091552734
3481,saint_ppo,1.208810806274414
3482,saint_ppo,-0.06447792053222656
3483,saint_ppo,-1.0032291412353516
3484,saint_ppo,0.21912479400634766
3485,saint_ppo,1.155653953552246
3486,saint_ppo,0.7129535675048828
3487,saint_ppo,2.0867090225219727
3488,saint_ppo,0.7742891311645508
3489,saint_ppo,2.5176801681518555
3490,saint_ppo,-0.7488727569580078
3491,saint_ppo,-1.084951400756836
3492,saint_ppo,0.8776092529296875
3493,saint_ppo,0.99395751953125
3494,saint_ppo,1.5991172790527344
3495,saint_ppo,0.6842126846313477
3496,saint_ppo,0.2026233673095703
3497,saint_ppo,-1.6393108367919922
3498,saint_ppo,2.1210508346557617
3499,saint_ppo,0.1596527099609375
3500,saint_ppo,3.797098159790039
3501,saint_ppo,-1.6091279983520508
3502,saint_ppo,1.824141502380371
3503,saint_ppo,0.24796581268310547
3504,saint_ppo,-0.41394710540771484
3505,saint_ppo,1.8529548645019531
3506,saint_ppo,0.4101076126098633
3507,saint_ppo,1.6891069412231445
3508,saint_ppo,2.3687744140625
3509,saint_ppo,-0.26791858673095703
3510,saint_ppo,0.5957746505737305
3511,saint_ppo,0.9542951583862305
3512,saint_ppo,0.4221029281616211
3513,saint_ppo,1.0712594985961914
3514,saint_ppo,0.885096549987793
3515,saint_ppo,3.1362409591674805
3516,saint_ppo,1.9240045547485352
3517,saint_ppo,2.684737205505371
3518,saint_ppo,1.193577766418457
3519,saint_ppo,2.471261978149414
3520,saint_ppo,0.28264427185058594
3521,saint_ppo,-4.060086250305176
3522,saint_ppo,1.5537681579589844
3523,saint_ppo,0.9870119094848633
3524,saint_ppo,0.9415397644042969
3525,saint_ppo,0.6576995849609375
3526,saint_ppo,2.315570831298828
3527,saint_ppo,1.1375141143798828
3528,saint_ppo,1.5554876327514648
3529,saint_ppo,1.0404767990112305
3530,saint_ppo,0.7046031951904297
3531,saint_ppo,-1.021571159362793
3532,saint_ppo,1.0327930450439453
3533,saint_ppo,1.9708633422851562
3534,saint_ppo,1.8371682167053223
3535,saint_ppo,0.5983490943908691
3536,saint_ppo,5.577653884887695
3537,saint_ppo,1.2335214614868164
3538,saint_ppo,0.46086692810058594
3539,saint_ppo,1.7155485153198242
3540,saint_ppo,0.83489990234375
3541,saint_ppo,4.7113752365112305
3542,saint_ppo,1.059300422668457
3543,saint_ppo,0.7657661437988281
3544,saint_ppo,0.614079475402832
3545,saint_ppo,4.975191116333008
3546,saint_ppo,2.0449705123901367
3547,saint_ppo,4.712026596069336
3548,saint_ppo,0.45550537109375
3549,saint_ppo,-0.5333137512207031
3550,saint_ppo,2.1459245681762695
3551,saint_ppo,1.962325096130371
3552,saint_ppo,-3.265726089477539
3553,saint_ppo,2.5655078887939453
3554,saint_ppo,1.1541833877563477
3555,saint_ppo,0.8618278503417969
3556,saint_ppo,1.3611040115356445
3557,saint_ppo,1.59783935546875
3558,saint_ppo,4.02787971496582
3559,saint_ppo,1.6460914611816406
3560,saint_ppo,0.5890159606933594
3561,saint_ppo,0.6244888305664062
3562,saint_ppo,0.7102861404418945
3563,saint_ppo,1.0835542678833008
3564,saint_ppo,1.3307056427001953
3565,saint_ppo,0.8964309692382812
3566,saint_ppo,0.031368255615234375
3567,saint_ppo,2.7925071716308594
3568,saint_ppo,0.021437644958496094
3569,saint_ppo,-0.4266948699951172
3570,saint_ppo,0.6697845458984375
3571,saint_ppo,2.061298370361328
3572,saint_ppo,3.656233787536621
3573,saint_ppo,0.41526317596435547
3574,saint_ppo,0.5876936912536621
3575,saint_ppo,1.1522998809814453
3576,saint_ppo,1.1928071975708008
3577,saint_ppo,-1.6658143997192383
3578,saint_ppo,1.2537174224853516
3579,saint_ppo,1.3599882125854492
3580,saint_ppo,0.8090190887451172
3581,saint_ppo,1.811594009399414
3582,saint_ppo,2.3292722702026367
3583,saint_ppo,1.8950481414794922
3584,saint_ppo,1.6529836654663086
3585,saint_ppo,0.9090690612792969
3586,saint_ppo,3.0012407302856445
3587,saint_ppo,3.217219352722168
3588,saint_ppo,0.5015873908996582
3589,saint_ppo,1.599813461303711
3590,saint_ppo,2.0355844497680664
3591,saint_ppo,0.7801151275634766
3592,saint_ppo,0.795231819152832
3593,saint_ppo,1.998586654663086
3594,saint_ppo,3.1443138122558594
3595,saint_ppo,0.7290382385253906
3596,saint_ppo,1.4560184478759766
3597,saint_ppo,1.7726049423217773
3598,saint_ppo,1.0013790130615234
3599,saint_ppo,-0.42528724670410156
3600,saint_ppo,0.795074462890625
3601,saint_ppo,0.27465248107910156
3602,saint_ppo,1.0562944412231445
3603,saint_ppo,3.476487159729004
3604,saint_ppo,0.588892936706543
3605,saint_ppo,0.4049520492553711
3606,saint_ppo,-0.12306594848632812
3607,saint_ppo,1.4519624710083008
3608,saint_ppo,0.66845703125
3609,saint_ppo,-0.21970844268798828
3610,saint_ppo,0.7376947402954102
3611,saint_ppo,0.3563385009765625
3612,saint_ppo,-0.32546520233154297
3613,saint_ppo,0.03286933898925781
3614,saint_ppo,0.6458854675292969
3615,saint_ppo,0.8033275604248047
3616,saint_ppo,3.2530813217163086
3617,saint_ppo,1.1138057708740234
3618,saint_ppo,1.8339500427246094
3619,saint_ppo,-0.17864513397216797
3620,saint_ppo,1.6593217849731445
3621,saint_ppo,1.2831764221191406
3622,saint_ppo,0.24439144134521484
3623,saint_ppo,0.5861244201660156
3624,saint_ppo,0.08889007568359375
3625,saint_ppo,2.3533592224121094
3626,saint_ppo,0.2904653549194336
3627,saint_ppo,-0.3602876663208008
3628,saint_ppo,1.314366340637207
3629,saint_ppo,9.5367431640625e-07
3630,saint_ppo,0.5284919738769531
3631,saint_ppo,0.3881492614746094
3632,saint_ppo,0.8478260040283203
3633,saint_ppo,1.040898323059082
3634,saint_ppo,1.0225229263305664
3635,saint_ppo,1.8417186737060547
3636,saint_ppo,2.8956031799316406
3637,saint_ppo,-0.20055389404296875
3638,saint_ppo,0.26902198791503906
3639,saint_ppo,4.331829071044922
3640,saint_ppo,1.4180831909179688
3641,saint_ppo,2.471647262573242
3642,saint_ppo,1.6315345764160156
3643,saint_ppo,-0.4728879928588867
3644,saint_ppo,0.598628044128418
3645,saint_ppo,-0.3180861473083496
3646,saint_ppo,-1.5819320678710938
3647,saint_ppo,0.08861923217773438
3648,saint_ppo,4.565956115722656
3649,saint_ppo,1.5068864822387695
3650,saint_ppo,-0.33197021484375
3651,saint_ppo,-0.19939517974853516
3652,saint_ppo,1.7187280654907227
3653,saint_ppo,1.7967653274536133
3654,saint_ppo,1.5396003723144531
3655,saint_ppo,1.1444597244262695
3656,saint_ppo,0.6572208404541016
3657,saint_ppo,1.0504608154296875
3658,saint_ppo,2.0777812004089355
3659,saint_ppo,1.444279670715332
3660,saint_ppo,-0.8284807205200195
3661,saint_ppo,1.789175033569336
3662,saint_ppo,1.3004789352416992
3663,saint_ppo,1.9981460571289062
3664,saint_ppo,1.7944846153259277
3665,saint_ppo,0.4105491638183594
3666,saint_ppo,-0.6662464141845703
3667,saint_ppo,-0.5597591400146484
3668,saint_ppo,2.0732831954956055
3669,saint_ppo,1.2272605895996094
3670,saint_ppo,2.163506507873535
3671,saint_ppo,0.9147272109985352
3672,saint_ppo,0.287994384765625
3673,saint_ppo,1.2940788269042969
3674,saint_ppo,1.8157358169555664
3675,saint_ppo,-0.7427797317504883
3676,saint_ppo,0.752690315246582
3677,saint_ppo,0.9406986236572266
3678,saint_ppo,1.5609989166259766
3679,saint_ppo,-1.9104433059692383
3680,saint_ppo,0.14706707000732422
3681,saint_ppo,0.9583616256713867
3682,saint_ppo,0.24715709686279297
3683,saint_ppo,-0.0659332275390625
3684,saint_ppo,-0.16624736785888672
3685,saint_ppo,0.4556589126586914
3686,saint_ppo,4.407976150512695
3687,saint_ppo,0.06854724884033203
3688,saint_ppo,1.6757564544677734
3689,saint_ppo,1.104379653930664
3690,saint_ppo,2.5778980255126953
3691,saint_ppo,0.9837360382080078
3692,saint_ppo,1.1559772491455078
3693,saint_ppo,1.2454071044921875
3694,saint_ppo,2.5809717178344727
3695,saint_ppo,4.310809135437012
3696,saint_ppo,1.0226202011108398
3697,saint_ppo,-1.0088005065917969
3698,saint_ppo,2.589529037475586
3699,saint_ppo,0.9897356033325195
3700,saint_ppo,0.9130649566650391
3701,saint_ppo,0.8137445449829102
3702,saint_ppo,0.2375783920288086
3703,saint_ppo,1.280360221862793
3704,saint_ppo,0.6521682739257812
3705,saint_ppo,0.30670928955078125
3706,saint_ppo,1.0386466979980469
3707,saint_ppo,1.6900911331176758
3708,saint_ppo,2.041534423828125
3709,saint_ppo,-3.089716911315918
3710,saint_ppo,0.695958137512207
3711,saint_ppo,2.823028564453125
3712,saint_ppo,-1.611250877380371
3713,saint_ppo,-1.7374801635742188
3714,saint_ppo,1.5296850204467773
3715,saint_ppo,1.4979829788208008
3716,saint_ppo,0.5486345291137695
3717,saint_ppo,-1.7648630142211914
3718,saint_ppo,0.6386013031005859
3719,saint_ppo,1.046525001525879
3720,saint_ppo,0.6152124404907227
3721,saint_ppo,3.6351423263549805
3722,saint_ppo,1.4233026504516602
3723,saint_ppo,0.8469867706298828
3724,saint_ppo,1.3034143447875977
3725,saint_ppo,3.080240249633789
3726,saint_ppo,-0.26622867584228516
3727,saint_ppo,0.8831987380981445
3728,saint_ppo,1.6274223327636719
3729,saint_ppo,1.332200050354004
3730,saint_ppo,0.09542274475097656
3731,saint_ppo,0.18634033203125
3732,saint_ppo,1.6590356826782227
3733,saint_ppo,0.3231649398803711
3734,saint_ppo,0.5325908660888672
3735,saint_ppo,0.79010009765625
3736,saint_ppo,1.012908935546875
3737,saint_ppo,0.38507747650146484
3738,saint_ppo,1.55474853515625
3739,saint_ppo,0.6202020645141602
3740,saint_ppo,1.5567150115966797
3741,saint_ppo,2.2494430541992188
3742,saint_ppo,1.2759666442871094
3743,saint_ppo,1.868478775024414
3744,saint_ppo,0.14535808563232422
3745,saint_ppo,1.8264665603637695
3746,saint_ppo,2.885313034057617
3747,saint_ppo,1.4316954612731934
3748,saint_ppo,3.0992259979248047
3749,saint_ppo,2.529940605163574
3750,saint_ppo,0.7015361785888672
3751,saint_ppo,0.9862489700317383
3752,saint_ppo,-0.7254238128662109
3753,saint_ppo,1.0091848373413086
3754,saint_ppo,0.1759510040283203
3755,saint_ppo,1.523366928100586
3756,saint_ppo,7.335213661193848
3757,saint_ppo,3.765547752380371
3758,saint_ppo,2.8352279663085938
3759,saint_ppo,2.7951507568359375
3760,saint_ppo,4.224941253662109
3761,saint_ppo,1.2054643630981445
3762,saint_ppo,1.2903671264648438
3763,saint_ppo,3.7083358764648438
3764,saint_ppo,0.31819820404052734
3765,saint_ppo,1.9032726287841797
3766,saint_ppo,3.336273193359375
3767,saint_ppo,0.37932682037353516
3768,saint_ppo,0.9117107391357422
3769,saint_ppo,-3.1260123252868652
3770,saint_ppo,1.4236440658569336
3771,saint_ppo,1.4320611953735352
3772,saint_ppo,1.8749513626098633
3773,saint_ppo,1.8269233703613281
3774,saint_ppo,1.731440544128418
3775,saint_ppo,-0.3408966064453125
3776,saint_ppo,2.3184127807617188
3777,saint_ppo,0.8898868560791016
3778,saint_ppo,2.2028541564941406
3779,saint_ppo,1.23406982421875
3780,saint_ppo,0.5848808288574219
3781,saint_ppo,2.750290870666504
3782,saint_ppo,2.623286247253418
3783,saint_ppo,1.2099781036376953
3784,saint_ppo,1.0704593658447266
3785,saint_ppo,-1.1057720184326172
3786,saint_ppo,1.1328611373901367
3787,saint_ppo,0.3551359176635742
3788,saint_ppo,1.5459537506103516
3789,saint_ppo,-0.608159065246582
3790,saint_ppo,1.2210445404052734
3791,saint_ppo,-0.901087760925293
3792,saint_ppo,1.2593555450439453
3793,saint_ppo,2.338791847229004
3794,saint_ppo,1.7695589065551758
3795,saint_ppo,1.144545555114746
3796,saint_ppo,0.5051603317260742
3797,saint_ppo,0.17691612243652344
3798,saint_ppo,2.008302688598633
3799,saint_ppo,0.4601278305053711
3800,saint_ppo,-0.16449356079101562
3801,saint_ppo,1.0544013977050781
3802,saint_ppo,0.700922966003418
3803,saint_ppo,1.9593982696533203
3804,saint_ppo,0.47904396057128906
3805,saint_ppo,0.6274728775024414
3806,saint_ppo,-0.2643775939941406
3807,saint_ppo,1.2328119277954102
3808,saint_ppo,-0.035950660705566406
3809,saint_ppo,0.13774681091308594
3810,saint_ppo,0.2346630096435547
3811,saint_ppo,1.1272554397583008
3812,saint_ppo,0.6850767135620117
3813,saint_ppo,1.8894023895263672
3814,saint_ppo,0.9334621429443359
3815,saint_ppo,1.4146842956542969
3816,saint_ppo,1.6100387573242188
3817,saint_ppo,0.39754390716552734
3818,saint_ppo,0.9475598335266113
3819,saint_ppo,-0.5428295135498047
3820,saint_ppo,-1.4683589935302734
3821,saint_ppo,1.6013031005859375
3822,saint_ppo,1.2598743438720703
3823,saint_ppo,0.9659957885742188
3824,saint_ppo,0.975285530090332
3825,saint_ppo,0.5927295684814453
3826,saint_ppo,0.016854286193847656
3827,saint_ppo,1.4127330780029297
3828,saint_ppo,0.9974584579467773
3829,saint_ppo,1.2603740692138672
3830,saint_ppo,0.3332509994506836
3831,saint_ppo,1.6734504699707031
3832,saint_ppo,-0.3007640838623047
3833,saint_ppo,1.145355224609375
3834,saint_ppo,1.5265111923217773
3835,saint_ppo,1.7281274795532227
3836,saint_ppo,0.2993497848510742
3837,saint_ppo,2.5566587448120117
3838,saint_ppo,3.599090576171875
3839,saint_ppo,3.9969358444213867
3840,saint_ppo,1.917093276977539
3841,saint_ppo,1.1864490509033203
3842,saint_ppo,4.289144515991211
3843,saint_ppo,0.9248981475830078
3844,saint_ppo,2.814305305480957
3845,saint_ppo,-0.4012308120727539
3846,saint_ppo,1.790393352508545
3847,saint_ppo,3.0084877014160156
3848,saint_ppo,0.7409629821777344
3849,saint_ppo,0.04900169372558594
3850,saint_ppo,-0.22420787811279297
3851,saint_ppo,1.589792251586914
3852,saint_ppo,1.6436986923217773
3853,saint_ppo,1.2714567184448242
3854,saint_ppo,1.4125175476074219
3855,saint_ppo,0.9997367858886719
3856,saint_ppo,3.4281740188598633
3857,saint_ppo,1.7060489654541016
3858,saint_ppo,0.9070005416870117
3859,saint_ppo,1.3869051933288574
3860,saint_ppo,1.0711030960083008
3861,saint_ppo,1.1314687728881836
3862,saint_ppo,0.7541322708129883
3863,saint_ppo,1.3059492111206055
3864,saint_ppo,3.7918014526367188
3865,saint_ppo,1.4830446243286133
3866,saint_ppo,0.6666011810302734
3867,saint_ppo,-0.7489938735961914
3868,saint_ppo,2.0155906677246094
3869,saint_ppo,0.5193271636962891
3870,saint_ppo,1.5518131256103516
3871,saint_ppo,0.3392610549926758
3872,saint_ppo,2.298172950744629
3873,saint_ppo,0.07692241668701172
3874,saint_ppo,1.3971691131591797
3875,saint_ppo,0.2373342514038086
3876,saint_ppo,0.5208425521850586
3877,saint_ppo,1.673879623413086
3878,saint_ppo,0.0730743408203125
3879,saint_ppo,0.8489341735839844
3880,saint_ppo,0.5603876113891602
3881,saint_ppo,-0.11970806121826172
3882,saint_ppo,2.952948570251465
3883,saint_ppo,0.7044734954833984
3884,saint_ppo,-0.9265775680541992
3885,saint_ppo,-0.11947822570800781
3886,saint_ppo,-0.6576404571533203
3887,saint_ppo,-1.1552143096923828
3888,saint_ppo,1.5142974853515625
3889,saint_ppo,0.3045082092285156
3890,saint_ppo,2.624598979949951
3891,saint_ppo,2.183340072631836
3892,saint_ppo,4.29456901550293
3893,saint_ppo,-0.8604764938354492
3894,saint_ppo,1.9251518249511719
3895,saint_ppo,0.37136077880859375
3896,saint_ppo,-0.10727119445800781
3897,saint_ppo,1.1396656036376953
3898,saint_ppo,2.4322328567504883
3899,saint_ppo,0.4028148651123047
3900,saint_ppo,2.955066680908203
3901,saint_ppo,1.208322525024414
3902,saint_ppo,0.8460197448730469
3903,saint_ppo,-2.5893096923828125
3904,saint_ppo,1.057896614074707
3905,saint_ppo,2.118104934692383
3906,saint_ppo,2.6151552200317383
3907,saint_ppo,1.896322250366211
3908,saint_ppo,1.7497968673706055
3909,saint_ppo,1.4007225036621094
3910,saint_ppo,0.5615987777709961
3911,saint_ppo,0.6890811920166016
3912,saint_ppo,1.1985321044921875
3913,saint_ppo,-0.4695453643798828
3914,saint_ppo,0.8739557266235352
3915,saint_ppo,2.5319900512695312
3916,saint_ppo,-0.6290607452392578
3917,saint_ppo,-0.2813606262207031
3918,saint_ppo,2.021207809448242
3919,saint_ppo,0.44672489166259766
3920,saint_ppo,1.8285713195800781
3921,saint_ppo,-0.6075115203857422
3922,saint_ppo,0.2632150650024414
3923,saint_ppo,1.4403057098388672
3924,saint_ppo,0.7239036560058594
3925,saint_ppo,1.218276023864746
3926,saint_ppo,1.5153446197509766
3927,saint_ppo,-0.06045055389404297
3928,saint_ppo,0.14823532104492188
3929,saint_ppo,0.6053838729858398
3930,saint_ppo,3.0395727157592773
3931,saint_ppo,-1.4140892028808594
3932,saint_ppo,0.7648706436157227
3933,saint_ppo,3.560121536254883
3934,saint_ppo,1.6941547393798828
3935,saint_ppo,2.5451202392578125
3936,saint_ppo,1.4016666412353516
3937,saint_ppo,0.6264266967773438
3938,saint_ppo,1.1013126373291016
3939,saint_ppo,-0.046980857849121094
3940,saint_ppo,0.38262367248535156
3941,saint_ppo,0.891932487487793
3942,saint_ppo,1.8709468841552734
3943,saint_ppo,1.5182065963745117
3944,saint_ppo,3.0683059692382812
3945,saint_ppo,2.5163803100585938
3946,saint_ppo,5.415323257446289
3947,saint_ppo,1.7781286239624023
3948,saint_ppo,0.7597312927246094
3949,saint_ppo,1.5438547134399414
3950,saint_ppo,4.288137435913086
3951,saint_ppo,0.6489953994750977
3952,saint_ppo,-0.2956581115722656
3953,saint_ppo,0.2703113555908203
3954,saint_ppo,1.773148536682129
3955,saint_ppo,0.020473480224609375
3956,saint_ppo,1.8137826919555664
3957,saint_ppo,1.0260210037231445
3958,saint_ppo,1.3966588973999023
3959,saint_ppo,1.7317581176757812
3960,saint_ppo,0.32241249084472656
3961,saint_ppo,0.08147335052490234
3962,saint_ppo,-2.070718765258789
3963,saint_ppo,0.7447690963745117
3964,saint_ppo,1.721196174621582
3965,saint_ppo,-1.9120025634765625
3966,saint_ppo,1.774287223815918
3967,saint_ppo,-1.002450942993164
3968,saint_ppo,-2.6522321701049805
3969,saint_ppo,2.1681861877441406
3970,saint_ppo,0.5991668701171875
3971,saint_ppo,1.9095649719238281
3972,saint_ppo,1.173752784729004
3973,saint_ppo,-0.38815879821777344
3974,saint_ppo,1.446833610534668
3975,saint_ppo,0.8912172317504883
3976,saint_ppo,1.012430191040039
3977,saint_ppo,0.39452075958251953
3978,saint_ppo,-0.6433010101318359
3979,saint_ppo,0.6134033203125
3980,saint_ppo,-0.19326210021972656
3981,saint_ppo,1.4486503601074219
3982,saint_ppo,-0.08346080780029297
3983,saint_ppo,1.239762306213379
3984,saint_ppo,-0.2419414520263672
3985,saint_ppo,-0.08233833312988281
3986,saint_ppo,0.26676273345947266
3987,saint_ppo,1.5324764251708984
3988,saint_ppo,2.627920150756836
3989,saint_ppo,-0.11736488342285156
3990,saint_ppo,0.9431037902832031
3991,saint_ppo,0.02356719970703125
3992,saint_ppo,0.6445522308349609
3993,saint_ppo,5.898227691650391
3994,saint_ppo,1.449380874633789
3995,saint_ppo,0.36260414123535156
3996,saint_ppo,3.4606142044067383
3997,saint_ppo,-0.3765411376953125
3998,saint_ppo,0.12061405181884766
3999,saint_ppo,0.2962646484375
4000,saint_ppo,3.087357521057129
4001,saint_ppo,2.4664106369018555
4002,saint_ppo,-0.07203388214111328
4003,saint_ppo,1.4880638122558594
4004,saint_ppo,1.1757535934448242
4005,saint_ppo,1.2295265197753906
4006,saint_ppo,5.629034042358398
4007,saint_ppo,1.3472185134887695
4008,saint_ppo,1.1822795867919922
4009,saint_ppo,1.2253894805908203
4010,saint_ppo,-1.747929573059082
4011,saint_ppo,0.33072853088378906
4012,saint_ppo,1.3872718811035156
4013,saint_ppo,1.8856639862060547
4014,saint_ppo,2.138850212097168
4015,saint_ppo,4.898828506469727
4016,saint_ppo,1.9744014739990234
4017,saint_ppo,1.113494873046875
4018,saint_ppo,1.8454475402832031
4019,saint_ppo,0.7963285446166992
4020,saint_ppo,1.4699978828430176
4021,saint_ppo,1.5471382141113281
4022,saint_ppo,0.20922088623046875
4023,saint_ppo,1.4049606323242188
4024,saint_ppo,1.9085674285888672
4025,saint_ppo,0.45012760162353516
4026,saint_ppo,1.6059303283691406
4027,saint_ppo,1.030217170715332
4028,saint_ppo,2.6548404693603516
4029,saint_ppo,1.2330350875854492
4030,saint_ppo,-0.6110687255859375
4031,saint_ppo,4.849895477294922
4032,saint_ppo,2.3701553344726562
4033,saint_ppo,2.2145986557006836
4034,saint_ppo,2.049419403076172
4035,saint_ppo,1.6358366012573242
4036,saint_ppo,0.38472747802734375
4037,saint_ppo,1.3887805938720703
4038,saint_ppo,0.8763189315795898
4039,saint_ppo,0.31185054779052734
4040,saint_ppo,2.2638864517211914
4041,saint_ppo,-2.1887869834899902
4042,saint_ppo,0.538482666015625
4043,saint_ppo,1.5914430618286133
4044,saint_ppo,1.6236772537231445
4045,saint_ppo,0.5043087005615234
4046,saint_ppo,0.7163982391357422
4047,saint_ppo,2.9214258193969727
4048,saint_ppo,0.8986005783081055
4049,saint_ppo,1.5352239608764648
4050,saint_ppo,2.94296932220459
4051,saint_ppo,2.0642857551574707
4052,saint_ppo,1.4575386047363281
4053,saint_ppo,0.8617944717407227
4054,saint_ppo,1.7660541534423828
4055,saint_ppo,1.5478811264038086
4056,saint_ppo,0.7237024307250977
4057,saint_ppo,-0.15357398986816406
4058,saint_ppo,0.3733024597167969
4059,saint_ppo,0.5191612243652344
4060,saint_ppo,2.3291053771972656
4061,saint_ppo,0.6653966903686523
4062,saint_ppo,1.1264495849609375
4063,saint_ppo,0.6884765625
4064,saint_ppo,0.7412481307983398
4065,saint_ppo,0.45180606842041016
4066,saint_ppo,2.1215782165527344
4067,saint_ppo,-1.5537853240966797
4068,saint_ppo,1.7220277786254883
4069,saint_ppo,-4.003816604614258
4070,saint_ppo,0.974853515625
4071,saint_ppo,0.8786449432373047
4072,saint_ppo,2.2157535552978516
4073,saint_ppo,0.8307981491088867
4074,saint_ppo,0.5951404571533203
4075,saint_ppo,0.9654541015625
4076,saint_ppo,0.25192737579345703
4077,saint_ppo,1.0749454498291016
4078,saint_ppo,0.8217258453369141
4079,saint_ppo,0.10149908065795898
4080,saint_ppo,0.5070152282714844
4081,saint_ppo,1.8168182373046875
4082,saint_ppo,0.5598583221435547
4083,saint_ppo,1.1489486694335938
4084,saint_ppo,1.9195423126220703
4085,saint_ppo,1.5944442749023438
4086,saint_ppo,1.7227592468261719
4087,saint_ppo,0.8928041458129883
4088,saint_ppo,1.1528425216674805
4089,saint_ppo,1.992889404296875
4090,saint_ppo,0.4670553207397461
4091,saint_ppo,2.007256507873535
4092,saint_ppo,1.359055519104004
4093,saint_ppo,1.873213768005371
4094,saint_ppo,1.1992454528808594
4095,saint_ppo,3.631845474243164
4096,saint_ppo,1.710911750793457
4097,saint_ppo,0.5126724243164062
4098,saint_ppo,0.630864143371582
4099,saint_ppo,2.032672882080078
4100,saint_ppo,-0.4166116714477539
4101,saint_ppo,1.1482839584350586
4102,saint_ppo,0.29225826263427734
4103,saint_ppo,0.7433910369873047
4104,saint_ppo,1.392878532409668
4105,saint_ppo,1.2219247817993164
4106,saint_ppo,-1.3363523483276367
4107,saint_ppo,0.22482872009277344
4108,saint_ppo,4.029441833496094
4109,saint_ppo,-0.40431880950927734
4110,saint_ppo,2.641956329345703
4111,saint_ppo,1.1451520919799805
4112,saint_ppo,1.239267349243164
4113,saint_ppo,1.5439701080322266
4114,saint_ppo,-1.5243167877197266
4115,saint_ppo,1.631216049194336
4116,saint_ppo,1.9191293716430664
4117,saint_ppo,0.9037456512451172
4118,saint_ppo,-1.1275920867919922
4119,saint_ppo,1.6368122100830078
4120,saint_ppo,1.0395374298095703
4121,saint_ppo,1.4926948547363281
4122,saint_ppo,0.06334877014160156
4123,saint_ppo,1.4180898666381836
4124,saint_ppo,3.5219812393188477
4125,saint_ppo,1.416707992553711
4126,saint_ppo,0.6929206848144531
4127,saint_ppo,0.640690803527832
4128,saint_ppo,0.5088748931884766
4129,saint_ppo,0.6003189086914062
4130,saint_ppo,3.079317569732666
4131,saint_ppo,0.880157470703125
4132,saint_ppo,1.6260004043579102
4133,saint_ppo,1.8768320083618164
4134,saint_ppo,1.3460884094238281
4135,saint_ppo,0.20504093170166016
4136,saint_ppo,-0.763092041015625
4137,saint_ppo,0.7311773300170898
4138,saint_ppo,1.4576826095581055
4139,saint_ppo,0.9880542755126953
4140,saint_ppo,1.7564620971679688
4141,saint_ppo,0.3332481384277344
4142,saint_ppo,-3.699467182159424
4143,saint_ppo,0.966496467590332
4144,saint_ppo,1.2886638641357422
4145,saint_ppo,1.447434425354004
4146,saint_ppo,1.8126220703125
4147,saint_ppo,2.7045135498046875
4148,saint_ppo,0.07893180847167969
4149,saint_ppo,-0.86810302734375
4150,saint_ppo,1.5987968444824219
4151,saint_ppo,1.3953790664672852
4152,saint_ppo,1.127157211303711
4153,saint_ppo,-0.2986440658569336
4154,saint_ppo,2.4377212524414062
4155,saint_ppo,0.4244213104248047
4156,saint_ppo,3.3174171447753906
4157,saint_ppo,2.0759105682373047
4158,saint_ppo,3.555400848388672
4159,saint_ppo,0.5748157501220703
4160,saint_ppo,1.105997085571289
4161,saint_ppo,0.529632568359375
4162,saint_ppo,1.6730585098266602
4163,saint_ppo,0.47267818450927734
4164,saint_ppo,1.226348876953125
4165,saint_ppo,2.0099334716796875
4166,saint_ppo,-0.6154022216796875
4167,saint_ppo,1.7189226150512695
4168,saint_ppo,1.7173824310302734
4169,saint_ppo,-0.2673635482788086
4170,saint_ppo,1.5164737701416016
4171,saint_ppo,-0.5009298324584961
4172,saint_ppo,1.9762849807739258
4173,saint_ppo,0.09180355072021484
4174,saint_ppo,1.1235466003417969
4175,saint_ppo,1.3030529022216797
4176,saint_ppo,1.6825904846191406
4177,saint_ppo,-0.5552492141723633
4178,saint_ppo,0.13496971130371094
4179,saint_ppo,-0.26642417907714844
4180,saint_ppo,1.9947700500488281
4181,saint_ppo,4.506522178649902
4182,saint_ppo,1.291029930114746
4183,saint_ppo,0.42702579498291016
4184,saint_ppo,0.17173004150390625
4185,saint_ppo,0.9488182067871094
4186,saint_ppo,4.021597862243652
4187,saint_ppo,-0.25211238861083984
4188,saint_ppo,0.7746429443359375
4189,saint_ppo,1.9475479125976562
4190,saint_ppo,0.5916996002197266
4191,saint_ppo,1.957571029663086
4192,saint_ppo,0.6973714828491211
4193,saint_ppo,0.9436244964599609
4194,saint_ppo,2.1312456130981445
4195,saint_ppo,-0.13890933990478516
4196,saint_ppo,1.570037841796875
4197,saint_ppo,0.4443655014038086
4198,saint_ppo,1.734572410583496
4199,saint_ppo,1.4280977249145508
4200,saint_ppo,1.2332496643066406
4201,saint_ppo,-4.936328887939453
4202,saint_ppo,0.3297128677368164
4203,saint_ppo,-3.3223114013671875
4204,saint_ppo,0.02263355255126953
4205,saint_ppo,-0.07094573974609375
4206,saint_ppo,-3.084033966064453
4207,saint_ppo,1.2314205169677734
4208,saint_ppo,0.5364723205566406
4209,saint_ppo,3.893742561340332
4210,saint_ppo,1.2971181869506836
4211,saint_ppo,1.9499759674072266
4212,saint_ppo,-0.6363687515258789
4213,saint_ppo,0.7729740142822266
4214,saint_ppo,1.6940670013427734
4215,saint_ppo,0.6258554458618164
4216,saint_ppo,2.7216405868530273
4217,saint_ppo,0.6060495376586914
4218,saint_ppo,1.4446592330932617
4219,saint_ppo,1.0864830017089844
4220,saint_ppo,1.6852121353149414
4221,saint_ppo,1.1309185028076172
4222,saint_ppo,0.7375707626342773
4223,saint_ppo,0.25600242614746094
4224,saint_ppo,0.1482067108154297
4225,saint_ppo,0.7579078674316406
4226,saint_ppo,3.643996238708496
4227,saint_ppo,1.7225732803344727
4228,saint_ppo,0.6115293502807617
4229,saint_ppo,0.5840702056884766
4230,saint_ppo,2.323934555053711
4231,saint_ppo,0.11763477325439453
4232,saint_ppo,1.3830013275146484
4233,saint_ppo,2.0012693405151367
4234,saint_ppo,1.9506425857543945
4235,saint_ppo,1.232320785522461
4236,saint_ppo,2.4158239364624023
4237,saint_ppo,2.02602481842041
4238,saint_ppo,1.238926887512207
4239,saint_ppo,0.32485389709472656
4240,saint_ppo,2.1815919876098633
4241,saint_ppo,0.34514331817626953
4242,saint_ppo,1.3136272430419922
4243,saint_ppo,1.6046686172485352
4244,saint_ppo,0.31728172302246094
4245,saint_ppo,2.106867790222168
4246,saint_ppo,1.2280845642089844
4247,saint_ppo,4.130331993103027
4248,saint_ppo,0.478515625
4249,saint_ppo,0.4450244903564453
4250,saint_ppo,-0.8843517303466797
4251,saint_ppo,1.1032829284667969
4252,saint_ppo,1.351205825805664
4253,saint_ppo,3.107455253601074
4254,saint_ppo,2.0140953063964844
4255,saint_ppo,1.6485538482666016
4256,saint_ppo,1.8816108703613281
4257,saint_ppo,1.2888898849487305
4258,saint_ppo,1.3615970611572266
4259,saint_ppo,1.1244735717773438
4260,saint_ppo,1.3530426025390625
4261,saint_ppo,-0.4827108383178711
4262,saint_ppo,3.616962432861328
4263,saint_ppo,1.4190635681152344
4264,saint_ppo,2.5623245239257812
4265,saint_ppo,0.09270381927490234
4266,saint_ppo,1.163771629333496
4267,saint_ppo,1.0813236236572266
4268,saint_ppo,1.971221923828125
4269,saint_ppo,1.7365446090698242
4270,saint_ppo,-0.05217456817626953
4271,saint_ppo,1.7569608688354492
4272,saint_ppo,0.7660369873046875
4273,saint_ppo,-0.053040504455566406
4274,saint_ppo,0.8596420288085938
4275,saint_ppo,2.725419044494629
4276,saint_ppo,0.4524517059326172
4277,saint_ppo,1.4517021179199219
4278,saint_ppo,0.4776611328125
4279,saint_ppo,1.1209020614624023
4280,saint_ppo,1.5706539154052734
4281,saint_ppo,0.5337057113647461
4282,saint_ppo,1.725998878479004
4283,saint_ppo,1.2502660751342773
4284,saint_ppo,0.7400426864624023
4285,saint_ppo,2.535106658935547
4286,saint_ppo,0.6061029434204102
4287,saint_ppo,1.9462671279907227
4288,saint_ppo,2.3945493698120117
4289,saint_ppo,0.47966766357421875
4290,saint_ppo,1.8887462615966797
4291,saint_ppo,0.5930147171020508
4292,saint_ppo,1.7550325393676758
4293,saint_ppo,1.1739416122436523
4294,saint_ppo,-0.4352912902832031
4295,saint_ppo,1.8663196563720703
4296,saint_ppo,1.0974798202514648
4297,saint_ppo,0.4198007583618164
4298,saint_ppo,3.483942985534668
4299,saint_ppo,1.4082059860229492
4300,saint_ppo,3.706510543823242
4301,saint_ppo,1.4476814270019531
4302,saint_ppo,0.4952821731567383
4303,saint_ppo,0.7013406753540039
4304,saint_ppo,1.4883852005004883
4305,saint_ppo,1.214451789855957
4306,saint_ppo,0.46541309356689453
4307,saint_ppo,0.062010765075683594
4308,saint_ppo,1.222341537475586
4309,saint_ppo,2.60483455657959
4310,saint_ppo,2.2992868423461914
4311,saint_ppo,0.7598552703857422
4312,saint_ppo,0.9881658554077148
4313,saint_ppo,2.246623992919922
4314,saint_ppo,1.867772102355957
4315,saint_ppo,1.551121711730957
4316,saint_ppo,3.0342941284179688
4317,saint_ppo,0.34096240997314453
4318,saint_ppo,2.016079902648926
4319,saint_ppo,2.2754945755004883
4320,saint_ppo,0.8495540618896484
4321,saint_ppo,1.021444320678711
4322,saint_ppo,0.32384681701660156
4323,saint_ppo,0.19314861297607422
4324,saint_ppo,0.8341245651245117
4325,saint_ppo,0.21964454650878906
4326,saint_ppo,0.8709754943847656
4327,saint_ppo,1.2181406021118164
4328,saint_ppo,-1.3320541381835938
4329,saint_ppo,1.158249855041504
4330,saint_ppo,-1.0269994735717773
4331,saint_ppo,1.967214584350586
4332,saint_ppo,0.008611679077148438
4333,saint_ppo,0.7766380310058594
4334,saint_ppo,1.0830707550048828
4335,saint_ppo,0.6361846923828125
4336,saint_ppo,1.919332504272461
4337,saint_ppo,0.5235834121704102
4338,saint_ppo,1.607895851135254
4339,saint_ppo,0.9992904663085938
4340,saint_ppo,2.986541748046875
4341,saint_ppo,2.6821422576904297
4342,saint_ppo,1.1539678573608398
4343,saint_ppo,1.3141708374023438
4344,saint_ppo,-0.389923095703125
4345,saint_ppo,2.903881072998047
4346,saint_ppo,1.1497726440429688
4347,saint_ppo,1.3594493865966797
4348,saint_ppo,1.333108901977539
4349,saint_ppo,1.1229972839355469
4350,saint_ppo,-0.12278366088867188
4351,saint_ppo,1.3814430236816406
4352,saint_ppo,1.1071271896362305
4353,saint_ppo,1.8226547241210938
4354,saint_ppo,0.8987655639648438
4355,saint_ppo,1.068089485168457
4356,saint_ppo,-0.34642505645751953
4357,saint_ppo,1.8799285888671875
4358,saint_ppo,1.636138916015625
4359,saint_ppo,0.8228740692138672
4360,saint_ppo,1.3340568542480469
4361,saint_ppo,5.181634902954102
4362,saint_ppo,1.7157402038574219
4363,saint_ppo,-0.46746253967285156
4364,saint_ppo,0.8504734039306641
4365,saint_ppo,0.787846565246582
4366,saint_ppo,1.6870088577270508
4367,saint_ppo,1.4171886444091797
4368,saint_ppo,-0.26883411407470703
4369,saint_ppo,2.089080810546875
4370,saint_ppo,0.31262683868408203
4371,saint_ppo,1.2245750427246094
4372,saint_ppo,2.5049657821655273
4373,saint_ppo,-2.328451156616211
4374,saint_ppo,-0.5834417343139648
4375,saint_ppo,3.8250932693481445
4376,saint_ppo,0.8942031860351562
4377,saint_ppo,0.8668832778930664
4378,saint_ppo,1.6804084777832031
4379,saint_ppo,1.923020362854004
4380,saint_ppo,4.023555755615234
4381,saint_ppo,0.5900459289550781
4382,saint_ppo,1.5742731094360352
4383,saint_ppo,1.0803899765014648
4384,saint_ppo,-0.9950027465820312
4385,saint_ppo,3.593398094177246
4386,saint_ppo,1.4634313583374023
4387,saint_ppo,2.0344324111938477
4388,saint_ppo,-0.6679363250732422
4389,saint_ppo,-0.043254852294921875
4390,saint_ppo,-2.2169742584228516
4391,saint_ppo,1.0359210968017578
4392,saint_ppo,2.819070816040039
4393,saint_ppo,3.1936168670654297
4394,saint_ppo,0.5274868011474609
4395,saint_ppo,2.7904090881347656
4396,saint_ppo,2.0800228118896484
4397,saint_ppo,4.593135833740234
4398,saint_ppo,0.17953777313232422
4399,saint_ppo,0.7034397125244141
4400,saint_ppo,2.128936767578125
4401,saint_ppo,1.2773351669311523
4402,saint_ppo,1.0369815826416016
4403,saint_ppo,1.1152324676513672
4404,saint_ppo,-1.0060434341430664
4405,saint_ppo,1.6612863540649414
4406,saint_ppo,1.4305691719055176
4407,saint_ppo,3.350393295288086
4408,saint_ppo,2.6425704956054688
4409,saint_ppo,0.9138832092285156
4410,saint_ppo,1.0897998809814453
4411,saint_ppo,-2.6011810302734375
4412,saint_ppo,-0.045501708984375
4413,saint_ppo,2.8861961364746094
4414,saint_ppo,2.0311527252197266
4415,saint_ppo,1.3520708084106445
4416,saint_ppo,-0.12105560302734375
4417,saint_ppo,-0.07744979858398438
4418,saint_ppo,2.2712764739990234
4419,saint_ppo,3.274186134338379
4420,saint_ppo,-0.4942970275878906
4421,saint_ppo,0.6021194458007812
4422,saint_ppo,-1.1802453994750977
4423,saint_ppo,1.180389404296875
4424,saint_ppo,0.9420819282531738
4425,saint_ppo,2.4479684829711914
4426,saint_ppo,1.6468219757080078
4427,saint_ppo,1.635542869567871
4428,saint_ppo,0.7839345932006836
4429,saint_ppo,3.1295175552368164
4430,saint_ppo,2.023832321166992
4431,saint_ppo,-0.7883949279785156
4432,saint_ppo,1.722764015197754
4433,saint_ppo,-0.01758289337158203
4434,saint_ppo,-1.100687026977539
4435,saint_ppo,1.6169795989990234
4436,saint_ppo,1.103611946105957
4437,saint_ppo,1.4053287506103516
4438,saint_ppo,0.7866458892822266
4439,saint_ppo,-2.695556640625
4440,saint_ppo,1.5222158432006836
4441,saint_ppo,-0.14554691314697266
4442,saint_ppo,0.2936983108520508
4443,saint_ppo,0.8032217025756836
4444,saint_ppo,-1.557478904724121
4445,saint_ppo,0.21306896209716797
4446,saint_ppo,-0.8358259201049805
4447,saint_ppo,0.5621471405029297
4448,saint_ppo,1.3804254531860352
4449,saint_ppo,0.11132144927978516
4450,saint_ppo,0.19701290130615234
4451,saint_ppo,2.250518798828125
4452,saint_ppo,2.3810863494873047
4453,saint_ppo,0.8541021347045898
4454,saint_ppo,0.9828557968139648
4455,saint_ppo,1.3188257217407227
4456,saint_ppo,3.030202865600586
4457,saint_ppo,1.3191089630126953
4458,saint_ppo,-1.1717338562011719
4459,saint_ppo,0.0261688232421875
4460,saint_ppo,1.5909452438354492
4461,saint_ppo,3.381887435913086
4462,saint_ppo,1.4570732116699219
4463,saint_ppo,0.44904232025146484
4464,saint_ppo,1.0739679336547852
4465,saint_ppo,1.0439205169677734
4466,saint_ppo,1.5576133728027344
4467,saint_ppo,0.5810689926147461
4468,saint_ppo,0.7805471420288086
4469,saint_ppo,0.7396373748779297
4470,saint_ppo,0.1260218620300293
4471,saint_ppo,-0.7451820373535156
4472,saint_ppo,0.875819206237793
4473,saint_ppo,2.113114356994629
4474,saint_ppo,1.9650230407714844
4475,saint_ppo,1.2719764709472656
4476,saint_ppo,-0.5712299346923828
4477,saint_ppo,0.4688272476196289
4478,saint_ppo,1.2707290649414062
4479,saint_ppo,2.3044795989990234
4480,saint_ppo,1.5466156005859375
4481,saint_ppo,0.39684295654296875
4482,saint_ppo,3.1168212890625
4483,saint_ppo,2.7598352432250977
4484,saint_ppo,1.5486783981323242
4485,saint_ppo,1.0565814971923828
4486,saint_ppo,-1.8095407485961914
4487,saint_ppo,1.044839859008789
4488,saint_ppo,1.012558937072754
4489,saint_ppo,0.9664363861083984
4490,saint_ppo,1.3792400360107422
4491,saint_ppo,-0.7169914245605469
4492,saint_ppo,2.0811424255371094
4493,saint_ppo,1.729562759399414
4494,saint_ppo,1.3629827499389648
4495,saint_ppo,2.3953514099121094
4496,saint_ppo,-4.040545463562012
4497,saint_ppo,2.343107223510742
4498,saint_ppo,2.0440940856933594
4499,saint_ppo,0.2562065124511719
4500,saint_ppo,-3.026505470275879
4501,saint_ppo,2.1640424728393555
4502,saint_ppo,0.8957815170288086
4503,saint_ppo,0.6979827880859375
4504,saint_ppo,3.4531049728393555
4505,saint_ppo,2.561326026916504
4506,saint_ppo,1.2226934432983398
4507,saint_ppo,0.8893518447875977
4508,saint_ppo,0.12066364288330078
4509,saint_ppo,0.5073690414428711
4510,saint_ppo,0.5968170166015625
4511,saint_ppo,0.8050880432128906
4512,saint_ppo,3.6901187896728516
4513,saint_ppo,0.9760971069335938
4514,saint_ppo,0.6968421936035156
4515,saint_ppo,1.0283355712890625
4516,saint_ppo,0.3546915054321289
4517,saint_ppo,-0.4709920883178711
4518,saint_ppo,-0.9699263572692871
4519,saint_ppo,2.891538619995117
4520,saint_ppo,3.6006202697753906
4521,saint_ppo,-0.06664848327636719
4522,saint_ppo,0.9642963409423828
4523,saint_ppo,-0.8485183715820312
4524,saint_ppo,0.4274930953979492
4525,saint_ppo,1.6028318405151367
4526,saint_ppo,3.230693817138672
4527,saint_ppo,1.2280950546264648
4528,saint_ppo,0.9943132400512695
4529,saint_ppo,0.19382190704345703
4530,saint_ppo,0.7804336547851562
4531,saint_ppo,2.977712631225586
4532,saint_ppo,-0.6029300689697266
4533,saint_ppo,1.1606807708740234
4534,saint_ppo,2.2399368286132812
4535,saint_ppo,0.6049857139587402
4536,saint_ppo,-0.21098995208740234
4537,saint_ppo,0.7564287185668945
4538,saint_ppo,0.1596989631652832
4539,saint_ppo,2.227116584777832
4540,saint_ppo,1.5324134826660156
4541,saint_ppo,1.2247190475463867
4542,saint_ppo,-3.0462779998779297
4543,saint_ppo,0.2954254150390625
4544,saint_ppo,1.282191276550293
4545,saint_ppo,1.4216890335083008
4546,saint_ppo,0.8314542770385742
4547,saint_ppo,1.8155670166015625
4548,saint_ppo,3.3961782455444336
4549,saint_ppo,0.08170509338378906
4550,saint_ppo,1.562882423400879
4551,saint_ppo,4.026924133300781
4552,saint_ppo,0.05152416229248047
4553,saint_ppo,2.0729122161865234
4554,saint_ppo,1.1326885223388672
4555,saint_ppo,1.2156524658203125
4556,saint_ppo,1.5162830352783203
4557,saint_ppo,0.5078649520874023
4558,saint_ppo,0.11790275573730469
4559,saint_ppo,1.6421713829040527
4560,saint_ppo,-0.4484596252441406
4561,saint_ppo,0.33217334747314453
4562,saint_ppo,1.1904568672180176
4563,saint_ppo,2.864959716796875
4564,saint_ppo,0.014472007751464844
4565,saint_ppo,0.645228385925293
4566,saint_ppo,1.3455514907836914
4567,saint_ppo,1.3911666870117188
4568,saint_ppo,0.9862232208251953
4569,saint_ppo,1.2679433822631836
4570,saint_ppo,1.2220673561096191
4571,saint_ppo,1.2869796752929688
4572,saint_ppo,0.7052555084228516
4573,saint_ppo,-0.38426685333251953
4574,saint_ppo,0.18783187866210938
4575,saint_ppo,0.7820672988891602
4576,saint_ppo,-0.04507732391357422
4577,saint_ppo,0.7655811309814453
4578,saint_ppo,1.4847049713134766
4579,saint_ppo,4.7216796875
4580,saint_ppo,2.1955089569091797
4581,saint_ppo,0.08532524108886719
4582,saint_ppo,1.212721824645996
4583,saint_ppo,1.0964689254760742
4584,saint_ppo,0.1460857391357422
4585,saint_ppo,-1.2216196060180664
4586,saint_ppo,0.6657800674438477
4587,saint_ppo,0.6463813781738281
4588,saint_ppo,1.1632366180419922
4589,saint_ppo,-0.6854448318481445
4590,saint_ppo,-0.18787860870361328
4591,saint_ppo,0.20463943481445312
4592,saint_ppo,1.1104459762573242
4593,saint_ppo,0.8843793869018555
4594,saint_ppo,0.6135444641113281
4595,saint_ppo,1.6841716766357422
4596,saint_ppo,1.3760490417480469
4597,saint_ppo,1.915623664855957
4598,saint_ppo,-0.00177764892578125
4599,saint_ppo,-0.6042709350585938
4600,saint_ppo,1.0070476531982422
4601,saint_ppo,-0.701507568359375
4602,saint_ppo,-2.041049003601074
4603,saint_ppo,5.442919731140137
4604,saint_ppo,0.6049098968505859
4605,saint_ppo,-0.15860271453857422
4606,saint_ppo,0.2860078811645508
4607,saint_ppo,0.41376304626464844
4608,saint_ppo,1.6479663848876953
4609,saint_ppo,-1.7687492370605469
4610,saint_ppo,0.3692359924316406
4611,saint_ppo,1.9022636413574219
4612,saint_ppo,1.666886329650879
4613,saint_ppo,-1.0632429122924805
4614,saint_ppo,2.3281078338623047
4615,saint_ppo,-0.5190787315368652
4616,saint_ppo,1.018026351928711
4617,saint_ppo,0.9677524566650391
4618,saint_ppo,0.6574554443359375
4619,saint_ppo,3.4902992248535156
4620,saint_ppo,0.8016729354858398
4621,saint_ppo,1.5902976989746094
4622,saint_ppo,-1.3267717361450195
4623,saint_ppo,-0.5661497116088867
4624,saint_ppo,2.6570024490356445
4625,saint_ppo,0.6984157562255859
4626,saint_ppo,1.2020988464355469
4627,saint_ppo,2.285747528076172
4628,saint_ppo,1.0470829010009766
4629,saint_ppo,2.133173942565918
4630,saint_ppo,1.0754661560058594
4631,saint_ppo,1.6527624130249023
4632,saint_ppo,1.744436264038086
4633,saint_ppo,-0.24105358123779297
4634,saint_ppo,1.1714668273925781
4635,saint_ppo,2.281744956970215
4636,saint_ppo,1.2942438125610352
4637,saint_ppo,1.0685806274414062
4638,saint_ppo,1.6739883422851562
4639,saint_ppo,1.381174087524414
4640,saint_ppo,2.914112091064453
4641,saint_ppo,1.6392145156860352
4642,saint_ppo,-1.9111785888671875
4643,saint_ppo,0.8423376083374023
4644,saint_ppo,0.9267730712890625
4645,saint_ppo,-0.9904184341430664
4646,saint_ppo,1.5093574523925781
4647,saint_ppo,2.12636661529541
4648,saint_ppo,2.1634626388549805
4649,saint_ppo,0.6129531860351562
4650,saint_ppo,0.6077890396118164
4651,saint_ppo,1.4431533813476562
4652,saint_ppo,0.44943809509277344
4653,saint_ppo,0.09872150421142578
4654,saint_ppo,4.458887100219727
4655,saint_ppo,-0.24547195434570312
4656,saint_ppo,0.9964637756347656
4657,saint_ppo,-1.4130382537841797
4658,saint_ppo,0.37303733825683594
4659,saint_ppo,1.5620203018188477
4660,saint_ppo,1.090683937072754
4661,saint_ppo,1.2086210250854492
4662,saint_ppo,-0.10964107513427734
4663,saint_ppo,4.656783103942871
4664,saint_ppo,1.7249879837036133
4665,saint_ppo,2.048725128173828
4666,saint_ppo,0.16600704193115234
4667,saint_ppo,1.767167091369629
4668,saint_ppo,1.2332658767700195
4669,saint_ppo,2.5789871215820312
4670,saint_ppo,-0.26133155822753906
4671,saint_ppo,1.7172222137451172
4672,saint_ppo,0.5626354217529297
4673,saint_ppo,0.9838161468505859
4674,saint_ppo,1.5749425888061523
4675,saint_ppo,2.47206974029541
4676,saint_ppo,-1.3310623168945312
4677,saint_ppo,-1.1687908172607422
4678,saint_ppo,-0.3637228012084961
4679,saint_ppo,1.5188636779785156
4680,saint_ppo,0.18185138702392578
4681,saint_ppo,1.511500358581543
4682,saint_ppo,2.0219478607177734
4683,saint_ppo,1.0601329803466797
4684,saint_ppo,1.1901254653930664
4685,saint_ppo,1.4480972290039062
4686,saint_ppo,-0.12300777435302734
4687,saint_ppo,-1.161264419555664
4688,saint_ppo,1.967167854309082
4689,saint_ppo,0.8215351104736328
4690,saint_ppo,0.35429954528808594
4691,saint_ppo,5.62989616394043
4692,saint_ppo,1.3907990455627441
4693,saint_ppo,0.38981056213378906
4694,saint_ppo,0.10893630981445312
4695,saint_ppo,0.9927611351013184
4696,saint_ppo,1.569697380065918
4697,saint_ppo,4.201918601989746
4698,saint_ppo,0.3864459991455078
4699,saint_ppo,1.8528261184692383
4700,saint_ppo,0.3283195495605469
4701,saint_ppo,0.6815299987792969
4702,saint_ppo,0.0005712509155273438
4703,saint_ppo,1.2105436325073242
4704,saint_ppo,0.5504913330078125
4705,saint_ppo,0.5488700866699219
4706,saint_ppo,1.5685625076293945
4707,saint_ppo,-1.8962316513061523
4708,saint_ppo,0.4222373962402344
4709,saint_ppo,0.32373046875
4710,saint_ppo,0.07193756103515625
4711,saint_ppo,0.07471084594726562
4712,saint_ppo,-0.8016805648803711
4713,saint_ppo,-1.187826156616211
4714,saint_ppo,-4.0360517501831055
4715,saint_ppo,5.04970645904541
4716,saint_ppo,-0.8542861938476562
4717,saint_ppo,0.4565277099609375
4718,saint_ppo,6.187911033630371
4719,saint_ppo,0.44554710388183594
4720,saint_ppo,0.7735385894775391
4721,saint_ppo,1.0938167572021484
4722,saint_ppo,-0.8199291229248047
4723,saint_ppo,4.049803733825684
4724,saint_ppo,0.9387369155883789
4725,saint_ppo,2.188906669616699
4726,saint_ppo,1.1779708862304688
4727,saint_ppo,-0.07295608520507812
4728,saint_ppo,0.33875465393066406
4729,saint_ppo,1.8319664001464844
4730,saint_ppo,1.9651622772216797
4731,saint_ppo,-2.14133358001709
4732,saint_ppo,1.1515398025512695
4733,saint_ppo,6.572027206420898
4734,saint_ppo,-1.0521183013916016
4735,saint_ppo,1.0028152465820312
4736,saint_ppo,0.6147432327270508
4737,saint_ppo,1.6607112884521484
4738,saint_ppo,0.6919517517089844
4739,saint_ppo,2.894230842590332
4740,saint_ppo,1.1983346939086914
4741,saint_ppo,-1.4782381057739258
4742,saint_ppo,-0.6685571670532227
4743,saint_ppo,0.31048583984375
4744,saint_ppo,1.1772222518920898
4745,saint_ppo,-2.8948564529418945
4746,saint_ppo,1.5149478912353516
4747,saint_ppo,-0.46593666076660156
4748,saint_ppo,0.029764175415039062
4749,saint_ppo,2.247380256652832
4750,saint_ppo,-0.1561422348022461
4751,saint_ppo,0.7044353485107422
4752,saint_ppo,0.3192148208618164
4753,saint_ppo,1.6487464904785156
4754,saint_ppo,1.0038166046142578
4755,saint_ppo,2.894594192504883
4756,saint_ppo,2.432088851928711
4757,saint_ppo,1.0017681121826172
4758,saint_ppo,-0.2886476516723633
4759,saint_ppo,0.9380130767822266
4760,saint_ppo,1.3405952453613281
4761,saint_ppo,1.8380355834960938
4762,saint_ppo,1.4253082275390625
4763,saint_ppo,-0.3814868927001953
4764,saint_ppo,-1.095963478088379
4765,saint_ppo,1.5981130599975586
4766,saint_ppo,1.0078544616699219
4767,saint_ppo,1.6813297271728516
4768,saint_ppo,1.0053825378417969
4769,saint_ppo,1.7309951782226562
4770,saint_ppo,5.087750434875488
4771,saint_ppo,0.9073581695556641
4772,saint_ppo,-2.823422431945801
4773,saint_ppo,2.1954879760742188
4774,saint_ppo,2.0090112686157227
4775,saint_ppo,1.370457649230957
4776,saint_ppo,-0.058429718017578125
4777,saint_ppo,0.3468952178955078
4778,saint_ppo,1.2671689987182617
4779,saint_ppo,1.110661506652832
4780,saint_ppo,1.5855998992919922
4781,saint_ppo,0.9300212860107422
4782,saint_ppo,1.2325439453125
4783,saint_ppo,1.2944660186767578
4784,saint_ppo,2.7650012969970703
4785,saint_ppo,-0.5278921127319336
4786,saint_ppo,1.1012725830078125
4787,saint_ppo,0.9268569946289062
4788,saint_ppo,0.3999519348144531
4789,saint_ppo,-0.19579601287841797
4790,saint_ppo,0.29047107696533203
4791,saint_ppo,3.369900703430176
4792,saint_ppo,1.133469581604004
4793,saint_ppo,0.6588029861450195
4794,saint_ppo,-0.08987903594970703
4795,saint_ppo,0.13991832733154297
4796,saint_ppo,3.9354419708251953
4797,saint_ppo,1.1303844451904297
4798,saint_ppo,1.9980602264404297
4799,saint_ppo,1.5159492492675781
4800,saint_ppo,0.02212238311767578
4801,saint_ppo,0.25662708282470703
4802,saint_ppo,0.20979022979736328
4803,saint_ppo,2.8929901123046875
4804,saint_ppo,0.7455463409423828
4805,saint_ppo,-0.8068771362304688
4806,saint_ppo,1.8359527587890625
4807,saint_ppo,0.6577920913696289
4808,saint_ppo,0.760162353515625
4809,saint_ppo,0.137969970703125
4810,saint_ppo,0.1862630844116211
4811,saint_ppo,0.8286724090576172
4812,saint_ppo,0.7424497604370117
4813,saint_ppo,-0.30832862854003906
4814,saint_ppo,-0.38790035247802734
4815,saint_ppo,1.2922859191894531
4816,saint_ppo,0.14742660522460938
4817,saint_ppo,0.9561223983764648
4818,saint_ppo,2.008397102355957
4819,saint_ppo,2.9575138092041016
4820,saint_ppo,0.889317512512207
4821,saint_ppo,0.11581134796142578
4822,saint_ppo,1.0854167938232422
4823,saint_ppo,0.3403463363647461
4824,saint_ppo,1.3448829650878906
4825,saint_ppo,1.2557716369628906
4826,saint_ppo,1.622854232788086
4827,saint_ppo,4.286141395568848
4828,saint_ppo,1.059535026550293
4829,saint_ppo,1.1978635787963867
4830,saint_ppo,1.5062732696533203
4831,saint_ppo,1.5948467254638672
4832,saint_ppo,0.7278375625610352
4833,saint_ppo,-1.5183238983154297
4834,saint_ppo,5.117048263549805
4835,saint_ppo,0.0631723403930664
4836,saint_ppo,1.3622474670410156
4837,saint_ppo,1.2504692077636719
4838,saint_ppo,1.1407995223999023
4839,saint_ppo,3.0169076919555664
4840,saint_ppo,-0.9524011611938477
4841,saint_ppo,0.9096956253051758
4842,saint_ppo,0.8475656509399414
4843,saint_ppo,1.7844114303588867
4844,saint_ppo,0.5148143768310547
4845,saint_ppo,1.5675725936889648
4846,saint_ppo,0.3898477554321289
4847,saint_ppo,1.1347017288208008
4848,saint_ppo,-0.12392425537109375
4849,saint_ppo,1.2664928436279297
4850,saint_ppo,4.126399993896484
4851,saint_ppo,2.34049129486084
4852,saint_ppo,-0.3239412307739258
4853,saint_ppo,1.8987884521484375
4854,saint_ppo,0.7128715515136719
4855,saint_ppo,-4.584268569946289
4856,saint_ppo,2.44781494140625
4857,saint_ppo,1.754007339477539
4858,saint_ppo,1.6798019409179688
4859,saint_ppo,1.4981021881103516
4860,saint_ppo,0.5056629180908203
4861,saint_ppo,0.8916406631469727
4862,saint_ppo,3.9253625869750977
4863,saint_ppo,2.0166845321655273
4864,saint_ppo,1.0591106414794922
4865,saint_ppo,-1.8019046783447266
4866,saint_ppo,1.5246014595031738
4867,saint_ppo,1.1356525421142578
4868,saint_ppo,-1.9193296432495117
4869,saint_ppo,1.4882745742797852
4870,saint_ppo,5.562471389770508
4871,saint_ppo,1.9071879386901855
4872,saint_ppo,-1.892181396484375
4873,saint_ppo,1.3305034637451172
4874,saint_ppo,-1.737166404724121
4875,saint_ppo,-0.3614931106567383
4876,saint_ppo,0.9762067794799805
4877,saint_ppo,0.5538530349731445
4878,saint_ppo,1.1792821884155273
4879,saint_ppo,1.2836589813232422
4880,saint_ppo,3.6621084213256836
4881,saint_ppo,1.826704978942871
4882,saint_ppo,-0.6814332008361816
4883,saint_ppo,0.8586702346801758
4884,saint_ppo,2.007415771484375
4885,saint_ppo,0.7779922485351562
4886,saint_ppo,0.4734334945678711
4887,saint_ppo,1.4938154220581055
4888,saint_ppo,-0.42549610137939453
4889,saint_ppo,3.215937614440918
4890,saint_ppo,0.9553108215332031
4891,saint_ppo,1.6016759872436523
4892,saint_ppo,2.676786422729492
4893,saint_ppo,2.308248519897461
4894,saint_ppo,0.0887308120727539
4895,saint_ppo,-0.5846366882324219
4896,saint_ppo,2.442521095275879
4897,saint_ppo,-0.02780914306640625
4898,saint_ppo,-1.632664680480957
4899,saint_ppo,-2.5702733993530273
4900,saint_ppo,0.8005409240722656
4901,saint_ppo,1.8347406387329102
4902,saint_ppo,1.426924705505371
4903,saint_ppo,1.4631662368774414
4904,saint_ppo,3.7894725799560547
4905,saint_ppo,1.6280879974365234
4906,saint_ppo,1.4876155853271484
4907,saint_ppo,1.6525154113769531
4908,saint_ppo,0.24738407135009766
4909,saint_ppo,-1.548048973083496
4910,saint_ppo,-0.8983535766601562
4911,saint_ppo,1.8844900131225586
4912,saint_ppo,1.2075014114379883
4913,saint_ppo,1.837834358215332
4914,saint_ppo,0.80364990234375
4915,saint_ppo,4.106847763061523
4916,saint_ppo,1.2571907043457031
4917,saint_ppo,0.2501516342163086
4918,saint_ppo,4.677148818969727
4919,saint_ppo,0.7729501724243164
4920,saint_ppo,1.5660114288330078
4921,saint_ppo,0.48801231384277344
4922,saint_ppo,0.2060089111328125
4923,saint_ppo,2.73740291595459
4924,saint_ppo,1.6000680923461914
4925,saint_ppo,2.8699727058410645
4926,saint_ppo,-1.6126031875610352
4927,saint_ppo,0.8291234970092773
4928,saint_ppo,-1.1080551147460938
4929,saint_ppo,1.406778335571289
4930,saint_ppo,2.1953048706054688
4931,saint_ppo,2.627671241760254
4932,saint_ppo,0.7270412445068359
4933,saint_ppo,1.8936119079589844
4934,saint_ppo,0.42099666595458984
4935,saint_ppo,1.1641998291015625
4936,saint_ppo,0.5421142578125
4937,saint_ppo,4.0435791015625
4938,saint_ppo,1.0332450866699219
4939,saint_ppo,-0.46167755126953125
4940,saint_ppo,1.034592628479004
4941,saint_ppo,-3.4567441940307617
4942,saint_ppo,2.288466453552246
4943,saint_ppo,1.664327621459961
4944,saint_ppo,5.0853271484375
4945,saint_ppo,-1.4708976745605469
4946,saint_ppo,1.2647037506103516
4947,saint_ppo,0.9140806198120117
4948,saint_ppo,-0.721186637878418
4949,saint_ppo,1.0448722839355469
4950,saint_ppo,1.252598762512207
4951,saint_ppo,0.8241090774536133
4952,saint_ppo,0.4577655792236328
4953,saint_ppo,2.8863744735717773
4954,saint_ppo,0.23560619354248047
4955,saint_ppo,-0.7691307067871094
4956,saint_ppo,1.1338996887207031
4957,saint_ppo,2.8018484115600586
4958,saint_ppo,1.1844940185546875
4959,saint_ppo,-0.07568645477294922
4960,saint_ppo,0.9261417388916016
4961,saint_ppo,0.8798866271972656
4962,saint_ppo,1.850295066833496
4963,saint_ppo,1.5686750411987305
4964,saint_ppo,1.5497751235961914
4965,saint_ppo,3.488862991333008
4966,saint_ppo,0.4663820266723633
4967,saint_ppo,0.0736532211303711
4968,saint_ppo,1.2855806350708008
4969,saint_ppo,0.9705057144165039
4970,saint_ppo,1.447700023651123
4971,saint_ppo,0.8731613159179688
4972,saint_ppo,1.1088905334472656
4973,saint_ppo,-0.7545385360717773
4974,saint_ppo,4.442193984985352
4975,saint_ppo,1.0315370559692383
4976,saint_ppo,-1.223282814025879
4977,saint_ppo,1.691117286682129
4978,saint_ppo,1.407942771911621
4979,saint_ppo,-0.4683380126953125
4980,saint_ppo,-0.7928342819213867
4981,saint_ppo,-1.3081340789794922
4982,saint_ppo,-0.8110241889953613
4983,saint_ppo,0.4023914337158203
4984,saint_ppo,1.1079730987548828
4985,saint_ppo,1.7488021850585938
4986,saint_ppo,0.48093700408935547
4987,saint_ppo,1.745976448059082
4988,saint_ppo,1.2402048110961914
4989,saint_ppo,3.358572006225586
4990,saint_ppo,1.2999229431152344
4991,saint_ppo,5.802022933959961
4992,saint_ppo,1.5685386657714844
4993,saint_ppo,1.2247381210327148
4994,saint_ppo,-0.10712146759033203
4995,saint_ppo,1.0265464782714844
4996,saint_ppo,4.42889404296875
4997,saint_ppo,1.4549846649169922
4998,saint_ppo,-0.11753654479980469
4999,saint_ppo,0.4507007598876953
5000,saint_ppo,-0.8571290969848633
5001,saint_ppo,0.4066009521484375
5002,saint_ppo,1.4893245697021484
5003,saint_ppo,1.094202995300293
5004,saint_ppo,1.6179332733154297
5005,saint_ppo,1.2492942810058594
5006,saint_ppo,0.3448352813720703
5007,saint_ppo,0.7691001892089844
5008,saint_ppo,-2.757833480834961
5009,saint_ppo,1.8766899108886719
5010,saint_ppo,0.5790462493896484
5011,saint_ppo,2.206605911254883
5012,saint_ppo,-0.954742431640625
5013,saint_ppo,-1.548635482788086
5014,saint_ppo,2.3191843032836914
5015,saint_ppo,1.1031160354614258
5016,saint_ppo,2.2352476119995117
5017,saint_ppo,2.5233993530273438
5018,saint_ppo,0.8050928115844727
5019,saint_ppo,1.182765007019043
5020,saint_ppo,1.8628101348876953
5021,saint_ppo,2.313600540161133
5022,saint_ppo,0.7186059951782227
5023,saint_ppo,2.319368362426758
5024,saint_ppo,1.8162193298339844
5025,saint_ppo,2.909756660461426
5026,saint_ppo,1.1849164962768555
5027,saint_ppo,0.3168039321899414
5028,saint_ppo,1.095658302307129
5029,saint_ppo,0.7470865249633789
5030,saint_ppo,2.260380744934082
5031,saint_ppo,1.3845348358154297
5032,saint_ppo,1.8095073699951172
5033,saint_ppo,2.959214210510254
5034,saint_ppo,0.0858907699584961
5035,saint_ppo,1.2117805480957031
5036,saint_ppo,1.2257728576660156
5037,saint_ppo,3.690929412841797
5038,saint_ppo,4.703836441040039
5039,saint_ppo,0.841496467590332
5040,saint_ppo,0.8362808227539062
5041,saint_ppo,1.2964391708374023
5042,saint_ppo,-0.15542888641357422
5043,saint_ppo,-0.2597999572753906
5044,saint_ppo,3.027400016784668
5045,saint_ppo,4.507701873779297
5046,saint_ppo,2.2458953857421875
5047,saint_ppo,1.9196586608886719
5048,saint_ppo,0.6277256011962891
5049,saint_ppo,1.2432928085327148
5050,saint_ppo,1.8776607513427734
5051,saint_ppo,3.6527843475341797
5052,saint_ppo,1.4637012481689453
5053,saint_ppo,0.7954254150390625
5054,saint_ppo,1.328139305114746
5055,saint_ppo,7.500761032104492
5056,saint_ppo,-0.20694541931152344
5057,saint_ppo,0.304013729095459
5058,saint_ppo,2.033505439758301
5059,saint_ppo,1.2121715545654297
5060,saint_ppo,0.36809635162353516
5061,saint_ppo,-0.26911354064941406
5062,saint_ppo,0.36281776428222656
5063,saint_ppo,2.3850622177124023
5064,saint_ppo,1.738947868347168
5065,saint_ppo,2.472561836242676
5066,saint_ppo,1.616703987121582
5067,saint_ppo,2.372921943664551
5068,saint_ppo,2.648273468017578
5069,saint_ppo,2.1669225692749023
5070,saint_ppo,2.979489326477051
5071,saint_ppo,0.9162397384643555
5072,saint_ppo,1.1587448120117188
5073,saint_ppo,5.210427284240723
5074,saint_ppo,-0.46016407012939453
5075,saint_ppo,1.8468618392944336
5076,saint_ppo,-1.8406591415405273
5077,saint_ppo,3.528801918029785
5078,saint_ppo,0.8458518981933594
5079,saint_ppo,1.0341072082519531
5080,saint_ppo,1.5379047393798828
5081,saint_ppo,2.03372859954834
5082,saint_ppo,1.1534652709960938
5083,saint_ppo,0.21712779998779297
5084,saint_ppo,2.9724998474121094
5085,saint_ppo,5.278535842895508
5086,saint_ppo,1.0156879425048828
5087,saint_ppo,0.3716011047363281
5088,saint_ppo,1.1877508163452148
5089,saint_ppo,3.0039939880371094
5090,saint_ppo,0.9473276138305664
5091,saint_ppo,-0.19221782684326172
5092,saint_ppo,1.1403865814208984
5093,saint_ppo,0.46644020080566406
5094,saint_ppo,1.8453454971313477
5095,saint_ppo,1.4746379852294922
5096,saint_ppo,1.3412532806396484
5097,saint_ppo,1.8806724548339844
5098,saint_ppo,1.5074806213378906
5099,saint_ppo,0.39771461486816406
5100,saint_ppo,1.1934928894042969
5101,saint_ppo,0.42821788787841797
5102,saint_ppo,-1.175276756286621
5103,saint_ppo,-0.21767234802246094
5104,saint_ppo,0.49839115142822266
5105,saint_ppo,2.8276023864746094
5106,saint_ppo,2.4599428176879883
5107,saint_ppo,0.9059581756591797
5108,saint_ppo,1.9626646041870117
5109,saint_ppo,0.6495132446289062
5110,saint_ppo,0.40410804748535156
5111,saint_ppo,0.9889659881591797
5112,saint_ppo,2.9797840118408203
5113,saint_ppo,3.005983352661133
5114,saint_ppo,-0.007739067077636719
5115,saint_ppo,0.07277202606201172
5116,saint_ppo,2.392618179321289
5117,saint_ppo,1.2845678329467773
5118,saint_ppo,3.453977584838867
5119,saint_ppo,1.2828540802001953
5120,saint_ppo,0.7701854705810547
5121,saint_ppo,-2.164547920227051
5122,saint_ppo,1.2170095443725586
5123,saint_ppo,1.3341655731201172
5124,saint_ppo,2.1277427673339844
5125,saint_ppo,2.6584548950195312
5126,saint_ppo,1.8867921829223633
5127,saint_ppo,0.5413150787353516
5128,saint_ppo,0.29529762268066406
5129,saint_ppo,1.4876537322998047
5130,saint_ppo,1.1876401901245117
5131,saint_ppo,3.1565780639648438
5132,saint_ppo,5.7820281982421875
5133,saint_ppo,3.627495765686035
5134,saint_ppo,0.43853282928466797
5135,saint_ppo,3.159665107727051
5136,saint_ppo,3.471646308898926
5137,saint_ppo,-0.2685861587524414
5138,saint_ppo,0.531184196472168
5139,saint_ppo,0.02792644500732422
5140,saint_ppo,1.9217519760131836
5141,saint_ppo,1.2464170455932617
5142,saint_ppo,-0.4335002899169922
5143,saint_ppo,1.2559280395507812
5144,saint_ppo,1.000157356262207
5145,saint_ppo,3.3241405487060547
5146,saint_ppo,0.5640497207641602
5147,saint_ppo,0.34525394439697266
5148,saint_ppo,0.6037845611572266
5149,saint_ppo,1.5194673538208008
5150,saint_ppo,1.45068359375
5151,saint_ppo,1.9505729675292969
5152,saint_ppo,0.0025463104248046875
5153,saint_ppo,1.5720453262329102
5154,saint_ppo,0.7851810455322266
5155,saint_ppo,1.3535499572753906
5156,saint_ppo,1.8284378051757812
5157,saint_ppo,1.4633712768554688
5158,saint_ppo,1.0921459197998047
5159,saint_ppo,1.2299165725708008
5160,saint_ppo,0.7155752182006836
5161,saint_ppo,1.7473058700561523
5162,saint_ppo,1.808736801147461
5163,saint_ppo,-0.8242073059082031
5164,saint_ppo,1.2111167907714844
5165,saint_ppo,4.19151496887207
5166,saint_ppo,-0.793330192565918
5167,saint_ppo,2.3232479095458984
5168,saint_ppo,0.22619152069091797
5169,saint_ppo,0.9414310455322266
5170,saint_ppo,3.0170936584472656
5171,saint_ppo,-2.6557931900024414
5172,saint_ppo,2.4934816360473633
5173,saint_ppo,2.200225830078125
5174,saint_ppo,1.1118431091308594
5175,saint_ppo,-0.27333831787109375
5176,saint_ppo,3.2489309310913086
5177,saint_ppo,0.32442474365234375
5178,saint_ppo,-0.6570596694946289
5179,saint_ppo,4.7851362228393555
5180,saint_ppo,-0.1655731201171875
5181,saint_ppo,0.8649826049804688
5182,saint_ppo,0.711451530456543
5183,saint_ppo,1.902857780456543
5184,saint_ppo,-0.5338153839111328
5185,saint_ppo,0.46036243438720703
5186,saint_ppo,1.7062129974365234
5187,saint_ppo,-0.49716949462890625
5188,saint_ppo,2.8413047790527344
5189,saint_ppo,1.4416227340698242
5190,saint_ppo,1.0132198333740234
5191,saint_ppo,0.05113506317138672
5192,saint_ppo,0.7917804718017578
5193,saint_ppo,1.3087282180786133
5194,saint_ppo,2.644611358642578
5195,saint_ppo,4.933436393737793
5196,saint_ppo,1.4916133880615234
5197,saint_ppo,0.46562957763671875
5198,saint_ppo,0.6766233444213867
5199,saint_ppo,1.2105751037597656
5200,saint_ppo,2.5203723907470703
5201,saint_ppo,1.1464500427246094
5202,saint_ppo,3.544666290283203
5203,saint_ppo,0.1366710662841797
5204,saint_ppo,-2.9573402404785156
5205,saint_ppo,1.6829643249511719
5206,saint_ppo,1.4039335250854492
5207,saint_ppo,0.13182735443115234
5208,saint_ppo,3.051424026489258
5209,saint_ppo,0.9630136489868164
5210,saint_ppo,0.8819484710693359
5211,saint_ppo,1.2264299392700195
5212,saint_ppo,-1.5996365547180176
5213,saint_ppo,0.1072244644165039
5214,saint_ppo,0.7574844360351562
5215,saint_ppo,1.6589641571044922
5216,saint_ppo,0.9573020935058594
5217,saint_ppo,0.8452291488647461
5218,saint_ppo,1.3626375198364258
5219,saint_ppo,-3.0740814208984375
5220,saint_ppo,1.741556167602539
5221,saint_ppo,1.1775398254394531
5222,saint_ppo,0.9681034088134766
5223,saint_ppo,4.098320007324219
5224,saint_ppo,0.31967926025390625
5225,saint_ppo,1.7699284553527832
5226,saint_ppo,2.3527393341064453
5227,saint_ppo,1.7346229553222656
5228,saint_ppo,1.629408836364746
5229,saint_ppo,0.12587881088256836
5230,saint_ppo,-3.556734561920166
5231,saint_ppo,-0.1886606216430664
5232,saint_ppo,2.1338300704956055
5233,saint_ppo,0.5071802139282227
5234,saint_ppo,1.3162851333618164
5235,saint_ppo,-0.14174652099609375
5236,saint_ppo,-0.5832996368408203
5237,saint_ppo,-0.5971450805664062
5238,saint_ppo,1.5993022918701172
5239,saint_ppo,0.37447643280029297
5240,saint_ppo,1.1422863006591797
5241,saint_ppo,0.2606635093688965
5242,saint_ppo,0.8959665298461914
5243,saint_ppo,0.7409181594848633
5244,saint_ppo,0.339111328125
5245,saint_ppo,2.399216651916504
5246,saint_ppo,1.5513696670532227
5247,saint_ppo,1.656996726989746
5248,saint_ppo,0.3377857208251953
5249,saint_ppo,0.5180740356445312
5250,saint_ppo,1.2519283294677734
5251,saint_ppo,-1.273575782775879
5252,saint_ppo,-1.0602359771728516
5253,saint_ppo,-0.5771350860595703
5254,saint_ppo,1.6544561386108398
5255,saint_ppo,0.6956748962402344
5256,saint_ppo,5.9518890380859375
5257,saint_ppo,2.6418581008911133
5258,saint_ppo,0.5902309417724609
5259,saint_ppo,1.7856769561767578
5260,saint_ppo,-1.4306774139404297
5261,saint_ppo,1.5418510437011719
5262,saint_ppo,1.0455617904663086
5263,saint_ppo,1.5983648300170898
5264,saint_ppo,1.7679214477539062
5265,saint_ppo,2.8147335052490234
5266,saint_ppo,0.9558162689208984
5267,saint_ppo,-0.12401103973388672
5268,saint_ppo,1.8605308532714844
5269,saint_ppo,0.3190889358520508
5270,saint_ppo,1.3950738906860352
5271,saint_ppo,1.9677772521972656
5272,saint_ppo,1.300191879272461
5273,saint_ppo,1.293461799621582
5274,saint_ppo,1.8113517761230469
5275,saint_ppo,2.0141687393188477
5276,saint_ppo,0.8765573501586914
5277,saint_ppo,0.5696368217468262
5278,saint_ppo,2.3847618103027344
5279,saint_ppo,0.7923250198364258
5280,saint_ppo,1.4204530715942383
5281,saint_ppo,0.4863090515136719
5282,saint_ppo,-0.20568466186523438
5283,saint_ppo,2.2530670166015625
5284,saint_ppo,2.861849784851074
5285,saint_ppo,2.215362548828125
5286,saint_ppo,2.084040641784668
5287,saint_ppo,0.6090211868286133
5288,saint_ppo,3.576033592224121
5289,saint_ppo,0.8996086120605469
5290,saint_ppo,0.9940900802612305
5291,saint_ppo,0.7785215377807617
5292,saint_ppo,0.4412040710449219
5293,saint_ppo,-0.42310523986816406
5294,saint_ppo,2.1914196014404297
5295,saint_ppo,1.4364356994628906
5296,saint_ppo,1.640329360961914
5297,saint_ppo,0.959803581237793
5298,saint_ppo,0.8188390731811523
5299,saint_ppo,1.4307632446289062
5300,saint_ppo,1.9087867736816406
5301,saint_ppo,0.12346935272216797
5302,saint_ppo,0.7645606994628906
5303,saint_ppo,2.28897762298584
5304,saint_ppo,0.4358243942260742
5305,saint_ppo,1.5274314880371094
5306,saint_ppo,0.7181577682495117
5307,saint_ppo,1.4504976272583008
5308,saint_ppo,-0.03589439392089844
5309,saint_ppo,0.2371530532836914
5310,saint_ppo,-0.11239814758300781
5311,saint_ppo,1.6649208068847656
5312,saint_ppo,1.3803739547729492
5313,saint_ppo,1.1021137237548828
5314,saint_ppo,0.9931764602661133
5315,saint_ppo,-1.7503962516784668
5316,saint_ppo,-0.05180168151855469
5317,saint_ppo,0.5228080749511719
5318,saint_ppo,1.4172019958496094
5319,saint_ppo,3.0621042251586914
5320,saint_ppo,3.8820314407348633
5321,saint_ppo,0.8161869049072266
5322,saint_ppo,0.49973583221435547
5323,saint_ppo,1.9454050064086914
5324,saint_ppo,1.910247802734375
5325,saint_ppo,0.46651172637939453
5326,saint_ppo,2.33591365814209
5327,saint_ppo,0.8954896926879883
5328,saint_ppo,3.5843143463134766
5329,saint_ppo,0.5962224006652832
5330,saint_ppo,0.16621971130371094
5331,saint_ppo,0.9082441329956055
5332,saint_ppo,1.9952306747436523
5333,saint_ppo,1.500619888305664
5334,saint_ppo,2.2578392028808594
5335,saint_ppo,0.16148948669433594
5336,saint_ppo,1.8611364364624023
5337,saint_ppo,1.7198619842529297
5338,saint_ppo,2.415285110473633
5339,saint_ppo,1.4588794708251953
5340,saint_ppo,0.706456184387207
5341,saint_ppo,-1.6090631484985352
5342,saint_ppo,-0.6306686401367188
5343,saint_ppo,0.25525665283203125
5344,saint_ppo,4.508709907531738
5345,saint_ppo,2.243886947631836
5346,saint_ppo,0.6860446929931641
5347,saint_ppo,1.5948238372802734
5348,saint_ppo,1.1862478256225586
5349,saint_ppo,-0.45949554443359375
5350,saint_ppo,1.3923530578613281
5351,saint_ppo,0.8346052169799805
5352,saint_ppo,4.987343788146973
5353,saint_ppo,-1.1471824645996094
5354,saint_ppo,2.5441131591796875
5355,saint_ppo,-0.35826873779296875
5356,saint_ppo,2.438854217529297
5357,saint_ppo,4.700560569763184
5358,saint_ppo,0.7914829254150391
5359,saint_ppo,5.488126754760742
5360,saint_ppo,1.8994884490966797
5361,saint_ppo,1.8240909576416016
5362,saint_ppo,5.074568748474121
5363,saint_ppo,1.49114990234375
5364,saint_ppo,2.3968610763549805
5365,saint_ppo,5.802097320556641
5366,saint_ppo,0.23169517517089844
5367,saint_ppo,1.4163475036621094
5368,saint_ppo,1.8313159942626953
5369,saint_ppo,1.4509773254394531
5370,saint_ppo,1.5786113739013672
5371,saint_ppo,1.6326560974121094
5372,saint_ppo,1.8858604431152344
5373,saint_ppo,1.5807170867919922
5374,saint_ppo,1.3110179901123047
5375,saint_ppo,4.086061477661133
5376,saint_ppo,1.5631465911865234
5377,saint_ppo,-0.12033748626708984
5378,saint_ppo,5.597807884216309
5379,saint_ppo,0.7558774948120117
5380,saint_ppo,0.8174543380737305
5381,saint_ppo,1.0173187255859375
5382,saint_ppo,1.8062267303466797
5383,saint_ppo,2.9554386138916016
5384,saint_ppo,3.7670488357543945
5385,saint_ppo,1.6600561141967773
5386,saint_ppo,0.7356224060058594
5387,saint_ppo,5.194361686706543
5388,saint_ppo,1.4300251007080078
5389,saint_ppo,-0.29697418212890625
5390,saint_ppo,0.9344463348388672
5391,saint_ppo,-1.1985540390014648
5392,saint_ppo,1.6177539825439453
5393,saint_ppo,0.6791267395019531
5394,saint_ppo,1.342620849609375
5395,saint_ppo,-0.4663829803466797
5396,saint_ppo,0.5898571014404297
5397,saint_ppo,-0.9420614242553711
5398,saint_ppo,-1.379098892211914
5399,saint_ppo,1.0130701065063477
5400,saint_ppo,1.052886962890625
5401,saint_ppo,-0.8566837310791016
5402,saint_ppo,1.400832176208496
5403,saint_ppo,-0.49409961700439453
5404,saint_ppo,2.037921905517578
5405,saint_ppo,0.6613140106201172
5406,saint_ppo,-0.4266471862792969
5407,saint_ppo,1.2632036209106445
5408,saint_ppo,1.937570571899414
5409,saint_ppo,3.0495166778564453
5410,saint_ppo,2.202631950378418
5411,saint_ppo,-2.287957191467285
5412,saint_ppo,1.1888551712036133
5413,saint_ppo,0.6713466644287109
5414,saint_ppo,-0.4635038375854492
5415,saint_ppo,0.5889816284179688
5416,saint_ppo,0.6653528213500977
5417,saint_ppo,3.93157958984375
5418,saint_ppo,1.8982276916503906
5419,saint_ppo,0.47360992431640625
5420,saint_ppo,-4.303537845611572
5421,saint_ppo,-1.356292724609375
5422,saint_ppo,0.5719099044799805
5423,saint_ppo,1.722238540649414
5424,saint_ppo,-0.5231504440307617
5425,saint_ppo,4.628192901611328
5426,saint_ppo,0.9288043975830078
5427,saint_ppo,1.0230770111083984
5428,saint_ppo,1.147012710571289
5429,saint_ppo,1.873682975769043
5430,saint_ppo,1.363332748413086
5431,saint_ppo,0.765045166015625
5432,saint_ppo,6.718123912811279
5433,saint_ppo,0.8444623947143555
5434,saint_ppo,2.3153209686279297
5435,saint_ppo,1.1128644943237305
5436,saint_ppo,0.5973520278930664
5437,saint_ppo,0.3186779022216797
5438,saint_ppo,1.5160503387451172
5439,saint_ppo,0.8640871047973633
5440,saint_ppo,2.561284065246582
5441,saint_ppo,-0.45737743377685547
5442,saint_ppo,1.1982393264770508
5443,saint_ppo,0.9801235198974609
5444,saint_ppo,0.7629709243774414
5445,saint_ppo,2.0549211502075195
5446,saint_ppo,2.9555206298828125
5447,saint_ppo,0.9940519332885742
5448,saint_ppo,0.5510797500610352
5449,saint_ppo,1.7011604309082031
5450,saint_ppo,2.33642578125
5451,saint_ppo,0.5201778411865234
5452,saint_ppo,0.11097145080566406
5453,saint_ppo,-0.5728769302368164
5454,saint_ppo,0.045558929443359375
5455,saint_ppo,0.28069305419921875
5456,saint_ppo,1.3927288055419922
5457,saint_ppo,0.7511196136474609
5458,saint_ppo,0.20843505859375
5459,saint_ppo,0.8693876266479492
5460,saint_ppo,2.1320009231567383
5461,saint_ppo,2.8321123123168945
5462,saint_ppo,-0.6046104431152344
5463,saint_ppo,0.9757356643676758
5464,saint_ppo,1.3358793258666992
5465,saint_ppo,1.4046425819396973
5466,saint_ppo,2.1806678771972656
5467,saint_ppo,1.6239080429077148
5468,saint_ppo,0.09456825256347656
5469,saint_ppo,0.9519338607788086
5470,saint_ppo,1.1331944465637207
5471,saint_ppo,1.1139163970947266
5472,saint_ppo,1.1888904571533203
5473,saint_ppo,1.3201904296875
5474,saint_ppo,-1.5038375854492188
5475,saint_ppo,1.0932340621948242
5476,saint_ppo,1.2761764526367188
5477,saint_ppo,1.0269603729248047
5478,saint_ppo,0.18652629852294922
5479,saint_ppo,1.283853530883789
5480,saint_ppo,0.5958890914916992
5481,saint_ppo,2.17563533782959
5482,saint_ppo,0.39187049865722656
5483,saint_ppo,-0.6326303482055664
5484,saint_ppo,0.5842428207397461
5485,saint_ppo,-0.3603706359863281
5486,saint_ppo,1.5865249633789062
5487,saint_ppo,1.959075927734375
5488,saint_ppo,0.8128271102905273
5489,saint_ppo,1.310286521911621
5490,saint_ppo,0.7997856140136719
5491,saint_ppo,1.3732452392578125
5492,saint_ppo,0.6866645812988281
5493,saint_ppo,1.6365385055541992
5494,saint_ppo,0.6361675262451172
5495,saint_ppo,-1.1213350296020508
5496,saint_ppo,2.6509037017822266
5497,saint_ppo,-0.2122974395751953
5498,saint_ppo,0.09282493591308594
5499,saint_ppo,0.14004898071289062
5500,saint_ppo,1.5481805801391602
5501,saint_ppo,1.0700149536132812
5502,saint_ppo,0.8706731796264648
5503,saint_ppo,1.8885736465454102
5504,saint_ppo,-0.9742631912231445
5505,saint_ppo,0.8713235855102539
5506,saint_ppo,1.6424007415771484
5507,saint_ppo,1.4401741027832031
5508,saint_ppo,1.0313167572021484
5509,saint_ppo,2.428603172302246
5510,saint_ppo,0.16510868072509766
5511,saint_ppo,4.823873519897461
5512,saint_ppo,1.503377914428711
5513,saint_ppo,1.4664850234985352
5514,saint_ppo,-1.4804840087890625
5515,saint_ppo,0.0030002593994140625
5516,saint_ppo,1.7479305267333984
5517,saint_ppo,2.3200931549072266
5518,saint_ppo,-0.4936552047729492
5519,saint_ppo,-2.1238479614257812
5520,saint_ppo,0.5539302825927734
5521,saint_ppo,0.7757778167724609
5522,saint_ppo,0.5958118438720703
5523,saint_ppo,1.1545648574829102
5524,saint_ppo,1.994058609008789
5525,saint_ppo,-0.22758102416992188
5526,saint_ppo,-1.4956936836242676
5527,saint_ppo,0.22080326080322266
5528,saint_ppo,3.013686180114746
5529,saint_ppo,1.5919771194458008
5530,saint_ppo,4.958361625671387
5531,saint_ppo,1.1514358520507812
5532,saint_ppo,2.8855552673339844
5533,saint_ppo,1.9932928085327148
5534,saint_ppo,1.4084300994873047
5535,saint_ppo,-1.1744985580444336
5536,saint_ppo,2.1435775756835938
5537,saint_ppo,1.217097282409668
5538,saint_ppo,0.49373340606689453
5539,saint_ppo,0.48873424530029297
5540,saint_ppo,1.6394996643066406
5541,saint_ppo,0.3511676788330078
5542,saint_ppo,-0.29075050354003906
5543,saint_ppo,0.4955568313598633
5544,saint_ppo,0.37921142578125
5545,saint_ppo,4.283951759338379
5546,saint_ppo,3.4419193267822266
5547,saint_ppo,1.4199438095092773
5548,saint_ppo,1.640852928161621
5549,saint_ppo,-0.20220279693603516
5550,saint_ppo,-1.08001708984375
5551,saint_ppo,2.4756813049316406
5552,saint_ppo,0.7263345718383789
5553,saint_ppo,-0.45775747299194336
5554,saint_ppo,1.7832212448120117
5555,saint_ppo,1.1332626342773438
5556,saint_ppo,0.30076026916503906
5557,saint_ppo,1.5163450241088867
5558,saint_ppo,0.9388275146484375
5559,saint_ppo,-2.9936695098876953
5560,saint_ppo,0.6455907821655273
5561,saint_ppo,1.3844642639160156
5562,saint_ppo,1.3789749145507812
5563,saint_ppo,1.8568916320800781
5564,saint_ppo,-3.11639404296875
5565,saint_ppo,0.26677989959716797
5566,saint_ppo,1.1785955429077148
5567,saint_ppo,4.890716552734375
5568,saint_ppo,0.49747562408447266
5569,saint_ppo,0.2748680114746094
5570,saint_ppo,1.2245149612426758
5571,saint_ppo,3.703587532043457
5572,saint_ppo,1.2976818084716797
5573,saint_ppo,0.8639364242553711
5574,saint_ppo,2.26065731048584
5575,saint_ppo,0.35457611083984375
5576,saint_ppo,-0.43609619140625
5577,saint_ppo,1.3326911926269531
5578,saint_ppo,5.1186628341674805
5579,saint_ppo,2.5882997512817383
5580,saint_ppo,-0.0100250244140625
5581,saint_ppo,0.6082544326782227
5582,saint_ppo,2.739048957824707
5583,saint_ppo,0.5530633926391602
5584,saint_ppo,1.9341907501220703
5585,saint_ppo,1.6056203842163086
5586,saint_ppo,0.1416158676147461
5587,saint_ppo,2.418856620788574
5588,saint_ppo,1.6696290969848633
5589,saint_ppo,0.47720909118652344
5590,saint_ppo,0.47852325439453125
5591,saint_ppo,-0.9982070922851562
5592,saint_ppo,0.6811466217041016
5593,saint_ppo,0.7734031677246094
5594,saint_ppo,4.035909652709961
5595,saint_ppo,0.19647502899169922
5596,saint_ppo,0.27507972717285156
5597,saint_ppo,2.482614517211914
5598,saint_ppo,0.8571510314941406
5599,saint_ppo,-1.2929964065551758
5600,saint_ppo,2.978213310241699
5601,saint_ppo,2.651139259338379
5602,saint_ppo,2.2430248260498047
5603,saint_ppo,-0.40506649017333984
5604,saint_ppo,4.7092485427856445
5605,saint_ppo,2.07004451751709
5606,saint_ppo,-1.6791038513183594
5607,saint_ppo,1.0546884536743164
5608,saint_ppo,2.0814476013183594
5609,saint_ppo,1.0274324417114258
5610,saint_ppo,2.112010955810547
5611,saint_ppo,-2.634915351867676
5612,saint_ppo,-0.1880350112915039
5613,saint_ppo,-1.5941953659057617
5614,saint_ppo,1.6321725845336914
5615,saint_ppo,0.6792373657226562
5616,saint_ppo,5.353071212768555
5617,saint_ppo,0.2321033477783203
5618,saint_ppo,1.8934831619262695
5619,saint_ppo,0.2756929397583008
5620,saint_ppo,4.373824119567871
5621,saint_ppo,-1.012786865234375
5622,saint_ppo,2.236661911010742
5623,saint_ppo,1.9442148208618164
5624,saint_ppo,-3.37088680267334
5625,saint_ppo,-0.5687942504882812
5626,saint_ppo,0.32110023498535156
5627,saint_ppo,0.5243501663208008
5628,saint_ppo,-0.17965221405029297
5629,saint_ppo,0.01678752899169922
5630,saint_ppo,0.7239675521850586
5631,saint_ppo,0.7452855110168457
5632,saint_ppo,2.9867000579833984
5633,saint_ppo,0.3543376922607422
5634,saint_ppo,-1.6041879653930664
5635,saint_ppo,-0.23059463500976562
5636,saint_ppo,0.9756441116333008
5637,saint_ppo,0.9986686706542969
5638,saint_ppo,3.680208206176758
5639,saint_ppo,1.723952293395996
5640,saint_ppo,4.083294868469238
5641,saint_ppo,-0.5300092697143555
5642,saint_ppo,1.179555892944336
5643,saint_ppo,1.1271686553955078
5644,saint_ppo,3.2124757766723633
5645,saint_ppo,2.3027772903442383
5646,saint_ppo,1.7104101181030273
5647,saint_ppo,0.9779701232910156
5648,saint_ppo,0.17323875427246094
5649,saint_ppo,0.9534435272216797
5650,saint_ppo,0.6437654495239258
5651,saint_ppo,2.028773307800293
5652,saint_ppo,1.2558393478393555
5653,saint_ppo,0.23084449768066406
5654,saint_ppo,0.4883403778076172
5655,saint_ppo,-0.03734779357910156
5656,saint_ppo,0.8160305023193359
5657,saint_ppo,1.4443426132202148
5658,saint_ppo,0.46600341796875
5659,saint_ppo,-0.5329570770263672
5660,saint_ppo,1.6313581466674805
5661,saint_ppo,1.9434919357299805
5662,saint_ppo,-1.0182161331176758
5663,saint_ppo,0.6487340927124023
5664,saint_ppo,4.460351943969727
5665,saint_ppo,6.9479217529296875
5666,saint_ppo,0.9502630233764648
5667,saint_ppo,-0.19874191284179688
5668,saint_ppo,-0.43372058868408203
5669,saint_ppo,1.4167346954345703
5670,saint_ppo,5.356757164001465
5671,saint_ppo,0.16002464294433594
5672,saint_ppo,4.605682373046875
5673,saint_ppo,4.4593658447265625
5674,saint_ppo,-2.012028694152832
5675,saint_ppo,1.058156967163086
5676,saint_ppo,1.2900934219360352
5677,saint_ppo,0.59136962890625
5678,saint_ppo,0.7485504150390625
5679,saint_ppo,3.0962181091308594
5680,saint_ppo,3.8986129760742188
5681,saint_ppo,-1.5141630172729492
5682,saint_ppo,-0.4326601028442383
5683,saint_ppo,0.7706537246704102
5684,saint_ppo,0.051822662353515625
5685,saint_ppo,2.857476234436035
5686,saint_ppo,-0.3260478973388672
5687,saint_ppo,-0.6185474395751953
5688,saint_ppo,0.45293712615966797
5689,saint_ppo,0.5064964294433594
5690,saint_ppo,4.656471252441406
5691,saint_ppo,0.9171409606933594
5692,saint_ppo,-2.9137744903564453
5693,saint_ppo,-0.1725759506225586
5694,saint_ppo,0.04996204376220703
5695,saint_ppo,0.6556148529052734
5696,saint_ppo,2.4283828735351562
5697,saint_ppo,3.184638023376465
5698,saint_ppo,0.11912727355957031
5699,saint_ppo,1.3109006881713867
5700,saint_ppo,1.1237449645996094
5701,saint_ppo,0.7336130142211914
5702,saint_ppo,-0.24716758728027344
5703,saint_ppo,0.05103778839111328
5704,saint_ppo,0.5889968872070312
5705,saint_ppo,-2.1379432678222656
5706,saint_ppo,1.1393489837646484
5707,saint_ppo,0.7647914886474609
5708,saint_ppo,0.04563140869140625
5709,saint_ppo,0.5685558319091797
5710,saint_ppo,0.8192462921142578
5711,saint_ppo,3.4845046997070312
5712,saint_ppo,0.3622303009033203
5713,saint_ppo,0.1681957244873047
5714,saint_ppo,-0.47104930877685547
5715,saint_ppo,0.11492633819580078
5716,saint_ppo,-3.31666898727417
5717,saint_ppo,0.2551689147949219
5718,saint_ppo,4.633542060852051
5719,saint_ppo,0.615056037902832
5720,saint_ppo,1.0532703399658203
5721,saint_ppo,-1.4098682403564453
5722,saint_ppo,-0.3107481002807617
5723,saint_ppo,-1.1632537841796875
5724,saint_ppo,-0.026350021362304688
5725,saint_ppo,0.25713443756103516
5726,saint_ppo,1.617384910583496
5727,saint_ppo,1.6630096435546875
5728,saint_ppo,1.179494857788086
5729,saint_ppo,0.3474435806274414
5730,saint_ppo,0.3653993606567383
5731,saint_ppo,0.5732078552246094
5732,saint_ppo,0.9975547790527344
5733,saint_ppo,0.2820711135864258
5734,saint_ppo,-0.6659002304077148
5735,saint_ppo,-0.8682317733764648
5736,saint_ppo,1.797515869140625
5737,saint_ppo,4.690619468688965
5738,saint_ppo,1.9163951873779297
5739,saint_ppo,1.5232181549072266
5740,saint_ppo,0.3251771926879883
5741,saint_ppo,0.9933652877807617
5742,saint_ppo,0.399627685546875
5743,saint_ppo,1.14288330078125
5744,saint_ppo,0.37563419342041016
5745,saint_ppo,-0.11024284362792969
5746,saint_ppo,-1.2044143676757812
5747,saint_ppo,0.9475669860839844
5748,saint_ppo,2.638578414916992
5749,saint_ppo,1.8756122589111328
5750,saint_ppo,-1.7006521224975586
5751,saint_ppo,1.9299020767211914
5752,saint_ppo,0.20732975006103516
5753,saint_ppo,-1.7706232070922852
5754,saint_ppo,-2.1267356872558594
5755,saint_ppo,2.3975601196289062
5756,saint_ppo,0.11916923522949219
5757,saint_ppo,1.5971746444702148
5758,saint_ppo,3.6737499237060547
5759,saint_ppo,0.5651407241821289
5760,saint_ppo,1.8129959106445312
5761,saint_ppo,1.9411334991455078
5762,saint_ppo,-1.7247791290283203
5763,saint_ppo,0.7453231811523438
5764,saint_ppo,4.103848457336426
5765,saint_ppo,0.26302337646484375
5766,saint_ppo,-1.6206541061401367
5767,saint_ppo,4.763830184936523
5768,saint_ppo,-0.5242767333984375
5769,saint_ppo,0.7845802307128906
5770,saint_ppo,0.676447868347168
5771,saint_ppo,6.268673896789551
5772,saint_ppo,0.21060466766357422
5773,saint_ppo,1.0594062805175781
5774,saint_ppo,0.2729158401489258
5775,saint_ppo,2.9316444396972656
5776,saint_ppo,3.416876792907715
5777,saint_ppo,2.408426284790039
5778,saint_ppo,2.5883655548095703
5779,saint_ppo,-4.415661811828613
5780,saint_ppo,-0.4159259796142578
5781,saint_ppo,0.16107177734375
5782,saint_ppo,0.9142303466796875
5783,saint_ppo,1.702901840209961
5784,saint_ppo,-1.7019433975219727
5785,saint_ppo,2.0525474548339844
5786,saint_ppo,2.6136035919189453
5787,saint_ppo,0.7830467224121094
5788,saint_ppo,0.977513313293457
5789,saint_ppo,1.4596948623657227
5790,saint_ppo,-1.7021722793579102
5791,saint_ppo,0.7548503875732422
5792,saint_ppo,0.5208959579467773
5793,saint_ppo,0.5058584213256836
5794,saint_ppo,0.5277786254882812
5795,saint_ppo,-2.4426326751708984
5796,saint_ppo,-0.9684114456176758
5797,saint_ppo,1.4577064514160156
5798,saint_ppo,4.764592170715332
5799,saint_ppo,-1.0332412719726562
5800,saint_ppo,1.009429931640625
5801,saint_ppo,0.5786619186401367
5802,saint_ppo,1.2509727478027344
5803,saint_ppo,0.8285913467407227
5804,saint_ppo,2.0537610054016113
5805,saint_ppo,0.7271652221679688
5806,saint_ppo,1.5630989074707031
5807,saint_ppo,4.693874359130859
5808,saint_ppo,-1.3044672012329102
5809,saint_ppo,1.316279411315918
5810,saint_ppo,1.9090280532836914
5811,saint_ppo,1.3513154983520508
5812,saint_ppo,1.3693809509277344
5813,saint_ppo,-0.4676485061645508
5814,saint_ppo,1.6469974517822266
5815,saint_ppo,-2.589550018310547
5816,saint_ppo,0.6911134719848633
5817,saint_ppo,-1.2106904983520508
5818,saint_ppo,0.7667913436889648
5819,saint_ppo,0.22840023040771484
5820,saint_ppo,-0.11744117736816406
5821,saint_ppo,1.500253677368164
5822,saint_ppo,1.0532751083374023
5823,saint_ppo,4.919831275939941
5824,saint_ppo,0.9692564010620117
5825,saint_ppo,1.9833431243896484
5826,saint_ppo,1.3276357650756836
5827,saint_ppo,-0.7457981109619141
5828,saint_ppo,-1.121739387512207
5829,saint_ppo,-2.761204719543457
5830,saint_ppo,-0.4883127212524414
5831,saint_ppo,0.5255727767944336
5832,saint_ppo,1.1107769012451172
5833,saint_ppo,-1.2757387161254883
5834,saint_ppo,1.7279081344604492
5835,saint_ppo,-0.2947540283203125
5836,saint_ppo,1.7352800369262695
5837,saint_ppo,3.59824275970459
5838,saint_ppo,2.190524101257324
5839,saint_ppo,0.6433238983154297
5840,saint_ppo,4.295016288757324
5841,saint_ppo,3.4174108505249023
5842,saint_ppo,1.390584945678711
5843,saint_ppo,1.2843608856201172
5844,saint_ppo,2.1767139434814453
5845,saint_ppo,-0.30603790283203125
5846,saint_ppo,-0.34127330780029297
5847,saint_ppo,1.8944625854492188
5848,saint_ppo,0.6634597778320312
5849,saint_ppo,2.118218421936035
5850,saint_ppo,-0.32477283477783203
5851,saint_ppo,-1.2689294815063477
5852,saint_ppo,3.2558164596557617
5853,saint_ppo,0.5236082077026367
5854,saint_ppo,0.4171867370605469
5855,saint_ppo,-0.8814620971679688
5856,saint_ppo,5.337006568908691
5857,saint_ppo,1.4114446640014648
5858,saint_ppo,-1.4141302108764648
5859,saint_ppo,0.2952098846435547
5860,saint_ppo,1.6811981201171875
5861,saint_ppo,1.1735963821411133
5862,saint_ppo,1.119582176208496
5863,saint_ppo,-0.027530670166015625
5864,saint_ppo,1.1426353454589844
5865,saint_ppo,0.47702503204345703
5866,saint_ppo,-0.2981758117675781
5867,saint_ppo,0.8788204193115234
5868,saint_ppo,-1.6033368110656738
5869,saint_ppo,1.4252824783325195
5870,saint_ppo,0.8909149169921875
5871,saint_ppo,0.18140029907226562
5872,saint_ppo,0.3426647186279297
5873,saint_ppo,-0.3039579391479492
5874,saint_ppo,0.49367523193359375
5875,saint_ppo,0.07709980010986328
5876,saint_ppo,0.5824756622314453
5877,saint_ppo,-3.6073856353759766
5878,saint_ppo,2.6429595947265625
5879,saint_ppo,-0.22560596466064453
5880,saint_ppo,-0.8913955688476562
5881,saint_ppo,-0.10436058044433594
5882,saint_ppo,-0.6427211761474609
5883,saint_ppo,-1.0334720611572266
5884,saint_ppo,0.7013778686523438
5885,saint_ppo,-2.1421451568603516
5886,saint_ppo,3.503824234008789
5887,saint_ppo,4.061864852905273
5888,saint_ppo,1.4795570373535156
5889,saint_ppo,2.7622222900390625
5890,saint_ppo,4.077081680297852
5891,saint_ppo,1.0682144165039062
5892,saint_ppo,-0.85906982421875
5893,saint_ppo,0.5879726409912109
5894,saint_ppo,0.7994613647460938
5895,saint_ppo,0.8355712890625
5896,saint_ppo,-4.123581886291504
5897,saint_ppo,1.122772216796875
5898,saint_ppo,2.3188419342041016
5899,saint_ppo,1.0010318756103516
5900,saint_ppo,1.0769071578979492
5901,saint_ppo,-2.5462265014648438
5902,saint_ppo,1.309309959411621
5903,saint_ppo,-0.5040712356567383
5904,saint_ppo,4.060193061828613
5905,saint_ppo,1.8672456741333008
5906,saint_ppo,-1.1473846435546875
5907,saint_ppo,-1.1527328491210938
5908,saint_ppo,-0.423919677734375
5909,saint_ppo,1.0512933731079102
5910,saint_ppo,-1.0412721633911133
5911,saint_ppo,0.36273670196533203
5912,saint_ppo,1.5439300537109375
5913,saint_ppo,-0.015038490295410156
5914,saint_ppo,1.1235771179199219
5915,saint_ppo,-0.9449844360351562
5916,saint_ppo,0.6226053237915039
5917,saint_ppo,-1.0471534729003906
5918,saint_ppo,3.1213836669921875
5919,saint_ppo,-0.9336280822753906
5920,saint_ppo,0.43825435638427734
5921,saint_ppo,2.9207611083984375
5922,saint_ppo,0.3256845474243164
5923,saint_ppo,1.705648422241211
5924,saint_ppo,2.9417123794555664
5925,saint_ppo,-2.313617706298828
5926,saint_ppo,0.49779415130615234
5927,saint_ppo,0.10213851928710938
5928,saint_ppo,-1.5340032577514648
5929,saint_ppo,0.7725095748901367
5930,saint_ppo,1.0717926025390625
5931,saint_ppo,0.7895269393920898
5932,saint_ppo,0.10898303985595703
5933,saint_ppo,0.8034334182739258
5934,saint_ppo,0.4491453170776367
5935,saint_ppo,0.8675603866577148
5936,saint_ppo,-0.38346195220947266
5937,saint_ppo,2.9810447692871094
5938,saint_ppo,1.4227142333984375
5939,saint_ppo,0.2991647720336914
5940,saint_ppo,-0.06757450103759766
5941,saint_ppo,0.7532415390014648
5942,saint_ppo,0.6977529525756836
5943,saint_ppo,2.0773134231567383
5944,saint_ppo,0.07243156433105469
5945,saint_ppo,2.0048866271972656
5946,saint_ppo,0.1190185546875
5947,saint_ppo,-0.056911468505859375
5948,saint_ppo,2.702892303466797
5949,saint_ppo,0.3601207733154297
5950,saint_ppo,0.3336906433105469
5951,saint_ppo,0.7729129791259766
5952,saint_ppo,2.6490936279296875
5953,saint_ppo,-1.0635662078857422
5954,saint_ppo,4.641310214996338
5955,saint_ppo,0.08519649505615234
5956,saint_ppo,0.7520427703857422
5957,saint_ppo,0.00916290283203125
5958,saint_ppo,2.407198905944824
5959,saint_ppo,1.9144048690795898
5960,saint_ppo,-0.31569385528564453
5961,saint_ppo,2.3446245193481445
5962,saint_ppo,0.012581825256347656
5963,saint_ppo,2.2568788528442383
5964,saint_ppo,0.11175251007080078
5965,saint_ppo,3.826723098754883
5966,saint_ppo,-1.8626813888549805
5967,saint_ppo,1.4029130935668945
5968,saint_ppo,0.828460693359375
5969,saint_ppo,1.2889947891235352
5970,saint_ppo,-1.030355453491211
5971,saint_ppo,2.956913948059082
5972,saint_ppo,-1.4018211364746094
5973,saint_ppo,1.2788429260253906
5974,saint_ppo,4.393043518066406
5975,saint_ppo,0.6481590270996094
5976,saint_ppo,0.20279693603515625
5977,saint_ppo,1.2423744201660156
5978,saint_ppo,0.4985504150390625
5979,saint_ppo,2.7466936111450195
5980,saint_ppo,0.06801033020019531
5981,saint_ppo,-1.267120361328125
5982,saint_ppo,1.1236391067504883
5983,saint_ppo,-0.08452510833740234
5984,saint_ppo,1.319676399230957
5985,saint_ppo,0.0762939453125
5986,saint_ppo,1.0060606002807617
5987,saint_ppo,1.4269180297851562
5988,saint_ppo,0.8639516830444336
5989,saint_ppo,-2.027111053466797
5990,saint_ppo,-0.1902141571044922
5991,saint_ppo,3.3726186752319336
5992,saint_ppo,2.037299156188965
5993,saint_ppo,1.2257728576660156
5994,saint_ppo,3.085723876953125
5995,saint_ppo,0.0034894943237304688
5996,saint_ppo,1.26849365234375
5997,saint_ppo,5.099040985107422
5998,saint_ppo,1.704671859741211
5999,saint_ppo,0.9329328536987305
6000,saint_ppo,-0.12978744506835938
6001,saint_ppo,0.028491973876953125
6002,saint_ppo,-0.1212759017944336
6003,saint_ppo,0.7376155853271484
6004,saint_ppo,3.197114944458008
6005,saint_ppo,0.6175899505615234
6006,saint_ppo,1.2708854675292969
6007,saint_ppo,1.1785564422607422
6008,saint_ppo,3.8519163131713867
6009,saint_ppo,2.4931983947753906
6010,saint_ppo,4.304759979248047
6011,saint_ppo,0.8780145645141602
6012,saint_ppo,0.8268594741821289
6013,saint_ppo,0.9210596084594727
6014,saint_ppo,1.837554931640625
6015,saint_ppo,-0.07493305206298828
6016,saint_ppo,-0.14902400970458984
6017,saint_ppo,0.1773672103881836
6018,saint_ppo,1.1884689331054688
6019,saint_ppo,0.9137248992919922
6020,saint_ppo,0.6519813537597656
6021,saint_ppo,2.0144262313842773
6022,saint_ppo,0.6225833892822266
6023,saint_ppo,-0.6868934631347656
6024,saint_ppo,0.9632444381713867
6025,saint_ppo,1.0474328994750977
6026,saint_ppo,0.4209470748901367
6027,saint_ppo,2.8675947189331055
6028,saint_ppo,0.049896240234375
6029,saint_ppo,2.084364891052246
6030,saint_ppo,1.4916143417358398
6031,saint_ppo,5.215118408203125
6032,saint_ppo,3.1007080078125
6033,saint_ppo,0.7896747589111328
6034,saint_ppo,2.589000701904297
6035,saint_ppo,1.1516990661621094
6036,saint_ppo,2.2130661010742188
6037,saint_ppo,1.4975862503051758
6038,saint_ppo,0.7753086090087891
6039,saint_ppo,1.124037742614746
6040,saint_ppo,0.04282951354980469
6041,saint_ppo,-0.2104635238647461
6042,saint_ppo,0.6291437149047852
6043,saint_ppo,-1.5514192581176758
6044,saint_ppo,1.5155162811279297
6045,saint_ppo,0.31176185607910156
6046,saint_ppo,1.6948833465576172
6047,saint_ppo,1.7433929443359375
6048,saint_ppo,0.5410165786743164
6049,saint_ppo,0.6712284088134766
6050,saint_ppo,7.601076126098633
6051,saint_ppo,1.3970298767089844
6052,saint_ppo,0.43529796600341797
6053,saint_ppo,1.2248010635375977
6054,saint_ppo,1.0246906280517578
6055,saint_ppo,1.211428165435791
6056,saint_ppo,0.7471761703491211
6057,saint_ppo,1.2638988494873047
6058,saint_ppo,1.0834388732910156
6059,saint_ppo,3.3605222702026367
6060,saint_ppo,2.110844612121582
6061,saint_ppo,3.695951461791992
6062,saint_ppo,0.5799369812011719
6063,saint_ppo,1.5295381546020508
6064,saint_ppo,0.048928260803222656
6065,saint_ppo,0.3083229064941406
6066,saint_ppo,-0.4127969741821289
6067,saint_ppo,3.0535707473754883
6068,saint_ppo,1.0989151000976562
6069,saint_ppo,1.057358741760254
6070,saint_ppo,0.6684103012084961
6071,saint_ppo,0.11230659484863281
6072,saint_ppo,-2.016145706176758
6073,saint_ppo,0.6103353500366211
6074,saint_ppo,-0.1982431411743164
6075,saint_ppo,-0.20011520385742188
6076,saint_ppo,2.0513839721679688
6077,saint_ppo,0.7912759780883789
6078,saint_ppo,0.6159648895263672
6079,saint_ppo,0.5888462066650391
6080,saint_ppo,-0.3159675598144531
6081,saint_ppo,0.5430078506469727
6082,saint_ppo,1.2182140350341797
6083,saint_ppo,1.154984474182129
6084,saint_ppo,0.9093179702758789
6085,saint_ppo,1.7136993408203125
6086,saint_ppo,1.7498092651367188
6087,saint_ppo,3.7329111099243164
6088,saint_ppo,1.4279308319091797
6089,saint_ppo,-1.2270526885986328
6090,saint_ppo,0.3145322799682617
6091,saint_ppo,-0.13379669189453125
6092,saint_ppo,1.3144102096557617
6093,saint_ppo,0.47754955291748047
6094,saint_ppo,1.9066028594970703
6095,saint_ppo,0.06170845031738281
6096,saint_ppo,2.188460350036621
6097,saint_ppo,2.0282669067382812
6098,saint_ppo,3.20365047454834
6099,saint_ppo,0.790867805480957
6100,saint_ppo,2.157773971557617
6101,saint_ppo,1.0554084777832031
6102,saint_ppo,-1.055220603942871
6103,saint_ppo,0.31508350372314453
6104,saint_ppo,1.4025192260742188
6105,saint_ppo,1.0669183731079102
6106,saint_ppo,1.4949359893798828
6107,saint_ppo,3.0321149826049805
6108,saint_ppo,2.029245376586914
6109,saint_ppo,1.9201602935791016
6110,saint_ppo,0.557835578918457
6111,saint_ppo,-0.15294742584228516
6112,saint_ppo,-0.35660362243652344
6113,saint_ppo,1.9432458877563477
6114,saint_ppo,1.8004541397094727
6115,saint_ppo,1.2314558029174805
6116,saint_ppo,0.9181375503540039
6117,saint_ppo,0.145355224609375
6118,saint_ppo,1.6323871612548828
6119,saint_ppo,0.8694868087768555
6120,saint_ppo,-0.11235237121582031
6121,saint_ppo,0.5804948806762695
6122,saint_ppo,3.663370132446289
6123,saint_ppo,5.858511924743652
6124,saint_ppo,0.9995040893554688
6125,saint_ppo,4.807476997375488
6126,saint_ppo,0.323272705078125
6127,saint_ppo,-1.0272226333618164
6128,saint_ppo,0.7551689147949219
6129,saint_ppo,1.7858362197875977
6130,saint_ppo,0.931401252746582
6131,saint_ppo,0.6921157836914062
6132,saint_ppo,2.8863697052001953
6133,saint_ppo,-1.3338375091552734
6134,saint_ppo,2.0253429412841797
6135,saint_ppo,0.8425264358520508
6136,saint_ppo,0.6188879013061523
6137,saint_ppo,1.035390853881836
6138,saint_ppo,0.6935844421386719
6139,saint_ppo,1.3840007781982422
6140,saint_ppo,3.4042882919311523
6141,saint_ppo,1.6461639404296875
6142,saint_ppo,2.626544952392578
6143,saint_ppo,2.136659622192383
6144,saint_ppo,2.383678436279297
6145,saint_ppo,-0.8722600936889648
6146,saint_ppo,-0.19075775146484375
6147,saint_ppo,0.8266773223876953
6148,saint_ppo,-0.23480224609375
6149,saint_ppo,1.9056386947631836
6150,saint_ppo,-1.4010419845581055
6151,saint_ppo,-2.0384521484375
6152,saint_ppo,-1.3395452499389648
6153,saint_ppo,1.2274417877197266
6154,saint_ppo,3.6620121002197266
6155,saint_ppo,0.1222982406616211
6156,saint_ppo,0.24650859832763672
6157,saint_ppo,1.4610700607299805
6158,saint_ppo,2.805044174194336
6159,saint_ppo,1.2503185272216797
6160,saint_ppo,1.9576215744018555
6161,saint_ppo,-2.709930419921875
6162,saint_ppo,2.303546905517578
6163,saint_ppo,3.1515932083129883
6164,saint_ppo,1.2263145446777344
6165,saint_ppo,0.9751577377319336
6166,saint_ppo,-2.420154571533203
6167,saint_ppo,1.5249519348144531
6168,saint_ppo,0.5505475997924805
6169,saint_ppo,0.20804691314697266
6170,saint_ppo,-0.3966951370239258
6171,saint_ppo,3.4787797927856445
6172,saint_ppo,-0.5497627258300781
6173,saint_ppo,-0.05584526062011719
6174,saint_ppo,-0.9460697174072266
6175,saint_ppo,-0.27941179275512695
6176,saint_ppo,1.0339794158935547
6177,saint_ppo,6.002025604248047
6178,saint_ppo,0.6407709121704102
6179,saint_ppo,1.4402847290039062
6180,saint_ppo,4.354991912841797
6181,saint_ppo,1.1068506240844727
6182,saint_ppo,0.5432519912719727
6183,saint_ppo,1.1812572479248047
6184,saint_ppo,3.4281320571899414
6185,saint_ppo,1.0872526168823242
6186,saint_ppo,1.7327356338500977
6187,saint_ppo,-0.7535839080810547
6188,saint_ppo,2.653125762939453
6189,saint_ppo,1.2325057983398438
6190,saint_ppo,1.2764301300048828
6191,saint_ppo,1.4149093627929688
6192,saint_ppo,2.833280563354492
6193,saint_ppo,-1.3444304466247559
6194,saint_ppo,-2.1737899780273438
6195,saint_ppo,0.4521617889404297
6196,saint_ppo,-2.2948732376098633
6197,saint_ppo,1.7035541534423828
6198,saint_ppo,-0.9095830917358398
6199,saint_ppo,3.3032941818237305
6200,saint_ppo,2.7564468383789062
6201,saint_ppo,1.2460088729858398
6202,saint_ppo,1.055704116821289
6203,saint_ppo,1.5171451568603516
6204,saint_ppo,1.8996009826660156
6205,saint_ppo,1.891916275024414
6206,saint_ppo,2.237919807434082
6207,saint_ppo,1.5007495880126953
6208,saint_ppo,-0.24733924865722656
6209,saint_ppo,0.9078664779663086
6210,saint_ppo,0.7620763778686523
6211,saint_ppo,0.3968801498413086
6212,saint_ppo,2.4990596771240234
6213,saint_ppo,0.5152826309204102
6214,saint_ppo,-0.3589630126953125
6215,saint_ppo,1.450551986694336
6216,saint_ppo,1.2571039199829102
6217,saint_ppo,1.4025115966796875
6218,saint_ppo,1.4238204956054688
6219,saint_ppo,-0.5973129272460938
6220,saint_ppo,2.1340084075927734
6221,saint_ppo,1.0094327926635742
6222,saint_ppo,-0.02544879913330078
6223,saint_ppo,1.325730800628662
6224,saint_ppo,1.5967578887939453
6225,saint_ppo,-0.2753453254699707
6226,saint_ppo,1.7217226028442383
6227,saint_ppo,2.8688888549804688
6228,saint_ppo,2.838486671447754
6229,saint_ppo,0.80218505859375
6230,saint_ppo,5.013493537902832
6231,saint_ppo,0.22564697265625
6232,saint_ppo,1.908827304840088
6233,saint_ppo,1.5985336303710938
6234,saint_ppo,1.435896873474121
6235,saint_ppo,-0.09245014190673828
6236,saint_ppo,0.9506263732910156
6237,saint_ppo,0.6843576431274414
6238,saint_ppo,1.442819595336914
6239,saint_ppo,4.125731468200684
6240,saint_ppo,-0.01995563507080078
6241,saint_ppo,2.4780220985412598
6242,saint_ppo,0.8391132354736328
6243,saint_ppo,4.333099365234375
6244,saint_ppo,1.7871322631835938
6245,saint_ppo,4.740762710571289
6246,saint_ppo,1.30755615234375
6247,saint_ppo,1.5161571502685547
6248,saint_ppo,1.382462501525879
6249,saint_ppo,1.164170265197754
6250,saint_ppo,-0.529932975769043
6251,saint_ppo,1.3513679504394531
6252,saint_ppo,2.0396785736083984
6253,saint_ppo,0.20734786987304688
6254,saint_ppo,0.31173038482666016
6255,saint_ppo,1.9792213439941406
6256,saint_ppo,0.7705860137939453
6257,saint_ppo,-0.4000539779663086
6258,saint_ppo,-1.139134407043457
6259,saint_ppo,1.830862045288086
6260,saint_ppo,0.7092771530151367
6261,saint_ppo,1.3810644149780273
6262,saint_ppo,0.8796653747558594
6263,saint_ppo,1.1110048294067383
6264,saint_ppo,3.822122573852539
6265,saint_ppo,1.393204689025879
6266,saint_ppo,1.2732515335083008
6267,saint_ppo,0.8507461547851562
6268,saint_ppo,0.7614955902099609
6269,saint_ppo,-0.7143106460571289
6270,saint_ppo,-0.6132736206054688
6271,saint_ppo,-1.0522069931030273
6272,saint_ppo,0.305450439453125
6273,saint_ppo,-0.32822704315185547
6274,saint_ppo,1.6867551803588867
6275,saint_ppo,-4.78104305267334
6276,saint_ppo,0.9749326705932617
6277,saint_ppo,-0.30767154693603516
6278,saint_ppo,1.7009143829345703
6279,saint_ppo,0.6179790496826172
6280,saint_ppo,4.468605041503906
6281,saint_ppo,1.00370454788208
6282,saint_ppo,1.8391780853271484
6283,saint_ppo,1.007272720336914
6284,saint_ppo,0.3493194580078125
6285,saint_ppo,-0.8509902954101562
6286,saint_ppo,-0.240234375
6287,saint_ppo,-1.0078325271606445
6288,saint_ppo,2.609745979309082
6289,saint_ppo,1.0069665908813477
6290,saint_ppo,1.9016180038452148
6291,saint_ppo,1.825601577758789
6292,saint_ppo,0.7457561492919922
6293,saint_ppo,1.4307270050048828
6294,saint_ppo,-3.2772836685180664
6295,saint_ppo,1.9935503005981445
6296,saint_ppo,1.219590187072754
6297,saint_ppo,0.8148765563964844
6298,saint_ppo,2.2226457595825195
6299,saint_ppo,1.8830318450927734
6300,saint_ppo,-0.28071022033691406
6301,saint_ppo,-0.7429666519165039
6302,saint_ppo,1.2476415634155273
6303,saint_ppo,2.312016487121582
6304,saint_ppo,4.967845916748047
6305,saint_ppo,-3.361058235168457
6306,saint_ppo,0.8022241592407227
6307,saint_ppo,-0.15264415740966797
6308,saint_ppo,1.196685791015625
6309,saint_ppo,5.811034202575684
6310,saint_ppo,0.848114013671875
6311,saint_ppo,1.2162723541259766
6312,saint_ppo,-1.1172294616699219
6313,saint_ppo,0.7973508834838867
6314,saint_ppo,2.257208824157715
6315,saint_ppo,1.8680763244628906
6316,saint_ppo,2.4695053100585938
6317,saint_ppo,0.4398822784423828
6318,saint_ppo,1.0753040313720703
6319,saint_ppo,2.8557939529418945
6320,saint_ppo,1.1328487396240234
6321,saint_ppo,1.996133804321289
6322,saint_ppo,0.7699241638183594
6323,saint_ppo,-0.9416465759277344
6324,saint_ppo,-2.482583999633789
6325,saint_ppo,2.9634437561035156
6326,saint_ppo,1.4920902252197266
6327,saint_ppo,1.6300134658813477
6328,saint_ppo,1.1723318099975586
6329,saint_ppo,1.0171146392822266
6330,saint_ppo,0.5973987579345703
6331,saint_ppo,-0.6539945602416992
6332,saint_ppo,1.540785789489746
6333,saint_ppo,-0.5115394592285156
6334,saint_ppo,-0.4797182083129883
6335,saint_ppo,2.5835609436035156
6336,saint_ppo,2.2136363983154297
6337,saint_ppo,1.3651533126831055
6338,saint_ppo,0.6712932586669922
6339,saint_ppo,-0.3704214096069336
6340,saint_ppo,-1.043156623840332
6341,saint_ppo,1.5939674377441406
6342,saint_ppo,1.4316082000732422
6343,saint_ppo,3.051851272583008
6344,saint_ppo,1.0010194778442383
6345,saint_ppo,-3.8165130615234375
6346,saint_ppo,1.2127571105957031
6347,saint_ppo,4.032262802124023
6348,saint_ppo,2.1536121368408203
6349,saint_ppo,1.0458641052246094
6350,saint_ppo,0.1326456069946289
6351,saint_ppo,2.6137924194335938
6352,saint_ppo,-0.5611629486083984
6353,saint_ppo,1.445652961730957
6354,saint_ppo,1.4953079223632812
6355,saint_ppo,1.3139305114746094
6356,saint_ppo,1.6950302124023438
6357,saint_ppo,1.915191650390625
6358,saint_ppo,0.9960994720458984
6359,saint_ppo,1.6043691635131836
6360,saint_ppo,0.6612224578857422
6361,saint_ppo,1.4386577606201172
6362,saint_ppo,-5.853960037231445
6363,saint_ppo,-0.15047931671142578
6364,saint_ppo,2.7097606658935547
6365,saint_ppo,0.5313549041748047
6366,saint_ppo,-0.06850910186767578
6367,saint_ppo,1.5148048400878906
6368,saint_ppo,1.2694425582885742
6369,saint_ppo,0.046402931213378906
6370,saint_ppo,-0.3618450164794922
6371,saint_ppo,0.07140159606933594
6372,saint_ppo,5.585454940795898
6373,saint_ppo,-0.6715164184570312
6374,saint_ppo,1.4919548034667969
6375,saint_ppo,-1.1311922073364258
6376,saint_ppo,1.8342199325561523
6377,saint_ppo,0.9026460647583008
6378,saint_ppo,2.9911317825317383
6379,saint_ppo,0.892125129699707
6380,saint_ppo,1.3059606552124023
6381,saint_ppo,3.7172813415527344
6382,saint_ppo,1.5919008255004883
6383,saint_ppo,5.501140594482422
6384,saint_ppo,0.9148263931274414
6385,saint_ppo,5.142910003662109
6386,saint_ppo,2.5316309928894043
6387,saint_ppo,3.5796432495117188
6388,saint_ppo,-0.005158424377441406
6389,saint_ppo,0.9749612808227539
6390,saint_ppo,1.0038928985595703
6391,saint_ppo,0.3298358917236328
6392,saint_ppo,1.9528770446777344
6393,saint_ppo,1.6724853515625
6394,saint_ppo,0.12366104125976562
6395,saint_ppo,1.3176565170288086
6396,saint_ppo,2.2705917358398438
6397,saint_ppo,1.0774097442626953
6398,saint_ppo,0.5686979293823242
6399,saint_ppo,0.20085906982421875
6400,saint_ppo,0.3636159896850586
6401,saint_ppo,-1.013895034790039
6402,saint_ppo,1.6265840530395508
6403,saint_ppo,4.661224365234375
6404,saint_ppo,-1.3632392883300781
6405,saint_ppo,1.1656684875488281
6406,saint_ppo,3.17887020111084
6407,saint_ppo,3.312366485595703
6408,saint_ppo,1.636148452758789
6409,saint_ppo,1.9089851379394531
6410,saint_ppo,-0.11261463165283203
6411,saint_ppo,0.2603931427001953
6412,saint_ppo,-0.004891395568847656
6413,saint_ppo,0.8304538726806641
6414,saint_ppo,3.4191341400146484
6415,saint_ppo,3.313145637512207
6416,saint_ppo,1.7513561248779297
6417,saint_ppo,2.470608711242676
6418,saint_ppo,-0.5514888763427734
6419,saint_ppo,-0.3791360855102539
6420,saint_ppo,0.39252662658691406
6421,saint_ppo,1.5702381134033203
6422,saint_ppo,2.2087459564208984
6423,saint_ppo,0.45418453216552734
6424,saint_ppo,3.4885406494140625
6425,saint_ppo,3.757084846496582
6426,saint_ppo,1.3954639434814453
6427,saint_ppo,1.2116260528564453
6428,saint_ppo,0.629852294921875
6429,saint_ppo,0.6376829147338867
6430,saint_ppo,-0.3493919372558594
6431,saint_ppo,2.084366798400879
6432,saint_ppo,2.4349594116210938
6433,saint_ppo,0.9699583053588867
6434,saint_ppo,4.678655624389648
6435,saint_ppo,1.4828004837036133
6436,saint_ppo,-0.06625556945800781
6437,saint_ppo,1.12432861328125
6438,saint_ppo,1.3394489288330078
6439,saint_ppo,1.7188529968261719
6440,saint_ppo,0.5450820922851562
6441,saint_ppo,0.2581901550292969
6442,saint_ppo,-0.9768161773681641
6443,saint_ppo,1.0594921112060547
6444,saint_ppo,0.0958566665649414
6445,saint_ppo,-1.2066774368286133
6446,saint_ppo,-3.6368255615234375
6447,saint_ppo,-2.848698616027832
6448,saint_ppo,1.1458702087402344
6449,saint_ppo,1.7914466857910156
6450,saint_ppo,0.3123283386230469
6451,saint_ppo,1.581369400024414
6452,saint_ppo,1.9078445434570312
6453,saint_ppo,1.1070785522460938
6454,saint_ppo,2.575777053833008
6455,saint_ppo,0.5083951950073242
6456,saint_ppo,2.1213979721069336
6457,saint_ppo,1.8943977355957031
6458,saint_ppo,0.5662937164306641
6459,saint_ppo,2.9945859909057617
6460,saint_ppo,-0.6386051177978516
6461,saint_ppo,1.8337125778198242
6462,saint_ppo,-0.09366798400878906
6463,saint_ppo,2.9866323471069336
6464,saint_ppo,1.1979303359985352
6465,saint_ppo,1.0233116149902344
6466,saint_ppo,1.892683982849121
6467,saint_ppo,0.8716402053833008
6468,saint_ppo,3.517237663269043
6469,saint_ppo,1.0920400619506836
6470,saint_ppo,3.704317092895508
6471,saint_ppo,1.3152780532836914
6472,saint_ppo,1.1113567352294922
6473,saint_ppo,-0.6520204544067383
6474,saint_ppo,0.01229095458984375
6475,saint_ppo,2.645202159881592
6476,saint_ppo,0.5551395416259766
6477,saint_ppo,3.063791275024414
6478,saint_ppo,1.1201553344726562
6479,saint_ppo,1.6479310989379883
6480,saint_ppo,2.2965192794799805
6481,saint_ppo,-1.4829015731811523
6482,saint_ppo,-0.49076175689697266
6483,saint_ppo,2.870361328125
6484,saint_ppo,1.4662046432495117
6485,saint_ppo,1.6053266525268555
6486,saint_ppo,3.644282341003418
6487,saint_ppo,0.399078369140625
6488,saint_ppo,0.6125593185424805
6489,saint_ppo,-0.19951438903808594
6490,saint_ppo,-1.0145597457885742
6491,saint_ppo,0.7601275444030762
6492,saint_ppo,1.8919658660888672
6493,saint_ppo,1.251387596130371
6494,saint_ppo,0.4236774444580078
6495,saint_ppo,1.3980207443237305
6496,saint_ppo,0.6422138214111328
6497,saint_ppo,1.0309419631958008
6498,saint_ppo,3.468851089477539
6499,saint_ppo,1.553628921508789
6500,saint_ppo,0.6789283752441406
6501,saint_ppo,0.4996938705444336
6502,saint_ppo,0.49658870697021484
6503,saint_ppo,0.38077545166015625
6504,saint_ppo,-0.9014005661010742
6505,saint_ppo,1.7996644973754883
6506,saint_ppo,0.2409076690673828
6507,saint_ppo,3.4108028411865234
6508,saint_ppo,2.4456586837768555
6509,saint_ppo,3.002714157104492
6510,saint_ppo,1.9251890182495117
6511,saint_ppo,0.38144397735595703
6512,saint_ppo,0.7483005523681641
6513,saint_ppo,0.47840309143066406
6514,saint_ppo,0.7550868988037109
6515,saint_ppo,2.728099822998047
6516,saint_ppo,-2.035691261291504
6517,saint_ppo,0.04413604736328125
6518,saint_ppo,0.49881935119628906
6519,saint_ppo,0.9680604934692383
6520,saint_ppo,-0.12162208557128906
6521,saint_ppo,0.6809110641479492
6522,saint_ppo,0.9984407424926758
6523,saint_ppo,1.9365949630737305
6524,saint_ppo,6.301057815551758
6525,saint_ppo,0.8116111755371094
6526,saint_ppo,1.4569768905639648
6527,saint_ppo,4.601553916931152
6528,saint_ppo,1.1963005065917969
6529,saint_ppo,2.636646270751953
6530,saint_ppo,2.125046730041504
6531,saint_ppo,3.481137275695801
6532,saint_ppo,1.4690265655517578
6533,saint_ppo,-1.3239498138427734
6534,saint_ppo,-0.13225650787353516
6535,saint_ppo,1.2853507995605469
6536,saint_ppo,1.1184883117675781
6537,saint_ppo,1.7479991912841797
6538,saint_ppo,1.6118888854980469
6539,saint_ppo,1.219259262084961
6540,saint_ppo,0.5928525924682617
6541,saint_ppo,1.1955385208129883
6542,saint_ppo,0.5781164169311523
6543,saint_ppo,0.793400764465332
6544,saint_ppo,0.4972362518310547
6545,saint_ppo,1.902435302734375
6546,saint_ppo,1.3172378540039062
6547,saint_ppo,1.9752254486083984
6548,saint_ppo,-1.2018604278564453
6549,saint_ppo,-0.5617189407348633
6550,saint_ppo,-2.1010608673095703
6551,saint_ppo,0.001163482666015625
6552,saint_ppo,0.7414073944091797
6553,saint_ppo,1.09735107421875
6554,saint_ppo,2.0407094955444336
6555,saint_ppo,1.5021820068359375
6556,saint_ppo,1.2196712493896484
6557,saint_ppo,0.2742738723754883
6558,saint_ppo,0.9837417602539062
6559,saint_ppo,4.947997093200684
6560,saint_ppo,0.6513919830322266
6561,saint_ppo,0.9277925491333008
6562,saint_ppo,1.5851850509643555
6563,saint_ppo,0.020961761474609375
6564,saint_ppo,0.9515676498413086
6565,saint_ppo,0.3637561798095703
6566,saint_ppo,-1.0864901542663574
6567,saint_ppo,3.6827917098999023
6568,saint_ppo,2.3790950775146484
6569,saint_ppo,0.8802423477172852
6570,saint_ppo,0.8676700592041016
6571,saint_ppo,2.508359909057617
6572,saint_ppo,-1.229696273803711
6573,saint_ppo,1.2028427124023438
6574,saint_ppo,2.8645668029785156
6575,saint_ppo,1.1115484237670898
6576,saint_ppo,1.35296630859375
6577,saint_ppo,-0.6614341735839844
6578,saint_ppo,0.6474151611328125
6579,saint_ppo,0.5512495040893555
6580,saint_ppo,-0.7045803070068359
6581,saint_ppo,0.035584449768066406
6582,saint_ppo,4.4644670486450195
6583,saint_ppo,2.12368106842041
6584,saint_ppo,2.033860206604004
6585,saint_ppo,-0.6551418304443359
6586,saint_ppo,0.9092226028442383
6587,saint_ppo,-0.24779510498046875
6588,saint_ppo,1.0982894897460938
6589,saint_ppo,1.0555429458618164
6590,saint_ppo,1.025435447692871
6591,saint_ppo,1.223771095275879
6592,saint_ppo,0.7084188461303711
6593,saint_ppo,1.4810266494750977
6594,saint_ppo,1.9854631423950195
6595,saint_ppo,1.6586875915527344
6596,saint_ppo,0.6138296127319336
6597,saint_ppo,1.3322734832763672
6598,saint_ppo,0.3275442123413086
6599,saint_ppo,0.6954965591430664
6600,saint_ppo,2.695254325866699
6601,saint_ppo,1.420119285583496
6602,saint_ppo,1.4427061080932617
6603,saint_ppo,2.988565444946289
6604,saint_ppo,1.5753746032714844
6605,saint_ppo,1.9054250717163086
6606,saint_ppo,1.0840578079223633
6607,saint_ppo,2.1052255630493164
6608,saint_ppo,1.7864251136779785
6609,saint_ppo,1.6483440399169922
6610,saint_ppo,1.0506410598754883
6611,saint_ppo,6.041181564331055
6612,saint_ppo,-2.3129730224609375
6613,saint_ppo,1.2438545227050781
6614,saint_ppo,2.841947555541992
6615,saint_ppo,2.1560020446777344
6616,saint_ppo,-0.38955116271972656
6617,saint_ppo,-0.031907081604003906
6618,saint_ppo,0.11704635620117188
6619,saint_ppo,1.6187429428100586
6620,saint_ppo,-2.1878223419189453
6621,saint_ppo,1.5131397247314453
6622,saint_ppo,0.22743892669677734
6623,saint_ppo,-1.3625030517578125
6624,saint_ppo,3.5086069107055664
6625,saint_ppo,1.2629785537719727
6626,saint_ppo,0.24853229522705078
6627,saint_ppo,0.000370025634765625
6628,saint_ppo,0.47190189361572266
6629,saint_ppo,1.8174190521240234
6630,saint_ppo,0.2504997253417969
6631,saint_ppo,1.6151542663574219
6632,saint_ppo,0.23208141326904297
6633,saint_ppo,0.8499641418457031
6634,saint_ppo,0.6503801345825195
6635,saint_ppo,0.5335874557495117
6636,saint_ppo,0.6259794235229492
6637,saint_ppo,0.8098001480102539
6638,saint_ppo,0.4913902282714844
6639,saint_ppo,0.637385368347168
6640,saint_ppo,1.005758285522461
6641,saint_ppo,-0.8049354553222656
6642,saint_ppo,1.442347526550293
6643,saint_ppo,4.302011489868164
6644,saint_ppo,0.14493751525878906
6645,saint_ppo,0.6823177337646484
6646,saint_ppo,1.0562877655029297
6647,saint_ppo,-0.9048185348510742
6648,saint_ppo,1.9817609786987305
6649,saint_ppo,3.3804502487182617
6650,saint_ppo,2.9817676544189453
6651,saint_ppo,1.1116342544555664
6652,saint_ppo,0.2405071258544922
6653,saint_ppo,3.4566478729248047
6654,saint_ppo,-0.2297687530517578
6655,saint_ppo,0.9362545013427734
6656,saint_ppo,1.9267454147338867
6657,saint_ppo,1.5353736877441406
6658,saint_ppo,3.5363073348999023
6659,saint_ppo,1.3266830444335938
6660,saint_ppo,0.7648019790649414
6661,saint_ppo,0.8919391632080078
6662,saint_ppo,0.6101055145263672
6663,saint_ppo,0.6864700317382812
6664,saint_ppo,1.4955816268920898
6665,saint_ppo,-0.08948707580566406
6666,saint_ppo,1.3675365447998047
6667,saint_ppo,5.624628067016602
6668,saint_ppo,0.5865058898925781
6669,saint_ppo,3.349184989929199
6670,saint_ppo,2.0214242935180664
6671,saint_ppo,1.0797796249389648
6672,saint_ppo,0.1297588348388672
6673,saint_ppo,1.8922863006591797
6674,saint_ppo,-0.7724618911743164
6675,saint_ppo,-0.6488838195800781
6676,saint_ppo,1.8681278228759766
6677,saint_ppo,0.7409086227416992
6678,saint_ppo,-1.6482176780700684
6679,saint_ppo,2.300675392150879
6680,saint_ppo,4.375604629516602
6681,saint_ppo,-0.07345294952392578
6682,saint_ppo,-0.8369255065917969
6683,saint_ppo,2.0109472274780273
6684,saint_ppo,-2.416097640991211
6685,saint_ppo,-0.118682861328125
6686,saint_ppo,1.0025310516357422
6687,saint_ppo,-1.1239910125732422
6688,saint_ppo,0.5959320068359375
6689,saint_ppo,1.5097150802612305
6690,saint_ppo,0.16262531280517578
6691,saint_ppo,-0.040579795837402344
6692,saint_ppo,0.24799537658691406
6693,saint_ppo,1.9869823455810547
6694,saint_ppo,0.4064493179321289
6695,saint_ppo,0.7182683944702148
6696,saint_ppo,1.205911636352539
6697,saint_ppo,0.6102895736694336
6698,saint_ppo,0.48694610595703125
6699,saint_ppo,0.3929481506347656
6700,saint_ppo,0.612492561340332
6701,saint_ppo,0.2140970230102539
6702,saint_ppo,-0.03890037536621094
6703,saint_ppo,0.7450485229492188
6704,saint_ppo,1.0918407440185547
6705,saint_ppo,1.347372055053711
6706,saint_ppo,0.9294986724853516
6707,saint_ppo,0.5755443572998047
6708,saint_ppo,0.6495523452758789
6709,saint_ppo,0.7666940689086914
6710,saint_ppo,0.43140506744384766
6711,saint_ppo,1.9534940719604492
6712,saint_ppo,2.0057172775268555
6713,saint_ppo,0.7615118026733398
6714,saint_ppo,0.11371994018554688
6715,saint_ppo,1.1634845733642578
6716,saint_ppo,0.8986682891845703
6717,saint_ppo,1.2454137802124023
6718,saint_ppo,1.560500144958496
6719,saint_ppo,1.0671281814575195
6720,saint_ppo,2.754476547241211
6721,saint_ppo,-0.4622631072998047
6722,saint_ppo,1.9291906356811523
6723,saint_ppo,0.3754262924194336
6724,saint_ppo,2.290048122406006
6725,saint_ppo,-0.033919334411621094
6726,saint_ppo,0.6345043182373047
6727,saint_ppo,-1.193924903869629
6728,saint_ppo,1.061880111694336
6729,saint_ppo,-0.27869606018066406
6730,saint_ppo,1.3995351791381836
6731,saint_ppo,1.5627517700195312
6732,saint_ppo,0.06742286682128906
6733,saint_ppo,1.889760971069336
6734,saint_ppo,-0.8297185897827148
6735,saint_ppo,1.1030550003051758
6736,saint_ppo,1.5053739547729492
6737,saint_ppo,1.7992687225341797
6738,saint_ppo,0.29764747619628906
6739,saint_ppo,0.3632326126098633
6740,saint_ppo,2.5616865158081055
6741,saint_ppo,5.821354866027832
6742,saint_ppo,0.7961511611938477
6743,saint_ppo,-0.8624944686889648
6744,saint_ppo,4.4940080642700195
6745,saint_ppo,1.2912282943725586
6746,saint_ppo,3.8152694702148438
6747,saint_ppo,4.045785903930664
6748,saint_ppo,2.128988265991211
6749,saint_ppo,-0.1339874267578125
6750,saint_ppo,3.05950927734375
6751,saint_ppo,0.4714632034301758
6752,saint_ppo,0.887110710144043
6753,saint_ppo,3.4027652740478516
6754,saint_ppo,0.40070056915283203
6755,saint_ppo,-0.8230190277099609
6756,saint_ppo,1.9389753341674805
6757,saint_ppo,-0.037392616271972656
6758,saint_ppo,1.0556859970092773
6759,saint_ppo,4.791522026062012
6760,saint_ppo,2.161208152770996
6761,saint_ppo,1.5448646545410156
6762,saint_ppo,1.2128334045410156
6763,saint_ppo,1.225010871887207
6764,saint_ppo,1.5545072555541992
6765,saint_ppo,1.0832281112670898
6766,saint_ppo,-0.018253326416015625
6767,saint_ppo,0.1704258918762207
6768,saint_ppo,-0.19886112213134766
6769,saint_ppo,-0.41551876068115234
6770,saint_ppo,0.4478473663330078
6771,saint_ppo,-0.7228384017944336
6772,saint_ppo,1.3770513534545898
6773,saint_ppo,1.9013051986694336
6774,saint_ppo,0.23470687866210938
6775,saint_ppo,0.038926124572753906
6776,saint_ppo,1.330458641052246
6777,saint_ppo,1.1727180480957031
6778,saint_ppo,0.03453350067138672
6779,saint_ppo,1.6312503814697266
6780,saint_ppo,1.0108661651611328
6781,saint_ppo,0.9822320938110352
6782,saint_ppo,1.2498664855957031
6783,saint_ppo,2.278238296508789
6784,saint_ppo,0.7148828506469727
6785,saint_ppo,0.8512868881225586
6786,saint_ppo,0.6750011444091797
6787,saint_ppo,-1.2899017333984375
6788,saint_ppo,4.9226484298706055
6789,saint_ppo,3.354328155517578
6790,saint_ppo,0.8084917068481445
6791,saint_ppo,1.7564029693603516
6792,saint_ppo,2.286698341369629
6793,saint_ppo,0.175628662109375
6794,saint_ppo,2.757096290588379
6795,saint_ppo,-1.168501853942871
6796,saint_ppo,1.7059640884399414
6797,saint_ppo,-1.1058053970336914
6798,saint_ppo,-2.0922231674194336
6799,saint_ppo,0.2880096435546875
6800,saint_ppo,-0.9288816452026367
6801,saint_ppo,0.8246994018554688
6802,saint_ppo,0.6322441101074219
6803,saint_ppo,1.2109155654907227
6804,saint_ppo,0.6411027908325195
6805,saint_ppo,2.899674415588379
6806,saint_ppo,-1.320298194885254
6807,saint_ppo,0.4541034698486328
6808,saint_ppo,1.1824846267700195
6809,saint_ppo,1.1979589462280273
6810,saint_ppo,1.1759939193725586
6811,saint_ppo,1.2687139511108398
6812,saint_ppo,0.9594354629516602
6813,saint_ppo,0.6491212844848633
6814,saint_ppo,2.0630130767822266
6815,saint_ppo,2.097135543823242
6816,saint_ppo,0.3448486328125
6817,saint_ppo,0.9023656845092773
6818,saint_ppo,1.2673816680908203
6819,saint_ppo,1.3324546813964844
6820,saint_ppo,2.692361831665039
6821,saint_ppo,0.8987016677856445
6822,saint_ppo,1.1339426040649414
6823,saint_ppo,0.9301528930664062
6824,saint_ppo,0.3894987106323242
6825,saint_ppo,0.7302207946777344
6826,saint_ppo,0.2962627410888672
6827,saint_ppo,-0.02371692657470703
6828,saint_ppo,1.6665315628051758
6829,saint_ppo,1.2595758438110352
6830,saint_ppo,3.21981143951416
6831,saint_ppo,0.13654708862304688
6832,saint_ppo,-0.8397121429443359
6833,saint_ppo,0.2989645004272461
6834,saint_ppo,-0.20545673370361328
6835,saint_ppo,0.9021835327148438
6836,saint_ppo,1.944061279296875
6837,saint_ppo,0.40264034271240234
6838,saint_ppo,-0.5553512573242188
6839,saint_ppo,1.1019525527954102
6840,saint_ppo,1.2048120498657227
6841,saint_ppo,1.2892637252807617
6842,saint_ppo,-1.3917112350463867
6843,saint_ppo,0.35741138458251953
6844,saint_ppo,1.572256088256836
6845,saint_ppo,1.5030803680419922
6846,saint_ppo,0.44321250915527344
6847,saint_ppo,0.48612213134765625
6848,saint_ppo,0.4024972915649414
6849,saint_ppo,-3.552678108215332
6850,saint_ppo,1.4998092651367188
6851,saint_ppo,-0.8358154296875
6852,saint_ppo,1.1823959350585938
6853,saint_ppo,0.617131233215332
6854,saint_ppo,1.6909589767456055
6855,saint_ppo,2.2076873779296875
6856,saint_ppo,4.853667259216309
6857,saint_ppo,0.7178735733032227
6858,saint_ppo,2.7094907760620117
6859,saint_ppo,0.8005762100219727
6860,saint_ppo,-0.37174510955810547
6861,saint_ppo,2.013355255126953
6862,saint_ppo,3.362053871154785
6863,saint_ppo,0.1732311248779297
6864,saint_ppo,1.5546808242797852
6865,saint_ppo,0.6571245193481445
6866,saint_ppo,3.3316049575805664
6867,saint_ppo,1.2866182327270508
6868,saint_ppo,5.681905746459961
6869,saint_ppo,0.07277202606201172
6870,saint_ppo,0.9210643768310547
6871,saint_ppo,1.5001201629638672
6872,saint_ppo,2.1324844360351562
6873,saint_ppo,1.6814546585083008
6874,saint_ppo,0.42154502868652344
6875,saint_ppo,1.507218360900879
6876,saint_ppo,1.2665252685546875
6877,saint_ppo,-0.24499130249023438
6878,saint_ppo,0.9892578125
6879,saint_ppo,0.5257043838500977
6880,saint_ppo,0.008345603942871094
6881,saint_ppo,1.5012493133544922
6882,saint_ppo,2.967045783996582
6883,saint_ppo,1.4641046524047852
6884,saint_ppo,1.246138572692871
6885,saint_ppo,0.911529541015625
6886,saint_ppo,-0.0836343765258789
6887,saint_ppo,1.4695110321044922
6888,saint_ppo,-0.30630970001220703
6889,saint_ppo,3.8963117599487305
6890,saint_ppo,1.1362648010253906
6891,saint_ppo,5.060493469238281
6892,saint_ppo,2.5919008255004883
6893,saint_ppo,0.7350807189941406
6894,saint_ppo,4.241067886352539
6895,saint_ppo,-0.4081249237060547
6896,saint_ppo,0.22860240936279297
6897,saint_ppo,2.8007335662841797
6898,saint_ppo,0.80535888671875
6899,saint_ppo,-0.3258790969848633
6900,saint_ppo,1.5411701202392578
6901,saint_ppo,0.36360931396484375
6902,saint_ppo,0.6016578674316406
6903,saint_ppo,1.714980125427246
6904,saint_ppo,0.6204824447631836
6905,saint_ppo,1.4167919158935547
6906,saint_ppo,3.361919403076172
6907,saint_ppo,0.34088134765625
6908,saint_ppo,-0.16221904754638672
6909,saint_ppo,1.3691301345825195
6910,saint_ppo,1.5354900360107422
6911,saint_ppo,1.7006111145019531
6912,saint_ppo,6.527192115783691
6913,saint_ppo,3.509075164794922
6914,saint_ppo,3.2466821670532227
6915,saint_ppo,-0.49479007720947266
6916,saint_ppo,1.235386848449707
6917,saint_ppo,3.8365745544433594
6918,saint_ppo,2.086038589477539
6919,saint_ppo,1.1828651428222656
6920,saint_ppo,3.108078956604004
6921,saint_ppo,1.4051189422607422
6922,saint_ppo,1.0316410064697266
6923,saint_ppo,1.7301883697509766
6924,saint_ppo,0.2297229766845703
6925,saint_ppo,-0.28106021881103516
6926,saint_ppo,1.9987010955810547
6927,saint_ppo,0.3553800582885742
6928,saint_ppo,1.3754758834838867
6929,saint_ppo,0.8680133819580078
6930,saint_ppo,1.934035301208496
6931,saint_ppo,0.6495552062988281
6932,saint_ppo,1.9007024765014648
6933,saint_ppo,1.176316261291504
6934,saint_ppo,2.7748117446899414
6935,saint_ppo,-0.5481834411621094
6936,saint_ppo,2.628711700439453
6937,saint_ppo,4.584285736083984
6938,saint_ppo,2.2094802856445312
6939,saint_ppo,1.0709800720214844
6940,saint_ppo,1.390359878540039
6941,saint_ppo,-0.25572967529296875
6942,saint_ppo,0.681462287902832
6943,saint_ppo,1.680318832397461
6944,saint_ppo,0.12555694580078125
6945,saint_ppo,1.6168155670166016
6946,saint_ppo,-3.1191911697387695
6947,saint_ppo,1.3681716918945312
6948,saint_ppo,-2.3379926681518555
6949,saint_ppo,1.5019168853759766
6950,saint_ppo,0.7865743637084961
6951,saint_ppo,0.969879150390625
6952,saint_ppo,0.8034553527832031
6953,saint_ppo,4.195380210876465
6954,saint_ppo,0.22803115844726562
6955,saint_ppo,7.516687393188477
6956,saint_ppo,3.2081871032714844
6957,saint_ppo,1.3366727828979492
6958,saint_ppo,0.153350830078125
6959,saint_ppo,-1.3344383239746094
6960,saint_ppo,-3.7334227561950684
6961,saint_ppo,0.725062370300293
6962,saint_ppo,0.4955153465270996
6963,saint_ppo,1.1051549911499023
6964,saint_ppo,0.721282958984375
6965,saint_ppo,0.5405864715576172
6966,saint_ppo,1.647343635559082
6967,saint_ppo,0.2901287078857422
6968,saint_ppo,-0.821202278137207
6969,saint_ppo,2.120427131652832
6970,saint_ppo,-0.5401897430419922
6971,saint_ppo,1.564803123474121
6972,saint_ppo,0.7952518463134766
6973,saint_ppo,0.3113517761230469
6974,saint_ppo,3.9482154846191406
6975,saint_ppo,1.3592863082885742
6976,saint_ppo,1.015284538269043
6977,saint_ppo,1.719858169555664
6978,saint_ppo,3.865406036376953
6979,saint_ppo,1.7522163391113281
6980,saint_ppo,1.4747467041015625
6981,saint_ppo,0.9273395538330078
6982,saint_ppo,0.666900634765625
6983,saint_ppo,1.893965721130371
6984,saint_ppo,1.9289302825927734
6985,saint_ppo,0.8979015350341797
6986,saint_ppo,0.9611034393310547
6987,saint_ppo,1.6499385833740234
6988,saint_ppo,2.2348804473876953
6989,saint_ppo,0.4387397766113281
6990,saint_ppo,0.9313840866088867
6991,saint_ppo,0.7017354965209961
6992,saint_ppo,6.883498191833496
6993,saint_ppo,1.9144554138183594
6994,saint_ppo,-0.07386016845703125
6995,saint_ppo,1.054800033569336
6996,saint_ppo,6.250951766967773
6997,saint_ppo,0.8194704055786133
6998,saint_ppo,-0.05892753601074219
6999,saint_ppo,2.795952796936035
7000,saint_ppo,0.4191303253173828
7001,saint_ppo,1.1634502410888672
7002,saint_ppo,1.0474328994750977
7003,saint_ppo,0.5572605133056641
7004,saint_ppo,1.9358110427856445
7005,saint_ppo,1.5142269134521484
7006,saint_ppo,1.4577579498291016
7007,saint_ppo,1.6095561981201172
7008,saint_ppo,1.353083610534668
7009,saint_ppo,1.3059577941894531
7010,saint_ppo,1.891641616821289
7011,saint_ppo,-0.12657737731933594
7012,saint_ppo,1.6652631759643555
7013,saint_ppo,2.008028984069824
7014,saint_ppo,0.8080301284790039
7015,saint_ppo,2.309208869934082
7016,saint_ppo,1.0854854583740234
7017,saint_ppo,0.8904581069946289
7018,saint_ppo,3.08504581451416
7019,saint_ppo,0.7081508636474609
7020,saint_ppo,1.5982341766357422
7021,saint_ppo,1.2386350631713867
7022,saint_ppo,-1.0346345901489258
7023,saint_ppo,0.8123083114624023
7024,saint_ppo,2.2755250930786133
7025,saint_ppo,1.1556873321533203
7026,saint_ppo,5.84060001373291
7027,saint_ppo,2.1127700805664062
7028,saint_ppo,1.4976272583007812
7029,saint_ppo,0.9577417373657227
7030,saint_ppo,1.7962226867675781
7031,saint_ppo,0.4172792434692383
7032,saint_ppo,3.559340476989746
7033,saint_ppo,2.02346134185791
7034,saint_ppo,3.812257766723633
7035,saint_ppo,0.3235015869140625
7036,saint_ppo,1.897446632385254
7037,saint_ppo,3.376786231994629
7038,saint_ppo,1.036910057067871
7039,saint_ppo,2.6591386795043945
7040,saint_ppo,0.46724510192871094
7041,saint_ppo,-0.8891448974609375
7042,saint_ppo,2.08964204788208
7043,saint_ppo,0.6757411956787109
7044,saint_ppo,-0.4640350341796875
7045,saint_ppo,1.1253662109375
7046,saint_ppo,1.9582653045654297
7047,saint_ppo,3.173585891723633
7048,saint_ppo,4.000130653381348
7049,saint_ppo,3.3622255325317383
7050,saint_ppo,2.711949348449707
7051,saint_ppo,-0.0864419937133789
7052,saint_ppo,2.0237083435058594
7053,saint_ppo,2.473987579345703
7054,saint_ppo,0.2062225341796875
7055,saint_ppo,1.2733497619628906
7056,saint_ppo,4.589306831359863
7057,saint_ppo,0.02485942840576172
7058,saint_ppo,1.8547172546386719
7059,saint_ppo,-0.7722320556640625
7060,saint_ppo,1.7632055282592773
7061,saint_ppo,2.1171274185180664
7062,saint_ppo,-0.019118309020996094
7063,saint_ppo,0.8269176483154297
7064,saint_ppo,1.2908334732055664
7065,saint_ppo,-1.210280418395996
7066,saint_ppo,0.6217365264892578
7067,saint_ppo,0.7332820892333984
7068,saint_ppo,0.901453971862793
7069,saint_ppo,-1.8365774154663086
7070,saint_ppo,-0.3652763366699219
7071,saint_ppo,1.2871026992797852
7072,saint_ppo,1.016789436340332
7073,saint_ppo,1.0193500518798828
7074,saint_ppo,0.7723455429077148
7075,saint_ppo,1.3823223114013672
7076,saint_ppo,1.9516372680664062
7077,saint_ppo,0.974339485168457
7078,saint_ppo,1.0246171951293945
7079,saint_ppo,2.0075864791870117
7080,saint_ppo,-2.14249324798584
7081,saint_ppo,0.028942108154296875
7082,saint_ppo,2.1708030700683594
7083,saint_ppo,1.5133819580078125
7084,saint_ppo,-0.012216567993164062
7085,saint_ppo,3.7213449478149414
7086,saint_ppo,0.538294792175293
7087,saint_ppo,1.301300048828125
7088,saint_ppo,0.6953392028808594
7089,saint_ppo,-0.5020275115966797
7090,saint_ppo,2.056385040283203
7091,saint_ppo,2.522252082824707
7092,saint_ppo,1.2787542343139648
7093,saint_ppo,1.345982551574707
7094,saint_ppo,-0.2046356201171875
7095,saint_ppo,0.5630168914794922
7096,saint_ppo,3.513551712036133
7097,saint_ppo,1.9517879486083984
7098,saint_ppo,1.1370439529418945
7099,saint_ppo,1.8783292770385742
7100,saint_ppo,-0.5130815505981445
7101,saint_ppo,-0.4487781524658203
7102,saint_ppo,1.9331254959106445
7103,saint_ppo,1.0802278518676758
7104,saint_ppo,0.9500818252563477
7105,saint_ppo,-0.9003171920776367
7106,saint_ppo,1.763117790222168
7107,saint_ppo,1.4929132461547852
7108,saint_ppo,0.8889255523681641
7109,saint_ppo,2.083099365234375
7110,saint_ppo,0.3510551452636719
7111,saint_ppo,1.4108753204345703
7112,saint_ppo,0.7764205932617188
7113,saint_ppo,1.1352777481079102
7114,saint_ppo,1.19915771484375
7115,saint_ppo,1.8976078033447266
7116,saint_ppo,3.147128105163574
7117,saint_ppo,2.063878059387207
7118,saint_ppo,4.363969802856445
7119,saint_ppo,2.5542144775390625
7120,saint_ppo,1.7443246841430664
7121,saint_ppo,2.085519790649414
7122,saint_ppo,4.0865983963012695
7123,saint_ppo,0.5786590576171875
7124,saint_ppo,0.12882137298583984
7125,saint_ppo,0.11800956726074219
7126,saint_ppo,3.4341773986816406
7127,saint_ppo,-0.12776565551757812
7128,saint_ppo,1.2971210479736328
7129,saint_ppo,1.6027135848999023
7130,saint_ppo,-0.09527206420898438
7131,saint_ppo,0.2309131622314453
7132,saint_ppo,0.9705533981323242
7133,saint_ppo,-2.632967948913574
7134,saint_ppo,-3.187964916229248
7135,saint_ppo,2.405942916870117
7136,saint_ppo,1.1858701705932617
7137,saint_ppo,4.226167678833008
7138,saint_ppo,1.4205055236816406
7139,saint_ppo,-0.8728065490722656
7140,saint_ppo,5.030988693237305
7141,saint_ppo,0.9783639907836914
7142,saint_ppo,2.5399856567382812
7143,saint_ppo,0.6803722381591797
7144,saint_ppo,4.274452209472656
7145,saint_ppo,1.1513643264770508
7146,saint_ppo,3.5399913787841797
7147,saint_ppo,1.673675537109375
7148,saint_ppo,1.4764394760131836
7149,saint_ppo,1.2397022247314453
7150,saint_ppo,2.234837532043457
7151,saint_ppo,-2.8168067932128906
7152,saint_ppo,1.6449222564697266
7153,saint_ppo,0.9448299407958984
7154,saint_ppo,2.900378704071045
7155,saint_ppo,-0.43971824645996094
7156,saint_ppo,0.6388826370239258
7157,saint_ppo,1.9438142776489258
7158,saint_ppo,0.6955184936523438
7159,saint_ppo,2.175503730773926
7160,saint_ppo,0.6072111129760742
7161,saint_ppo,-0.21094608306884766
7162,saint_ppo,1.4202632904052734
7163,saint_ppo,-0.007373809814453125
7164,saint_ppo,0.13937759399414062
7165,saint_ppo,1.2481708526611328
7166,saint_ppo,1.368011474609375
7167,saint_ppo,0.2886199951171875
7168,saint_ppo,0.9123978614807129
7169,saint_ppo,0.6014318466186523
7170,saint_ppo,1.157557487487793
7171,saint_ppo,1.4530019760131836
7172,saint_ppo,0.9492511749267578
7173,saint_ppo,1.479522705078125
7174,saint_ppo,0.4524574279785156
7175,saint_ppo,5.6145477294921875
7176,saint_ppo,1.4992742538452148
7177,saint_ppo,-0.27689647674560547
7178,saint_ppo,0.24744319915771484
7179,saint_ppo,0.836634635925293
7180,saint_ppo,-0.33866024017333984
7181,saint_ppo,1.66131591796875
7182,saint_ppo,1.3366832733154297
7183,saint_ppo,2.183709144592285
7184,saint_ppo,0.5471296310424805
7185,saint_ppo,-1.7306766510009766
7186,saint_ppo,1.3050613403320312
7187,saint_ppo,1.171255111694336
7188,saint_ppo,1.0684232711791992
7189,saint_ppo,1.4103364944458008
7190,saint_ppo,0.19742870330810547
7191,saint_ppo,-0.4732236862182617
7192,saint_ppo,0.21329689025878906
7193,saint_ppo,-0.39029598236083984
7194,saint_ppo,0.559596061706543
7195,saint_ppo,-0.26804065704345703
7196,saint_ppo,2.351430892944336
7197,saint_ppo,2.611072540283203
7198,saint_ppo,1.6725025177001953
7199,saint_ppo,1.154378890991211
7200,saint_ppo,1.2069225311279297
7201,saint_ppo,-0.4114265441894531
7202,saint_ppo,0.6231355667114258
7203,saint_ppo,2.1314754486083984
7204,saint_ppo,0.7611675262451172
7205,saint_ppo,1.4429702758789062
7206,saint_ppo,2.1768884658813477
7207,saint_ppo,0.3202028274536133
7208,saint_ppo,2.3658370971679688
7209,saint_ppo,0.9789142608642578
7210,saint_ppo,4.964299201965332
7211,saint_ppo,4.004368782043457
7212,saint_ppo,0.2575550079345703
7213,saint_ppo,0.2042694091796875
7214,saint_ppo,0.36545562744140625
7215,saint_ppo,0.947901725769043
7216,saint_ppo,0.7492885589599609
7217,saint_ppo,2.30267333984375
7218,saint_ppo,-0.8813629150390625
7219,saint_ppo,1.6879758834838867
7220,saint_ppo,0.9181375503540039
7221,saint_ppo,0.5821599960327148
7222,saint_ppo,1.8180465698242188
7223,saint_ppo,0.5900545120239258
7224,saint_ppo,1.7532873153686523
7225,saint_ppo,1.199721336364746
7226,saint_ppo,0.5742282867431641
7227,saint_ppo,0.5510196685791016
7228,saint_ppo,1.1338443756103516
7229,saint_ppo,0.38117122650146484
7230,saint_ppo,1.884566307067871
7231,saint_ppo,0.885523796081543
7232,saint_ppo,-3.5070667266845703
7233,saint_ppo,-0.4134187698364258
7234,saint_ppo,0.8734340667724609
7235,saint_ppo,1.7646474838256836
7236,saint_ppo,1.1434640884399414
7237,saint_ppo,1.136174201965332
7238,saint_ppo,0.7254934310913086
7239,saint_ppo,3.4175796508789062
7240,saint_ppo,1.7069568634033203
7241,saint_ppo,0.4815340042114258
7242,saint_ppo,-0.3050823211669922
7243,saint_ppo,1.109395980834961
7244,saint_ppo,4.614269256591797
7245,saint_ppo,0.666804313659668
7246,saint_ppo,1.5966339111328125
7247,saint_ppo,-1.6610221862792969
7248,saint_ppo,1.600296974182129
7249,saint_ppo,1.0532245635986328
7250,saint_ppo,0.4226245880126953
7251,saint_ppo,-0.7931041717529297
7252,saint_ppo,0.7599191665649414
7253,saint_ppo,0.7737579345703125
7254,saint_ppo,0.7655906677246094
7255,saint_ppo,1.370018482208252
7256,saint_ppo,1.829864501953125
7257,saint_ppo,-0.9716396331787109
7258,saint_ppo,2.560274124145508
7259,saint_ppo,0.9720287322998047
7260,saint_ppo,0.2048931121826172
7261,saint_ppo,1.201951026916504
7262,saint_ppo,0.5474662780761719
7263,saint_ppo,1.5626544952392578
7264,saint_ppo,-0.7923583984375
7265,saint_ppo,-0.2183694839477539
7266,saint_ppo,2.034822463989258
7267,saint_ppo,0.6453056335449219
7268,saint_ppo,1.6255435943603516
7269,saint_ppo,0.6950826644897461
7270,saint_ppo,2.7357006072998047
7271,saint_ppo,0.6298360824584961
7272,saint_ppo,-0.23662567138671875
7273,saint_ppo,-0.3111400604248047
7274,saint_ppo,-1.304335594177246
7275,saint_ppo,0.16643905639648438
7276,saint_ppo,0.4292116165161133
7277,saint_ppo,1.9740371704101562
7278,saint_ppo,1.389913558959961
7279,saint_ppo,2.0236854553222656
7280,saint_ppo,1.5696830749511719
7281,saint_ppo,-0.40568065643310547
7282,saint_ppo,3.726346015930176
7283,saint_ppo,1.3916454315185547
7284,saint_ppo,3.935232162475586
7285,saint_ppo,1.4823331832885742
7286,saint_ppo,-1.8774051666259766
7287,saint_ppo,2.304509162902832
7288,saint_ppo,1.5543994903564453
7289,saint_ppo,0.3612651824951172
7290,saint_ppo,1.728196144104004
7291,saint_ppo,-0.10500717163085938
7292,saint_ppo,0.0930328369140625
7293,saint_ppo,0.5328512191772461
7294,saint_ppo,1.568490982055664
7295,saint_ppo,0.9016170501708984
7296,saint_ppo,1.1641807556152344
7297,saint_ppo,1.4497909545898438
7298,saint_ppo,-0.8820018768310547
7299,saint_ppo,-2.1170759201049805
7300,saint_ppo,0.7782011032104492
7301,saint_ppo,1.5378599166870117
7302,saint_ppo,0.23091793060302734
7303,saint_ppo,0.7950677871704102
7304,saint_ppo,-0.1939401626586914
7305,saint_ppo,2.007497787475586
7306,saint_ppo,-1.2944908142089844
7307,saint_ppo,1.2147388458251953
7308,saint_ppo,2.0215024948120117
7309,saint_ppo,0.6271133422851562
7310,saint_ppo,-0.3272981643676758
7311,saint_ppo,3.7403478622436523
7312,saint_ppo,1.3589115142822266
7313,saint_ppo,1.549896240234375
7314,saint_ppo,1.454115867614746
7315,saint_ppo,1.975473403930664
7316,saint_ppo,3.1190061569213867
7317,saint_ppo,0.846461296081543
7318,saint_ppo,1.8310680389404297
7319,saint_ppo,2.3305578231811523
7320,saint_ppo,-0.380157470703125
7321,saint_ppo,4.143199920654297
7322,saint_ppo,-0.8531894683837891
7323,saint_ppo,1.4160394668579102
7324,saint_ppo,0.9251384735107422
7325,saint_ppo,0.8401203155517578
7326,saint_ppo,1.0615434646606445
7327,saint_ppo,-0.7938137054443359
7328,saint_ppo,3.672123908996582
7329,saint_ppo,-3.05196475982666
7330,saint_ppo,0.5990276336669922
7331,saint_ppo,-0.0455474853515625
7332,saint_ppo,1.3939847946166992
7333,saint_ppo,0.5761528015136719
7334,saint_ppo,1.5328683853149414
7335,saint_ppo,-2.195344924926758
7336,saint_ppo,-1.1519412994384766
7337,saint_ppo,2.109086036682129
7338,saint_ppo,0.9896249771118164
7339,saint_ppo,0.3152008056640625
7340,saint_ppo,0.8371067047119141
7341,saint_ppo,1.765085220336914
7342,saint_ppo,1.3113908767700195
7343,saint_ppo,0.000247955322265625
7344,saint_ppo,4.166638374328613
7345,saint_ppo,-0.20545291900634766
7346,saint_ppo,0.0914621353149414
7347,saint_ppo,0.7423439025878906
7348,saint_ppo,1.8288507461547852
7349,saint_ppo,2.7204341888427734
7350,saint_ppo,2.3684511184692383
7351,saint_ppo,0.8945159912109375
7352,saint_ppo,-1.6896324157714844
7353,saint_ppo,3.780963897705078
7354,saint_ppo,2.994180679321289
7355,saint_ppo,1.9019718170166016
7356,saint_ppo,1.008000373840332
7357,saint_ppo,-2.887510299682617
7358,saint_ppo,0.2681102752685547
7359,saint_ppo,0.8836383819580078
7360,saint_ppo,2.2526798248291016
7361,saint_ppo,1.1136627197265625
7362,saint_ppo,1.511775016784668
7363,saint_ppo,2.8450374603271484
7364,saint_ppo,0.024657249450683594
7365,saint_ppo,2.544772148132324
7366,saint_ppo,0.43741798400878906
7367,saint_ppo,1.2573747634887695
7368,saint_ppo,2.918917179107666
7369,saint_ppo,-0.8809423446655273
7370,saint_ppo,3.619466781616211
7371,saint_ppo,1.4223194122314453
7372,saint_ppo,1.517289161682129
7373,saint_ppo,1.24530029296875
7374,saint_ppo,0.8860597610473633
7375,saint_ppo,1.1733627319335938
7376,saint_ppo,1.1449108123779297
7377,saint_ppo,0.4483623504638672
7378,saint_ppo,0.9654569625854492
7379,saint_ppo,2.539473533630371
7380,saint_ppo,5.280494689941406
7381,saint_ppo,1.6733417510986328
7382,saint_ppo,0.08618450164794922
7383,saint_ppo,1.6736564636230469
7384,saint_ppo,0.709446907043457
7385,saint_ppo,2.1796512603759766
7386,saint_ppo,1.5977973937988281
7387,saint_ppo,0.8465280532836914
7388,saint_ppo,0.49221038818359375
7389,saint_ppo,0.31160640716552734
7390,saint_ppo,0.6380424499511719
7391,saint_ppo,1.9976730346679688
7392,saint_ppo,-0.2787647247314453
7393,saint_ppo,1.9491643905639648
7394,saint_ppo,2.7788028717041016
7395,saint_ppo,-0.18070316314697266
7396,saint_ppo,2.416980743408203
7397,saint_ppo,-2.241427421569824
7398,saint_ppo,-0.17633628845214844
7399,saint_ppo,1.6243791580200195
7400,saint_ppo,0.44879722595214844
7401,saint_ppo,2.010232925415039
7402,saint_ppo,0.15968704223632812
7403,saint_ppo,1.4279308319091797
7404,saint_ppo,1.5849409103393555
7405,saint_ppo,-0.0796213150024414
7406,saint_ppo,2.142904281616211
7407,saint_ppo,3.1110382080078125
7408,saint_ppo,0.4152793884277344
7409,saint_ppo,2.4643735885620117
7410,saint_ppo,1.532663345336914
7411,saint_ppo,0.6602258682250977
7412,saint_ppo,-0.13257408142089844
7413,saint_ppo,1.4738092422485352
7414,saint_ppo,2.0223159790039062
7415,saint_ppo,0.05740642547607422
7416,saint_ppo,0.9881744384765625
7417,saint_ppo,1.0011329650878906
7418,saint_ppo,4.0076751708984375
7419,saint_ppo,0.9018611907958984
7420,saint_ppo,1.1692018508911133
7421,saint_ppo,1.952920913696289
7422,saint_ppo,0.1263895034790039
7423,saint_ppo,2.641580581665039
7424,saint_ppo,2.159844398498535
7425,saint_ppo,1.9223957061767578
7426,saint_ppo,0.5991477966308594
7427,saint_ppo,2.1471920013427734
7428,saint_ppo,0.07521247863769531
7429,saint_ppo,-0.3775463104248047
7430,saint_ppo,0.45641231536865234
7431,saint_ppo,1.2044410705566406
7432,saint_ppo,1.7055721282958984
7433,saint_ppo,4.399314880371094
7434,saint_ppo,0.8326320648193359
7435,saint_ppo,1.7840766906738281
7436,saint_ppo,0.9279756546020508
7437,saint_ppo,0.5037508010864258
7438,saint_ppo,1.6719717979431152
7439,saint_ppo,-0.35683631896972656
7440,saint_ppo,-0.2851276397705078
7441,saint_ppo,0.9576940536499023
7442,saint_ppo,1.135040283203125
7443,saint_ppo,1.3596420288085938
7444,saint_ppo,0.9124660491943359
7445,saint_ppo,0.6446657180786133
7446,saint_ppo,2.0982675552368164
7447,saint_ppo,0.8027191162109375
7448,saint_ppo,0.1779003143310547
7449,saint_ppo,-0.41333961486816406
7450,saint_ppo,1.6621589660644531
7451,saint_ppo,1.559457778930664
7452,saint_ppo,2.8303956985473633
7453,saint_ppo,1.0858020782470703
7454,saint_ppo,0.012112617492675781
7455,saint_ppo,4.368101119995117
7456,saint_ppo,0.8395500183105469
7457,saint_ppo,3.120284080505371
7458,saint_ppo,1.6950645446777344
7459,saint_ppo,1.4707365036010742
7460,saint_ppo,2.1550121307373047
7461,saint_ppo,-0.5542268753051758
7462,saint_ppo,-0.5899262428283691
7463,saint_ppo,1.511673927307129
7464,saint_ppo,0.3498821258544922
7465,saint_ppo,1.5318145751953125
7466,saint_ppo,2.899411201477051
7467,saint_ppo,2.0590639114379883
7468,saint_ppo,1.3735103607177734
7469,saint_ppo,4.788448333740234
7470,saint_ppo,0.6979694366455078
7471,saint_ppo,-0.04527854919433594
7472,saint_ppo,-1.775461196899414
7473,saint_ppo,1.8327398300170898
7474,saint_ppo,0.6711869239807129
7475,saint_ppo,1.6395044326782227
7476,saint_ppo,-0.17211627960205078
7477,saint_ppo,1.858504295349121
7478,saint_ppo,1.4009742736816406
7479,saint_ppo,2.2972240447998047
7480,saint_ppo,-1.518843650817871
7481,saint_ppo,1.6955938339233398
7482,saint_ppo,0.3672466278076172
7483,saint_ppo,2.2110023498535156
7484,saint_ppo,0.4730815887451172
7485,saint_ppo,0.48365020751953125
7486,saint_ppo,1.5163030624389648
7487,saint_ppo,1.066237449645996
7488,saint_ppo,1.5480585098266602
7489,saint_ppo,-2.9950170516967773
7490,saint_ppo,1.0562114715576172
7491,saint_ppo,2.283503532409668
7492,saint_ppo,1.845789909362793
7493,saint_ppo,1.118072509765625
7494,saint_ppo,3.1799421310424805
7495,saint_ppo,3.1388235092163086
7496,saint_ppo,1.654587745666504
7497,saint_ppo,0.7076339721679688
7498,saint_ppo,1.3712835311889648
7499,saint_ppo,1.0287151336669922
7500,saint_ppo,0.3421602249145508
7501,saint_ppo,1.6714096069335938
7502,saint_ppo,1.9666824340820312
7503,saint_ppo,1.3258295059204102
7504,saint_ppo,1.682234764099121
7505,saint_ppo,3.4030914306640625
7506,saint_ppo,4.316188812255859
7507,saint_ppo,0.9983301162719727
7508,saint_ppo,0.15462684631347656
7509,saint_ppo,-0.5760793685913086
7510,saint_ppo,4.282956123352051
7511,saint_ppo,2.5345630645751953
7512,saint_ppo,1.7050423622131348
7513,saint_ppo,4.797281265258789
7514,saint_ppo,2.5109381675720215
7515,saint_ppo,-2.9022388458251953
7516,saint_ppo,1.8405237197875977
7517,saint_ppo,1.3397369384765625
7518,saint_ppo,4.623273849487305
7519,saint_ppo,1.1827754974365234
7520,saint_ppo,-0.5009698867797852
7521,saint_ppo,2.4093542098999023
7522,saint_ppo,0.3166770935058594
7523,saint_ppo,0.5785446166992188
7524,saint_ppo,1.1432790756225586
7525,saint_ppo,1.6771812438964844
7526,saint_ppo,-1.5983200073242188
7527,saint_ppo,0.4425382614135742
7528,saint_ppo,1.0549383163452148
7529,saint_ppo,-0.32331037521362305
7530,saint_ppo,1.648451805114746
7531,saint_ppo,1.441335678100586
7532,saint_ppo,1.3077392578125
7533,saint_ppo,3.1376428604125977
7534,saint_ppo,-0.8450536727905273
7535,saint_ppo,1.5302352905273438
7536,saint_ppo,2.424981117248535
7537,saint_ppo,2.3020267486572266
7538,saint_ppo,2.2828445434570312
7539,saint_ppo,1.7646656036376953
7540,saint_ppo,0.687138557434082
7541,saint_ppo,1.1724014282226562
7542,saint_ppo,1.1983070373535156
7543,saint_ppo,0.02427387237548828
7544,saint_ppo,1.402949333190918
7545,saint_ppo,1.553567886352539
7546,saint_ppo,-0.7044248580932617
7547,saint_ppo,-0.48300647735595703
7548,saint_ppo,0.8674774169921875
7549,saint_ppo,1.4306697845458984
7550,saint_ppo,1.734628677368164
7551,saint_ppo,4.393074989318848
7552,saint_ppo,3.078275680541992
7553,saint_ppo,0.3737926483154297
7554,saint_ppo,0.6718244552612305
7555,saint_ppo,0.6348094940185547
7556,saint_ppo,5.249903678894043
7557,saint_ppo,2.201064109802246
7558,saint_ppo,0.8704366683959961
7559,saint_ppo,-0.03039073944091797
7560,saint_ppo,0.7607507705688477
7561,saint_ppo,1.1915521621704102
7562,saint_ppo,0.5846748352050781
7563,saint_ppo,-0.6033668518066406
7564,saint_ppo,1.1097745895385742
7565,saint_ppo,-0.05571460723876953
7566,saint_ppo,0.5171775817871094
7567,saint_ppo,1.9877309799194336
7568,saint_ppo,-0.5454797744750977
7569,saint_ppo,-0.13033676147460938
7570,saint_ppo,0.07073974609375
7571,saint_ppo,5.177724838256836
7572,saint_ppo,3.9217262268066406
7573,saint_ppo,0.49267101287841797
7574,saint_ppo,1.2894134521484375
7575,saint_ppo,1.8978509902954102
7576,saint_ppo,1.3187570571899414
7577,saint_ppo,1.6458148956298828
7578,saint_ppo,0.9498090744018555
7579,saint_ppo,3.1814231872558594
7580,saint_ppo,1.314401626586914
7581,saint_ppo,5.586803436279297
7582,saint_ppo,1.339585304260254
7583,saint_ppo,1.145136833190918
7584,saint_ppo,0.00710296630859375
7585,saint_ppo,-0.6768455505371094
7586,saint_ppo,0.37955474853515625
7587,saint_ppo,-0.1450185775756836
7588,saint_ppo,1.5497932434082031
7589,saint_ppo,5.458868026733398
7590,saint_ppo,0.43328380584716797
7591,saint_ppo,1.4431037902832031
7592,saint_ppo,6.2665300369262695
7593,saint_ppo,1.1873044967651367
7594,saint_ppo,0.8228359222412109
7595,saint_ppo,2.0413084030151367
7596,saint_ppo,4.834277153015137
7597,saint_ppo,-0.09852218627929688
7598,saint_ppo,-0.07164478302001953
7599,saint_ppo,0.001434326171875
7600,saint_ppo,1.2066917419433594
7601,saint_ppo,1.8200178146362305
7602,saint_ppo,3.0419139862060547
7603,saint_ppo,0.4082937240600586
7604,saint_ppo,0.8363518714904785
7605,saint_ppo,1.3202276229858398
7606,saint_ppo,0.7552509307861328
7607,saint_ppo,1.3227224349975586
7608,saint_ppo,0.05133819580078125
7609,saint_ppo,2.8887405395507812
7610,saint_ppo,1.5329999923706055
7611,saint_ppo,3.888721466064453
7612,saint_ppo,1.3742237091064453
7613,saint_ppo,0.25990962982177734
7614,saint_ppo,-1.7897577285766602
7615,saint_ppo,1.533639907836914
7616,saint_ppo,5.328489303588867
7617,saint_ppo,3.2957725524902344
7618,saint_ppo,2.4541587829589844
7619,saint_ppo,0.9193305969238281
7620,saint_ppo,1.4461593627929688
7621,saint_ppo,3.3735179901123047
7622,saint_ppo,0.5616245269775391
7623,saint_ppo,1.3979644775390625
7624,saint_ppo,1.204493522644043
7625,saint_ppo,1.1292428970336914
7626,saint_ppo,0.07761049270629883
7627,saint_ppo,4.989725112915039
7628,saint_ppo,1.646514892578125
7629,saint_ppo,0.6578350067138672
7630,saint_ppo,2.407938003540039
7631,saint_ppo,-0.5461330413818359
7632,saint_ppo,0.7867860794067383
7633,saint_ppo,0.6835994720458984
7634,saint_ppo,1.2415351867675781
7635,saint_ppo,0.6435070037841797
7636,saint_ppo,-1.606837272644043
7637,saint_ppo,-0.6443157196044922
7638,saint_ppo,-0.8917942047119141
7639,saint_ppo,0.7524394989013672
7640,saint_ppo,5.473791122436523
7641,saint_ppo,1.83575439453125
7642,saint_ppo,0.7761297225952148
7643,saint_ppo,2.0428314208984375
7644,saint_ppo,1.5209884643554688
7645,saint_ppo,0.8130855560302734
7646,saint_ppo,1.273977279663086
7647,saint_ppo,0.924140453338623
7648,saint_ppo,1.369100570678711
7649,saint_ppo,2.809774398803711
7650,saint_ppo,1.398630142211914
7651,saint_ppo,1.6446714401245117
7652,saint_ppo,0.9998674392700195
7653,saint_ppo,4.033356666564941
7654,saint_ppo,1.4283151626586914
7655,saint_ppo,1.781010627746582
7656,saint_ppo,3.122852325439453
7657,saint_ppo,0.9817924499511719
7658,saint_ppo,3.4042892456054688
7659,saint_ppo,1.0304126739501953
7660,saint_ppo,1.1911849975585938
7661,saint_ppo,5.89405632019043
7662,saint_ppo,1.6606216430664062
7663,saint_ppo,1.099320888519287
7664,saint_ppo,1.047123908996582
7665,saint_ppo,0.29701709747314453
7666,saint_ppo,1.975234031677246
7667,saint_ppo,0.8848257064819336
7668,saint_ppo,1.413121223449707
7669,saint_ppo,0.18152141571044922
7670,saint_ppo,1.2415542602539062
7671,saint_ppo,1.8696966171264648
7672,saint_ppo,1.7018680572509766
7673,saint_ppo,0.1544322967529297
7674,saint_ppo,-2.1627206802368164
7675,saint_ppo,0.5639133453369141
7676,saint_ppo,0.2362346649169922
7677,saint_ppo,1.2158517837524414
7678,saint_ppo,2.9185218811035156
7679,saint_ppo,-2.6424965858459473
7680,saint_ppo,1.2501983642578125
7681,saint_ppo,2.1902389526367188
7682,saint_ppo,-0.365966796875
7683,saint_ppo,6.554521560668945
7684,saint_ppo,0.7317419052124023
7685,saint_ppo,-0.32737255096435547
7686,saint_ppo,1.1330633163452148
7687,saint_ppo,1.1313285827636719
7688,saint_ppo,2.19704532623291
7689,saint_ppo,1.197052001953125
7690,saint_ppo,-1.8969383239746094
7691,saint_ppo,-0.2951774597167969
7692,saint_ppo,2.4413814544677734
7693,saint_ppo,1.188521385192871
7694,saint_ppo,1.933370590209961
7695,saint_ppo,1.6687850952148438
7696,saint_ppo,0.5375890731811523
7697,saint_ppo,-0.6764535903930664
7698,saint_ppo,1.035543441772461
7699,saint_ppo,3.974048614501953
7700,saint_ppo,1.1628217697143555
7701,saint_ppo,-0.3641185760498047
7702,saint_ppo,1.2128477096557617
7703,saint_ppo,0.17974090576171875
7704,saint_ppo,1.1504311561584473
7705,saint_ppo,3.819283962249756
7706,saint_ppo,0.27394676208496094
7707,saint_ppo,1.8745927810668945
7708,saint_ppo,2.092317581176758
7709,saint_ppo,2.0980186462402344
7710,saint_ppo,1.1873769760131836
7711,saint_ppo,2.4133615493774414
7712,saint_ppo,-0.32355499267578125
7713,saint_ppo,3.2302913665771484
7714,saint_ppo,1.152277946472168
7715,saint_ppo,1.0497398376464844
7716,saint_ppo,1.0975713729858398
7717,saint_ppo,1.610121726989746
7718,saint_ppo,2.6325950622558594
7719,saint_ppo,1.0939435958862305
7720,saint_ppo,0.5094728469848633
7721,saint_ppo,0.8107986450195312
7722,saint_ppo,1.082550048828125
7723,saint_ppo,3.1112260818481445
7724,saint_ppo,0.23373031616210938
7725,saint_ppo,2.783949851989746
7726,saint_ppo,1.2914104461669922
7727,saint_ppo,3.0268707275390625
7728,saint_ppo,2.2276153564453125
7729,saint_ppo,1.1416845321655273
7730,saint_ppo,-1.7191553115844727
7731,saint_ppo,0.3629589080810547
7732,saint_ppo,1.1054267883300781
7733,saint_ppo,0.5095176696777344
7734,saint_ppo,1.3097295761108398
7735,saint_ppo,-0.4963264465332031
7736,saint_ppo,2.2411327362060547
7737,saint_ppo,1.3248672485351562
7738,saint_ppo,1.9095048904418945
7739,saint_ppo,2.4681196212768555
7740,saint_ppo,0.540196418762207
7741,saint_ppo,0.9656801223754883
7742,saint_ppo,1.3814706802368164
7743,saint_ppo,1.7983989715576172
7744,saint_ppo,1.2011594772338867
7745,saint_ppo,0.6187582015991211
7746,saint_ppo,1.2655057907104492
7747,saint_ppo,1.8763446807861328
7748,saint_ppo,3.034520149230957
7749,saint_ppo,0.4572944641113281
7750,saint_ppo,-1.375152587890625
7751,saint_ppo,-0.3265104293823242
7752,saint_ppo,1.1974401473999023
7753,saint_ppo,1.240835189819336
7754,saint_ppo,0.5561504364013672
7755,saint_ppo,0.7350292205810547
7756,saint_ppo,1.525284767150879
7757,saint_ppo,-1.434774398803711
7758,saint_ppo,2.8353700637817383
7759,saint_ppo,1.3887529373168945
7760,saint_ppo,1.8144559860229492
7761,saint_ppo,3.138421058654785
7762,saint_ppo,1.320932388305664
7763,saint_ppo,1.9084062576293945
7764,saint_ppo,2.213970184326172
7765,saint_ppo,0.10000038146972656
7766,saint_ppo,2.012118339538574
7767,saint_ppo,0.17766094207763672
7768,saint_ppo,1.1845149993896484
7769,saint_ppo,-0.8853645324707031
7770,saint_ppo,4.577431678771973
7771,saint_ppo,1.6345300674438477
7772,saint_ppo,1.7753477096557617
7773,saint_ppo,2.026106834411621
7774,saint_ppo,1.7648630142211914
7775,saint_ppo,0.40248775482177734
7776,saint_ppo,1.3702335357666016
7777,saint_ppo,1.7580080032348633
7778,saint_ppo,1.3932781219482422
7779,saint_ppo,4.546844482421875
7780,saint_ppo,0.2372589111328125
7781,saint_ppo,-0.4634428024291992
7782,saint_ppo,2.689279556274414
7783,saint_ppo,5.599867820739746
7784,saint_ppo,3.8834266662597656
7785,saint_ppo,3.9540443420410156
7786,saint_ppo,-1.0200986862182617
7787,saint_ppo,0.6240005493164062
7788,saint_ppo,5.085437774658203
7789,saint_ppo,0.3864593505859375
7790,saint_ppo,2.2409934997558594
7791,saint_ppo,-0.13834190368652344
7792,saint_ppo,0.8616352081298828
7793,saint_ppo,1.6882152557373047
7794,saint_ppo,1.9947700500488281
7795,saint_ppo,0.09369850158691406
7796,saint_ppo,1.6314659118652344
7797,saint_ppo,6.365109443664551
7798,saint_ppo,1.1364078521728516
7799,saint_ppo,2.7763242721557617
7800,saint_ppo,-0.17540645599365234
7801,saint_ppo,1.496969223022461
7802,saint_ppo,1.0627985000610352
7803,saint_ppo,-0.8081817626953125
7804,saint_ppo,1.0469961166381836
7805,saint_ppo,1.2976102828979492
7806,saint_ppo,1.2718124389648438
7807,saint_ppo,0.7542204856872559
7808,saint_ppo,-0.12209892272949219
7809,saint_ppo,1.1282339096069336
7810,saint_ppo,0.20601463317871094
7811,saint_ppo,1.2964105606079102
7812,saint_ppo,0.8670711517333984
7813,saint_ppo,-0.10234928131103516
7814,saint_ppo,0.9891757965087891
7815,saint_ppo,1.7016525268554688
7816,saint_ppo,2.335700035095215
7817,saint_ppo,0.33968353271484375
7818,saint_ppo,1.3901090621948242
7819,saint_ppo,1.4674005508422852
7820,saint_ppo,0.5077028274536133
7821,saint_ppo,0.4116992950439453
7822,saint_ppo,1.5777740478515625
7823,saint_ppo,-0.5833663940429688
7824,saint_ppo,4.7376708984375
7825,saint_ppo,1.493025779724121
7826,saint_ppo,2.238041877746582
7827,saint_ppo,-0.1484546661376953
7828,saint_ppo,-0.24364423751831055
7829,saint_ppo,1.3262977600097656
7830,saint_ppo,-0.31549644470214844
7831,saint_ppo,0.17578601837158203
7832,saint_ppo,0.7279777526855469
7833,saint_ppo,4.465500831604004
7834,saint_ppo,1.7593574523925781
7835,saint_ppo,2.0285301208496094
7836,saint_ppo,2.011728286743164
7837,saint_ppo,3.9435272216796875
7838,saint_ppo,3.412790298461914
7839,saint_ppo,1.8090848922729492
7840,saint_ppo,-0.3994102478027344
7841,saint_ppo,4.857978820800781
7842,saint_ppo,0.08933448791503906
7843,saint_ppo,0.06406879425048828
7844,saint_ppo,1.4151601791381836
7845,saint_ppo,0.9726972579956055
7846,saint_ppo,1.5936498641967773
7847,saint_ppo,-0.12243461608886719
7848,saint_ppo,1.8887958526611328
7849,saint_ppo,5.414990425109863
7850,saint_ppo,-0.28900146484375
7851,saint_ppo,-2.4016780853271484
7852,saint_ppo,2.0402908325195312
7853,saint_ppo,0.8451938629150391
7854,saint_ppo,3.229182243347168
7855,saint_ppo,1.6436519622802734
7856,saint_ppo,0.9031667709350586
7857,saint_ppo,1.477961540222168
7858,saint_ppo,3.341599464416504
7859,saint_ppo,1.8173198699951172
7860,saint_ppo,-0.2894906997680664
7861,saint_ppo,-1.9672279357910156
7862,saint_ppo,2.1863842010498047
7863,saint_ppo,1.2624549865722656
7864,saint_ppo,1.7319087982177734
7865,saint_ppo,-0.6773109436035156
7866,saint_ppo,0.7194643020629883
7867,saint_ppo,-1.1998662948608398
7868,saint_ppo,0.55963134765625
7869,saint_ppo,5.417366027832031
7870,saint_ppo,1.4336671829223633
7871,saint_ppo,3.4578304290771484
7872,saint_ppo,3.3742599487304688
7873,saint_ppo,-0.4700899124145508
7874,saint_ppo,-0.29259204864501953
7875,saint_ppo,1.040182113647461
7876,saint_ppo,1.6681146621704102
7877,saint_ppo,2.0387792587280273
7878,saint_ppo,1.2373504638671875
7879,saint_ppo,3.666982650756836
7880,saint_ppo,1.689377784729004
7881,saint_ppo,1.2031545639038086
7882,saint_ppo,1.8715925216674805
7883,saint_ppo,-0.7630462646484375
7884,saint_ppo,-1.6608843803405762
7885,saint_ppo,2.006479263305664
7886,saint_ppo,0.49903297424316406
7887,saint_ppo,-2.3194799423217773
7888,saint_ppo,1.0727643966674805
7889,saint_ppo,0.912175178527832
7890,saint_ppo,1.4046144485473633
7891,saint_ppo,0.7787599563598633
7892,saint_ppo,0.4734163284301758
7893,saint_ppo,0.30742740631103516
7894,saint_ppo,2.8432445526123047
7895,saint_ppo,1.8888931274414062
7896,saint_ppo,0.8347806930541992
7897,saint_ppo,1.9516000747680664
7898,saint_ppo,0.6246957778930664
7899,saint_ppo,0.7252235412597656
7900,saint_ppo,0.36658668518066406
7901,saint_ppo,0.4767189025878906
7902,saint_ppo,1.915635108947754
7903,saint_ppo,0.6463050842285156
7904,saint_ppo,-0.06550121307373047
7905,saint_ppo,0.13178730010986328
7906,saint_ppo,1.5594501495361328
7907,saint_ppo,2.8975343704223633
7908,saint_ppo,2.2989368438720703
7909,saint_ppo,0.7721900939941406
7910,saint_ppo,0.6306486129760742
7911,saint_ppo,1.5408697128295898
7912,saint_ppo,0.8966002464294434
7913,saint_ppo,5.604454040527344
7914,saint_ppo,-0.34448909759521484
7915,saint_ppo,2.4779434204101562
7916,saint_ppo,-0.8004512786865234
7917,saint_ppo,0.6159286499023438
7918,saint_ppo,2.148378372192383
7919,saint_ppo,3.337646484375
7920,saint_ppo,0.910369873046875
7921,saint_ppo,1.5748929977416992
7922,saint_ppo,0.919072151184082
7923,saint_ppo,1.4524879455566406
7924,saint_ppo,1.6504039764404297
7925,saint_ppo,2.3303041458129883
7926,saint_ppo,1.1575069427490234
7927,saint_ppo,-0.3650655746459961
7928,saint_ppo,1.9049997329711914
7929,saint_ppo,0.6510047912597656
7930,saint_ppo,-0.6524276733398438
7931,saint_ppo,1.0499505996704102
7932,saint_ppo,2.007314682006836
7933,saint_ppo,2.852320671081543
7934,saint_ppo,1.1096973419189453
7935,saint_ppo,2.57247257232666
7936,saint_ppo,1.0409088134765625
7937,saint_ppo,-0.16887664794921875
7938,saint_ppo,1.200404167175293
7939,saint_ppo,2.5794992446899414
7940,saint_ppo,3.4761457443237305
7941,saint_ppo,2.180065155029297
7942,saint_ppo,0.18738937377929688
7943,saint_ppo,-0.19518661499023438
7944,saint_ppo,-2.213388442993164
7945,saint_ppo,0.46520233154296875
7946,saint_ppo,0.6843304634094238
7947,saint_ppo,2.1257734298706055
7948,saint_ppo,1.3120107650756836
7949,saint_ppo,2.620941162109375
7950,saint_ppo,3.612616539001465
7951,saint_ppo,0.1668987274169922
7952,saint_ppo,1.1724987030029297
7953,saint_ppo,1.0685920715332031
7954,saint_ppo,3.997983932495117
7955,saint_ppo,4.36331844329834
7956,saint_ppo,1.3030576705932617
7957,saint_ppo,1.8401250839233398
7958,saint_ppo,1.8233909606933594
7959,saint_ppo,0.7985305786132812
7960,saint_ppo,0.38080501556396484
7961,saint_ppo,3.4813175201416016
7962,saint_ppo,1.1131467819213867
7963,saint_ppo,0.6635370254516602
7964,saint_ppo,1.5485773086547852
7965,saint_ppo,1.019108772277832
7966,saint_ppo,-0.20584392547607422
7967,saint_ppo,-0.16344738006591797
7968,saint_ppo,-1.5611228942871094
7969,saint_ppo,2.2294063568115234
7970,saint_ppo,1.2344284057617188
7971,saint_ppo,1.156564712524414
7972,saint_ppo,0.8102817535400391
7973,saint_ppo,0.6596469879150391
7974,saint_ppo,0.30644702911376953
7975,saint_ppo,1.4664802551269531
7976,saint_ppo,1.7546424865722656
7977,saint_ppo,1.4195442199707031
7978,saint_ppo,0.7964115142822266
7979,saint_ppo,-0.2682018280029297
7980,saint_ppo,4.38344669342041
7981,saint_ppo,1.1619596481323242
7982,saint_ppo,-0.7087087631225586
7983,saint_ppo,0.7722005844116211
7984,saint_ppo,1.318328857421875
7985,saint_ppo,1.0468034744262695
7986,saint_ppo,1.2613401412963867
7987,saint_ppo,1.6532421112060547
7988,saint_ppo,-2.1097164154052734
7989,saint_ppo,0.8807334899902344
7990,saint_ppo,3.0943260192871094
7991,saint_ppo,1.8576955795288086
7992,saint_ppo,1.0862455368041992
7993,saint_ppo,1.7810468673706055
7994,saint_ppo,0.6979131698608398
7995,saint_ppo,2.031052589416504
7996,saint_ppo,5.010988235473633
7997,saint_ppo,0.8723068237304688
7998,saint_ppo,0.6322288513183594
7999,saint_ppo,2.4798879623413086
8000,saint_ppo,0.4095926284790039
8001,saint_ppo,1.8084964752197266
8002,saint_ppo,-0.6312751770019531
8003,saint_ppo,1.489201545715332
8004,saint_ppo,1.9253082275390625
8005,saint_ppo,1.2381219863891602
8006,saint_ppo,1.118743896484375
8007,saint_ppo,1.6060924530029297
8008,saint_ppo,-1.315450668334961
8009,saint_ppo,3.042217254638672
8010,saint_ppo,0.07452678680419922
8011,saint_ppo,0.24320602416992188
8012,saint_ppo,0.023895263671875
8013,saint_ppo,2.0183258056640625
8014,saint_ppo,0.09594154357910156
8015,saint_ppo,1.2439966201782227
8016,saint_ppo,0.886540412902832
8017,saint_ppo,0.9069070816040039
8018,saint_ppo,2.43536376953125
8019,saint_ppo,1.685164451599121
8020,saint_ppo,2.2717485427856445
8021,saint_ppo,1.3312435150146484
8022,saint_ppo,1.843501091003418
8023,saint_ppo,0.2870445251464844
8024,saint_ppo,0.033588409423828125
8025,saint_ppo,0.06225013732910156
8026,saint_ppo,2.8442630767822266
8027,saint_ppo,1.6954994201660156
8028,saint_ppo,-0.08472633361816406
8029,saint_ppo,0.6361904144287109
8030,saint_ppo,1.009836196899414
8031,saint_ppo,1.8852472305297852
8032,saint_ppo,0.5290012359619141
8033,saint_ppo,1.5692052841186523
8034,saint_ppo,0.9484071731567383
8035,saint_ppo,1.7924461364746094
8036,saint_ppo,0.6558046340942383
8037,saint_ppo,1.1626558303833008
8038,saint_ppo,-0.32603931427001953
8039,saint_ppo,1.0386028289794922
8040,saint_ppo,3.082839012145996
8041,saint_ppo,1.4644603729248047
8042,saint_ppo,1.9810895919799805
8043,saint_ppo,7.62939453125e-06
8044,saint_ppo,-2.6561946868896484
8045,saint_ppo,1.571249008178711
8046,saint_ppo,0.9068117141723633
8047,saint_ppo,1.4975290298461914
8048,saint_ppo,1.5596065521240234
8049,saint_ppo,1.8673887252807617
8050,saint_ppo,0.8725194931030273
8051,saint_ppo,1.0380983352661133
8052,saint_ppo,2.6545181274414062
8053,saint_ppo,0.7690086364746094
8054,saint_ppo,3.544229507446289
8055,saint_ppo,-0.7723464965820312
8056,saint_ppo,1.0858078002929688
8057,saint_ppo,1.1013431549072266
8058,saint_ppo,0.9207363128662109
8059,saint_ppo,0.9981393814086914
8060,saint_ppo,1.691329002380371
8061,saint_ppo,1.0214014053344727
8062,saint_ppo,2.771540641784668
8063,saint_ppo,4.876089096069336
8064,saint_ppo,0.2524738311767578
8065,saint_ppo,1.4395780563354492
8066,saint_ppo,1.321782112121582
8067,saint_ppo,1.4569768905639648
8068,saint_ppo,2.6746721267700195
8069,saint_ppo,1.4703454971313477
8070,saint_ppo,1.7651739120483398
8071,saint_ppo,1.0276460647583008
8072,saint_ppo,1.3538265228271484
8073,saint_ppo,3.661161422729492
8074,saint_ppo,0.14787578582763672
8075,saint_ppo,5.763233184814453
8076,saint_ppo,4.332073211669922
8077,saint_ppo,-0.13530826568603516
8078,saint_ppo,1.5243444442749023
8079,saint_ppo,-0.33692264556884766
8080,saint_ppo,1.1167707443237305
8081,saint_ppo,0.08841514587402344
8082,saint_ppo,0.2302227020263672
8083,saint_ppo,1.375295639038086
8084,saint_ppo,-0.7835369110107422
8085,saint_ppo,0.25238037109375
8086,saint_ppo,-0.40586090087890625
8087,saint_ppo,1.380061149597168
8088,saint_ppo,0.5271196365356445
8089,saint_ppo,2.1075258255004883
8090,saint_ppo,1.4470834732055664
8091,saint_ppo,0.2306365966796875
8092,saint_ppo,2.175140380859375
8093,saint_ppo,0.2758932113647461
8094,saint_ppo,1.529444694519043
8095,saint_ppo,-0.9066963195800781
8096,saint_ppo,5.465893745422363
8097,saint_ppo,3.0783395767211914
8098,saint_ppo,-0.2275867462158203
8099,saint_ppo,1.9786529541015625
8100,saint_ppo,1.5656309127807617
8101,saint_ppo,0.9823474884033203
8102,saint_ppo,1.9327373504638672
8103,saint_ppo,1.0435028076171875
8104,saint_ppo,3.646185874938965
8105,saint_ppo,0.739227294921875
8106,saint_ppo,1.3129520416259766
8107,saint_ppo,0.6291971206665039
8108,saint_ppo,0.12380218505859375
8109,saint_ppo,-0.08649444580078125
8110,saint_ppo,1.2559223175048828
8111,saint_ppo,1.5939254760742188
8112,saint_ppo,1.6250219345092773
8113,saint_ppo,1.1687002182006836
8114,saint_ppo,2.5198001861572266
8115,saint_ppo,2.3442554473876953
8116,saint_ppo,-0.7244243621826172
8117,saint_ppo,1.4172134399414062
8118,saint_ppo,1.7468643188476562
8119,saint_ppo,0.7002182006835938
8120,saint_ppo,1.2130212783813477
8121,saint_ppo,2.694103240966797
8122,saint_ppo,0.09633350372314453
8123,saint_ppo,5.300117492675781
8124,saint_ppo,2.279918670654297
8125,saint_ppo,-1.4285907745361328
8126,saint_ppo,0.2298431396484375
8127,saint_ppo,0.9807224273681641
8128,saint_ppo,0.791071891784668
8129,saint_ppo,0.4228019714355469
8130,saint_ppo,0.4896707534790039
8131,saint_ppo,3.027433395385742
8132,saint_ppo,-2.387990951538086
8133,saint_ppo,0.9720830917358398
8134,saint_ppo,0.2592926025390625
8135,saint_ppo,2.619317054748535
8136,saint_ppo,1.4803590774536133
8137,saint_ppo,3.505115509033203
8138,saint_ppo,1.7390613555908203
8139,saint_ppo,2.1145334243774414
8140,saint_ppo,-0.008607864379882812
8141,saint_ppo,1.042769432067871
8142,saint_ppo,-0.7932119369506836
8143,saint_ppo,1.7513656616210938
8144,saint_ppo,1.5051956176757812
8145,saint_ppo,0.9572353363037109
8146,saint_ppo,1.6138134002685547
8147,saint_ppo,1.4011163711547852
8148,saint_ppo,2.153951644897461
8149,saint_ppo,0.19751834869384766
8150,saint_ppo,0.9741048812866211
8151,saint_ppo,4.118582725524902
8152,saint_ppo,7.295659065246582
8153,saint_ppo,5.024406433105469
8154,saint_ppo,-0.6926355361938477
8155,saint_ppo,1.4940881729125977
8156,saint_ppo,1.1903257369995117
8157,saint_ppo,0.07477760314941406
8158,saint_ppo,-0.7942113876342773
8159,saint_ppo,2.9976110458374023
8160,saint_ppo,0.5132427215576172
8161,saint_ppo,2.4804000854492188
8162,saint_ppo,-0.3285036087036133
8163,saint_ppo,2.3291378021240234
8164,saint_ppo,3.7471494674682617
8165,saint_ppo,0.9748306274414062
8166,saint_ppo,1.5463390350341797
8167,saint_ppo,1.7676763534545898
8168,saint_ppo,0.2748231887817383
8169,saint_ppo,2.105959892272949
8170,saint_ppo,-0.9628114700317383
8171,saint_ppo,1.670069694519043
8172,saint_ppo,0.9674959182739258
8173,saint_ppo,0.2645092010498047
8174,saint_ppo,-1.049015998840332
8175,saint_ppo,1.0478143692016602
8176,saint_ppo,-1.5227813720703125
8177,saint_ppo,-1.4440269470214844
8178,saint_ppo,-0.06331539154052734
8179,saint_ppo,1.403223991394043
8180,saint_ppo,-0.9372377395629883
8181,saint_ppo,1.331399917602539
8182,saint_ppo,2.8381614685058594
8183,saint_ppo,1.6660957336425781
8184,saint_ppo,-0.39438819885253906
8185,saint_ppo,1.378312110900879
8186,saint_ppo,-0.36271095275878906
8187,saint_ppo,2.2878036499023438
8188,saint_ppo,2.0413780212402344
8189,saint_ppo,0.7928409576416016
8190,saint_ppo,0.817326545715332
8191,saint_ppo,-0.12492084503173828
8192,saint_ppo,0.7069530487060547
8193,saint_ppo,-0.8475074768066406
8194,saint_ppo,2.324932098388672
8195,saint_ppo,3.1474952697753906
8196,saint_ppo,1.9068899154663086
8197,saint_ppo,0.057236671447753906
8198,saint_ppo,2.496079444885254
8199,saint_ppo,4.940220832824707
8200,saint_ppo,5.615537643432617
8201,saint_ppo,0.2480936050415039
8202,saint_ppo,0.1394805908203125
8203,saint_ppo,-0.020376205444335938
8204,saint_ppo,1.3876924514770508
8205,saint_ppo,4.921740531921387
8206,saint_ppo,1.527834415435791
8207,saint_ppo,1.9643926620483398
8208,saint_ppo,1.3765888214111328
8209,saint_ppo,1.468134880065918
8210,saint_ppo,1.242349624633789
8211,saint_ppo,1.7689199447631836
8212,saint_ppo,-0.31244659423828125
8213,saint_ppo,2.241307258605957
8214,saint_ppo,4.124729156494141
8215,saint_ppo,2.291332244873047
8216,saint_ppo,1.0589218139648438
8217,saint_ppo,3.9480514526367188
8218,saint_ppo,-0.1263132095336914
8219,saint_ppo,2.4582414627075195
8220,saint_ppo,-2.179661750793457
8221,saint_ppo,1.1598014831542969
8222,saint_ppo,0.18133258819580078
8223,saint_ppo,-0.3782958984375
8224,saint_ppo,0.8442001342773438
8225,saint_ppo,0.8701868057250977
8226,saint_ppo,0.7298307418823242
8227,saint_ppo,2.3485288619995117
8228,saint_ppo,1.7453079223632812
8229,saint_ppo,1.3954849243164062
8230,saint_ppo,1.6392822265625
8231,saint_ppo,2.1126928329467773
8232,saint_ppo,-0.7336883544921875
8233,saint_ppo,3.1984024047851562
8234,saint_ppo,-1.4994573593139648
8235,saint_ppo,1.1932601928710938
8236,saint_ppo,5.1312665939331055
8237,saint_ppo,1.6343021392822266
8238,saint_ppo,-0.77020263671875
8239,saint_ppo,1.1780157089233398
8240,saint_ppo,-0.5242938995361328
8241,saint_ppo,1.053572654724121
8242,saint_ppo,0.5805540084838867
8243,saint_ppo,-0.4578428268432617
8244,saint_ppo,4.102471351623535
8245,saint_ppo,2.588899612426758
8246,saint_ppo,4.726232528686523
8247,saint_ppo,0.17390060424804688
8248,saint_ppo,3.724712371826172
8249,saint_ppo,0.6630959510803223
8250,saint_ppo,1.9705829620361328
8251,saint_ppo,0.6762228012084961
8252,saint_ppo,2.01223087310791
8253,saint_ppo,5.615259170532227
8254,saint_ppo,3.257211685180664
8255,saint_ppo,-1.8829545974731445
8256,saint_ppo,0.43491268157958984
8257,saint_ppo,1.145949363708496
8258,saint_ppo,0.22521543502807617
8259,saint_ppo,0.2629566192626953
8260,saint_ppo,1.7669143676757812
8261,saint_ppo,2.8728723526000977
8262,saint_ppo,3.3467330932617188
8263,saint_ppo,0.6368589401245117
8264,saint_ppo,-0.7176027297973633
8265,saint_ppo,5.081101417541504
8266,saint_ppo,1.0887479782104492
8267,saint_ppo,0.9501028060913086
8268,saint_ppo,1.6607170104980469
8269,saint_ppo,-3.8711071014404297
8270,saint_ppo,-0.3338947296142578
8271,saint_ppo,1.1855087280273438
8272,saint_ppo,1.4221649169921875
8273,saint_ppo,0.7448759078979492
8274,saint_ppo,1.5617198944091797
8275,saint_ppo,2.4940671920776367
8276,saint_ppo,0.9861717224121094
8277,saint_ppo,0.9120044708251953
8278,saint_ppo,-1.6390962600708008
8279,saint_ppo,-1.2318201065063477
8280,saint_ppo,2.697385787963867
8281,saint_ppo,0.6834468841552734
8282,saint_ppo,0.8750476837158203
8283,saint_ppo,0.030935287475585938
8284,saint_ppo,1.405533790588379
8285,saint_ppo,0.5223894119262695
8286,saint_ppo,6.124457359313965
8287,saint_ppo,1.3468332290649414
8288,saint_ppo,2.5875415802001953
8289,saint_ppo,1.5684700012207031
8290,saint_ppo,1.4623994827270508
8291,saint_ppo,1.829615592956543
8292,saint_ppo,3.761268138885498
8293,saint_ppo,2.638279914855957
8294,saint_ppo,-0.23697948455810547
8295,saint_ppo,0.19308090209960938
8296,saint_ppo,4.556638717651367
8297,saint_ppo,1.4980087280273438
8298,saint_ppo,0.8932857513427734
8299,saint_ppo,0.9560718536376953
8300,saint_ppo,0.21042919158935547
8301,saint_ppo,1.3346633911132812
8302,saint_ppo,4.229610443115234
8303,saint_ppo,0.28148460388183594
8304,saint_ppo,3.4506664276123047
8305,saint_ppo,0.7636699676513672
8306,saint_ppo,2.439192771911621
8307,saint_ppo,0.9636936187744141
8308,saint_ppo,1.2399654388427734
8309,saint_ppo,3.7842626571655273
8310,saint_ppo,4.208905220031738
8311,saint_ppo,2.27706241607666
8312,saint_ppo,-1.0781474113464355
8313,saint_ppo,4.286581039428711
8314,saint_ppo,0.23130035400390625
8315,saint_ppo,1.646881103515625
8316,saint_ppo,1.154581069946289
8317,saint_ppo,0.7680578231811523
8318,saint_ppo,1.5943279266357422
8319,saint_ppo,0.8757915496826172
8320,saint_ppo,1.7411556243896484
8321,saint_ppo,0.40742015838623047
8322,saint_ppo,1.2146968841552734
8323,saint_ppo,-2.650279998779297
8324,saint_ppo,4.895434379577637
8325,saint_ppo,4.33580207824707
8326,saint_ppo,2.600399971008301
8327,saint_ppo,1.0423898696899414
8328,saint_ppo,2.69320011138916
8329,saint_ppo,0.185882568359375
8330,saint_ppo,1.338592529296875
8331,saint_ppo,2.0129241943359375
8332,saint_ppo,1.7426633834838867
8333,saint_ppo,0.44455814361572266
8334,saint_ppo,1.3192081451416016
8335,saint_ppo,1.2669191360473633
8336,saint_ppo,0.3177022933959961
8337,saint_ppo,0.6490373611450195
8338,saint_ppo,1.6248798370361328
8339,saint_ppo,-1.850468635559082
8340,saint_ppo,0.9855518341064453
8341,saint_ppo,1.9555349349975586
8342,saint_ppo,1.3538522720336914
8343,saint_ppo,0.06745624542236328
8344,saint_ppo,-0.046421051025390625
8345,saint_ppo,11.483264446258545
8346,saint_ppo,2.1264944076538086
8347,saint_ppo,-2.3585920333862305
8348,saint_ppo,1.605870246887207
8349,saint_ppo,1.325387954711914
8350,saint_ppo,1.543212890625
8351,saint_ppo,4.6977434158325195
8352,saint_ppo,0.7706966400146484
8353,saint_ppo,3.4484786987304688
8354,saint_ppo,1.4794340133666992
8355,saint_ppo,-0.20539379119873047
8356,saint_ppo,0.0040950775146484375
8357,saint_ppo,-0.3429422378540039
8358,saint_ppo,1.3309588432312012
8359,saint_ppo,2.280270576477051
8360,saint_ppo,1.1782903671264648
8361,saint_ppo,1.7806549072265625
8362,saint_ppo,0.8218660354614258
8363,saint_ppo,-0.6271524429321289
8364,saint_ppo,1.634328842163086
8365,saint_ppo,0.06804752349853516
8366,saint_ppo,1.9207544326782227
8367,saint_ppo,-0.11639213562011719
8368,saint_ppo,0.3682079315185547
8369,saint_ppo,2.50479793548584
8370,saint_ppo,-1.2767324447631836
8371,saint_ppo,0.5802154541015625
8372,saint_ppo,1.834061622619629
8373,saint_ppo,1.1292152404785156
8374,saint_ppo,-0.1954641342163086
8375,saint_ppo,1.0502986907958984
8376,saint_ppo,1.1006717681884766
8377,saint_ppo,1.9004926681518555
8378,saint_ppo,0.6099977493286133
8379,saint_ppo,2.054231643676758
8380,saint_ppo,1.7447843551635742
8381,saint_ppo,1.0268926620483398
8382,saint_ppo,1.2866897583007812
8383,saint_ppo,6.490314483642578
8384,saint_ppo,5.698131561279297
8385,saint_ppo,1.4012699127197266
8386,saint_ppo,0.8034067153930664
8387,saint_ppo,1.4478731155395508
8388,saint_ppo,1.7098817825317383
8389,saint_ppo,-1.2072067260742188
8390,saint_ppo,1.0402612686157227
8391,saint_ppo,1.0574226379394531
8392,saint_ppo,2.3218631744384766
8393,saint_ppo,3.459824562072754
8394,saint_ppo,1.4924421310424805
8395,saint_ppo,0.5518550872802734
8396,saint_ppo,1.4228801727294922
8397,saint_ppo,-1.4515924453735352
8398,saint_ppo,1.7868824005126953
8399,saint_ppo,1.6309843063354492
8400,saint_ppo,1.1595096588134766
8401,saint_ppo,2.4900264739990234
8402,saint_ppo,1.8499011993408203
8403,saint_ppo,-0.6601152420043945
8404,saint_ppo,4.461206436157227
8405,saint_ppo,2.507340431213379
8406,saint_ppo,-3.143190383911133
8407,saint_ppo,3.808706283569336
8408,saint_ppo,5.751324653625488
8409,saint_ppo,1.320211410522461
8410,saint_ppo,0.3917083740234375
8411,saint_ppo,1.595937728881836
8412,saint_ppo,0.6769475936889648
8413,saint_ppo,0.8295001983642578
8414,saint_ppo,1.9380130767822266
8415,saint_ppo,1.8612394332885742
8416,saint_ppo,-0.5709323883056641
8417,saint_ppo,2.4039783477783203
8418,saint_ppo,-0.7588300704956055
8419,saint_ppo,1.591782569885254
8420,saint_ppo,2.464414596557617
8421,saint_ppo,5.0870819091796875
8422,saint_ppo,0.8939409255981445
8423,saint_ppo,-0.43956565856933594
8424,saint_ppo,1.4585466384887695
8425,saint_ppo,1.1713199615478516
8426,saint_ppo,2.904735565185547
8427,saint_ppo,1.5417985916137695
8428,saint_ppo,2.224026679992676
8429,saint_ppo,0.6945352554321289
8430,saint_ppo,0.7770481109619141
8431,saint_ppo,0.8812675476074219
8432,saint_ppo,1.217458724975586
8433,saint_ppo,-0.13422679901123047
8434,saint_ppo,1.6351795196533203
8435,saint_ppo,2.0495738983154297
8436,saint_ppo,1.579228401184082
8437,saint_ppo,0.08422183990478516
8438,saint_ppo,1.0959644317626953
8439,saint_ppo,3.596693992614746
8440,saint_ppo,0.4885530471801758
8441,saint_ppo,-0.26407337188720703
8442,saint_ppo,1.213984489440918
8443,saint_ppo,1.5790061950683594
8444,saint_ppo,1.7177009582519531
8445,saint_ppo,0.9431123733520508
8446,saint_ppo,0.36080360412597656
8447,saint_ppo,0.8829441070556641
8448,saint_ppo,-1.9103202819824219
8449,saint_ppo,0.7817173004150391
8450,saint_ppo,-1.6664009094238281
8451,saint_ppo,1.9306964874267578
8452,saint_ppo,3.1297225952148438
8453,saint_ppo,1.571793556213379
8454,saint_ppo,1.1186437606811523
8455,saint_ppo,-0.9267082214355469
8456,saint_ppo,4.1592912673950195
8457,saint_ppo,0.04303169250488281
8458,saint_ppo,0.6900882720947266
8459,saint_ppo,-0.9153623580932617
8460,saint_ppo,-2.7881412506103516
8461,saint_ppo,0.6292819976806641
8462,saint_ppo,2.9154090881347656
8463,saint_ppo,-1.0873289108276367
8464,saint_ppo,0.7271728515625
8465,saint_ppo,0.4502124786376953
8466,saint_ppo,0.6996059417724609
8467,saint_ppo,1.5128450393676758
8468,saint_ppo,4.86849308013916
8469,saint_ppo,-0.9717044830322266
8470,saint_ppo,1.3818178176879883
8471,saint_ppo,1.410787582397461
8472,saint_ppo,-0.30475807189941406
8473,saint_ppo,1.6533727645874023
8474,saint_ppo,0.29086875915527344
8475,saint_ppo,3.7417469024658203
8476,saint_ppo,-2.9718198776245117
8477,saint_ppo,1.5807228088378906
8478,saint_ppo,-0.35765743255615234
8479,saint_ppo,-1.743971824645996
8480,saint_ppo,0.7908115386962891
8481,saint_ppo,3.372056484222412
8482,saint_ppo,2.58538818359375
8483,saint_ppo,0.7238492965698242
8484,saint_ppo,1.4290647506713867
8485,saint_ppo,2.969552993774414
8486,saint_ppo,-0.2501811981201172
8487,saint_ppo,1.6695680618286133
8488,saint_ppo,4.309911727905273
8489,saint_ppo,0.8774280548095703
8490,saint_ppo,0.9567098617553711
8491,saint_ppo,0.02045154571533203
8492,saint_ppo,0.6587772369384766
8493,saint_ppo,1.068624496459961
8494,saint_ppo,2.147822380065918
8495,saint_ppo,1.0838136672973633
8496,saint_ppo,1.3588886260986328
8497,saint_ppo,4.074798583984375
8498,saint_ppo,-0.5868396759033203
8499,saint_ppo,2.416370391845703
8500,saint_ppo,0.38924694061279297
8501,saint_ppo,1.226705551147461
8502,saint_ppo,4.363386154174805
8503,saint_ppo,0.7794666290283203
8504,saint_ppo,1.5361757278442383
8505,saint_ppo,2.3042993545532227
8506,saint_ppo,1.3530998229980469
8507,saint_ppo,0.6829910278320312
8508,saint_ppo,1.7289323806762695
8509,saint_ppo,2.2714576721191406
8510,saint_ppo,0.2495427131652832
8511,saint_ppo,1.794403076171875
8512,saint_ppo,0.37857723236083984
8513,saint_ppo,1.7607154846191406
8514,saint_ppo,4.882940292358398
8515,saint_ppo,0.6239805221557617
8516,saint_ppo,0.09935951232910156
8517,saint_ppo,1.2754812240600586
8518,saint_ppo,1.791243553161621
8519,saint_ppo,0.22568035125732422
8520,saint_ppo,-0.26914310455322266
8521,saint_ppo,-0.40434980392456055
8522,saint_ppo,1.7508563995361328
8523,saint_ppo,-0.7037367820739746
8524,saint_ppo,-2.9501333236694336
8525,saint_ppo,0.7260360717773438
8526,saint_ppo,1.364389419555664
8527,saint_ppo,1.5019903182983398
8528,saint_ppo,0.5366134643554688
8529,saint_ppo,2.047959327697754
8530,saint_ppo,4.012629508972168
8531,saint_ppo,2.2742624282836914
8532,saint_ppo,-2.6113271713256836
8533,saint_ppo,0.8040170669555664
8534,saint_ppo,1.2454118728637695
8535,saint_ppo,0.6437311172485352
8536,saint_ppo,1.7019882202148438
8537,saint_ppo,1.1330690383911133
8538,saint_ppo,5.123071670532227
8539,saint_ppo,-4.316501617431641
8540,saint_ppo,-0.6775522232055664
8541,saint_ppo,1.6535272598266602
8542,saint_ppo,0.5699148178100586
8543,saint_ppo,1.3740463256835938
8544,saint_ppo,1.7487354278564453
8545,saint_ppo,0.4207773208618164
8546,saint_ppo,0.35735321044921875
8547,saint_ppo,0.9993772506713867
8548,saint_ppo,1.3813438415527344
8549,saint_ppo,1.6614971160888672
8550,saint_ppo,5.182456016540527
8551,saint_ppo,1.0302863121032715
8552,saint_ppo,0.4427204132080078
8553,saint_ppo,1.4023237228393555
8554,saint_ppo,3.4830236434936523
8555,saint_ppo,-0.2820587158203125
8556,saint_ppo,2.0165843963623047
8557,saint_ppo,1.771296501159668
8558,saint_ppo,1.170027732849121
8559,saint_ppo,0.8090486526489258
8560,saint_ppo,-1.9136180877685547
8561,saint_ppo,1.1117725372314453
8562,saint_ppo,-0.6016292572021484
8563,saint_ppo,2.7165002822875977
8564,saint_ppo,2.2070016860961914
8565,saint_ppo,-3.286665916442871
8566,saint_ppo,0.5801277160644531
8567,saint_ppo,0.4812459945678711
8568,saint_ppo,1.8772478103637695
8569,saint_ppo,1.4144563674926758
8570,saint_ppo,-1.9249114990234375
8571,saint_ppo,0.7458620071411133
8572,saint_ppo,-0.21671009063720703
8573,saint_ppo,0.6880416870117188
8574,saint_ppo,-0.022086143493652344
8575,saint_ppo,1.3077497482299805
8576,saint_ppo,3.6584033966064453
8577,saint_ppo,0.6737356185913086
8578,saint_ppo,0.5913848876953125
8579,saint_ppo,2.0838546752929688
8580,saint_ppo,2.926051139831543
8581,saint_ppo,-0.044289588928222656
8582,saint_ppo,0.8219833374023438
8583,saint_ppo,1.4879865646362305
8584,saint_ppo,6.447116851806641
8585,saint_ppo,1.831894874572754
8586,saint_ppo,0.5138339996337891
8587,saint_ppo,-1.3530426025390625
8588,saint_ppo,1.0080747604370117
8589,saint_ppo,0.7954416275024414
8590,saint_ppo,1.8244037628173828
8591,saint_ppo,2.733761787414551
8592,saint_ppo,0.03425884246826172
8593,saint_ppo,5.920687675476074
8594,saint_ppo,3.245114326477051
8595,saint_ppo,1.5177793502807617
8596,saint_ppo,1.4029693603515625
8597,saint_ppo,4.099538803100586
8598,saint_ppo,-0.6870241165161133
8599,saint_ppo,1.0074443817138672
8600,saint_ppo,0.02877330780029297
8601,saint_ppo,-0.8916034698486328
8602,saint_ppo,1.9616127014160156
8603,saint_ppo,1.0899066925048828
8604,saint_ppo,1.5195951461791992
8605,saint_ppo,4.567390441894531
8606,saint_ppo,0.9687671661376953
8607,saint_ppo,-0.798649787902832
8608,saint_ppo,1.0209312438964844
8609,saint_ppo,1.9726991653442383
8610,saint_ppo,0.3825206756591797
8611,saint_ppo,1.649862289428711
8612,saint_ppo,0.5948753356933594
8613,saint_ppo,-0.1993703842163086
8614,saint_ppo,5.106756210327148
8615,saint_ppo,1.692204475402832
8616,saint_ppo,2.444578170776367
8617,saint_ppo,-3.406466484069824
8618,saint_ppo,1.3482418060302734
8619,saint_ppo,1.2741889953613281
8620,saint_ppo,0.3491792678833008
8621,saint_ppo,0.7627782821655273
8622,saint_ppo,-0.13140010833740234
8623,saint_ppo,-0.4713706970214844
8624,saint_ppo,1.1254315376281738
8625,saint_ppo,2.636533737182617
8626,saint_ppo,0.5412588119506836
8627,saint_ppo,1.2689361572265625
8628,saint_ppo,0.7587451934814453
8629,saint_ppo,-1.2972049713134766
8630,saint_ppo,-0.7290010452270508
8631,saint_ppo,5.184854507446289
8632,saint_ppo,1.7598991394042969
8633,saint_ppo,4.889122009277344
8634,saint_ppo,0.8663959503173828
8635,saint_ppo,1.2983379364013672
8636,saint_ppo,2.2171945571899414
8637,saint_ppo,-1.322744369506836
8638,saint_ppo,1.2032594680786133
8639,saint_ppo,2.120819091796875
8640,saint_ppo,1.9642572402954102
8641,saint_ppo,0.2842884063720703
8642,saint_ppo,1.7981863021850586
8643,saint_ppo,0.8780841827392578
8644,saint_ppo,0.0807809829711914
8645,saint_ppo,4.951637268066406
8646,saint_ppo,5.284721851348877
8647,saint_ppo,0.8304815292358398
8648,saint_ppo,2.550525665283203
8649,saint_ppo,1.8971357345581055
8650,saint_ppo,-0.056980133056640625
8651,saint_ppo,0.9987382888793945
8652,saint_ppo,1.099318504333496
8653,saint_ppo,1.9211196899414062
8654,saint_ppo,-0.5679292678833008
8655,saint_ppo,2.1331987380981445
8656,saint_ppo,0.9700002670288086
8657,saint_ppo,1.598093032836914
8658,saint_ppo,-2.13458251953125
8659,saint_ppo,4.025964736938477
8660,saint_ppo,2.051746368408203
8661,saint_ppo,0.013266563415527344
8662,saint_ppo,1.9542083740234375
8663,saint_ppo,1.522481918334961
8664,saint_ppo,1.2671184539794922
8665,saint_ppo,-2.0380945205688477
8666,saint_ppo,-0.06520652770996094
8667,saint_ppo,-1.6753950119018555
8668,saint_ppo,1.386260986328125
8669,saint_ppo,0.26642417907714844
8670,saint_ppo,2.956584930419922
8671,saint_ppo,0.16203022003173828
8672,saint_ppo,5.165964126586914
8673,saint_ppo,4.016473770141602
8674,saint_ppo,2.12860107421875
8675,saint_ppo,0.7528696060180664
8676,saint_ppo,2.4656734466552734
8677,saint_ppo,1.9263629913330078
8678,saint_ppo,2.64914608001709
8679,saint_ppo,1.8027477264404297
8680,saint_ppo,0.9835205078125
8681,saint_ppo,4.557462692260742
8682,saint_ppo,0.8451118469238281
8683,saint_ppo,3.524106025695801
8684,saint_ppo,4.324455261230469
8685,saint_ppo,1.5652036666870117
8686,saint_ppo,2.0254697799682617
8687,saint_ppo,2.4508895874023438
8688,saint_ppo,0.00843048095703125
8689,saint_ppo,1.4723224639892578
8690,saint_ppo,2.261500358581543
8691,saint_ppo,3.706636428833008
8692,saint_ppo,0.9973058700561523
8693,saint_ppo,1.0209674835205078
8694,saint_ppo,0.9655752182006836
8695,saint_ppo,-0.18467044830322266
8696,saint_ppo,-0.8082466125488281
8697,saint_ppo,1.0469274520874023
8698,saint_ppo,-1.5491609573364258
8699,saint_ppo,1.491607666015625
8700,saint_ppo,0.7132654190063477
8701,saint_ppo,2.0391788482666016
8702,saint_ppo,0.9131898880004883
8703,saint_ppo,3.0446739196777344
8704,saint_ppo,1.7498435974121094
8705,saint_ppo,4.822637557983398
8706,saint_ppo,1.3156671524047852
8707,saint_ppo,1.7424535751342773
8708,saint_ppo,4.785805702209473
8709,saint_ppo,0.6774454116821289
8710,saint_ppo,1.50433349609375
8711,saint_ppo,1.4761409759521484
8712,saint_ppo,-0.811518669128418
8713,saint_ppo,-0.06525135040283203
8714,saint_ppo,3.668975830078125
8715,saint_ppo,1.3419466018676758
8716,saint_ppo,3.808577537536621
8717,saint_ppo,3.527463912963867
8718,saint_ppo,0.6543216705322266
8719,saint_ppo,0.5255537033081055
8720,saint_ppo,0.0573883056640625
8721,saint_ppo,3.7721662521362305
8722,saint_ppo,4.036406517028809
8723,saint_ppo,-4.286945343017578
8724,saint_ppo,1.2055692672729492
8725,saint_ppo,1.9091501235961914
8726,saint_ppo,0.353973388671875
8727,saint_ppo,4.836248397827148
8728,saint_ppo,1.3385591506958008
8729,saint_ppo,3.94183349609375
8730,saint_ppo,0.6575326919555664
8731,saint_ppo,1.6488037109375
8732,saint_ppo,-1.009018898010254
8733,saint_ppo,0.8417530059814453
8734,saint_ppo,0.7484989166259766
8735,saint_ppo,-0.8993558883666992
8736,saint_ppo,0.7359991073608398
8737,saint_ppo,-0.020822525024414062
8738,saint_ppo,0.3032369613647461
8739,saint_ppo,-0.1906747817993164
8740,saint_ppo,2.045309066772461
8741,saint_ppo,4.080477714538574
8742,saint_ppo,1.646183967590332
8743,saint_ppo,2.226041793823242
8744,saint_ppo,-1.0089130401611328
8745,saint_ppo,2.3991851806640625
8746,saint_ppo,1.9543380737304688
8747,saint_ppo,0.6402702331542969
8748,saint_ppo,0.8732061386108398
8749,saint_ppo,0.9520301818847656
8750,saint_ppo,-0.4353790283203125
8751,saint_ppo,-0.543914794921875
8752,saint_ppo,0.3391437530517578
8753,saint_ppo,0.8352394104003906
8754,saint_ppo,-0.8941984176635742
8755,saint_ppo,0.059787750244140625
8756,saint_ppo,0.16337966918945312
8757,saint_ppo,2.6381845474243164
8758,saint_ppo,3.725358009338379
8759,saint_ppo,0.699732780456543
8760,saint_ppo,1.0429153442382812
8761,saint_ppo,-0.579310417175293
8762,saint_ppo,0.923893928527832
8763,saint_ppo,1.0795707702636719
8764,saint_ppo,0.22380638122558594
8765,saint_ppo,0.2612791061401367
8766,saint_ppo,-0.20906829833984375
8767,saint_ppo,5.772539138793945
8768,saint_ppo,-1.0249576568603516
8769,saint_ppo,0.9345130920410156
8770,saint_ppo,1.5465354919433594
8771,saint_ppo,-0.549809455871582
8772,saint_ppo,1.1754570007324219
8773,saint_ppo,2.327582359313965
8774,saint_ppo,1.2765731811523438
8775,saint_ppo,-0.12543010711669922
8776,saint_ppo,1.5920963287353516
8777,saint_ppo,0.9835033416748047
8778,saint_ppo,0.09455585479736328
8779,saint_ppo,1.2952709197998047
8780,saint_ppo,1.7114524841308594
8781,saint_ppo,0.358642578125
8782,saint_ppo,0.5397157669067383
8783,saint_ppo,2.475773811340332
8784,saint_ppo,1.7933788299560547
8785,saint_ppo,1.5038166046142578
8786,saint_ppo,3.911107063293457
8787,saint_ppo,0.7776241302490234
8788,saint_ppo,-0.8611822128295898
8789,saint_ppo,3.0882301330566406
8790,saint_ppo,-0.6306734085083008
8791,saint_ppo,1.2463369369506836
8792,saint_ppo,4.923990249633789
8793,saint_ppo,0.8620815277099609
8794,saint_ppo,-1.1697492599487305
8795,saint_ppo,1.5068349838256836
8796,saint_ppo,1.2311487197875977
8797,saint_ppo,1.2095365524291992
8798,saint_ppo,0.2423391342163086
8799,saint_ppo,1.2306175231933594
8800,saint_ppo,1.3665838241577148
8801,saint_ppo,0.5871171951293945
8802,saint_ppo,0.4199848175048828
8803,saint_ppo,1.7447748184204102
8804,saint_ppo,1.0857219696044922
8805,saint_ppo,2.3792800903320312
8806,saint_ppo,1.098907470703125
8807,saint_ppo,0.4725170135498047
8808,saint_ppo,1.1853809356689453
8809,saint_ppo,1.9642524719238281
8810,saint_ppo,2.48486328125
8811,saint_ppo,2.8334407806396484
8812,saint_ppo,-4.077104568481445
8813,saint_ppo,0.7221317291259766
8814,saint_ppo,-0.16275596618652344
8815,saint_ppo,1.2143373489379883
8816,saint_ppo,3.830690383911133
8817,saint_ppo,2.7201623916625977
8818,saint_ppo,1.2771739959716797
8819,saint_ppo,-0.1105813980102539
8820,saint_ppo,2.111178398132324
8821,saint_ppo,0.8423299789428711
8822,saint_ppo,1.0497207641601562
8823,saint_ppo,1.3358211517333984
8824,saint_ppo,1.3466863632202148
8825,saint_ppo,1.9212207794189453
8826,saint_ppo,1.2500181198120117
8827,saint_ppo,0.8295049667358398
8828,saint_ppo,1.4473752975463867
8829,saint_ppo,1.374044418334961
8830,saint_ppo,1.4228854179382324
8831,saint_ppo,-0.2036590576171875
8832,saint_ppo,0.7310419082641602
8833,saint_ppo,1.7878656387329102
8834,saint_ppo,2.0821895599365234
8835,saint_ppo,0.39206695556640625
8836,saint_ppo,1.9106359481811523
8837,saint_ppo,1.3041400909423828
8838,saint_ppo,-0.08197784423828125
8839,saint_ppo,2.802095413208008
8840,saint_ppo,1.6700410842895508
8841,saint_ppo,1.3835926055908203
8842,saint_ppo,1.9419565200805664
8843,saint_ppo,0.9111318588256836
8844,saint_ppo,1.142965316772461
8845,saint_ppo,1.9382424354553223
8846,saint_ppo,-0.8763370513916016
8847,saint_ppo,0.24156856536865234
8848,saint_ppo,1.4448785781860352
8849,saint_ppo,1.766982078552246
8850,saint_ppo,1.6743965148925781
8851,saint_ppo,3.1182756423950195
8852,saint_ppo,1.1319646835327148
8853,saint_ppo,7.538836479187012
8854,saint_ppo,-0.4114389419555664
8855,saint_ppo,0.8746099472045898
8856,saint_ppo,1.027090072631836
8857,saint_ppo,1.2526779174804688
8858,saint_ppo,1.2572202682495117
8859,saint_ppo,-2.081296920776367
8860,saint_ppo,0.9054498672485352
8861,saint_ppo,0.8150434494018555
8862,saint_ppo,1.4671573638916016
8863,saint_ppo,2.7362937927246094
8864,saint_ppo,1.8379974365234375
8865,saint_ppo,4.085661888122559
8866,saint_ppo,1.2135295867919922
8867,saint_ppo,0.43184947967529297
8868,saint_ppo,1.9563798904418945
8869,saint_ppo,1.4554452896118164
8870,saint_ppo,0.45714569091796875
8871,saint_ppo,1.9321231842041016
8872,saint_ppo,2.6638431549072266
8873,saint_ppo,1.0657577514648438
8874,saint_ppo,0.746190071105957
8875,saint_ppo,1.8505983352661133
8876,saint_ppo,1.4222993850708008
8877,saint_ppo,1.219757080078125
8878,saint_ppo,1.873988151550293
8879,saint_ppo,1.2553281784057617
8880,saint_ppo,2.219104766845703
8881,saint_ppo,1.1784343719482422
8882,saint_ppo,2.3114852905273438
8883,saint_ppo,1.0992488861083984
8884,saint_ppo,0.9142303466796875
8885,saint_ppo,1.7228775024414062
8886,saint_ppo,2.2929306030273438
8887,saint_ppo,1.6249074935913086
8888,saint_ppo,0.5031833648681641
8889,saint_ppo,-1.7052974700927734
8890,saint_ppo,1.191741943359375
8891,saint_ppo,-0.569788932800293
8892,saint_ppo,1.3787469863891602
8893,saint_ppo,1.2735137939453125
8894,saint_ppo,-0.16299057006835938
8895,saint_ppo,-0.1995716094970703
8896,saint_ppo,0.41739845275878906
8897,saint_ppo,4.774682998657227
8898,saint_ppo,1.5251483917236328
8899,saint_ppo,1.7475051879882812
8900,saint_ppo,-0.055118560791015625
8901,saint_ppo,1.3715858459472656
8902,saint_ppo,0.25206565856933594
8903,saint_ppo,2.3454980850219727
8904,saint_ppo,1.5732746124267578
8905,saint_ppo,0.9928216934204102
8906,saint_ppo,1.079690933227539
8907,saint_ppo,2.4896774291992188
8908,saint_ppo,1.3919944763183594
8909,saint_ppo,1.187312126159668
8910,saint_ppo,-0.38709163665771484
8911,saint_ppo,2.093210220336914
8912,saint_ppo,-0.14437007904052734
8913,saint_ppo,0.7658052444458008
8914,saint_ppo,-2.178079605102539
8915,saint_ppo,1.3349437713623047
8916,saint_ppo,1.3906192779541016
8917,saint_ppo,3.015279769897461
8918,saint_ppo,-1.3897981643676758
8919,saint_ppo,3.3220157623291016
8920,saint_ppo,2.099860668182373
8921,saint_ppo,1.3205194473266602
8922,saint_ppo,0.784337043762207
8923,saint_ppo,2.021108627319336
8924,saint_ppo,1.2104558944702148
8925,saint_ppo,6.44321346282959
8926,saint_ppo,4.902589797973633
8927,saint_ppo,0.8370475769042969
8928,saint_ppo,0.18928909301757812
8929,saint_ppo,1.2762231826782227
8930,saint_ppo,1.6020183563232422
8931,saint_ppo,0.6536130905151367
8932,saint_ppo,2.4864349365234375
8933,saint_ppo,0.8278465270996094
8934,saint_ppo,0.7202835083007812
8935,saint_ppo,1.6850271224975586
8936,saint_ppo,3.897296905517578
8937,saint_ppo,1.3344287872314453
8938,saint_ppo,2.184041976928711
8939,saint_ppo,1.1968679428100586
8940,saint_ppo,0.04233551025390625
8941,saint_ppo,2.7845163345336914
8942,saint_ppo,0.9383907318115234
8943,saint_ppo,1.3286089897155762
8944,saint_ppo,2.0999135971069336
8945,saint_ppo,-2.4639053344726562
8946,saint_ppo,1.4759302139282227
8947,saint_ppo,0.33368492126464844
8948,saint_ppo,-0.42868995666503906
8949,saint_ppo,2.0275487899780273
8950,saint_ppo,0.5821428298950195
8951,saint_ppo,1.1008005142211914
8952,saint_ppo,-0.20368480682373047
8953,saint_ppo,0.36313819885253906
8954,saint_ppo,2.8495044708251953
8955,saint_ppo,0.8871059417724609
8956,saint_ppo,0.5390539169311523
8957,saint_ppo,1.285970687866211
8958,saint_ppo,2.009079933166504
8959,saint_ppo,0.29688453674316406
8960,saint_ppo,1.2148303985595703
8961,saint_ppo,5.516935348510742
8962,saint_ppo,0.5154380798339844
8963,saint_ppo,0.5472478866577148
8964,saint_ppo,2.1646728515625
8965,saint_ppo,1.5101709365844727
8966,saint_ppo,0.8086481094360352
8967,saint_ppo,2.904788017272949
8968,saint_ppo,1.5394115447998047
8969,saint_ppo,0.4811134338378906
8970,saint_ppo,0.6466245651245117
8971,saint_ppo,1.0336408615112305
8972,saint_ppo,4.0511064529418945
8973,saint_ppo,2.342386245727539
8974,saint_ppo,-0.6228733062744141
8975,saint_ppo,1.5892667770385742
8976,saint_ppo,1.3136053085327148
8977,saint_ppo,0.9187765121459961
8978,saint_ppo,-1.3285322189331055
8979,saint_ppo,2.738494873046875
8980,saint_ppo,1.8219900131225586
8981,saint_ppo,0.8768987655639648
8982,saint_ppo,0.1288928985595703
8983,saint_ppo,3.334906578063965
8984,saint_ppo,-0.30942726135253906
8985,saint_ppo,1.4419269561767578
8986,saint_ppo,1.870387077331543
8987,saint_ppo,-0.46541881561279297
8988,saint_ppo,0.1781930923461914
8989,saint_ppo,0.1125631332397461
8990,saint_ppo,0.7816734313964844
8991,saint_ppo,0.12307071685791016
8992,saint_ppo,-0.22054004669189453
8993,saint_ppo,1.4345932006835938
8994,saint_ppo,4.90969181060791
8995,saint_ppo,0.9952993392944336
8996,saint_ppo,1.8437910079956055
8997,saint_ppo,0.9059829711914062
8998,saint_ppo,-1.0829896926879883
8999,saint_ppo,1.8413324356079102
9000,saint_ppo,2.15761661529541
9001,saint_ppo,-1.5875968933105469
9002,saint_ppo,1.7172021865844727
9003,saint_ppo,2.3105697631835938
9004,saint_ppo,0.25640010833740234
9005,saint_ppo,1.9915428161621094
9006,saint_ppo,1.4373254776000977
9007,saint_ppo,1.219925880432129
9008,saint_ppo,0.8083667755126953
9009,saint_ppo,1.2130508422851562
9010,saint_ppo,0.9128131866455078
9011,saint_ppo,3.5688867568969727
9012,saint_ppo,0.9836359024047852
9013,saint_ppo,-1.5349416732788086
9014,saint_ppo,-0.716984748840332
9015,saint_ppo,5.699159622192383
9016,saint_ppo,-2.033877372741699
9017,saint_ppo,0.70697021484375
9018,saint_ppo,3.2502613067626953
9019,saint_ppo,-1.8593416213989258
9020,saint_ppo,0.787384033203125
9021,saint_ppo,1.8295259475708008
9022,saint_ppo,1.5391807556152344
9023,saint_ppo,1.2738666534423828
9024,saint_ppo,2.56430721282959
9025,saint_ppo,2.0522661209106445
9026,saint_ppo,0.8675575256347656
9027,saint_ppo,1.1790037155151367
9028,saint_ppo,0.2550516128540039
9029,saint_ppo,0.9439992904663086
9030,saint_ppo,2.640169143676758
9031,saint_ppo,1.599165916442871
9032,saint_ppo,-0.25693559646606445
9033,saint_ppo,0.4581565856933594
9034,saint_ppo,0.45158863067626953
9035,saint_ppo,-0.5801153182983398
9036,saint_ppo,1.3105506896972656
9037,saint_ppo,-0.10958576202392578
9038,saint_ppo,-0.1361541748046875
9039,saint_ppo,1.4889450073242188
9040,saint_ppo,-4.675149917602539
9041,saint_ppo,2.0782928466796875
9042,saint_ppo,-3.0109786987304688
9043,saint_ppo,1.2171554565429688
9044,saint_ppo,0.19492244720458984
9045,saint_ppo,0.7265453338623047
9046,saint_ppo,0.2899894714355469
9047,saint_ppo,1.3966493606567383
9048,saint_ppo,3.5439014434814453
9049,saint_ppo,3.859416961669922
9050,saint_ppo,1.3792119026184082
9051,saint_ppo,-0.23873138427734375
9052,saint_ppo,4.936428070068359
9053,saint_ppo,-0.5423526763916016
9054,saint_ppo,0.41376686096191406
9055,saint_ppo,1.170060157775879
9056,saint_ppo,2.339292526245117
9057,saint_ppo,-0.21522903442382812
9058,saint_ppo,1.258199691772461
9059,saint_ppo,-2.388151168823242
9060,saint_ppo,-0.7310504913330078
9061,saint_ppo,1.0409832000732422
9062,saint_ppo,0.9311666488647461
9063,saint_ppo,1.733367919921875
9064,saint_ppo,-0.6618480682373047
9065,saint_ppo,3.494765281677246
9066,saint_ppo,1.753072738647461
9067,saint_ppo,2.10617733001709
9068,saint_ppo,2.3239593505859375
9069,saint_ppo,1.270782470703125
9070,saint_ppo,0.6035690307617188
9071,saint_ppo,0.7054948806762695
9072,saint_ppo,-0.718012809753418
9073,saint_ppo,0.9185771942138672
9074,saint_ppo,3.7482643127441406
9075,saint_ppo,-0.5892734527587891
9076,saint_ppo,0.8867311477661133
9077,saint_ppo,1.0048494338989258
9078,saint_ppo,0.9578762054443359
9079,saint_ppo,0.3416910171508789
9080,saint_ppo,2.2394447326660156
9081,saint_ppo,2.4755020141601562
9082,saint_ppo,1.880620002746582
9083,saint_ppo,0.6986503601074219
9084,saint_ppo,-1.4353141784667969
9085,saint_ppo,-0.8035802841186523
9086,saint_ppo,0.6432867050170898
9087,saint_ppo,0.2657947540283203
9088,saint_ppo,0.9886589050292969
9089,saint_ppo,2.0519046783447266
9090,saint_ppo,2.413853645324707
9091,saint_ppo,1.759211540222168
9092,saint_ppo,0.32926464080810547
9093,saint_ppo,1.735093116760254
9094,saint_ppo,1.4799790382385254
9095,saint_ppo,0.5238418579101562
9096,saint_ppo,0.2979240417480469
9097,saint_ppo,0.5095891952514648
9098,saint_ppo,0.5364971160888672
9099,saint_ppo,1.320089340209961
9100,saint_ppo,-0.22957229614257812
9101,saint_ppo,1.6517982482910156
9102,saint_ppo,5.5807037353515625
9103,saint_ppo,2.0088443756103516
9104,saint_ppo,3.0692338943481445
9105,saint_ppo,2.3564205169677734
9106,saint_ppo,-0.02752685546875
9107,saint_ppo,2.6431360244750977
9108,saint_ppo,3.71999454498291
9109,saint_ppo,2.013580322265625
9110,saint_ppo,1.8926582336425781
9111,saint_ppo,-3.0273799896240234
9112,saint_ppo,1.677128791809082
9113,saint_ppo,1.7278804779052734
9114,saint_ppo,1.4994049072265625
9115,saint_ppo,0.21229076385498047
9116,saint_ppo,1.009882926940918
9117,saint_ppo,0.8074808120727539
9118,saint_ppo,2.0143604278564453
9119,saint_ppo,1.7946300506591797
9120,saint_ppo,1.023874282836914
9121,saint_ppo,0.7644596099853516
9122,saint_ppo,0.4524717330932617
9123,saint_ppo,1.0576820373535156
9124,saint_ppo,2.968564987182617
9125,saint_ppo,1.5654335021972656
9126,saint_ppo,-0.18166065216064453
9127,saint_ppo,5.616344451904297
9128,saint_ppo,0.8062162399291992
9129,saint_ppo,4.850505828857422
9130,saint_ppo,-0.4158296585083008
9131,saint_ppo,0.8743686676025391
9132,saint_ppo,0.6655998229980469
9133,saint_ppo,0.47556400299072266
9134,saint_ppo,0.9947328567504883
9135,saint_ppo,1.1922636032104492
9136,saint_ppo,1.7058868408203125
9137,saint_ppo,1.7211928367614746
9138,saint_ppo,0.3701801300048828
9139,saint_ppo,4.857099533081055
9140,saint_ppo,1.5624237060546875
9141,saint_ppo,-0.41741275787353516
9142,saint_ppo,0.6041584014892578
9143,saint_ppo,0.6624355316162109
9144,saint_ppo,2.598653793334961
9145,saint_ppo,2.274261474609375
9146,saint_ppo,0.5909910202026367
9147,saint_ppo,1.574005126953125
9148,saint_ppo,0.7888984680175781
9149,saint_ppo,-0.2711963653564453
9150,saint_ppo,1.7159852981567383
9151,saint_ppo,0.7451915740966797
9152,saint_ppo,3.49444580078125
9153,saint_ppo,1.0532426834106445
9154,saint_ppo,0.06568050384521484
9155,saint_ppo,-3.849964141845703
9156,saint_ppo,1.1550235748291016
9157,saint_ppo,0.632411003112793
9158,saint_ppo,0.18996906280517578
9159,saint_ppo,0.8364486694335938
9160,saint_ppo,3.8336620330810547
9161,saint_ppo,0.3011474609375
9162,saint_ppo,-0.3434267044067383
9163,saint_ppo,0.15520668029785156
9164,saint_ppo,1.1627120971679688
9165,saint_ppo,2.0721826553344727
9166,saint_ppo,2.0217370986938477
9167,saint_ppo,1.449270248413086
9168,saint_ppo,1.1262636184692383
9169,saint_ppo,-0.3925285339355469
9170,saint_ppo,-0.548426628112793
9171,saint_ppo,-2.024785041809082
9172,saint_ppo,0.30391979217529297
9173,saint_ppo,-1.2065706253051758
9174,saint_ppo,0.21341228485107422
9175,saint_ppo,-0.08407211303710938
9176,saint_ppo,1.1078596115112305
9177,saint_ppo,0.0981283187866211
9178,saint_ppo,-0.7567920684814453
9179,saint_ppo,0.8889675140380859
9180,saint_ppo,-0.9820680618286133
9181,saint_ppo,0.9964799880981445
9182,saint_ppo,-1.124253273010254
9183,saint_ppo,5.162778854370117
9184,saint_ppo,2.236079216003418
9185,saint_ppo,0.8011159896850586
9186,saint_ppo,2.4062280654907227
9187,saint_ppo,1.1942119598388672
9188,saint_ppo,4.323955535888672
9189,saint_ppo,0.8822517395019531
9190,saint_ppo,1.3686304092407227
9191,saint_ppo,0.3309650421142578
9192,saint_ppo,-2.128633499145508
9193,saint_ppo,0.5560302734375
9194,saint_ppo,2.3688392639160156
9195,saint_ppo,1.993403434753418
9196,saint_ppo,2.7907981872558594
9197,saint_ppo,0.6541805267333984
9198,saint_ppo,-0.3787212371826172
9199,saint_ppo,5.898674011230469
9200,saint_ppo,5.5035858154296875
9201,saint_ppo,2.2580480575561523
9202,saint_ppo,-0.9348049163818359
9203,saint_ppo,-0.2532806396484375
9204,saint_ppo,1.111729621887207
9205,saint_ppo,0.014402389526367188
9206,saint_ppo,1.0021820068359375
9207,saint_ppo,0.8146305084228516
9208,saint_ppo,-1.5256500244140625
9209,saint_ppo,1.7074480056762695
9210,saint_ppo,0.5678396224975586
9211,saint_ppo,5.290061950683594
9212,saint_ppo,2.064927101135254
9213,saint_ppo,-3.2354583740234375
9214,saint_ppo,1.8509330749511719
9215,saint_ppo,0.5011377334594727
9216,saint_ppo,1.6348876953125
9217,saint_ppo,1.1685905456542969
9218,saint_ppo,3.117032051086426
9219,saint_ppo,-1.134267807006836
9220,saint_ppo,1.9878630638122559
9221,saint_ppo,2.1695642471313477
9222,saint_ppo,-0.1087198257446289
9223,saint_ppo,1.5750789642333984
9224,saint_ppo,0.2859306335449219
9225,saint_ppo,0.7201433181762695
9226,saint_ppo,2.0826902389526367
9227,saint_ppo,0.9203624725341797
9228,saint_ppo,0.5064640045166016
9229,saint_ppo,0.4923524856567383
9230,saint_ppo,0.3120746612548828
9231,saint_ppo,0.9471874237060547
9232,saint_ppo,0.9043245315551758
9233,saint_ppo,-7.790072441101074
9234,saint_ppo,0.5106544494628906
9235,saint_ppo,2.4570817947387695
9236,saint_ppo,3.3180065155029297
9237,saint_ppo,0.35773563385009766
9238,saint_ppo,-1.4034194946289062
9239,saint_ppo,1.2401752471923828
9240,saint_ppo,2.677126884460449
9241,saint_ppo,-0.8783869743347168
9242,saint_ppo,1.5137834548950195
9243,saint_ppo,4.972082138061523
9244,saint_ppo,3.899472236633301
9245,saint_ppo,0.6894598007202148
9246,saint_ppo,-4.40485954284668
9247,saint_ppo,-2.8259353637695312
9248,saint_ppo,2.0236215591430664
9249,saint_ppo,1.9023590087890625
9250,saint_ppo,0.5789203643798828
9251,saint_ppo,0.4970684051513672
9252,saint_ppo,-1.8291444778442383
9253,saint_ppo,0.21918964385986328
9254,saint_ppo,1.1766414642333984
9255,saint_ppo,-0.1815805435180664
9256,saint_ppo,1.6498947143554688
9257,saint_ppo,0.3491487503051758
9258,saint_ppo,1.5026912689208984
9259,saint_ppo,1.0159902572631836
9260,saint_ppo,0.04430961608886719
9261,saint_ppo,-0.2517986297607422
9262,saint_ppo,1.3493642807006836
9263,saint_ppo,5.501581192016602
9264,saint_ppo,1.655695915222168
9265,saint_ppo,-2.7803268432617188
9266,saint_ppo,0.5937471389770508
9267,saint_ppo,2.9265737533569336
9268,saint_ppo,0.3119049072265625
9269,saint_ppo,5.1622314453125
9270,saint_ppo,1.3903226852416992
9271,saint_ppo,1.9521970748901367
9272,saint_ppo,1.6798467636108398
9273,saint_ppo,0.3413867950439453
9274,saint_ppo,-2.783328056335449
9275,saint_ppo,0.7349662780761719
9276,saint_ppo,-0.2750539779663086
9277,saint_ppo,1.4339027404785156
9278,saint_ppo,0.9634313583374023
9279,saint_ppo,1.7076005935668945
9280,saint_ppo,2.2411880493164062
9281,saint_ppo,1.360407829284668
9282,saint_ppo,2.847963333129883
9283,saint_ppo,0.8773727416992188
9284,saint_ppo,2.970391273498535
9285,saint_ppo,1.5493745803833008
9286,saint_ppo,-0.05208015441894531
9287,saint_ppo,1.7245912551879883
9288,saint_ppo,-1.068075180053711
9289,saint_ppo,5.495908737182617
9290,saint_ppo,2.2789039611816406
9291,saint_ppo,-0.6467628479003906
9292,saint_ppo,1.0535345077514648
9293,saint_ppo,0.8901433944702148
9294,saint_ppo,0.3454599380493164
9295,saint_ppo,2.5468854904174805
9296,saint_ppo,-0.47191715240478516
9297,saint_ppo,0.5949440002441406
9298,saint_ppo,2.061758041381836
9299,saint_ppo,0.14436054229736328
9300,saint_ppo,3.7620773315429688
9301,saint_ppo,-1.815434455871582
9302,saint_ppo,1.205195426940918
9303,saint_ppo,3.8268604278564453
9304,saint_ppo,0.6144189834594727
9305,saint_ppo,-0.06520843505859375
9306,saint_ppo,-0.13005924224853516
9307,saint_ppo,2.2509889602661133
9308,saint_ppo,1.4284143447875977
9309,saint_ppo,0.052463531494140625
9310,saint_ppo,1.3473987579345703
9311,saint_ppo,-0.8467960357666016
9312,saint_ppo,-0.08966827392578125
9313,saint_ppo,-1.0505733489990234
9314,saint_ppo,0.7317848205566406
9315,saint_ppo,4.411864280700684
9316,saint_ppo,0.8579587936401367
9317,saint_ppo,2.98966121673584
9318,saint_ppo,0.70086669921875
9319,saint_ppo,0.9733257293701172
9320,saint_ppo,1.9878387451171875
9321,saint_ppo,0.47708702087402344
9322,saint_ppo,0.13866043090820312
9323,saint_ppo,1.204472541809082
9324,saint_ppo,4.129726409912109
9325,saint_ppo,0.15814208984375
9326,saint_ppo,-0.8807563781738281
9327,saint_ppo,-2.0131378173828125
9328,saint_ppo,4.060057640075684
9329,saint_ppo,0.4190969467163086
9330,saint_ppo,0.9225292205810547
9331,saint_ppo,0.789851188659668
9332,saint_ppo,1.007462501525879
9333,saint_ppo,0.23503589630126953
9334,saint_ppo,1.6545896530151367
9335,saint_ppo,0.7797813415527344
9336,saint_ppo,1.6501741409301758
9337,saint_ppo,0.1830005645751953
9338,saint_ppo,-0.40842437744140625
9339,saint_ppo,-1.200002670288086
9340,saint_ppo,0.04202079772949219
9341,saint_ppo,1.4823312759399414
9342,saint_ppo,-0.2855072021484375
9343,saint_ppo,0.663416862487793
9344,saint_ppo,4.989833831787109
9345,saint_ppo,-0.7273731231689453
9346,saint_ppo,1.274641990661621
9347,saint_ppo,1.373143196105957
9348,saint_ppo,1.560593605041504
9349,saint_ppo,0.9855813980102539
9350,saint_ppo,2.2781734466552734
9351,saint_ppo,0.27743053436279297
9352,saint_ppo,-0.9961576461791992
9353,saint_ppo,1.8668737411499023
9354,saint_ppo,1.5448322296142578
9355,saint_ppo,1.0819692611694336
9356,saint_ppo,3.8569955825805664
9357,saint_ppo,1.414052963256836
9358,saint_ppo,0.2428131103515625
9359,saint_ppo,1.4388542175292969
9360,saint_ppo,1.6098299026489258
9361,saint_ppo,0.9841384887695312
9362,saint_ppo,0.07341861724853516
9363,saint_ppo,-0.35360240936279297
9364,saint_ppo,1.2456769943237305
9365,saint_ppo,0.5309429168701172
9366,saint_ppo,-0.6855640411376953
9367,saint_ppo,1.5030293464660645
9368,saint_ppo,3.2550086975097656
9369,saint_ppo,6.12822151184082
9370,saint_ppo,4.1318769454956055
9371,saint_ppo,0.6497220993041992
9372,saint_ppo,1.0498943328857422
9373,saint_ppo,1.1676692962646484
9374,saint_ppo,2.5656862258911133
9375,saint_ppo,1.8257675170898438
9376,saint_ppo,0.3952341079711914
9377,saint_ppo,-0.06102275848388672
9378,saint_ppo,2.0743484497070312
9379,saint_ppo,0.6437101364135742
9380,saint_ppo,2.8788862228393555
9381,saint_ppo,1.5501670837402344
9382,saint_ppo,2.7506608963012695
9383,saint_ppo,4.100995063781738
9384,saint_ppo,0.5347690582275391
9385,saint_ppo,0.2848491668701172
9386,saint_ppo,4.256838798522949
9387,saint_ppo,0.4751405715942383
9388,saint_ppo,0.19819355010986328
9389,saint_ppo,0.1902027130126953
9390,saint_ppo,3.6632776260375977
9391,saint_ppo,0.11149787902832031
9392,saint_ppo,1.2873725891113281
9393,saint_ppo,1.356353759765625
9394,saint_ppo,2.0397396087646484
9395,saint_ppo,-0.9807653427124023
9396,saint_ppo,-1.0338120460510254
9397,saint_ppo,0.7800846099853516
9398,saint_ppo,0.4110069274902344
9399,saint_ppo,0.8429050445556641
9400,saint_ppo,-0.3758525848388672
9401,saint_ppo,0.4428730010986328
9402,saint_ppo,0.2820730209350586
9403,saint_ppo,0.5175933837890625
9404,saint_ppo,1.2097530364990234
9405,saint_ppo,1.5775060653686523
9406,saint_ppo,0.9009990692138672
9407,saint_ppo,1.7423114776611328
9408,saint_ppo,1.7966303825378418
9409,saint_ppo,-1.0563068389892578
9410,saint_ppo,1.5810174942016602
9411,saint_ppo,1.1373710632324219
9412,saint_ppo,4.891047477722168
9413,saint_ppo,0.9519710540771484
9414,saint_ppo,0.4049038887023926
9415,saint_ppo,1.8484649658203125
9416,saint_ppo,0.9535598754882812
9417,saint_ppo,1.1441669464111328
9418,saint_ppo,3.825410842895508
9419,saint_ppo,0.44417476654052734
9420,saint_ppo,2.473860740661621
9421,saint_ppo,1.777059555053711
9422,saint_ppo,1.172475814819336
9423,saint_ppo,1.8157453536987305
9424,saint_ppo,0.3175468444824219
9425,saint_ppo,1.7120704650878906
9426,saint_ppo,5.424245834350586
9427,saint_ppo,1.2947120666503906
9428,saint_ppo,0.22986698150634766
9429,saint_ppo,0.5477237701416016
9430,saint_ppo,0.5864162445068359
9431,saint_ppo,0.6207723617553711
9432,saint_ppo,0.779632568359375
9433,saint_ppo,1.2868528366088867
9434,saint_ppo,0.9500436782836914
9435,saint_ppo,-0.018853187561035156
9436,saint_ppo,1.254502296447754
9437,saint_ppo,0.7605781555175781
9438,saint_ppo,-2.314563751220703
9439,saint_ppo,-3.0868444442749023
9440,saint_ppo,0.8201208114624023
9441,saint_ppo,1.4440059661865234
9442,saint_ppo,0.2344350814819336
9443,saint_ppo,0.9020605087280273
9444,saint_ppo,0.6835594177246094
9445,saint_ppo,1.4357337951660156
9446,saint_ppo,-0.6113128662109375
9447,saint_ppo,1.0876846313476562
9448,saint_ppo,-1.3157529830932617
9449,saint_ppo,-0.40460968017578125
9450,saint_ppo,1.3254241943359375
9451,saint_ppo,0.42464542388916016
9452,saint_ppo,5.673013687133789
9453,saint_ppo,4.565578460693359
9454,saint_ppo,-0.5278825759887695
9455,saint_ppo,0.35872459411621094
9456,saint_ppo,0.42183876037597656
9457,saint_ppo,1.1374626159667969
9458,saint_ppo,0.4948091506958008
9459,saint_ppo,0.5868902206420898
9460,saint_ppo,1.110361099243164
9461,saint_ppo,-0.08403587341308594
9462,saint_ppo,0.12112712860107422
9463,saint_ppo,0.7048187255859375
9464,saint_ppo,-2.049300193786621
9465,saint_ppo,3.0103025436401367
9466,saint_ppo,1.4367170333862305
9467,saint_ppo,0.8591394424438477
9468,saint_ppo,0.06482601165771484
9469,saint_ppo,1.188490867614746
9470,saint_ppo,0.49606895446777344
9471,saint_ppo,0.4544696807861328
9472,saint_ppo,0.3062400817871094
9473,saint_ppo,1.8725776672363281
9474,saint_ppo,1.2182083129882812
9475,saint_ppo,1.4974851608276367
9476,saint_ppo,-0.038265228271484375
9477,saint_ppo,-0.2427988052368164
9478,saint_ppo,0.9344205856323242
9479,saint_ppo,0.5996990203857422
9480,saint_ppo,1.5055198669433594
9481,saint_ppo,-1.0564241409301758
9482,saint_ppo,-1.5680456161499023
9483,saint_ppo,1.1108951568603516
9484,saint_ppo,1.7863264083862305
9485,saint_ppo,0.2905731201171875
9486,saint_ppo,1.2759294509887695
9487,saint_ppo,1.8052148818969727
9488,saint_ppo,0.5713958740234375
9489,saint_ppo,-4.733311653137207
9490,saint_ppo,1.9213037490844727
9491,saint_ppo,0.5921792984008789
9492,saint_ppo,1.6508722305297852
9493,saint_ppo,1.0294790267944336
9494,saint_ppo,-0.9080133438110352
9495,saint_ppo,-3.1343746185302734
9496,saint_ppo,-0.48969173431396484
9497,saint_ppo,0.5643806457519531
9498,saint_ppo,1.8459997177124023
9499,saint_ppo,0.5032405853271484
9500,saint_ppo,0.3123807907104492
9501,saint_ppo,0.9152088165283203
9502,saint_ppo,1.261362075805664
9503,saint_ppo,1.7766103744506836
9504,saint_ppo,3.426156997680664
9505,saint_ppo,2.844020366668701
9506,saint_ppo,2.353184700012207
9507,saint_ppo,0.6962299346923828
9508,saint_ppo,1.8712406158447266
9509,saint_ppo,0.5342216491699219
9510,saint_ppo,1.4106836318969727
9511,saint_ppo,1.7853889465332031
9512,saint_ppo,1.1408729553222656
9513,saint_ppo,-0.4551658630371094
9514,saint_ppo,-0.2782936096191406
9515,saint_ppo,1.9462738037109375
9516,saint_ppo,1.6845026016235352
9517,saint_ppo,0.9024658203125
9518,saint_ppo,3.4331512451171875
9519,saint_ppo,1.0998897552490234
9520,saint_ppo,3.1105566024780273
9521,saint_ppo,0.5386323928833008
9522,saint_ppo,1.266251564025879
9523,saint_ppo,0.009829521179199219
9524,saint_ppo,1.787881851196289
9525,saint_ppo,0.3325834274291992
9526,saint_ppo,1.0761919021606445
9527,saint_ppo,1.8222465515136719
9528,saint_ppo,0.6558103561401367
9529,saint_ppo,0.8446712493896484
9530,saint_ppo,1.6710071563720703
9531,saint_ppo,1.523050308227539
9532,saint_ppo,2.7530269622802734
9533,saint_ppo,2.636712074279785
9534,saint_ppo,4.944985389709473
9535,saint_ppo,0.9652910232543945
9536,saint_ppo,0.3976602554321289
9537,saint_ppo,3.5609607696533203
9538,saint_ppo,0.7214069366455078
9539,saint_ppo,2.6236047744750977
9540,saint_ppo,1.2873783111572266
9541,saint_ppo,1.5428409576416016
9542,saint_ppo,1.0745277404785156
9543,saint_ppo,1.0806312561035156
9544,saint_ppo,1.860640525817871
9545,saint_ppo,-0.14357662200927734
9546,saint_ppo,0.3155860900878906
9547,saint_ppo,1.1255664825439453
9548,saint_ppo,0.2610025405883789
9549,saint_ppo,-1.7384586334228516
9550,saint_ppo,1.469508171081543
9551,saint_ppo,0.7660560607910156
9552,saint_ppo,5.351762771606445
9553,saint_ppo,-0.6270771026611328
9554,saint_ppo,-3.7684731483459473
9555,saint_ppo,1.3749570846557617
9556,saint_ppo,0.581787109375
9557,saint_ppo,-0.18764591217041016
9558,saint_ppo,3.1879892349243164
9559,saint_ppo,0.6353940963745117
9560,saint_ppo,0.9096078872680664
9561,saint_ppo,1.001448631286621
9562,saint_ppo,1.888585090637207
9563,saint_ppo,1.8584842681884766
9564,saint_ppo,1.128610610961914
9565,saint_ppo,1.4358959197998047
9566,saint_ppo,0.5054187774658203
9567,saint_ppo,1.3956298828125
9568,saint_ppo,-0.5189418792724609
9569,saint_ppo,1.0873260498046875
9570,saint_ppo,-0.032631874084472656
9571,saint_ppo,3.6568384170532227
9572,saint_ppo,1.4285125732421875
9573,saint_ppo,1.5936336517333984
9574,saint_ppo,-0.4530458450317383
9575,saint_ppo,1.9430875778198242
9576,saint_ppo,6.313835144042969
9577,saint_ppo,0.5165824890136719
9578,saint_ppo,4.788303375244141
9579,saint_ppo,-0.49396705627441406
9580,saint_ppo,2.277308464050293
9581,saint_ppo,2.0541934967041016
9582,saint_ppo,1.6567115783691406
9583,saint_ppo,0.15912818908691406
9584,saint_ppo,0.15349102020263672
9585,saint_ppo,1.032196044921875
9586,saint_ppo,1.9204120635986328
9587,saint_ppo,1.2134265899658203
9588,saint_ppo,1.521895408630371
9589,saint_ppo,1.7151689529418945
9590,saint_ppo,0.2388172149658203
9591,saint_ppo,1.6877641677856445
9592,saint_ppo,-0.41825294494628906
9593,saint_ppo,0.8366756439208984
9594,saint_ppo,2.483175277709961
9595,saint_ppo,1.298086166381836
9596,saint_ppo,3.640298843383789
9597,saint_ppo,0.8520412445068359
9598,saint_ppo,0.9339790344238281
9599,saint_ppo,0.010766029357910156
9600,saint_ppo,0.059662818908691406
9601,saint_ppo,2.0130739212036133
9602,saint_ppo,1.1999034881591797
9603,saint_ppo,2.206981658935547
9604,saint_ppo,2.9488954544067383
9605,saint_ppo,1.5745973587036133
9606,saint_ppo,0.034432411193847656
9607,saint_ppo,2.3074827194213867
9608,saint_ppo,0.9138240814208984
9609,saint_ppo,1.0982837677001953
9610,saint_ppo,1.012495994567871
9611,saint_ppo,0.7206516265869141
9612,saint_ppo,-0.17352867126464844
9613,saint_ppo,4.374578475952148
9614,saint_ppo,1.2089815139770508
9615,saint_ppo,1.3463706970214844
9616,saint_ppo,1.8434391021728516
9617,saint_ppo,2.9701881408691406
9618,saint_ppo,0.5403900146484375
9619,saint_ppo,1.036386489868164
9620,saint_ppo,1.227513313293457
9621,saint_ppo,2.6328439712524414
9622,saint_ppo,2.9199295043945312
9623,saint_ppo,0.7297267913818359
9624,saint_ppo,2.036013603210449
9625,saint_ppo,0.9871177673339844
9626,saint_ppo,3.179105758666992
9627,saint_ppo,-1.1323251724243164
9628,saint_ppo,1.550246238708496
9629,saint_ppo,3.3824682235717773
9630,saint_ppo,0.9109315872192383
9631,saint_ppo,0.6773872375488281
9632,saint_ppo,1.3119239807128906
9633,saint_ppo,0.19126319885253906
9634,saint_ppo,-0.20573043823242188
9635,saint_ppo,0.4052104949951172
9636,saint_ppo,1.1652469635009766
9637,saint_ppo,1.2455754280090332
9638,saint_ppo,0.45243358612060547
9639,saint_ppo,0.8441448211669922
9640,saint_ppo,1.4576416015625
9641,saint_ppo,1.9096717834472656
9642,saint_ppo,-0.2548999786376953
9643,saint_ppo,0.6658201217651367
9644,saint_ppo,0.041159629821777344
9645,saint_ppo,0.08246707916259766
9646,saint_ppo,0.9559946060180664
9647,saint_ppo,-0.28902530670166016
9648,saint_ppo,0.6733360290527344
9649,saint_ppo,0.8210601806640625
9650,saint_ppo,3.473578453063965
9651,saint_ppo,1.1688098907470703
9652,saint_ppo,1.3754653930664062
9653,saint_ppo,1.4647579193115234
9654,saint_ppo,3.177175521850586
9655,saint_ppo,1.2546119689941406
9656,saint_ppo,4.013904571533203
9657,saint_ppo,0.2672004699707031
9658,saint_ppo,0.9840154647827148
9659,saint_ppo,-0.616790771484375
9660,saint_ppo,2.815861701965332
9661,saint_ppo,1.7204265594482422
9662,saint_ppo,0.5814037322998047
9663,saint_ppo,1.392822265625
9664,saint_ppo,1.2290229797363281
9665,saint_ppo,0.9655838012695312
9666,saint_ppo,1.8148555755615234
9667,saint_ppo,0.5546407699584961
9668,saint_ppo,3.6520214080810547
9669,saint_ppo,2.713102340698242
9670,saint_ppo,1.49603271484375
9671,saint_ppo,-1.4148530960083008
9672,saint_ppo,-0.7794103622436523
9673,saint_ppo,0.630885124206543
9674,saint_ppo,0.6717472076416016
9675,saint_ppo,1.6489715576171875
9676,saint_ppo,0.9708080291748047
9677,saint_ppo,-0.6208667755126953
9678,saint_ppo,0.017911911010742188
9679,saint_ppo,1.5629396438598633
9680,saint_ppo,1.555861473083496
9681,saint_ppo,1.3032608032226562
9682,saint_ppo,1.7262096405029297
9683,saint_ppo,2.3512020111083984
9684,saint_ppo,1.0548372268676758
9685,saint_ppo,-1.0078468322753906
9686,saint_ppo,3.398819923400879
9687,saint_ppo,3.9505462646484375
9688,saint_ppo,5.985860824584961
9689,saint_ppo,1.2356033325195312
9690,saint_ppo,1.4115848541259766
9691,saint_ppo,0.15552616119384766
9692,saint_ppo,-0.6518068313598633
9693,saint_ppo,1.3489990234375
9694,saint_ppo,5.549736022949219
9695,saint_ppo,0.6722183227539062
9696,saint_ppo,-0.5191307067871094
9697,saint_ppo,0.029851913452148438
9698,saint_ppo,0.8694486618041992
9699,saint_ppo,1.2350349426269531
9700,saint_ppo,2.0337066650390625
9701,saint_ppo,-0.32900428771972656
9702,saint_ppo,2.5882339477539062
9703,saint_ppo,-0.44594478607177734
9704,saint_ppo,2.229879379272461
9705,saint_ppo,0.8904867172241211
9706,saint_ppo,1.166193962097168
9707,saint_ppo,0.8138303756713867
9708,saint_ppo,-1.1119232177734375
9709,saint_ppo,0.5449686050415039
9710,saint_ppo,0.7718353271484375
9711,saint_ppo,-0.5348215103149414
9712,saint_ppo,-2.445392608642578
9713,saint_ppo,1.573516845703125
9714,saint_ppo,0.03322792053222656
9715,saint_ppo,0.7937412261962891
9716,saint_ppo,0.8231897354125977
9717,saint_ppo,0.3631305694580078
9718,saint_ppo,-2.544102668762207
9719,saint_ppo,5.329021453857422
9720,saint_ppo,-0.7950830459594727
9721,saint_ppo,3.5832042694091797
9722,saint_ppo,-2.230264663696289
9723,saint_ppo,0.6438674926757812
9724,saint_ppo,0.9775409698486328
9725,saint_ppo,3.9279003143310547
9726,saint_ppo,2.005162239074707
9727,saint_ppo,0.48876476287841797
9728,saint_ppo,1.9639453887939453
9729,saint_ppo,0.08849811553955078
9730,saint_ppo,1.087050437927246
9731,saint_ppo,0.8926687240600586
9732,saint_ppo,0.9884777069091797
9733,saint_ppo,1.765279769897461
9734,saint_ppo,-0.02823352813720703
9735,saint_ppo,0.23120498657226562
9736,saint_ppo,1.6377954483032227
9737,saint_ppo,0.8155040740966797
9738,saint_ppo,4.2167558670043945
9739,saint_ppo,0.9523181915283203
9740,saint_ppo,-0.9044589996337891
9741,saint_ppo,1.259124755859375
9742,saint_ppo,-2.1247711181640625
9743,saint_ppo,2.885173797607422
9744,saint_ppo,0.03772163391113281
9745,saint_ppo,-0.28226661682128906
9746,saint_ppo,-0.7040653228759766
9747,saint_ppo,1.1589736938476562
9748,saint_ppo,1.1068315505981445
9749,saint_ppo,0.6895952224731445
9750,saint_ppo,0.7090520858764648
9751,saint_ppo,0.7451372146606445
9752,saint_ppo,0.7991170883178711
9753,saint_ppo,1.969141960144043
9754,saint_ppo,1.7654085159301758
9755,saint_ppo,1.458272933959961
9756,saint_ppo,0.0776824951171875
9757,saint_ppo,2.146243095397949
9758,saint_ppo,1.449625015258789
9759,saint_ppo,2.1699953079223633
9760,saint_ppo,3.099087715148926
9761,saint_ppo,1.18359375
9762,saint_ppo,0.728057861328125
9763,saint_ppo,1.6155595779418945
9764,saint_ppo,0.32155323028564453
9765,saint_ppo,1.6650381088256836
9766,saint_ppo,2.7029848098754883
9767,saint_ppo,1.2641716003417969
9768,saint_ppo,-0.08613109588623047
9769,saint_ppo,4.080674171447754
9770,saint_ppo,0.36243343353271484
9771,saint_ppo,0.936955451965332
9772,saint_ppo,-0.13947200775146484
9773,saint_ppo,0.5465936660766602
9774,saint_ppo,1.1615591049194336
9775,saint_ppo,1.493896484375
9776,saint_ppo,-0.056468963623046875
9777,saint_ppo,1.7970542907714844
9778,saint_ppo,1.2497882843017578
9779,saint_ppo,0.5185117721557617
9780,saint_ppo,2.1448001861572266
9781,saint_ppo,1.976541519165039
9782,saint_ppo,1.4537620544433594
9783,saint_ppo,1.234786033630371
9784,saint_ppo,1.1578664779663086
9785,saint_ppo,1.259897232055664
9786,saint_ppo,0.40625762939453125
9787,saint_ppo,-0.4340343475341797
9788,saint_ppo,1.288553237915039
9789,saint_ppo,2.042962074279785
9790,saint_ppo,0.8272190093994141
9791,saint_ppo,1.644850730895996
9792,saint_ppo,0.25301456451416016
9793,saint_ppo,-0.2735414505004883
9794,saint_ppo,1.194875717163086
9795,saint_ppo,0.0803232192993164
9796,saint_ppo,1.1306705474853516
9797,saint_ppo,1.1681489944458008
9798,saint_ppo,0.19139385223388672
9799,saint_ppo,0.9273433685302734
9800,saint_ppo,-0.3562345504760742
9801,saint_ppo,1.1849822998046875
9802,saint_ppo,1.0530643463134766
9803,saint_ppo,-0.07747936248779297
9804,saint_ppo,3.9239444732666016
9805,saint_ppo,4.629234313964844
9806,saint_ppo,1.3682365417480469
9807,saint_ppo,1.4808874130249023
9808,saint_ppo,1.3763437271118164
9809,saint_ppo,1.8787050247192383
9810,saint_ppo,1.2041378021240234
9811,saint_ppo,1.7292194366455078
9812,saint_ppo,1.3307666778564453
9813,saint_ppo,1.7543964385986328
9814,saint_ppo,0.43599605560302734
9815,saint_ppo,1.0008258819580078
9816,saint_ppo,1.956059455871582
9817,saint_ppo,1.9557456970214844
9818,saint_ppo,4.896543502807617
9819,saint_ppo,1.007101058959961
9820,saint_ppo,-0.08905315399169922
9821,saint_ppo,0.7957687377929688
9822,saint_ppo,2.2097606658935547
9823,saint_ppo,-0.2050457000732422
9824,saint_ppo,4.052831649780273
9825,saint_ppo,0.1891613006591797
9826,saint_ppo,0.4895782470703125
9827,saint_ppo,2.3452701568603516
9828,saint_ppo,0.6538524627685547
9829,saint_ppo,0.6959266662597656
9830,saint_ppo,2.8439903259277344
9831,saint_ppo,0.9400548934936523
9832,saint_ppo,2.445110321044922
9833,saint_ppo,2.850316047668457
9834,saint_ppo,1.4479408264160156
9835,saint_ppo,0.4343757629394531
9836,saint_ppo,0.2737312316894531
9837,saint_ppo,3.317770004272461
9838,saint_ppo,1.3157405853271484
9839,saint_ppo,-0.7113723754882812
9840,saint_ppo,-0.2711982727050781
9841,saint_ppo,2.266291618347168
9842,saint_ppo,0.8271570205688477
9843,saint_ppo,-3.455657958984375
9844,saint_ppo,1.85650634765625
9845,saint_ppo,-0.9223308563232422
9846,saint_ppo,3.514497756958008
9847,saint_ppo,2.0160388946533203
9848,saint_ppo,1.539332389831543
9849,saint_ppo,1.2286748886108398
9850,saint_ppo,2.7181692123413086
9851,saint_ppo,4.221291542053223
9852,saint_ppo,-0.6094093322753906
9853,saint_ppo,-0.000988006591796875
9854,saint_ppo,1.2922096252441406
9855,saint_ppo,1.4079704284667969
9856,saint_ppo,1.601816177368164
9857,saint_ppo,-0.009575843811035156
9858,saint_ppo,0.8457956314086914
9859,saint_ppo,1.8056640625
9860,saint_ppo,0.9142389297485352
9861,saint_ppo,2.6330556869506836
9862,saint_ppo,-0.41356563568115234
9863,saint_ppo,1.186624526977539
9864,saint_ppo,1.6560964584350586
9865,saint_ppo,2.3960819244384766
9866,saint_ppo,-0.7019233703613281
9867,saint_ppo,4.484675407409668
9868,saint_ppo,2.187990188598633
9869,saint_ppo,0.3960151672363281
9870,saint_ppo,0.44002532958984375
9871,saint_ppo,1.0524482727050781
9872,saint_ppo,0.389556884765625
9873,saint_ppo,2.3337793350219727
9874,saint_ppo,1.006892204284668
9875,saint_ppo,0.5224180221557617
9876,saint_ppo,2.1560468673706055
9877,saint_ppo,1.5938606262207031
9878,saint_ppo,1.2791156768798828
9879,saint_ppo,0.27402210235595703
9880,saint_ppo,2.0823488235473633
9881,saint_ppo,0.8473834991455078
9882,saint_ppo,2.530756950378418
9883,saint_ppo,0.6169824600219727
9884,saint_ppo,2.0140819549560547
9885,saint_ppo,-0.08685874938964844
9886,saint_ppo,0.5170278549194336
9887,saint_ppo,3.889470100402832
9888,saint_ppo,1.5819778442382812
9889,saint_ppo,-0.05712127685546875
9890,saint_ppo,-0.6888198852539062
9891,saint_ppo,1.712590217590332
9892,saint_ppo,0.9132318496704102
9893,saint_ppo,-0.14493751525878906
9894,saint_ppo,0.8932113647460938
9895,saint_ppo,1.3143882751464844
9896,saint_ppo,3.7803878784179688
9897,saint_ppo,0.8327445983886719
9898,saint_ppo,0.5707712173461914
9899,saint_ppo,2.744375228881836
9900,saint_ppo,0.663151741027832
9901,saint_ppo,2.3729686737060547
9902,saint_ppo,2.6977901458740234
9903,saint_ppo,0.04101276397705078
9904,saint_ppo,-1.1723318099975586
9905,saint_ppo,4.039743423461914
9906,saint_ppo,0.855076789855957
9907,saint_ppo,4.779507637023926
9908,saint_ppo,1.772078514099121
9909,saint_ppo,-0.6933937072753906
9910,saint_ppo,1.2608957290649414
9911,saint_ppo,1.4029836654663086
9912,saint_ppo,4.78271484375
9913,saint_ppo,1.9383368492126465
9914,saint_ppo,0.5753135681152344
9915,saint_ppo,4.846755027770996
9916,saint_ppo,1.5609989166259766
9917,saint_ppo,0.7685308456420898
9918,saint_ppo,1.0976505279541016
9919,saint_ppo,-0.49655723571777344
9920,saint_ppo,-1.0903053283691406
9921,saint_ppo,1.4653797149658203
9922,saint_ppo,1.3992624282836914
9923,saint_ppo,-0.738194465637207
9924,saint_ppo,1.2418947219848633
9925,saint_ppo,-0.3964729309082031
9926,saint_ppo,-0.1894521713256836
9927,saint_ppo,1.8694686889648438
9928,saint_ppo,1.333658218383789
9929,saint_ppo,-2.1307849884033203
9930,saint_ppo,1.2193374633789062
9931,saint_ppo,1.9716596603393555
9932,saint_ppo,1.2701005935668945
9933,saint_ppo,-0.0726633071899414
9934,saint_ppo,0.05798053741455078
9935,saint_ppo,2.1415157318115234
9936,saint_ppo,0.30096912384033203
9937,saint_ppo,-0.8395824432373047
9938,saint_ppo,1.8743934631347656
9939,saint_ppo,-0.4198722839355469
9940,saint_ppo,0.7151899337768555
9941,saint_ppo,2.2586402893066406
9942,saint_ppo,3.595531463623047
9943,saint_ppo,0.3780641555786133
9944,saint_ppo,4.869865417480469
9945,saint_ppo,3.651041030883789
9946,saint_ppo,2.128636360168457
9947,saint_ppo,1.3394451141357422
9948,saint_ppo,0.8877944946289062
9949,saint_ppo,1.0781383514404297
9950,saint_ppo,2.979111671447754
9951,saint_ppo,-1.2528915405273438
9952,saint_ppo,-0.3145112991333008
9953,saint_ppo,1.9541873931884766
9954,saint_ppo,-0.21448993682861328
9955,saint_ppo,0.43291282653808594
9956,saint_ppo,2.202047348022461
9957,saint_ppo,-1.3276290893554688
9958,saint_ppo,2.0914602279663086
9959,saint_ppo,1.4184541702270508
9960,saint_ppo,0.5719661712646484
9961,saint_ppo,1.6748933792114258
9962,saint_ppo,4.127936363220215
9963,saint_ppo,0.8337001800537109
9964,saint_ppo,0.47029590606689453
9965,saint_ppo,1.9653186798095703
9966,saint_ppo,1.4683074951171875
9967,saint_ppo,1.1502904891967773
9968,saint_ppo,1.0650453567504883
9969,saint_ppo,1.572657585144043
9970,saint_ppo,1.4472885131835938
9971,saint_ppo,-2.4997968673706055
9972,saint_ppo,0.8028955459594727
9973,saint_ppo,-0.17603302001953125
9974,saint_ppo,0.2951679229736328
9975,saint_ppo,0.17579078674316406
9976,saint_ppo,0.25003719329833984
9977,saint_ppo,1.4717912673950195
9978,saint_ppo,3.185802459716797
9979,saint_ppo,-1.360325813293457
9980,saint_ppo,0.021045684814453125
9981,saint_ppo,0.3250570297241211
9982,saint_ppo,-1.6278181076049805
9983,saint_ppo,-1.207406997680664
9984,saint_ppo,1.267735481262207
9985,saint_ppo,0.7790346145629883
9986,saint_ppo,-2.5714120864868164
9987,saint_ppo,1.279458999633789
9988,saint_ppo,1.1941509246826172
9989,saint_ppo,5.2412309646606445
9990,saint_ppo,0.9005584716796875
9991,saint_ppo,0.7282247543334961
9992,saint_ppo,1.1428298950195312
9993,saint_ppo,-1.9491119384765625
9994,saint_ppo,-0.5413732528686523
9995,saint_ppo,-0.02058887481689453
9996,saint_ppo,1.2344169616699219
9997,saint_ppo,0.8489789962768555
9998,saint_ppo,0.3201723098754883
9999,saint_ppo,2.305356979370117
10000,saint_ppo,3.377964973449707
