episode,algo,episode_return
1,bdqn_naive,-0.42933082580566406
2,bdqn_naive,0.353271484375
3,bdqn_naive,0.08747291564941406
4,bdqn_naive,-0.8651046752929688
5,bdqn_naive,1.3932523727416992
6,bdqn_naive,-0.24005699157714844
7,bdqn_naive,1.7221765518188477
8,bdqn_naive,-0.15140533447265625
9,bdqn_naive,-0.33743810653686523
10,bdqn_naive,-0.4946317672729492
11,bdqn_naive,0.7139797210693359
12,bdqn_naive,0.22221755981445312
13,bdqn_naive,0.8349971771240234
14,bdqn_naive,1.8030471801757812
15,bdqn_naive,-0.7924900054931641
16,bdqn_naive,0.5081849098205566
17,bdqn_naive,-1.3110580444335938
18,bdqn_naive,-0.099456787109375
19,bdqn_naive,0.6561088562011719
20,bdqn_naive,0.3042631149291992
21,bdqn_naive,-1.0434703826904297
22,bdqn_naive,-0.2618675231933594
23,bdqn_naive,0.2782115936279297
24,bdqn_naive,0.16613197326660156
25,bdqn_naive,1.3518657684326172
26,bdqn_naive,0.5180158615112305
27,bdqn_naive,0.6639604568481445
28,bdqn_naive,0.6040554046630859
29,bdqn_naive,-0.09904289245605469
30,bdqn_naive,-0.5377216339111328
31,bdqn_naive,0.06969547271728516
32,bdqn_naive,-0.030199050903320312
33,bdqn_naive,0.29362964630126953
34,bdqn_naive,-1.054020881652832
35,bdqn_naive,0.5851707458496094
36,bdqn_naive,-0.037952423095703125
37,bdqn_naive,0.234954833984375
38,bdqn_naive,0.3249645233154297
39,bdqn_naive,-0.2117462158203125
40,bdqn_naive,-0.2874460220336914
41,bdqn_naive,2.8035974502563477
42,bdqn_naive,0.2571897506713867
43,bdqn_naive,-0.2380666732788086
44,bdqn_naive,0.20100021362304688
45,bdqn_naive,-0.8107404708862305
46,bdqn_naive,-0.6865196228027344
47,bdqn_naive,0.9576377868652344
48,bdqn_naive,-0.09574508666992188
49,bdqn_naive,0.1289997100830078
50,bdqn_naive,-0.01592254638671875
51,bdqn_naive,-0.22419261932373047
52,bdqn_naive,-0.13077831268310547
53,bdqn_naive,0.5389833450317383
54,bdqn_naive,-0.092071533203125
55,bdqn_naive,1.6063194274902344
56,bdqn_naive,-0.06261920928955078
57,bdqn_naive,2.100322723388672
58,bdqn_naive,-0.9990854263305664
59,bdqn_naive,1.4375667572021484
60,bdqn_naive,0.26862049102783203
61,bdqn_naive,0.5978059768676758
62,bdqn_naive,0.7533206939697266
63,bdqn_naive,-0.056586265563964844
64,bdqn_naive,-0.11334609985351562
65,bdqn_naive,-0.24180889129638672
66,bdqn_naive,0.6677513122558594
67,bdqn_naive,-0.16983985900878906
68,bdqn_naive,0.45593833923339844
69,bdqn_naive,0.03219318389892578
70,bdqn_naive,-0.3257713317871094
71,bdqn_naive,0.19165706634521484
72,bdqn_naive,-0.2397603988647461
73,bdqn_naive,0.23816967010498047
74,bdqn_naive,-2.6207122802734375
75,bdqn_naive,-0.49324703216552734
76,bdqn_naive,0.8481473922729492
77,bdqn_naive,-0.2504720687866211
78,bdqn_naive,-0.6812744140625
79,bdqn_naive,0.010821342468261719
80,bdqn_naive,-1.015425682067871
81,bdqn_naive,-0.004207611083984375
82,bdqn_naive,0.4010009765625
83,bdqn_naive,0.1799459457397461
84,bdqn_naive,-1.2333860397338867
85,bdqn_naive,-2.3090763092041016
86,bdqn_naive,0.13377761840820312
87,bdqn_naive,-0.07896614074707031
88,bdqn_naive,0.05141925811767578
89,bdqn_naive,-0.37346935272216797
90,bdqn_naive,-0.009540557861328125
91,bdqn_naive,-1.6168642044067383
92,bdqn_naive,-0.20726776123046875
93,bdqn_naive,0.9776782989501953
94,bdqn_naive,0.30124950408935547
95,bdqn_naive,-0.2143840789794922
96,bdqn_naive,0.07738971710205078
97,bdqn_naive,0.6770906448364258
98,bdqn_naive,-0.11037635803222656
99,bdqn_naive,-0.5535449981689453
100,bdqn_naive,-0.0066127777099609375
101,bdqn_naive,-0.8222866058349609
102,bdqn_naive,-0.02296924591064453
103,bdqn_naive,1.6963129043579102
104,bdqn_naive,0.7813577651977539
105,bdqn_naive,0.5192632675170898
106,bdqn_naive,1.4826850891113281
107,bdqn_naive,-0.4569263458251953
108,bdqn_naive,0.044936180114746094
109,bdqn_naive,-1.0578746795654297
110,bdqn_naive,-0.03395366668701172
111,bdqn_naive,1.3269414901733398
112,bdqn_naive,2.3575286865234375
113,bdqn_naive,-1.884181022644043
114,bdqn_naive,0.0845937728881836
115,bdqn_naive,0.47561073303222656
116,bdqn_naive,0.5010547637939453
117,bdqn_naive,-0.034958839416503906
118,bdqn_naive,-0.2104167938232422
119,bdqn_naive,-0.25397300720214844
120,bdqn_naive,1.0239896774291992
121,bdqn_naive,0.43602848052978516
122,bdqn_naive,-1.1874332427978516
123,bdqn_naive,-0.2992105484008789
124,bdqn_naive,-0.5525388717651367
125,bdqn_naive,-0.5466461181640625
126,bdqn_naive,0.4809379577636719
127,bdqn_naive,0.027098655700683594
128,bdqn_naive,0.3960914611816406
129,bdqn_naive,-0.1483001708984375
130,bdqn_naive,0.01957225799560547
131,bdqn_naive,-0.12094974517822266
132,bdqn_naive,-0.012090682983398438
133,bdqn_naive,0.2478628158569336
134,bdqn_naive,1.1457977294921875
135,bdqn_naive,-1.2928524017333984
136,bdqn_naive,-0.45215606689453125
137,bdqn_naive,0.33905601501464844
138,bdqn_naive,0.02450275421142578
139,bdqn_naive,-1.1368255615234375
140,bdqn_naive,0.17288494110107422
141,bdqn_naive,-0.5149288177490234
142,bdqn_naive,-0.13638687133789062
143,bdqn_naive,-0.7784233093261719
144,bdqn_naive,-0.39815616607666016
145,bdqn_naive,-0.41233062744140625
146,bdqn_naive,0.3123922348022461
147,bdqn_naive,0.49793434143066406
148,bdqn_naive,-0.3178987503051758
149,bdqn_naive,0.047066688537597656
150,bdqn_naive,0.2806396484375
151,bdqn_naive,-0.2135143280029297
152,bdqn_naive,0.42675113677978516
153,bdqn_naive,0.26821327209472656
154,bdqn_naive,-0.32787322998046875
155,bdqn_naive,-0.8228607177734375
156,bdqn_naive,0.6299962997436523
157,bdqn_naive,-0.1797342300415039
158,bdqn_naive,-0.013700485229492188
159,bdqn_naive,0.39637279510498047
160,bdqn_naive,-0.07161140441894531
161,bdqn_naive,-0.24009990692138672
162,bdqn_naive,0.8996505737304688
163,bdqn_naive,1.1213016510009766
164,bdqn_naive,0.7458915710449219
165,bdqn_naive,-0.4184856414794922
166,bdqn_naive,0.4328937530517578
167,bdqn_naive,0.1188507080078125
168,bdqn_naive,-0.9052467346191406
169,bdqn_naive,-0.4862346649169922
170,bdqn_naive,-0.6927547454833984
171,bdqn_naive,0.4216451644897461
172,bdqn_naive,0.19020366668701172
173,bdqn_naive,-0.2997093200683594
174,bdqn_naive,0.36324405670166016
175,bdqn_naive,-0.6254596710205078
176,bdqn_naive,0.4084911346435547
177,bdqn_naive,0.9117164611816406
178,bdqn_naive,-0.0904226303100586
179,bdqn_naive,2.354182243347168
180,bdqn_naive,0.30872154235839844
181,bdqn_naive,-0.6575279235839844
182,bdqn_naive,-0.5461797714233398
183,bdqn_naive,0.7285623550415039
184,bdqn_naive,0.6634464263916016
185,bdqn_naive,-0.20524311065673828
186,bdqn_naive,0.90594482421875
187,bdqn_naive,-0.5185070037841797
188,bdqn_naive,0.4156370162963867
189,bdqn_naive,1.5382843017578125
190,bdqn_naive,0.3123493194580078
191,bdqn_naive,-1.4771394729614258
192,bdqn_naive,-0.10486793518066406
193,bdqn_naive,0.2120990753173828
194,bdqn_naive,0.7576332092285156
195,bdqn_naive,-0.8587169647216797
196,bdqn_naive,-0.061786651611328125
197,bdqn_naive,0.05823516845703125
198,bdqn_naive,0.6785058975219727
199,bdqn_naive,0.030982017517089844
200,bdqn_naive,1.1230649948120117
201,bdqn_naive,-0.31821441650390625
202,bdqn_naive,0.38338279724121094
203,bdqn_naive,0.17078018188476562
204,bdqn_naive,1.2775382995605469
205,bdqn_naive,1.520181655883789
206,bdqn_naive,1.0140438079833984
207,bdqn_naive,0.39043140411376953
208,bdqn_naive,-0.1367340087890625
209,bdqn_naive,-1.6482582092285156
210,bdqn_naive,0.914668083190918
211,bdqn_naive,0.2809619903564453
212,bdqn_naive,-0.1698780059814453
213,bdqn_naive,0.58660888671875
214,bdqn_naive,0.6505556106567383
215,bdqn_naive,-0.44266176223754883
216,bdqn_naive,-0.7585582733154297
217,bdqn_naive,0.18665027618408203
218,bdqn_naive,-0.4276752471923828
219,bdqn_naive,1.3698616027832031
220,bdqn_naive,-0.21888160705566406
221,bdqn_naive,0.14473533630371094
222,bdqn_naive,-0.44322681427001953
223,bdqn_naive,1.8180599212646484
224,bdqn_naive,4.60981559753418
225,bdqn_naive,0.6652374267578125
226,bdqn_naive,0.5704946517944336
227,bdqn_naive,0.3433213233947754
228,bdqn_naive,0.07272052764892578
229,bdqn_naive,0.854496955871582
230,bdqn_naive,0.2251582145690918
231,bdqn_naive,1.1820926666259766
232,bdqn_naive,1.5562057495117188
233,bdqn_naive,-0.3315763473510742
234,bdqn_naive,-0.9886474609375
235,bdqn_naive,0.8282299041748047
236,bdqn_naive,-0.8652753829956055
237,bdqn_naive,0.7866802215576172
238,bdqn_naive,0.6824655532836914
239,bdqn_naive,-0.7133941650390625
240,bdqn_naive,0.40850353240966797
241,bdqn_naive,0.1278533935546875
242,bdqn_naive,-0.8273200988769531
243,bdqn_naive,0.05463218688964844
244,bdqn_naive,0.7814350128173828
245,bdqn_naive,0.17444705963134766
246,bdqn_naive,-0.8482580184936523
247,bdqn_naive,0.490753173828125
248,bdqn_naive,-0.3561372756958008
249,bdqn_naive,-0.138031005859375
250,bdqn_naive,0.03834819793701172
251,bdqn_naive,0.1051168441772461
252,bdqn_naive,-2.5547332763671875
253,bdqn_naive,-0.3498115539550781
254,bdqn_naive,-0.14785194396972656
255,bdqn_naive,2.263315200805664
256,bdqn_naive,0.3448371887207031
257,bdqn_naive,-0.16692447662353516
258,bdqn_naive,0.48746395111083984
259,bdqn_naive,0.18908119201660156
260,bdqn_naive,0.30507946014404297
261,bdqn_naive,0.3477344512939453
262,bdqn_naive,-0.5404806137084961
263,bdqn_naive,-0.4189624786376953
264,bdqn_naive,0.0628652572631836
265,bdqn_naive,0.7897138595581055
266,bdqn_naive,-0.3641214370727539
267,bdqn_naive,0.9626750946044922
268,bdqn_naive,0.020435333251953125
269,bdqn_naive,0.08127021789550781
270,bdqn_naive,-0.3578042984008789
271,bdqn_naive,-0.31404590606689453
272,bdqn_naive,-3.6100411415100098
273,bdqn_naive,2.3616838455200195
274,bdqn_naive,0.11736774444580078
275,bdqn_naive,-0.49753379821777344
276,bdqn_naive,0.36916637420654297
277,bdqn_naive,0.44625091552734375
278,bdqn_naive,-0.34431934356689453
279,bdqn_naive,0.4987821578979492
280,bdqn_naive,-1.0132131576538086
281,bdqn_naive,-0.15811729431152344
282,bdqn_naive,0.31048107147216797
283,bdqn_naive,0.36802101135253906
284,bdqn_naive,0.45501232147216797
285,bdqn_naive,-0.4495706558227539
286,bdqn_naive,1.0128097534179688
287,bdqn_naive,0.08815383911132812
288,bdqn_naive,-0.1443347930908203
289,bdqn_naive,0.5659713745117188
290,bdqn_naive,0.017995834350585938
291,bdqn_naive,-0.6870355606079102
292,bdqn_naive,-0.3045206069946289
293,bdqn_naive,-0.01502227783203125
294,bdqn_naive,-0.2974052429199219
295,bdqn_naive,0.5099105834960938
296,bdqn_naive,-0.1473703384399414
297,bdqn_naive,-0.10726261138916016
298,bdqn_naive,2.046170234680176
299,bdqn_naive,0.14954471588134766
300,bdqn_naive,-0.08451271057128906
301,bdqn_naive,0.27979278564453125
302,bdqn_naive,-0.5259208679199219
303,bdqn_naive,2.3356990814208984
304,bdqn_naive,-2.14481258392334
305,bdqn_naive,1.238800048828125
306,bdqn_naive,0.19858837127685547
307,bdqn_naive,-0.04891681671142578
308,bdqn_naive,0.1792306900024414
309,bdqn_naive,-0.4014863967895508
310,bdqn_naive,0.10584831237792969
311,bdqn_naive,0.9090147018432617
312,bdqn_naive,0.1696176528930664
313,bdqn_naive,-0.6807384490966797
314,bdqn_naive,0.5455126762390137
315,bdqn_naive,-1.0372343063354492
316,bdqn_naive,0.11078834533691406
317,bdqn_naive,-0.8936209678649902
318,bdqn_naive,-0.5595073699951172
319,bdqn_naive,-0.6025009155273438
320,bdqn_naive,0.3433074951171875
321,bdqn_naive,-0.8199748992919922
322,bdqn_naive,0.46332550048828125
323,bdqn_naive,1.4521484375
324,bdqn_naive,3.0294179916381836
325,bdqn_naive,0.8754501342773438
326,bdqn_naive,-0.054375648498535156
327,bdqn_naive,-0.2793922424316406
328,bdqn_naive,-2.113499641418457
329,bdqn_naive,0.7203378677368164
330,bdqn_naive,-0.017633438110351562
331,bdqn_naive,-0.7407541275024414
332,bdqn_naive,-0.7759819030761719
333,bdqn_naive,0.8902750015258789
334,bdqn_naive,0.11773681640625
335,bdqn_naive,1.4367942810058594
336,bdqn_naive,0.0258331298828125
337,bdqn_naive,0.16844940185546875
338,bdqn_naive,-0.0969095230102539
339,bdqn_naive,0.30936574935913086
340,bdqn_naive,-0.3283214569091797
341,bdqn_naive,0.4975776672363281
342,bdqn_naive,0.11383914947509766
343,bdqn_naive,-0.21463680267333984
344,bdqn_naive,0.8068675994873047
345,bdqn_naive,-0.003983974456787109
346,bdqn_naive,-1.9560661315917969
347,bdqn_naive,1.2284135818481445
348,bdqn_naive,-0.023145675659179688
349,bdqn_naive,0.3225212097167969
350,bdqn_naive,0.7302513122558594
351,bdqn_naive,0.7525167465209961
352,bdqn_naive,0.2177143096923828
353,bdqn_naive,2.633800506591797
354,bdqn_naive,0.07220268249511719
355,bdqn_naive,0.43419742584228516
356,bdqn_naive,1.6271047592163086
357,bdqn_naive,1.0759992599487305
358,bdqn_naive,0.5633087158203125
359,bdqn_naive,0.3436708450317383
360,bdqn_naive,-0.8708095550537109
361,bdqn_naive,0.19306468963623047
362,bdqn_naive,-0.4965353012084961
363,bdqn_naive,0.23534584045410156
364,bdqn_naive,-0.8252716064453125
365,bdqn_naive,0.7160530090332031
366,bdqn_naive,-1.2592353820800781
367,bdqn_naive,1.396977424621582
368,bdqn_naive,-0.03288841247558594
369,bdqn_naive,1.8560199737548828
370,bdqn_naive,0.2788248062133789
371,bdqn_naive,-0.09204864501953125
372,bdqn_naive,0.7557468414306641
373,bdqn_naive,0.7673768997192383
374,bdqn_naive,2.955293655395508
375,bdqn_naive,-0.636317253112793
376,bdqn_naive,0.22888469696044922
377,bdqn_naive,1.179819107055664
378,bdqn_naive,0.3463134765625
379,bdqn_naive,-0.15215110778808594
380,bdqn_naive,-0.021532058715820312
381,bdqn_naive,0.0958251953125
382,bdqn_naive,-0.9915342330932617
383,bdqn_naive,-1.456146240234375
384,bdqn_naive,0.349578857421875
385,bdqn_naive,2.167074203491211
386,bdqn_naive,0.2016143798828125
387,bdqn_naive,2.7080812454223633
388,bdqn_naive,0.3578338623046875
389,bdqn_naive,-0.21244144439697266
390,bdqn_naive,0.5350704193115234
391,bdqn_naive,-0.09972095489501953
392,bdqn_naive,-0.8747901916503906
393,bdqn_naive,-0.30164337158203125
394,bdqn_naive,0.7548999786376953
395,bdqn_naive,0.4631156921386719
396,bdqn_naive,0.9418888092041016
397,bdqn_naive,0.27389049530029297
398,bdqn_naive,0.9084205627441406
399,bdqn_naive,0.38956260681152344
400,bdqn_naive,-0.38701629638671875
401,bdqn_naive,-0.20949649810791016
402,bdqn_naive,-0.13128662109375
403,bdqn_naive,-0.04750633239746094
404,bdqn_naive,-0.5092859268188477
405,bdqn_naive,0.4087944030761719
406,bdqn_naive,1.4081010818481445
407,bdqn_naive,0.18572235107421875
408,bdqn_naive,0.6118049621582031
409,bdqn_naive,-0.5143470764160156
410,bdqn_naive,0.452178955078125
411,bdqn_naive,-0.09879016876220703
412,bdqn_naive,-0.4344301223754883
413,bdqn_naive,0.09689140319824219
414,bdqn_naive,0.2966909408569336
415,bdqn_naive,-0.02151203155517578
416,bdqn_naive,-0.3414287567138672
417,bdqn_naive,0.19552040100097656
418,bdqn_naive,1.642054557800293
419,bdqn_naive,3.3749284744262695
420,bdqn_naive,0.03056621551513672
421,bdqn_naive,-0.07169818878173828
422,bdqn_naive,0.9025192260742188
423,bdqn_naive,0.8823184967041016
424,bdqn_naive,0.8409147262573242
425,bdqn_naive,0.16646766662597656
426,bdqn_naive,0.41552114486694336
427,bdqn_naive,-0.602381706237793
428,bdqn_naive,-0.5321846008300781
429,bdqn_naive,-0.7493886947631836
430,bdqn_naive,0.3030567169189453
431,bdqn_naive,0.7136421203613281
432,bdqn_naive,0.37657642364501953
433,bdqn_naive,0.2642202377319336
434,bdqn_naive,-0.0818319320678711
435,bdqn_naive,0.20996952056884766
436,bdqn_naive,1.3071298599243164
437,bdqn_naive,0.8374919891357422
438,bdqn_naive,0.08073806762695312
439,bdqn_naive,-0.4673309326171875
440,bdqn_naive,0.9105653762817383
441,bdqn_naive,-1.4531545639038086
442,bdqn_naive,-0.8371953964233398
443,bdqn_naive,0.7657546997070312
444,bdqn_naive,0.7266912460327148
445,bdqn_naive,-0.19457244873046875
446,bdqn_naive,2.197482109069824
447,bdqn_naive,0.6073331832885742
448,bdqn_naive,-1.3706684112548828
449,bdqn_naive,-0.182220458984375
450,bdqn_naive,0.3497123718261719
451,bdqn_naive,-0.079437255859375
452,bdqn_naive,2.748591423034668
453,bdqn_naive,0.9708051681518555
454,bdqn_naive,0.5292177200317383
455,bdqn_naive,0.3026256561279297
456,bdqn_naive,0.07191944122314453
457,bdqn_naive,0.19304656982421875
458,bdqn_naive,0.39896392822265625
459,bdqn_naive,-0.8521137237548828
460,bdqn_naive,0.3247385025024414
461,bdqn_naive,0.41138648986816406
462,bdqn_naive,0.18819141387939453
463,bdqn_naive,-0.07444190979003906
464,bdqn_naive,0.3467111587524414
465,bdqn_naive,0.5013504028320312
466,bdqn_naive,1.2261314392089844
467,bdqn_naive,0.6069397926330566
468,bdqn_naive,0.5007858276367188
469,bdqn_naive,0.7346439361572266
470,bdqn_naive,0.3938312530517578
471,bdqn_naive,0.06923389434814453
472,bdqn_naive,0.8405256271362305
473,bdqn_naive,1.413477897644043
474,bdqn_naive,0.0668954849243164
475,bdqn_naive,0.3190898895263672
476,bdqn_naive,-0.28811073303222656
477,bdqn_naive,1.2083969116210938
478,bdqn_naive,0.3888711929321289
479,bdqn_naive,-0.5390214920043945
480,bdqn_naive,-0.6229610443115234
481,bdqn_naive,0.36028480529785156
482,bdqn_naive,0.9714202880859375
483,bdqn_naive,1.907135009765625
484,bdqn_naive,0.32678890228271484
485,bdqn_naive,1.4400177001953125
486,bdqn_naive,-0.13216209411621094
487,bdqn_naive,0.38602161407470703
488,bdqn_naive,0.06409740447998047
489,bdqn_naive,-0.06563854217529297
490,bdqn_naive,0.17175674438476562
491,bdqn_naive,0.47692394256591797
492,bdqn_naive,0.5649499893188477
493,bdqn_naive,0.22939491271972656
494,bdqn_naive,0.28351688385009766
495,bdqn_naive,-0.12062263488769531
496,bdqn_naive,2.00827693939209
497,bdqn_naive,-0.07928752899169922
498,bdqn_naive,0.35596656799316406
499,bdqn_naive,-0.6753416061401367
500,bdqn_naive,1.311788558959961
501,bdqn_naive,-0.4455423355102539
502,bdqn_naive,0.3916921615600586
503,bdqn_naive,0.5001764297485352
504,bdqn_naive,1.1827926635742188
505,bdqn_naive,-0.10932254791259766
506,bdqn_naive,1.0670652389526367
507,bdqn_naive,0.4878835678100586
508,bdqn_naive,0.5414047241210938
509,bdqn_naive,0.3271827697753906
510,bdqn_naive,0.5984039306640625
511,bdqn_naive,0.04829692840576172
512,bdqn_naive,-1.4522886276245117
513,bdqn_naive,1.409010410308838
514,bdqn_naive,3.0212631225585938
515,bdqn_naive,0.048204898834228516
516,bdqn_naive,-0.08661460876464844
517,bdqn_naive,0.5749483108520508
518,bdqn_naive,0.4297056198120117
519,bdqn_naive,-0.08836078643798828
520,bdqn_naive,-0.09438800811767578
521,bdqn_naive,0.05128955841064453
522,bdqn_naive,1.0509014129638672
523,bdqn_naive,0.2019824981689453
524,bdqn_naive,-0.20904254913330078
525,bdqn_naive,0.33952999114990234
526,bdqn_naive,-0.6513843536376953
527,bdqn_naive,0.3667469024658203
528,bdqn_naive,0.4695253372192383
529,bdqn_naive,0.17852401733398438
530,bdqn_naive,0.18039512634277344
531,bdqn_naive,0.05705547332763672
532,bdqn_naive,0.05957221984863281
533,bdqn_naive,0.45212554931640625
534,bdqn_naive,0.6418485641479492
535,bdqn_naive,0.8837518692016602
536,bdqn_naive,-0.17029476165771484
537,bdqn_naive,-0.8880481719970703
538,bdqn_naive,0.04245471954345703
539,bdqn_naive,0.9814472198486328
540,bdqn_naive,-0.00020694732666015625
541,bdqn_naive,0.853632926940918
542,bdqn_naive,0.5942888259887695
543,bdqn_naive,-0.5121793746948242
544,bdqn_naive,3.04180908203125
545,bdqn_naive,0.5634574890136719
546,bdqn_naive,1.0137062072753906
547,bdqn_naive,0.21083593368530273
548,bdqn_naive,-0.983973503112793
549,bdqn_naive,-0.18615436553955078
550,bdqn_naive,-0.01607227325439453
551,bdqn_naive,-1.1549005508422852
552,bdqn_naive,-0.002590179443359375
553,bdqn_naive,0.42055416107177734
554,bdqn_naive,0.041118621826171875
555,bdqn_naive,0.4581480026245117
556,bdqn_naive,0.3452568054199219
557,bdqn_naive,0.019216537475585938
558,bdqn_naive,0.09061145782470703
559,bdqn_naive,-1.623978614807129
560,bdqn_naive,0.03382396697998047
561,bdqn_naive,0.08356380462646484
562,bdqn_naive,-0.03978729248046875
563,bdqn_naive,-0.7607288360595703
564,bdqn_naive,-0.31967926025390625
565,bdqn_naive,-0.3002910614013672
566,bdqn_naive,0.3491535186767578
567,bdqn_naive,2.5764107704162598
568,bdqn_naive,1.1909122467041016
569,bdqn_naive,1.421792984008789
570,bdqn_naive,0.010007858276367188
571,bdqn_naive,0.02166461944580078
572,bdqn_naive,0.24405574798583984
573,bdqn_naive,-0.14212608337402344
574,bdqn_naive,1.8717317581176758
575,bdqn_naive,-0.03475189208984375
576,bdqn_naive,0.28433895111083984
577,bdqn_naive,-0.9214401245117188
578,bdqn_naive,-0.15859222412109375
579,bdqn_naive,0.22284507751464844
580,bdqn_naive,0.3700523376464844
581,bdqn_naive,-0.060423851013183594
582,bdqn_naive,0.19532394409179688
583,bdqn_naive,0.18883991241455078
584,bdqn_naive,-0.5294952392578125
585,bdqn_naive,0.09796905517578125
586,bdqn_naive,-0.22013187408447266
587,bdqn_naive,1.0325517654418945
588,bdqn_naive,-0.46872711181640625
589,bdqn_naive,-0.23857784271240234
590,bdqn_naive,-0.014941215515136719
591,bdqn_naive,-0.23137760162353516
592,bdqn_naive,0.4517374038696289
593,bdqn_naive,-0.005527496337890625
594,bdqn_naive,1.3649053573608398
595,bdqn_naive,-0.24453067779541016
596,bdqn_naive,1.3469295501708984
597,bdqn_naive,0.5876045227050781
598,bdqn_naive,1.570572853088379
599,bdqn_naive,-0.3161602020263672
600,bdqn_naive,0.48758602142333984
601,bdqn_naive,0.4929018020629883
602,bdqn_naive,0.46596431732177734
603,bdqn_naive,-0.7125186920166016
604,bdqn_naive,2.0038442611694336
605,bdqn_naive,0.1311511993408203
606,bdqn_naive,0.538609504699707
607,bdqn_naive,0.3900279998779297
608,bdqn_naive,0.5340299606323242
609,bdqn_naive,0.5666389465332031
610,bdqn_naive,0.10381603240966797
611,bdqn_naive,-0.8869504928588867
612,bdqn_naive,0.5020074844360352
613,bdqn_naive,0.08481884002685547
614,bdqn_naive,-2.19435977935791
615,bdqn_naive,0.5357875823974609
616,bdqn_naive,-1.2007970809936523
617,bdqn_naive,0.40651702880859375
618,bdqn_naive,-0.2793617248535156
619,bdqn_naive,-0.7314090728759766
620,bdqn_naive,0.5720186233520508
621,bdqn_naive,0.5606927871704102
622,bdqn_naive,0.5564556121826172
623,bdqn_naive,0.4356355667114258
624,bdqn_naive,0.8737335205078125
625,bdqn_naive,-0.16024208068847656
626,bdqn_naive,-0.26260948181152344
627,bdqn_naive,1.0604581832885742
628,bdqn_naive,0.025567054748535156
629,bdqn_naive,-2.180386543273926
630,bdqn_naive,-0.05145740509033203
631,bdqn_naive,-0.7517824172973633
632,bdqn_naive,-0.3343772888183594
633,bdqn_naive,0.10994529724121094
634,bdqn_naive,0.5778427124023438
635,bdqn_naive,0.1366100311279297
636,bdqn_naive,0.4332771301269531
637,bdqn_naive,1.1813163757324219
638,bdqn_naive,0.13288497924804688
639,bdqn_naive,0.28156471252441406
640,bdqn_naive,0.6859512329101562
641,bdqn_naive,0.4487876892089844
642,bdqn_naive,0.45757484436035156
643,bdqn_naive,0.05601215362548828
644,bdqn_naive,-0.3290233612060547
645,bdqn_naive,-0.2434673309326172
646,bdqn_naive,0.5813970565795898
647,bdqn_naive,0.20559310913085938
648,bdqn_naive,0.33490562438964844
649,bdqn_naive,-0.14567184448242188
650,bdqn_naive,2.242403030395508
651,bdqn_naive,-0.3516826629638672
652,bdqn_naive,0.30947208404541016
653,bdqn_naive,0.1613903045654297
654,bdqn_naive,0.5352821350097656
655,bdqn_naive,2.819486618041992
656,bdqn_naive,0.5743303298950195
657,bdqn_naive,0.35300540924072266
658,bdqn_naive,0.30448341369628906
659,bdqn_naive,0.49115848541259766
660,bdqn_naive,-0.4697141647338867
661,bdqn_naive,-0.21976947784423828
662,bdqn_naive,0.6691722869873047
663,bdqn_naive,2.6268787384033203
664,bdqn_naive,-0.15372657775878906
665,bdqn_naive,-0.14998912811279297
666,bdqn_naive,0.6359481811523438
667,bdqn_naive,0.2978992462158203
668,bdqn_naive,0.7774128913879395
669,bdqn_naive,-0.4206562042236328
670,bdqn_naive,-0.404449462890625
671,bdqn_naive,0.11200523376464844
672,bdqn_naive,0.19806289672851562
673,bdqn_naive,2.134121894836426
674,bdqn_naive,0.1782054901123047
675,bdqn_naive,2.771158218383789
676,bdqn_naive,0.9460029602050781
677,bdqn_naive,0.5608329772949219
678,bdqn_naive,-0.4101705551147461
679,bdqn_naive,0.6449060440063477
680,bdqn_naive,0.09304141998291016
681,bdqn_naive,0.04266166687011719
682,bdqn_naive,0.8496642112731934
683,bdqn_naive,-0.2626619338989258
684,bdqn_naive,0.5633754730224609
685,bdqn_naive,-0.048540592193603516
686,bdqn_naive,0.10625267028808594
687,bdqn_naive,2.595595359802246
688,bdqn_naive,2.4389114379882812
689,bdqn_naive,0.21083450317382812
690,bdqn_naive,0.8557195663452148
691,bdqn_naive,-0.19855785369873047
692,bdqn_naive,1.6144695281982422
693,bdqn_naive,-0.9316539764404297
694,bdqn_naive,0.13671302795410156
695,bdqn_naive,-0.23972129821777344
696,bdqn_naive,-0.4033641815185547
697,bdqn_naive,-0.6858744621276855
698,bdqn_naive,0.8056411743164062
699,bdqn_naive,0.2479085922241211
700,bdqn_naive,-0.028840065002441406
701,bdqn_naive,-0.5616178512573242
702,bdqn_naive,-0.3849315643310547
703,bdqn_naive,0.5532960891723633
704,bdqn_naive,-0.2126789093017578
705,bdqn_naive,-0.32037830352783203
706,bdqn_naive,-0.056138038635253906
707,bdqn_naive,-0.508087158203125
708,bdqn_naive,0.5345668792724609
709,bdqn_naive,0.5691928863525391
710,bdqn_naive,0.5361843109130859
711,bdqn_naive,1.0794992446899414
712,bdqn_naive,1.1578969955444336
713,bdqn_naive,1.4407882690429688
714,bdqn_naive,0.2636556625366211
715,bdqn_naive,0.47318553924560547
716,bdqn_naive,-1.1643505096435547
717,bdqn_naive,0.05467987060546875
718,bdqn_naive,-0.45388317108154297
719,bdqn_naive,0.8346633911132812
720,bdqn_naive,0.34121227264404297
721,bdqn_naive,0.36006736755371094
722,bdqn_naive,2.2513551712036133
723,bdqn_naive,-0.5306539535522461
724,bdqn_naive,1.2851886749267578
725,bdqn_naive,0.3287515640258789
726,bdqn_naive,-0.835881233215332
727,bdqn_naive,0.14558792114257812
728,bdqn_naive,0.2372303009033203
729,bdqn_naive,1.3922958374023438
730,bdqn_naive,-0.327789306640625
731,bdqn_naive,2.401508331298828
732,bdqn_naive,1.238764762878418
733,bdqn_naive,1.6470794677734375
734,bdqn_naive,0.9548101425170898
735,bdqn_naive,0.09351825714111328
736,bdqn_naive,1.7335433959960938
737,bdqn_naive,0.5511655807495117
738,bdqn_naive,0.753509521484375
739,bdqn_naive,0.31621742248535156
740,bdqn_naive,-0.0691995620727539
741,bdqn_naive,0.3735179901123047
742,bdqn_naive,-0.4407672882080078
743,bdqn_naive,0.10248756408691406
744,bdqn_naive,-0.3095531463623047
745,bdqn_naive,2.3996896743774414
746,bdqn_naive,-0.03396415710449219
747,bdqn_naive,-0.9932155609130859
748,bdqn_naive,1.451547622680664
749,bdqn_naive,0.4438667297363281
750,bdqn_naive,0.07002830505371094
751,bdqn_naive,0.8160524368286133
752,bdqn_naive,0.33483028411865234
753,bdqn_naive,0.22887802124023438
754,bdqn_naive,0.0827169418334961
755,bdqn_naive,0.4014892578125
756,bdqn_naive,1.162862777709961
757,bdqn_naive,1.5969562530517578
758,bdqn_naive,0.43461132049560547
759,bdqn_naive,1.270216941833496
760,bdqn_naive,-0.17107105255126953
761,bdqn_naive,0.6979780197143555
762,bdqn_naive,0.09865283966064453
763,bdqn_naive,2.4528751373291016
764,bdqn_naive,1.1575660705566406
765,bdqn_naive,0.1484851837158203
766,bdqn_naive,0.10645008087158203
767,bdqn_naive,-0.32317447662353516
768,bdqn_naive,0.07049560546875
769,bdqn_naive,0.30745410919189453
770,bdqn_naive,0.36942577362060547
771,bdqn_naive,-0.008989334106445312
772,bdqn_naive,-0.16631317138671875
773,bdqn_naive,0.14844036102294922
774,bdqn_naive,0.5131015777587891
775,bdqn_naive,-0.4769325256347656
776,bdqn_naive,0.21339035034179688
777,bdqn_naive,-0.01941204071044922
778,bdqn_naive,-0.2862987518310547
779,bdqn_naive,-0.0562744140625
780,bdqn_naive,1.2175779342651367
781,bdqn_naive,-0.14248371124267578
782,bdqn_naive,0.3975791931152344
783,bdqn_naive,-0.0442352294921875
784,bdqn_naive,0.0029449462890625
785,bdqn_naive,0.6475067138671875
786,bdqn_naive,0.3261423110961914
787,bdqn_naive,0.27253055572509766
788,bdqn_naive,-0.16344928741455078
789,bdqn_naive,0.20972633361816406
790,bdqn_naive,0.36013221740722656
791,bdqn_naive,0.39931774139404297
792,bdqn_naive,1.341780662536621
793,bdqn_naive,0.5320262908935547
794,bdqn_naive,-1.4955406188964844
795,bdqn_naive,1.661752700805664
796,bdqn_naive,0.6765518188476562
797,bdqn_naive,1.3677301406860352
798,bdqn_naive,0.1266641616821289
799,bdqn_naive,0.037222862243652344
800,bdqn_naive,-0.03429222106933594
801,bdqn_naive,2.2517967224121094
802,bdqn_naive,0.28708553314208984
803,bdqn_naive,0.21552085876464844
804,bdqn_naive,-0.0834798812866211
805,bdqn_naive,-0.23711299896240234
806,bdqn_naive,2.777538299560547
807,bdqn_naive,0.08063125610351562
808,bdqn_naive,0.0858469009399414
809,bdqn_naive,3.1215381622314453
810,bdqn_naive,-1.2690792083740234
811,bdqn_naive,-0.3157930374145508
812,bdqn_naive,0.9587516784667969
813,bdqn_naive,2.667074203491211
814,bdqn_naive,0.6080408096313477
815,bdqn_naive,-0.13950157165527344
816,bdqn_naive,1.6394500732421875
817,bdqn_naive,0.4280376434326172
818,bdqn_naive,1.1562166213989258
819,bdqn_naive,2.6647214889526367
820,bdqn_naive,-0.8832950592041016
821,bdqn_naive,1.356088638305664
822,bdqn_naive,0.6293678283691406
823,bdqn_naive,2.792222023010254
824,bdqn_naive,-0.1440114974975586
825,bdqn_naive,-0.2878398895263672
826,bdqn_naive,0.5888605117797852
827,bdqn_naive,-0.9123697280883789
828,bdqn_naive,0.4933462142944336
829,bdqn_naive,1.6101112365722656
830,bdqn_naive,1.2535514831542969
831,bdqn_naive,0.6286697387695312
832,bdqn_naive,1.5287723541259766
833,bdqn_naive,-0.36899375915527344
834,bdqn_naive,-0.04572772979736328
835,bdqn_naive,0.34434032440185547
836,bdqn_naive,-0.33426475524902344
837,bdqn_naive,4.913722038269043
838,bdqn_naive,0.1856374740600586
839,bdqn_naive,5.303811073303223
840,bdqn_naive,1.9066944122314453
841,bdqn_naive,0.8253421783447266
842,bdqn_naive,1.0718412399291992
843,bdqn_naive,1.1921567916870117
844,bdqn_naive,1.0666227340698242
845,bdqn_naive,2.780032157897949
846,bdqn_naive,3.7539587020874023
847,bdqn_naive,-0.9118270874023438
848,bdqn_naive,0.6051549911499023
849,bdqn_naive,0.1419391632080078
850,bdqn_naive,1.0225753784179688
851,bdqn_naive,1.6974878311157227
852,bdqn_naive,0.18519973754882812
853,bdqn_naive,6.902413845062256
854,bdqn_naive,1.4681072235107422
855,bdqn_naive,0.3146533966064453
856,bdqn_naive,0.7244482040405273
857,bdqn_naive,0.7745943069458008
858,bdqn_naive,1.4159832000732422
859,bdqn_naive,-0.7057018280029297
860,bdqn_naive,1.2470455169677734
861,bdqn_naive,0.26584625244140625
862,bdqn_naive,0.48578739166259766
863,bdqn_naive,0.5438919067382812
864,bdqn_naive,1.2411127090454102
865,bdqn_naive,1.7358665466308594
866,bdqn_naive,-1.0261344909667969
867,bdqn_naive,0.38053417205810547
868,bdqn_naive,1.1426048278808594
869,bdqn_naive,-0.22770118713378906
870,bdqn_naive,0.6962814331054688
871,bdqn_naive,1.432917594909668
872,bdqn_naive,0.28057193756103516
873,bdqn_naive,2.035205841064453
874,bdqn_naive,-0.1553792953491211
875,bdqn_naive,0.36233997344970703
876,bdqn_naive,0.4235219955444336
877,bdqn_naive,0.19919300079345703
878,bdqn_naive,0.5968399047851562
879,bdqn_naive,-0.4989814758300781
880,bdqn_naive,1.3223447799682617
881,bdqn_naive,-0.7445573806762695
882,bdqn_naive,2.479079246520996
883,bdqn_naive,0.5250072479248047
884,bdqn_naive,0.7358741760253906
885,bdqn_naive,-0.016420364379882812
886,bdqn_naive,1.0751419067382812
887,bdqn_naive,1.778031349182129
888,bdqn_naive,1.3006391525268555
889,bdqn_naive,0.1665334701538086
890,bdqn_naive,1.245802879333496
891,bdqn_naive,1.5715742111206055
892,bdqn_naive,-0.9904775619506836
893,bdqn_naive,0.29300880432128906
894,bdqn_naive,0.5377407073974609
895,bdqn_naive,0.8043594360351562
896,bdqn_naive,-1.4223623275756836
897,bdqn_naive,1.4596920013427734
898,bdqn_naive,0.5416145324707031
899,bdqn_naive,1.1518278121948242
900,bdqn_naive,1.4277496337890625
901,bdqn_naive,0.14199066162109375
902,bdqn_naive,4.996949195861816
903,bdqn_naive,-0.1900768280029297
904,bdqn_naive,-1.3600893020629883
905,bdqn_naive,1.2295951843261719
906,bdqn_naive,-0.9698085784912109
907,bdqn_naive,-0.5911064147949219
908,bdqn_naive,-1.9556055068969727
909,bdqn_naive,0.3036832809448242
910,bdqn_naive,0.08483123779296875
911,bdqn_naive,2.6797542572021484
912,bdqn_naive,-1.0126981735229492
913,bdqn_naive,0.10225582122802734
914,bdqn_naive,2.6517581939697266
915,bdqn_naive,0.1186981201171875
916,bdqn_naive,-0.43821144104003906
917,bdqn_naive,2.211005210876465
918,bdqn_naive,0.3841438293457031
919,bdqn_naive,0.032011985778808594
920,bdqn_naive,1.5000314712524414
921,bdqn_naive,-0.19829940795898438
922,bdqn_naive,-0.24961090087890625
923,bdqn_naive,0.9008827209472656
924,bdqn_naive,1.0977582931518555
925,bdqn_naive,0.23653697967529297
926,bdqn_naive,0.25754356384277344
927,bdqn_naive,-0.020578384399414062
928,bdqn_naive,0.5107908248901367
929,bdqn_naive,-0.028695106506347656
930,bdqn_naive,1.3338985443115234
931,bdqn_naive,0.3765277862548828
932,bdqn_naive,0.548896312713623
933,bdqn_naive,0.3584117889404297
934,bdqn_naive,1.2057170867919922
935,bdqn_naive,0.17438888549804688
936,bdqn_naive,0.3345317840576172
937,bdqn_naive,0.08555889129638672
938,bdqn_naive,0.22410011291503906
939,bdqn_naive,-1.1307830810546875
940,bdqn_naive,0.2096567153930664
941,bdqn_naive,1.0162677764892578
942,bdqn_naive,0.031520843505859375
943,bdqn_naive,0.2498331069946289
944,bdqn_naive,0.595097541809082
945,bdqn_naive,0.702723503112793
946,bdqn_naive,0.36344432830810547
947,bdqn_naive,0.19121646881103516
948,bdqn_naive,0.16098880767822266
949,bdqn_naive,0.8858585357666016
950,bdqn_naive,1.7384405136108398
951,bdqn_naive,0.13082027435302734
952,bdqn_naive,0.21360492706298828
953,bdqn_naive,1.8729057312011719
954,bdqn_naive,0.8500251770019531
955,bdqn_naive,0.7672357559204102
956,bdqn_naive,-0.4390840530395508
957,bdqn_naive,0.4505805969238281
958,bdqn_naive,1.5490937232971191
959,bdqn_naive,0.99407958984375
960,bdqn_naive,1.8754243850708008
961,bdqn_naive,0.798161506652832
962,bdqn_naive,0.39034080505371094
963,bdqn_naive,0.16708755493164062
964,bdqn_naive,0.1121511459350586
965,bdqn_naive,0.8426837921142578
966,bdqn_naive,2.923025131225586
967,bdqn_naive,-0.5697879791259766
968,bdqn_naive,3.5262107849121094
969,bdqn_naive,4.7757744789123535
970,bdqn_naive,2.1237740516662598
971,bdqn_naive,0.16569137573242188
972,bdqn_naive,1.695481300354004
973,bdqn_naive,1.3539905548095703
974,bdqn_naive,0.06948661804199219
975,bdqn_naive,-0.02941131591796875
976,bdqn_naive,2.1131248474121094
977,bdqn_naive,-0.06168079376220703
978,bdqn_naive,-0.01996898651123047
979,bdqn_naive,0.6643524169921875
980,bdqn_naive,-0.6546821594238281
981,bdqn_naive,0.6918706893920898
982,bdqn_naive,2.2936477661132812
983,bdqn_naive,0.4160881042480469
984,bdqn_naive,0.7042303085327148
985,bdqn_naive,0.8678817749023438
986,bdqn_naive,0.8242740631103516
987,bdqn_naive,0.614008903503418
988,bdqn_naive,1.7841367721557617
989,bdqn_naive,0.5069389343261719
990,bdqn_naive,0.042893409729003906
991,bdqn_naive,1.1549320220947266
992,bdqn_naive,-0.3090553283691406
993,bdqn_naive,1.2198591232299805
994,bdqn_naive,-0.07381057739257812
995,bdqn_naive,0.4020042419433594
996,bdqn_naive,-1.0119810104370117
997,bdqn_naive,0.7865304946899414
998,bdqn_naive,1.2862234115600586
999,bdqn_naive,0.12610244750976562
1000,bdqn_naive,0.43559741973876953
1001,bdqn_naive,0.1737957000732422
1002,bdqn_naive,1.0450286865234375
1003,bdqn_naive,1.1312971115112305
1004,bdqn_naive,-0.16290283203125
1005,bdqn_naive,0.8188858032226562
1006,bdqn_naive,0.8580284118652344
1007,bdqn_naive,1.5056266784667969
1008,bdqn_naive,0.64093017578125
1009,bdqn_naive,3.237515449523926
1010,bdqn_naive,0.5781612396240234
1011,bdqn_naive,0.187255859375
1012,bdqn_naive,1.8376998901367188
1013,bdqn_naive,0.9872655868530273
1014,bdqn_naive,0.7868938446044922
1015,bdqn_naive,0.8683595657348633
1016,bdqn_naive,1.4162330627441406
1017,bdqn_naive,0.5326986312866211
1018,bdqn_naive,0.7458095550537109
1019,bdqn_naive,-0.21660137176513672
1020,bdqn_naive,-0.1249094009399414
1021,bdqn_naive,-0.03966522216796875
1022,bdqn_naive,0.05208873748779297
1023,bdqn_naive,-1.092921257019043
1024,bdqn_naive,-0.010303497314453125
1025,bdqn_naive,1.0877914428710938
1026,bdqn_naive,0.396453857421875
1027,bdqn_naive,1.0062732696533203
1028,bdqn_naive,1.8623952865600586
1029,bdqn_naive,0.7383232116699219
1030,bdqn_naive,0.07943439483642578
1031,bdqn_naive,0.36494922637939453
1032,bdqn_naive,0.04111289978027344
1033,bdqn_naive,1.391606330871582
1034,bdqn_naive,0.9865074157714844
1035,bdqn_naive,1.7374134063720703
1036,bdqn_naive,0.9373989105224609
1037,bdqn_naive,0.5539464950561523
1038,bdqn_naive,0.8738327026367188
1039,bdqn_naive,1.097181797027588
1040,bdqn_naive,0.48948001861572266
1041,bdqn_naive,-0.48496150970458984
1042,bdqn_naive,0.8094711303710938
1043,bdqn_naive,1.1225481033325195
1044,bdqn_naive,0.7686357498168945
1045,bdqn_naive,-0.7883310317993164
1046,bdqn_naive,1.7205238342285156
1047,bdqn_naive,-0.3480072021484375
1048,bdqn_naive,-1.166264533996582
1049,bdqn_naive,0.2671823501586914
1050,bdqn_naive,-1.0550827980041504
1051,bdqn_naive,-0.31407785415649414
1052,bdqn_naive,2.3594846725463867
1053,bdqn_naive,-0.4912853240966797
1054,bdqn_naive,4.237893104553223
1055,bdqn_naive,1.1738700866699219
1056,bdqn_naive,0.7297172546386719
1057,bdqn_naive,1.0149784088134766
1058,bdqn_naive,0.1712360382080078
1059,bdqn_naive,-0.1900157928466797
1060,bdqn_naive,-0.014243125915527344
1061,bdqn_naive,1.4517879486083984
1062,bdqn_naive,0.5862045288085938
1063,bdqn_naive,0.8288593292236328
1064,bdqn_naive,4.578655242919922
1065,bdqn_naive,0.21715354919433594
1066,bdqn_naive,1.9718494415283203
1067,bdqn_naive,0.9482498168945312
1068,bdqn_naive,0.5244150161743164
1069,bdqn_naive,0.9603166580200195
1070,bdqn_naive,0.07217025756835938
1071,bdqn_naive,1.2881441116333008
1072,bdqn_naive,-0.9713888168334961
1073,bdqn_naive,0.8563194274902344
1074,bdqn_naive,3.1584320068359375
1075,bdqn_naive,0.44605255126953125
1076,bdqn_naive,-0.03190803527832031
1077,bdqn_naive,1.5802764892578125
1078,bdqn_naive,0.7118806838989258
1079,bdqn_naive,0.3523550033569336
1080,bdqn_naive,0.7290802001953125
1081,bdqn_naive,0.715728759765625
1082,bdqn_naive,-1.528059959411621
1083,bdqn_naive,4.8416056632995605
1084,bdqn_naive,0.6534919738769531
1085,bdqn_naive,-1.6279325485229492
1086,bdqn_naive,-0.20646190643310547
1087,bdqn_naive,0.6804533004760742
1088,bdqn_naive,0.9021215438842773
1089,bdqn_naive,-0.0716094970703125
1090,bdqn_naive,-0.6988849639892578
1091,bdqn_naive,-0.039798736572265625
1092,bdqn_naive,-0.43763065338134766
1093,bdqn_naive,1.099625587463379
1094,bdqn_naive,1.6087970733642578
1095,bdqn_naive,-1.308248519897461
1096,bdqn_naive,-0.017508506774902344
1097,bdqn_naive,2.47857666015625
1098,bdqn_naive,0.5184974670410156
1099,bdqn_naive,1.2530651092529297
1100,bdqn_naive,1.420456886291504
1101,bdqn_naive,1.3497467041015625
1102,bdqn_naive,-0.5340204238891602
1103,bdqn_naive,0.3514547348022461
1104,bdqn_naive,0.4444303512573242
1105,bdqn_naive,0.9466400146484375
1106,bdqn_naive,-1.416926383972168
1107,bdqn_naive,0.9872970581054688
1108,bdqn_naive,0.7086124420166016
1109,bdqn_naive,0.5346336364746094
1110,bdqn_naive,2.884347915649414
1111,bdqn_naive,0.9371051788330078
1112,bdqn_naive,0.9127788543701172
1113,bdqn_naive,-0.5357627868652344
1114,bdqn_naive,1.8262481689453125
1115,bdqn_naive,-1.5016984939575195
1116,bdqn_naive,1.9854297637939453
1117,bdqn_naive,1.8824138641357422
1118,bdqn_naive,-0.048018455505371094
1119,bdqn_naive,-0.12433338165283203
1120,bdqn_naive,0.8131008148193359
1121,bdqn_naive,-0.024755477905273438
1122,bdqn_naive,-0.021417617797851562
1123,bdqn_naive,0.615264892578125
1124,bdqn_naive,0.8747730255126953
1125,bdqn_naive,1.4012451171875
1126,bdqn_naive,-2.0655412673950195
1127,bdqn_naive,1.682373046875
1128,bdqn_naive,0.9006023406982422
1129,bdqn_naive,0.7118043899536133
1130,bdqn_naive,0.28122615814208984
1131,bdqn_naive,0.3381328582763672
1132,bdqn_naive,0.08278179168701172
1133,bdqn_naive,2.3800454139709473
1134,bdqn_naive,-0.6741142272949219
1135,bdqn_naive,-0.4947929382324219
1136,bdqn_naive,2.9962830543518066
1137,bdqn_naive,-0.28357696533203125
1138,bdqn_naive,4.31696891784668
1139,bdqn_naive,1.885335922241211
1140,bdqn_naive,1.1599149703979492
1141,bdqn_naive,0.16126537322998047
1142,bdqn_naive,0.18382930755615234
1143,bdqn_naive,1.0457143783569336
1144,bdqn_naive,3.2715377807617188
1145,bdqn_naive,0.45899486541748047
1146,bdqn_naive,2.7371692657470703
1147,bdqn_naive,0.7499895095825195
1148,bdqn_naive,-0.5960445404052734
1149,bdqn_naive,0.3112831115722656
1150,bdqn_naive,0.48299694061279297
1151,bdqn_naive,-1.1109437942504883
1152,bdqn_naive,0.5555381774902344
1153,bdqn_naive,0.9699907302856445
1154,bdqn_naive,3.902804374694824
1155,bdqn_naive,0.6239833831787109
1156,bdqn_naive,0.029684066772460938
1157,bdqn_naive,0.15898513793945312
1158,bdqn_naive,2.978954315185547
1159,bdqn_naive,0.790989875793457
1160,bdqn_naive,3.3456315994262695
1161,bdqn_naive,1.6332817077636719
1162,bdqn_naive,0.0538787841796875
1163,bdqn_naive,-0.6074228286743164
1164,bdqn_naive,3.6885805130004883
1165,bdqn_naive,-0.29062938690185547
1166,bdqn_naive,3.4081239700317383
1167,bdqn_naive,-0.7699184417724609
1168,bdqn_naive,0.75006103515625
1169,bdqn_naive,1.1346855163574219
1170,bdqn_naive,1.1932315826416016
1171,bdqn_naive,1.7216615676879883
1172,bdqn_naive,1.083700180053711
1173,bdqn_naive,1.0405282974243164
1174,bdqn_naive,2.846935749053955
1175,bdqn_naive,0.0026454925537109375
1176,bdqn_naive,-0.025812149047851562
1177,bdqn_naive,0.6779212951660156
1178,bdqn_naive,1.7006425857543945
1179,bdqn_naive,1.4388437271118164
1180,bdqn_naive,1.9014110565185547
1181,bdqn_naive,0.6099624633789062
1182,bdqn_naive,0.4372377395629883
1183,bdqn_naive,-0.2396068572998047
1184,bdqn_naive,4.166836738586426
1185,bdqn_naive,2.1597042083740234
1186,bdqn_naive,1.261124610900879
1187,bdqn_naive,0.8738222122192383
1188,bdqn_naive,1.672999382019043
1189,bdqn_naive,0.9605522155761719
1190,bdqn_naive,0.6055469512939453
1191,bdqn_naive,-1.0020904541015625
1192,bdqn_naive,1.1185293197631836
1193,bdqn_naive,3.5036487579345703
1194,bdqn_naive,-0.39534664154052734
1195,bdqn_naive,-0.2315845489501953
1196,bdqn_naive,1.8038444519042969
1197,bdqn_naive,0.005784034729003906
1198,bdqn_naive,0.10802268981933594
1199,bdqn_naive,0.16575336456298828
1200,bdqn_naive,0.45769596099853516
1201,bdqn_naive,1.085810661315918
1202,bdqn_naive,0.34876537322998047
1203,bdqn_naive,0.2929830551147461
1204,bdqn_naive,-0.4950733184814453
1205,bdqn_naive,0.6080999374389648
1206,bdqn_naive,-0.5961551666259766
1207,bdqn_naive,0.0673360824584961
1208,bdqn_naive,2.0395259857177734
1209,bdqn_naive,-0.4577045440673828
1210,bdqn_naive,1.3408079147338867
1211,bdqn_naive,2.2903785705566406
1212,bdqn_naive,0.4835357666015625
1213,bdqn_naive,1.401381492614746
1214,bdqn_naive,0.4283580780029297
1215,bdqn_naive,0.1717700958251953
1216,bdqn_naive,-0.1857471466064453
1217,bdqn_naive,0.6599636077880859
1218,bdqn_naive,-0.5261363983154297
1219,bdqn_naive,-0.018167495727539062
1220,bdqn_naive,2.153289794921875
1221,bdqn_naive,0.2655038833618164
1222,bdqn_naive,1.9976749420166016
1223,bdqn_naive,-0.057738304138183594
1224,bdqn_naive,0.33016204833984375
1225,bdqn_naive,0.4450082778930664
1226,bdqn_naive,0.13135337829589844
1227,bdqn_naive,0.46319007873535156
1228,bdqn_naive,1.399275779724121
1229,bdqn_naive,1.4533262252807617
1230,bdqn_naive,0.32733917236328125
1231,bdqn_naive,0.4915475845336914
1232,bdqn_naive,1.7581777572631836
1233,bdqn_naive,0.3912544250488281
1234,bdqn_naive,3.063394546508789
1235,bdqn_naive,0.9435930252075195
1236,bdqn_naive,1.1034479141235352
1237,bdqn_naive,-0.7988910675048828
1238,bdqn_naive,1.9821052551269531
1239,bdqn_naive,0.4207162857055664
1240,bdqn_naive,1.9286556243896484
1241,bdqn_naive,7.124846458435059
1242,bdqn_naive,0.10589218139648438
1243,bdqn_naive,3.7297000885009766
1244,bdqn_naive,1.9120445251464844
1245,bdqn_naive,-0.8750429153442383
1246,bdqn_naive,0.8799848556518555
1247,bdqn_naive,0.8351211547851562
1248,bdqn_naive,0.9062185287475586
1249,bdqn_naive,1.664963722229004
1250,bdqn_naive,-3.204819679260254
1251,bdqn_naive,1.6787471771240234
1252,bdqn_naive,1.4082937240600586
1253,bdqn_naive,6.142210960388184
1254,bdqn_naive,1.391714096069336
1255,bdqn_naive,1.060988426208496
1256,bdqn_naive,1.6257801055908203
1257,bdqn_naive,0.8605270385742188
1258,bdqn_naive,1.6756973266601562
1259,bdqn_naive,0.10184097290039062
1260,bdqn_naive,-0.4483928680419922
1261,bdqn_naive,-0.07478046417236328
1262,bdqn_naive,-0.7330350875854492
1263,bdqn_naive,4.830598831176758
1264,bdqn_naive,-0.14186382293701172
1265,bdqn_naive,-0.5457706451416016
1266,bdqn_naive,2.681882858276367
1267,bdqn_naive,3.2826766967773438
1268,bdqn_naive,0.314971923828125
1269,bdqn_naive,0.042410850524902344
1270,bdqn_naive,0.7246828079223633
1271,bdqn_naive,-0.1382589340209961
1272,bdqn_naive,-1.9872055053710938
1273,bdqn_naive,3.2893896102905273
1274,bdqn_naive,-0.28427886962890625
1275,bdqn_naive,1.73272705078125
1276,bdqn_naive,0.6925868988037109
1277,bdqn_naive,4.203160285949707
1278,bdqn_naive,0.8052539825439453
1279,bdqn_naive,0.5297422409057617
1280,bdqn_naive,1.4025897979736328
1281,bdqn_naive,0.19174575805664062
1282,bdqn_naive,3.1783056259155273
1283,bdqn_naive,0.5574321746826172
1284,bdqn_naive,0.9398527145385742
1285,bdqn_naive,1.0606021881103516
1286,bdqn_naive,0.9432868957519531
1287,bdqn_naive,0.14575576782226562
1288,bdqn_naive,0.48099803924560547
1289,bdqn_naive,0.9090204238891602
1290,bdqn_naive,1.3778181076049805
1291,bdqn_naive,1.5808897018432617
1292,bdqn_naive,2.335538864135742
1293,bdqn_naive,1.0433778762817383
1294,bdqn_naive,-0.27637195587158203
1295,bdqn_naive,3.363483428955078
1296,bdqn_naive,0.2176799774169922
1297,bdqn_naive,1.3045549392700195
1298,bdqn_naive,2.3741049766540527
1299,bdqn_naive,0.3537158966064453
1300,bdqn_naive,0.9255485534667969
1301,bdqn_naive,3.0158605575561523
1302,bdqn_naive,1.195002555847168
1303,bdqn_naive,2.114837646484375
1304,bdqn_naive,0.1792755126953125
1305,bdqn_naive,0.4017829895019531
1306,bdqn_naive,2.3701181411743164
1307,bdqn_naive,2.489572048187256
1308,bdqn_naive,0.9693069458007812
1309,bdqn_naive,0.13047504425048828
1310,bdqn_naive,-0.6927995681762695
1311,bdqn_naive,0.10155868530273438
1312,bdqn_naive,1.578381061553955
1313,bdqn_naive,1.1027297973632812
1314,bdqn_naive,0.8283987045288086
1315,bdqn_naive,0.6416416168212891
1316,bdqn_naive,0.0780324935913086
1317,bdqn_naive,0.7564630508422852
1318,bdqn_naive,0.46117687225341797
1319,bdqn_naive,-0.1743488311767578
1320,bdqn_naive,0.28696441650390625
1321,bdqn_naive,4.341525077819824
1322,bdqn_naive,-1.2054624557495117
1323,bdqn_naive,0.30595970153808594
1324,bdqn_naive,1.235097885131836
1325,bdqn_naive,2.9606456756591797
1326,bdqn_naive,1.3476133346557617
1327,bdqn_naive,0.11680889129638672
1328,bdqn_naive,0.3065757751464844
1329,bdqn_naive,1.7721376419067383
1330,bdqn_naive,0.137451171875
1331,bdqn_naive,-1.2065296173095703
1332,bdqn_naive,0.07282352447509766
1333,bdqn_naive,0.123870849609375
1334,bdqn_naive,1.1833600997924805
1335,bdqn_naive,3.7524566650390625
1336,bdqn_naive,1.650115966796875
1337,bdqn_naive,0.5495700836181641
1338,bdqn_naive,1.7993249893188477
1339,bdqn_naive,0.6088428497314453
1340,bdqn_naive,0.5236291885375977
1341,bdqn_naive,-0.5447168350219727
1342,bdqn_naive,1.0857982635498047
1343,bdqn_naive,1.0354375839233398
1344,bdqn_naive,-0.05835247039794922
1345,bdqn_naive,2.733567714691162
1346,bdqn_naive,1.1267061233520508
1347,bdqn_naive,-0.4151172637939453
1348,bdqn_naive,1.4709625244140625
1349,bdqn_naive,0.9937858581542969
1350,bdqn_naive,1.1886558532714844
1351,bdqn_naive,0.579808235168457
1352,bdqn_naive,2.6407060623168945
1353,bdqn_naive,0.5954446792602539
1354,bdqn_naive,3.1829233169555664
1355,bdqn_naive,0.44072914123535156
1356,bdqn_naive,0.744755744934082
1357,bdqn_naive,1.3073997497558594
1358,bdqn_naive,0.6329231262207031
1359,bdqn_naive,0.8189449310302734
1360,bdqn_naive,4.129433631896973
1361,bdqn_naive,0.843653678894043
1362,bdqn_naive,-0.1371898651123047
1363,bdqn_naive,-0.4912910461425781
1364,bdqn_naive,0.9520740509033203
1365,bdqn_naive,0.6220054626464844
1366,bdqn_naive,1.6979408264160156
1367,bdqn_naive,2.5143909454345703
1368,bdqn_naive,0.8793725967407227
1369,bdqn_naive,1.0988540649414062
1370,bdqn_naive,3.9120607376098633
1371,bdqn_naive,1.2023077011108398
1372,bdqn_naive,1.121628761291504
1373,bdqn_naive,0.6754083633422852
1374,bdqn_naive,1.4337520599365234
1375,bdqn_naive,0.15915775299072266
1376,bdqn_naive,0.6037378311157227
1377,bdqn_naive,3.632451057434082
1378,bdqn_naive,0.45278453826904297
1379,bdqn_naive,0.7313499450683594
1380,bdqn_naive,1.5233116149902344
1381,bdqn_naive,2.255263328552246
1382,bdqn_naive,0.5577754974365234
1383,bdqn_naive,0.45963001251220703
1384,bdqn_naive,1.4370803833007812
1385,bdqn_naive,1.1361923217773438
1386,bdqn_naive,1.4197969436645508
1387,bdqn_naive,1.3466386795043945
1388,bdqn_naive,3.5067033767700195
1389,bdqn_naive,0.3806743621826172
1390,bdqn_naive,0.4224700927734375
1391,bdqn_naive,0.9239110946655273
1392,bdqn_naive,-0.4101696014404297
1393,bdqn_naive,0.31168174743652344
1394,bdqn_naive,0.19551658630371094
1395,bdqn_naive,3.0724401473999023
1396,bdqn_naive,1.5661802291870117
1397,bdqn_naive,0.8059501647949219
1398,bdqn_naive,1.032862663269043
1399,bdqn_naive,2.3783626556396484
1400,bdqn_naive,1.7276124954223633
1401,bdqn_naive,0.1910839080810547
1402,bdqn_naive,0.9500541687011719
1403,bdqn_naive,0.5855522155761719
1404,bdqn_naive,0.1812152862548828
1405,bdqn_naive,0.6807079315185547
1406,bdqn_naive,0.3718404769897461
1407,bdqn_naive,1.4182462692260742
1408,bdqn_naive,1.8318042755126953
1409,bdqn_naive,-0.8974933624267578
1410,bdqn_naive,0.34307289123535156
1411,bdqn_naive,-0.10253620147705078
1412,bdqn_naive,1.253016471862793
1413,bdqn_naive,1.42926025390625
1414,bdqn_naive,0.6999330520629883
1415,bdqn_naive,-0.634577751159668
1416,bdqn_naive,0.1751117706298828
1417,bdqn_naive,1.9317913055419922
1418,bdqn_naive,2.7765798568725586
1419,bdqn_naive,1.1111812591552734
1420,bdqn_naive,-0.06266498565673828
1421,bdqn_naive,0.39102745056152344
1422,bdqn_naive,4.129324913024902
1423,bdqn_naive,0.35817813873291016
1424,bdqn_naive,5.62150764465332
1425,bdqn_naive,0.5139875411987305
1426,bdqn_naive,0.4980487823486328
1427,bdqn_naive,0.7610435485839844
1428,bdqn_naive,0.04631805419921875
1429,bdqn_naive,-1.1593360900878906
1430,bdqn_naive,-0.7991418838500977
1431,bdqn_naive,-0.17174530029296875
1432,bdqn_naive,0.6679439544677734
1433,bdqn_naive,-0.2651968002319336
1434,bdqn_naive,0.40169429779052734
1435,bdqn_naive,-0.7044172286987305
1436,bdqn_naive,-0.1954183578491211
1437,bdqn_naive,0.4237995147705078
1438,bdqn_naive,1.2706193923950195
1439,bdqn_naive,0.7159738540649414
1440,bdqn_naive,1.6139163970947266
1441,bdqn_naive,0.5422382354736328
1442,bdqn_naive,-0.0898599624633789
1443,bdqn_naive,0.3013038635253906
1444,bdqn_naive,-0.4837684631347656
1445,bdqn_naive,2.5402584075927734
1446,bdqn_naive,1.1342906951904297
1447,bdqn_naive,0.5748367309570312
1448,bdqn_naive,0.3147726058959961
1449,bdqn_naive,0.8553886413574219
1450,bdqn_naive,-0.6242685317993164
1451,bdqn_naive,1.934138298034668
1452,bdqn_naive,0.16308021545410156
1453,bdqn_naive,0.8115625381469727
1454,bdqn_naive,3.25740909576416
1455,bdqn_naive,0.210845947265625
1456,bdqn_naive,0.6987295150756836
1457,bdqn_naive,3.282987594604492
1458,bdqn_naive,0.18671894073486328
1459,bdqn_naive,0.22525691986083984
1460,bdqn_naive,1.1669540405273438
1461,bdqn_naive,0.907771110534668
1462,bdqn_naive,3.1313486099243164
1463,bdqn_naive,1.77933931350708
1464,bdqn_naive,0.924962043762207
1465,bdqn_naive,0.660975456237793
1466,bdqn_naive,0.26131343841552734
1467,bdqn_naive,-0.8119411468505859
1468,bdqn_naive,1.5986213684082031
1469,bdqn_naive,0.06885814666748047
1470,bdqn_naive,0.964207649230957
1471,bdqn_naive,-0.10964202880859375
1472,bdqn_naive,-0.13637542724609375
1473,bdqn_naive,-0.10358428955078125
1474,bdqn_naive,1.3950042724609375
1475,bdqn_naive,0.5422039031982422
1476,bdqn_naive,1.2137794494628906
1477,bdqn_naive,-0.2919893264770508
1478,bdqn_naive,0.3331441879272461
1479,bdqn_naive,0.8254194259643555
1480,bdqn_naive,0.9889059066772461
1481,bdqn_naive,0.024628639221191406
1482,bdqn_naive,0.8479070663452148
1483,bdqn_naive,3.5321617126464844
1484,bdqn_naive,0.31139373779296875
1485,bdqn_naive,-0.11019515991210938
1486,bdqn_naive,0.5127105712890625
1487,bdqn_naive,4.579136848449707
1488,bdqn_naive,0.2710857391357422
1489,bdqn_naive,0.9516429901123047
1490,bdqn_naive,1.4466476440429688
1491,bdqn_naive,0.7827949523925781
1492,bdqn_naive,1.5734806060791016
1493,bdqn_naive,2.6294097900390625
1494,bdqn_naive,0.600489616394043
1495,bdqn_naive,0.7215118408203125
1496,bdqn_naive,2.5224761962890625
1497,bdqn_naive,-0.9649724960327148
1498,bdqn_naive,0.955204963684082
1499,bdqn_naive,0.3341503143310547
1500,bdqn_naive,1.8229103088378906
1501,bdqn_naive,0.5535640716552734
1502,bdqn_naive,1.599151611328125
1503,bdqn_naive,0.8952360153198242
1504,bdqn_naive,-0.5169448852539062
1505,bdqn_naive,0.4869575500488281
1506,bdqn_naive,0.09299087524414062
1507,bdqn_naive,1.0425090789794922
1508,bdqn_naive,3.12418270111084
1509,bdqn_naive,1.534255027770996
1510,bdqn_naive,0.17559814453125
1511,bdqn_naive,0.5949411392211914
1512,bdqn_naive,4.209272384643555
1513,bdqn_naive,1.4468884468078613
1514,bdqn_naive,-0.5492744445800781
1515,bdqn_naive,0.9631872177124023
1516,bdqn_naive,-1.1792793273925781
1517,bdqn_naive,-0.7897014617919922
1518,bdqn_naive,0.06746196746826172
1519,bdqn_naive,2.3199095726013184
1520,bdqn_naive,-1.004106044769287
1521,bdqn_naive,0.6190605163574219
1522,bdqn_naive,0.08629512786865234
1523,bdqn_naive,0.9111976623535156
1524,bdqn_naive,0.8032903671264648
1525,bdqn_naive,3.5772438049316406
1526,bdqn_naive,-0.7855424880981445
1527,bdqn_naive,0.5697345733642578
1528,bdqn_naive,0.28548717498779297
1529,bdqn_naive,-0.5359315872192383
1530,bdqn_naive,-1.8108220100402832
1531,bdqn_naive,0.3822479248046875
1532,bdqn_naive,-0.2241964340209961
1533,bdqn_naive,0.4174489974975586
1534,bdqn_naive,2.081256866455078
1535,bdqn_naive,-0.7323722839355469
1536,bdqn_naive,-0.23690414428710938
1537,bdqn_naive,2.58697509765625
1538,bdqn_naive,1.3583259582519531
1539,bdqn_naive,0.8701810836791992
1540,bdqn_naive,3.9023218154907227
1541,bdqn_naive,1.1915321350097656
1542,bdqn_naive,1.5672874450683594
1543,bdqn_naive,0.13401126861572266
1544,bdqn_naive,0.02177715301513672
1545,bdqn_naive,1.4079113006591797
1546,bdqn_naive,1.0211591720581055
1547,bdqn_naive,-0.5764656066894531
1548,bdqn_naive,0.49469852447509766
1549,bdqn_naive,-1.0737428665161133
1550,bdqn_naive,1.543990135192871
1551,bdqn_naive,0.35274696350097656
1552,bdqn_naive,0.4909849166870117
1553,bdqn_naive,1.1185064315795898
1554,bdqn_naive,1.1111173629760742
1555,bdqn_naive,-0.24464988708496094
1556,bdqn_naive,2.0740604400634766
1557,bdqn_naive,0.823674201965332
1558,bdqn_naive,-0.06998920440673828
1559,bdqn_naive,1.2329459190368652
1560,bdqn_naive,1.8227386474609375
1561,bdqn_naive,0.043160438537597656
1562,bdqn_naive,-0.562352180480957
1563,bdqn_naive,-0.8383979797363281
1564,bdqn_naive,1.512075424194336
1565,bdqn_naive,0.6182403564453125
1566,bdqn_naive,-1.179697036743164
1567,bdqn_naive,-0.09554862976074219
1568,bdqn_naive,0.41446971893310547
1569,bdqn_naive,4.576992988586426
1570,bdqn_naive,2.1602630615234375
1571,bdqn_naive,1.9787311553955078
1572,bdqn_naive,0.0930013656616211
1573,bdqn_naive,0.5604572296142578
1574,bdqn_naive,1.5269012451171875
1575,bdqn_naive,1.8047103881835938
1576,bdqn_naive,1.4212608337402344
1577,bdqn_naive,1.0903806686401367
1578,bdqn_naive,-0.16178607940673828
1579,bdqn_naive,-0.19336891174316406
1580,bdqn_naive,1.5857715606689453
1581,bdqn_naive,1.4254636764526367
1582,bdqn_naive,0.8644342422485352
1583,bdqn_naive,-1.216176986694336
1584,bdqn_naive,4.6295166015625
1585,bdqn_naive,2.5733938217163086
1586,bdqn_naive,1.8855361938476562
1587,bdqn_naive,0.3668222427368164
1588,bdqn_naive,0.7694826126098633
1589,bdqn_naive,1.439645767211914
1590,bdqn_naive,0.6261816024780273
1591,bdqn_naive,0.2109222412109375
1592,bdqn_naive,2.733492851257324
1593,bdqn_naive,2.113917350769043
1594,bdqn_naive,1.7331819534301758
1595,bdqn_naive,-0.8302888870239258
1596,bdqn_naive,-2.1732311248779297
1597,bdqn_naive,-0.15346622467041016
1598,bdqn_naive,-1.0882482528686523
1599,bdqn_naive,0.4417743682861328
1600,bdqn_naive,2.0939416885375977
1601,bdqn_naive,1.245549201965332
1602,bdqn_naive,1.4249610900878906
1603,bdqn_naive,-0.2563772201538086
1604,bdqn_naive,-0.40311288833618164
1605,bdqn_naive,-0.6078634262084961
1606,bdqn_naive,0.9419937133789062
1607,bdqn_naive,1.0176734924316406
1608,bdqn_naive,1.1133966445922852
1609,bdqn_naive,0.6611413955688477
1610,bdqn_naive,0.7883682250976562
1611,bdqn_naive,0.8328428268432617
1612,bdqn_naive,0.6278457641601562
1613,bdqn_naive,0.7230491638183594
1614,bdqn_naive,0.8019561767578125
1615,bdqn_naive,1.690598487854004
1616,bdqn_naive,-0.06261634826660156
1617,bdqn_naive,1.363347053527832
1618,bdqn_naive,0.5360183715820312
1619,bdqn_naive,0.05352592468261719
1620,bdqn_naive,0.37000370025634766
1621,bdqn_naive,2.23592472076416
1622,bdqn_naive,1.6846656799316406
1623,bdqn_naive,1.8874034881591797
1624,bdqn_naive,0.2816648483276367
1625,bdqn_naive,-0.01849651336669922
1626,bdqn_naive,1.217667579650879
1627,bdqn_naive,-0.09313011169433594
1628,bdqn_naive,-1.21795654296875
1629,bdqn_naive,1.5691680908203125
1630,bdqn_naive,0.7723665237426758
1631,bdqn_naive,0.5294008255004883
1632,bdqn_naive,0.8369884490966797
1633,bdqn_naive,0.5291070938110352
1634,bdqn_naive,1.4136543273925781
1635,bdqn_naive,1.2743425369262695
1636,bdqn_naive,0.09211444854736328
1637,bdqn_naive,0.697880744934082
1638,bdqn_naive,1.8029279708862305
1639,bdqn_naive,-0.0873260498046875
1640,bdqn_naive,0.5574264526367188
1641,bdqn_naive,1.6645584106445312
1642,bdqn_naive,2.2165136337280273
1643,bdqn_naive,0.3234844207763672
1644,bdqn_naive,4.549665451049805
1645,bdqn_naive,0.7587471008300781
1646,bdqn_naive,0.25539493560791016
1647,bdqn_naive,1.418752670288086
1648,bdqn_naive,0.4919424057006836
1649,bdqn_naive,1.2253971099853516
1650,bdqn_naive,6.487367630004883
1651,bdqn_naive,1.7559499740600586
1652,bdqn_naive,0.522120475769043
1653,bdqn_naive,-0.4005146026611328
1654,bdqn_naive,0.7197437286376953
1655,bdqn_naive,0.25197887420654297
1656,bdqn_naive,0.48365116119384766
1657,bdqn_naive,0.5576534271240234
1658,bdqn_naive,1.7279672622680664
1659,bdqn_naive,0.6349782943725586
1660,bdqn_naive,0.45238494873046875
1661,bdqn_naive,-0.032034873962402344
1662,bdqn_naive,1.7532157897949219
1663,bdqn_naive,-1.9104290008544922
1664,bdqn_naive,0.241729736328125
1665,bdqn_naive,0.6708974838256836
1666,bdqn_naive,0.9009866714477539
1667,bdqn_naive,0.2841300964355469
1668,bdqn_naive,0.5959873199462891
1669,bdqn_naive,2.499814987182617
1670,bdqn_naive,-1.2179274559020996
1671,bdqn_naive,0.6286773681640625
1672,bdqn_naive,2.278779983520508
1673,bdqn_naive,-1.2535276412963867
1674,bdqn_naive,-0.1967449188232422
1675,bdqn_naive,-0.43387317657470703
1676,bdqn_naive,1.5665912628173828
1677,bdqn_naive,0.12613487243652344
1678,bdqn_naive,2.596846580505371
1679,bdqn_naive,2.812776565551758
1680,bdqn_naive,0.8393898010253906
1681,bdqn_naive,-0.20151519775390625
1682,bdqn_naive,2.461824417114258
1683,bdqn_naive,0.3236522674560547
1684,bdqn_naive,1.0193414688110352
1685,bdqn_naive,-0.2371530532836914
1686,bdqn_naive,2.1125335693359375
1687,bdqn_naive,0.7876405715942383
1688,bdqn_naive,-1.293269157409668
1689,bdqn_naive,-0.31937122344970703
1690,bdqn_naive,0.791295051574707
1691,bdqn_naive,0.9543600082397461
1692,bdqn_naive,0.3836536407470703
1693,bdqn_naive,-0.25002002716064453
1694,bdqn_naive,3.656238555908203
1695,bdqn_naive,1.532735824584961
1696,bdqn_naive,2.72219181060791
1697,bdqn_naive,0.4902782440185547
1698,bdqn_naive,0.47541236877441406
1699,bdqn_naive,0.2947883605957031
1700,bdqn_naive,1.1991872787475586
1701,bdqn_naive,1.2447214126586914
1702,bdqn_naive,1.476644515991211
1703,bdqn_naive,2.9999637603759766
1704,bdqn_naive,0.7887239456176758
1705,bdqn_naive,1.3577537536621094
1706,bdqn_naive,2.4191904067993164
1707,bdqn_naive,-0.46680164337158203
1708,bdqn_naive,6.198510646820068
1709,bdqn_naive,1.1216049194335938
1710,bdqn_naive,0.1428518295288086
1711,bdqn_naive,4.23802375793457
1712,bdqn_naive,-0.13158798217773438
1713,bdqn_naive,0.06560897827148438
1714,bdqn_naive,2.101806640625
1715,bdqn_naive,0.020021438598632812
1716,bdqn_naive,4.874273300170898
1717,bdqn_naive,2.090770721435547
1718,bdqn_naive,-0.7358913421630859
1719,bdqn_naive,-2.196378707885742
1720,bdqn_naive,1.0966873168945312
1721,bdqn_naive,0.08984947204589844
1722,bdqn_naive,-0.38051605224609375
1723,bdqn_naive,0.3071022033691406
1724,bdqn_naive,0.40155506134033203
1725,bdqn_naive,-0.22571372985839844
1726,bdqn_naive,1.3779325485229492
1727,bdqn_naive,0.7734441757202148
1728,bdqn_naive,4.718439102172852
1729,bdqn_naive,2.908583641052246
1730,bdqn_naive,-0.3184041976928711
1731,bdqn_naive,0.3054962158203125
1732,bdqn_naive,1.8602304458618164
1733,bdqn_naive,-0.03532123565673828
1734,bdqn_naive,2.8389244079589844
1735,bdqn_naive,-0.4472923278808594
1736,bdqn_naive,0.5624351501464844
1737,bdqn_naive,0.5661859512329102
1738,bdqn_naive,0.7280845642089844
1739,bdqn_naive,1.1768856048583984
1740,bdqn_naive,-1.2749671936035156
1741,bdqn_naive,1.6261405944824219
1742,bdqn_naive,0.25922393798828125
1743,bdqn_naive,0.8067483901977539
1744,bdqn_naive,-0.1936483383178711
1745,bdqn_naive,2.814922332763672
1746,bdqn_naive,-0.17809772491455078
1747,bdqn_naive,1.306107521057129
1748,bdqn_naive,0.73968505859375
1749,bdqn_naive,1.8607912063598633
1750,bdqn_naive,1.1005315780639648
1751,bdqn_naive,-0.15890884399414062
1752,bdqn_naive,0.16739940643310547
1753,bdqn_naive,-0.2213602066040039
1754,bdqn_naive,-0.056270599365234375
1755,bdqn_naive,0.5330133438110352
1756,bdqn_naive,-0.137969970703125
1757,bdqn_naive,2.523283004760742
1758,bdqn_naive,-0.08722591400146484
1759,bdqn_naive,0.8821287155151367
1760,bdqn_naive,2.1401729583740234
1761,bdqn_naive,-0.6842336654663086
1762,bdqn_naive,1.8859825134277344
1763,bdqn_naive,4.182216644287109
1764,bdqn_naive,0.7880687713623047
1765,bdqn_naive,1.7728395462036133
1766,bdqn_naive,2.6835575103759766
1767,bdqn_naive,0.3005838394165039
1768,bdqn_naive,0.8383388519287109
1769,bdqn_naive,0.03220844268798828
1770,bdqn_naive,0.2690715789794922
1771,bdqn_naive,5.252450942993164
1772,bdqn_naive,-0.4481935501098633
1773,bdqn_naive,0.36060047149658203
1774,bdqn_naive,1.347951889038086
1775,bdqn_naive,0.6885890960693359
1776,bdqn_naive,1.144622802734375
1777,bdqn_naive,0.8093357086181641
1778,bdqn_naive,0.1314678192138672
1779,bdqn_naive,0.33524227142333984
1780,bdqn_naive,0.23906707763671875
1781,bdqn_naive,0.9595861434936523
1782,bdqn_naive,0.835270881652832
1783,bdqn_naive,2.4595069885253906
1784,bdqn_naive,-0.46456336975097656
1785,bdqn_naive,3.1985788345336914
1786,bdqn_naive,0.8974418640136719
1787,bdqn_naive,0.4515829086303711
1788,bdqn_naive,0.7046995162963867
1789,bdqn_naive,0.5220756530761719
1790,bdqn_naive,0.9231147766113281
1791,bdqn_naive,0.6763486862182617
1792,bdqn_naive,3.687911033630371
1793,bdqn_naive,1.6328277587890625
1794,bdqn_naive,0.9929637908935547
1795,bdqn_naive,0.8240041732788086
1796,bdqn_naive,0.49115562438964844
1797,bdqn_naive,2.5037002563476562
1798,bdqn_naive,1.722874641418457
1799,bdqn_naive,0.19840431213378906
1800,bdqn_naive,1.870279312133789
1801,bdqn_naive,2.5804033279418945
1802,bdqn_naive,0.72552490234375
1803,bdqn_naive,-0.4449014663696289
1804,bdqn_naive,0.9678430557250977
1805,bdqn_naive,2.8595752716064453
1806,bdqn_naive,3.6406517028808594
1807,bdqn_naive,1.409653663635254
1808,bdqn_naive,1.099076271057129
1809,bdqn_naive,2.2894163131713867
1810,bdqn_naive,-0.15402984619140625
1811,bdqn_naive,0.9055328369140625
1812,bdqn_naive,4.506768226623535
1813,bdqn_naive,0.1360149383544922
1814,bdqn_naive,2.531186103820801
1815,bdqn_naive,0.6847667694091797
1816,bdqn_naive,0.8488969802856445
1817,bdqn_naive,0.3874216079711914
1818,bdqn_naive,2.5119333267211914
1819,bdqn_naive,2.033937454223633
1820,bdqn_naive,0.309814453125
1821,bdqn_naive,0.11028289794921875
1822,bdqn_naive,-1.4326319694519043
1823,bdqn_naive,1.334406852722168
1824,bdqn_naive,0.7868213653564453
1825,bdqn_naive,4.7199859619140625
1826,bdqn_naive,0.04725074768066406
1827,bdqn_naive,0.44394588470458984
1828,bdqn_naive,0.9874496459960938
1829,bdqn_naive,0.973536491394043
1830,bdqn_naive,1.2679691314697266
1831,bdqn_naive,1.4639043807983398
1832,bdqn_naive,1.2290639877319336
1833,bdqn_naive,-1.9886388778686523
1834,bdqn_naive,2.54105281829834
1835,bdqn_naive,0.6446008682250977
1836,bdqn_naive,1.0356884002685547
1837,bdqn_naive,0.6867446899414062
1838,bdqn_naive,0.8418874740600586
1839,bdqn_naive,0.09637451171875
1840,bdqn_naive,-0.16545391082763672
1841,bdqn_naive,0.11819839477539062
1842,bdqn_naive,0.2344961166381836
1843,bdqn_naive,-0.10428428649902344
1844,bdqn_naive,1.9659042358398438
1845,bdqn_naive,1.1782865524291992
1846,bdqn_naive,0.7839088439941406
1847,bdqn_naive,1.2003746032714844
1848,bdqn_naive,0.6363239288330078
1849,bdqn_naive,0.3774375915527344
1850,bdqn_naive,0.03127479553222656
1851,bdqn_naive,-0.3178253173828125
1852,bdqn_naive,0.9017839431762695
1853,bdqn_naive,1.0163803100585938
1854,bdqn_naive,0.9322004318237305
1855,bdqn_naive,0.8143272399902344
1856,bdqn_naive,0.8433361053466797
1857,bdqn_naive,0.17925167083740234
1858,bdqn_naive,2.740234375
1859,bdqn_naive,0.1908855438232422
1860,bdqn_naive,0.4116678237915039
1861,bdqn_naive,-1.2539777755737305
1862,bdqn_naive,1.1481122970581055
1863,bdqn_naive,2.6983442306518555
1864,bdqn_naive,5.928117752075195
1865,bdqn_naive,-0.657379150390625
1866,bdqn_naive,0.9925956726074219
1867,bdqn_naive,2.0335960388183594
1868,bdqn_naive,-1.1575555801391602
1869,bdqn_naive,0.6239023208618164
1870,bdqn_naive,-0.41532039642333984
1871,bdqn_naive,1.1280393600463867
1872,bdqn_naive,0.4019460678100586
1873,bdqn_naive,1.8693761825561523
1874,bdqn_naive,0.942967414855957
1875,bdqn_naive,0.18513107299804688
1876,bdqn_naive,0.8201675415039062
1877,bdqn_naive,0.7749195098876953
1878,bdqn_naive,2.3855514526367188
1879,bdqn_naive,0.9062366485595703
1880,bdqn_naive,-0.22224903106689453
1881,bdqn_naive,1.571415901184082
1882,bdqn_naive,2.605276107788086
1883,bdqn_naive,0.45427703857421875
1884,bdqn_naive,0.9253635406494141
1885,bdqn_naive,1.8131561279296875
1886,bdqn_naive,1.2155866622924805
1887,bdqn_naive,0.47583770751953125
1888,bdqn_naive,1.2859611511230469
1889,bdqn_naive,0.4168968200683594
1890,bdqn_naive,1.521805763244629
1891,bdqn_naive,-0.8042888641357422
1892,bdqn_naive,2.6014347076416016
1893,bdqn_naive,0.7165946960449219
1894,bdqn_naive,0.14020061492919922
1895,bdqn_naive,0.7211885452270508
1896,bdqn_naive,2.5509395599365234
1897,bdqn_naive,-0.08539772033691406
1898,bdqn_naive,0.3229703903198242
1899,bdqn_naive,1.0668573379516602
1900,bdqn_naive,1.216409683227539
1901,bdqn_naive,0.7469120025634766
1902,bdqn_naive,0.2771148681640625
1903,bdqn_naive,2.916776657104492
1904,bdqn_naive,-0.3272409439086914
1905,bdqn_naive,0.9720840454101562
1906,bdqn_naive,1.0518035888671875
1907,bdqn_naive,3.982433319091797
1908,bdqn_naive,0.4437141418457031
1909,bdqn_naive,0.5209064483642578
1910,bdqn_naive,0.3256397247314453
1911,bdqn_naive,-0.2354269027709961
1912,bdqn_naive,1.339334487915039
1913,bdqn_naive,0.81640625
1914,bdqn_naive,0.6619081497192383
1915,bdqn_naive,-0.5749912261962891
1916,bdqn_naive,1.1009225845336914
1917,bdqn_naive,4.016608238220215
1918,bdqn_naive,2.4294567108154297
1919,bdqn_naive,0.857670783996582
1920,bdqn_naive,-1.599106788635254
1921,bdqn_naive,0.9451990127563477
1922,bdqn_naive,-1.113626480102539
1923,bdqn_naive,0.2098102569580078
1924,bdqn_naive,2.0517969131469727
1925,bdqn_naive,-2.5887632369995117
1926,bdqn_naive,0.0867767333984375
1927,bdqn_naive,1.212599754333496
1928,bdqn_naive,-0.7639389038085938
1929,bdqn_naive,1.8318748474121094
1930,bdqn_naive,-0.10954666137695312
1931,bdqn_naive,1.286184310913086
1932,bdqn_naive,0.6178798675537109
1933,bdqn_naive,-0.16631031036376953
1934,bdqn_naive,0.6262578964233398
1935,bdqn_naive,0.9543046951293945
1936,bdqn_naive,-0.9655561447143555
1937,bdqn_naive,1.9991769790649414
1938,bdqn_naive,-0.10440921783447266
1939,bdqn_naive,0.12343883514404297
1940,bdqn_naive,1.2787785530090332
1941,bdqn_naive,1.751957893371582
1942,bdqn_naive,0.21551799774169922
1943,bdqn_naive,-0.7776784896850586
1944,bdqn_naive,1.0029096603393555
1945,bdqn_naive,2.4480371475219727
1946,bdqn_naive,0.4145183563232422
1947,bdqn_naive,2.7490482330322266
1948,bdqn_naive,0.3072948455810547
1949,bdqn_naive,-1.6910333633422852
1950,bdqn_naive,-0.5022039413452148
1951,bdqn_naive,1.1133899688720703
1952,bdqn_naive,1.8608732223510742
1953,bdqn_naive,-0.2667570114135742
1954,bdqn_naive,1.2417716979980469
1955,bdqn_naive,1.6671504974365234
1956,bdqn_naive,0.24463367462158203
1957,bdqn_naive,-0.3387308120727539
1958,bdqn_naive,-0.13370800018310547
1959,bdqn_naive,0.5178394317626953
1960,bdqn_naive,0.8889665603637695
1961,bdqn_naive,2.8677492141723633
1962,bdqn_naive,-0.1898975372314453
1963,bdqn_naive,0.42817115783691406
1964,bdqn_naive,0.5750541687011719
1965,bdqn_naive,1.7604560852050781
1966,bdqn_naive,0.8922433853149414
1967,bdqn_naive,0.8092432022094727
1968,bdqn_naive,1.7910518646240234
1969,bdqn_naive,1.406015396118164
1970,bdqn_naive,-0.75225830078125
1971,bdqn_naive,1.5058088302612305
1972,bdqn_naive,0.8882837295532227
1973,bdqn_naive,-0.35463428497314453
1974,bdqn_naive,-2.002047538757324
1975,bdqn_naive,0.43924808502197266
1976,bdqn_naive,1.5058012008666992
1977,bdqn_naive,-0.2177104949951172
1978,bdqn_naive,0.5409116744995117
1979,bdqn_naive,1.4431018829345703
1980,bdqn_naive,0.8456258773803711
1981,bdqn_naive,0.7875938415527344
1982,bdqn_naive,1.1385822296142578
1983,bdqn_naive,0.14541053771972656
1984,bdqn_naive,0.015232086181640625
1985,bdqn_naive,0.8753795623779297
1986,bdqn_naive,4.517860412597656
1987,bdqn_naive,1.0476255416870117
1988,bdqn_naive,1.1899538040161133
1989,bdqn_naive,0.055820465087890625
1990,bdqn_naive,0.694432258605957
1991,bdqn_naive,1.482527732849121
1992,bdqn_naive,0.6658086776733398
1993,bdqn_naive,-0.14357757568359375
1994,bdqn_naive,1.5546064376831055
1995,bdqn_naive,4.142644882202148
1996,bdqn_naive,2.8687868118286133
1997,bdqn_naive,0.8885021209716797
1998,bdqn_naive,-0.6192140579223633
1999,bdqn_naive,1.1470394134521484
2000,bdqn_naive,1.2866077423095703
2001,bdqn_naive,-0.483306884765625
2002,bdqn_naive,0.5253982543945312
2003,bdqn_naive,1.0700321197509766
2004,bdqn_naive,3.161317825317383
2005,bdqn_naive,1.3375844955444336
2006,bdqn_naive,1.2589244842529297
2007,bdqn_naive,-0.5231904983520508
2008,bdqn_naive,1.1175508499145508
2009,bdqn_naive,0.7141084671020508
2010,bdqn_naive,2.911611557006836
2011,bdqn_naive,1.1547603607177734
2012,bdqn_naive,2.4443588256835938
2013,bdqn_naive,0.48188114166259766
2014,bdqn_naive,1.3830585479736328
2015,bdqn_naive,0.3223228454589844
2016,bdqn_naive,-0.04890632629394531
2017,bdqn_naive,-0.005522727966308594
2018,bdqn_naive,0.05597877502441406
2019,bdqn_naive,2.915970802307129
2020,bdqn_naive,0.5391941070556641
2021,bdqn_naive,0.8805150985717773
2022,bdqn_naive,1.4202394485473633
2023,bdqn_naive,1.537832260131836
2024,bdqn_naive,2.2957258224487305
2025,bdqn_naive,2.882269859313965
2026,bdqn_naive,2.2727203369140625
2027,bdqn_naive,1.8191556930541992
2028,bdqn_naive,-0.08979320526123047
2029,bdqn_naive,-1.3154497146606445
2030,bdqn_naive,1.6966657638549805
2031,bdqn_naive,1.4505901336669922
2032,bdqn_naive,2.650667190551758
2033,bdqn_naive,2.9534683227539062
2034,bdqn_naive,0.02533245086669922
2035,bdqn_naive,0.34286975860595703
2036,bdqn_naive,0.9744853973388672
2037,bdqn_naive,1.041463851928711
2038,bdqn_naive,0.39975547790527344
2039,bdqn_naive,2.1007537841796875
2040,bdqn_naive,2.7804489135742188
2041,bdqn_naive,1.9550418853759766
2042,bdqn_naive,0.8371753692626953
2043,bdqn_naive,0.3454246520996094
2044,bdqn_naive,2.1457786560058594
2045,bdqn_naive,1.5601444244384766
2046,bdqn_naive,0.8622198104858398
2047,bdqn_naive,3.1283512115478516
2048,bdqn_naive,1.6958284378051758
2049,bdqn_naive,1.934112548828125
2050,bdqn_naive,1.5841140747070312
2051,bdqn_naive,1.7056446075439453
2052,bdqn_naive,0.3230600357055664
2053,bdqn_naive,1.2422294616699219
2054,bdqn_naive,2.325756072998047
2055,bdqn_naive,-0.1966562271118164
2056,bdqn_naive,0.6443138122558594
2057,bdqn_naive,0.8036899566650391
2058,bdqn_naive,1.4261198043823242
2059,bdqn_naive,2.4442129135131836
2060,bdqn_naive,1.086771011352539
2061,bdqn_naive,0.46671199798583984
2062,bdqn_naive,3.826594829559326
2063,bdqn_naive,2.929830551147461
2064,bdqn_naive,1.0786104202270508
2065,bdqn_naive,0.9254550933837891
2066,bdqn_naive,2.968038558959961
2067,bdqn_naive,1.8149309158325195
2068,bdqn_naive,-0.32938671112060547
2069,bdqn_naive,-1.8328819274902344
2070,bdqn_naive,5.207292079925537
2071,bdqn_naive,1.216486930847168
2072,bdqn_naive,2.767210006713867
2073,bdqn_naive,0.053282737731933594
2074,bdqn_naive,0.8683290481567383
2075,bdqn_naive,1.4386882781982422
2076,bdqn_naive,0.8309011459350586
2077,bdqn_naive,-0.666773796081543
2078,bdqn_naive,0.7714347839355469
2079,bdqn_naive,1.3873310089111328
2080,bdqn_naive,-0.05551433563232422
2081,bdqn_naive,3.6333465576171875
2082,bdqn_naive,0.7517328262329102
2083,bdqn_naive,0.3664407730102539
2084,bdqn_naive,0.20014667510986328
2085,bdqn_naive,1.7636241912841797
2086,bdqn_naive,4.122461318969727
2087,bdqn_naive,1.1918840408325195
2088,bdqn_naive,0.46888160705566406
2089,bdqn_naive,0.7327499389648438
2090,bdqn_naive,0.8173551559448242
2091,bdqn_naive,2.600335121154785
2092,bdqn_naive,-1.3382225036621094
2093,bdqn_naive,0.6907997131347656
2094,bdqn_naive,1.090083122253418
2095,bdqn_naive,0.7461404800415039
2096,bdqn_naive,1.2238712310791016
2097,bdqn_naive,0.5758171081542969
2098,bdqn_naive,1.153578758239746
2099,bdqn_naive,1.0031852722167969
2100,bdqn_naive,0.12885284423828125
2101,bdqn_naive,0.2879972457885742
2102,bdqn_naive,0.3293790817260742
2103,bdqn_naive,0.5589151382446289
2104,bdqn_naive,0.834904670715332
2105,bdqn_naive,-1.2292442321777344
2106,bdqn_naive,0.942962646484375
2107,bdqn_naive,1.7824373245239258
2108,bdqn_naive,0.2688741683959961
2109,bdqn_naive,0.3931884765625
2110,bdqn_naive,-0.6431751251220703
2111,bdqn_naive,4.851531028747559
2112,bdqn_naive,0.3836793899536133
2113,bdqn_naive,0.9997014999389648
2114,bdqn_naive,5.068202972412109
2115,bdqn_naive,1.2181968688964844
2116,bdqn_naive,0.7373428344726562
2117,bdqn_naive,1.0953617095947266
2118,bdqn_naive,1.1024417877197266
2119,bdqn_naive,0.8395652770996094
2120,bdqn_naive,1.165879249572754
2121,bdqn_naive,1.3210573196411133
2122,bdqn_naive,1.139296531677246
2123,bdqn_naive,2.7567548751831055
2124,bdqn_naive,1.0500717163085938
2125,bdqn_naive,-0.9933643341064453
2126,bdqn_naive,-1.3003416061401367
2127,bdqn_naive,3.5807723999023438
2128,bdqn_naive,2.367701530456543
2129,bdqn_naive,0.02866077423095703
2130,bdqn_naive,0.43595314025878906
2131,bdqn_naive,0.7564105987548828
2132,bdqn_naive,0.5505514144897461
2133,bdqn_naive,1.512411117553711
2134,bdqn_naive,0.16240882873535156
2135,bdqn_naive,-0.07271766662597656
2136,bdqn_naive,-0.5592517852783203
2137,bdqn_naive,1.418564796447754
2138,bdqn_naive,0.918182373046875
2139,bdqn_naive,-0.1676025390625
2140,bdqn_naive,2.156414031982422
2141,bdqn_naive,1.5812797546386719
2142,bdqn_naive,-0.16056537628173828
2143,bdqn_naive,0.5449209213256836
2144,bdqn_naive,3.212529182434082
2145,bdqn_naive,1.7543830871582031
2146,bdqn_naive,1.6570672988891602
2147,bdqn_naive,1.403249740600586
2148,bdqn_naive,0.4379539489746094
2149,bdqn_naive,1.2029008865356445
2150,bdqn_naive,2.86630916595459
2151,bdqn_naive,3.121453285217285
2152,bdqn_naive,1.6946611404418945
2153,bdqn_naive,1.5902519226074219
2154,bdqn_naive,1.6716194152832031
2155,bdqn_naive,1.1486740112304688
2156,bdqn_naive,3.7465105056762695
2157,bdqn_naive,0.19235992431640625
2158,bdqn_naive,0.617706298828125
2159,bdqn_naive,1.5897245407104492
2160,bdqn_naive,4.76915168762207
2161,bdqn_naive,3.7919692993164062
2162,bdqn_naive,-0.078033447265625
2163,bdqn_naive,3.4723501205444336
2164,bdqn_naive,1.1307926177978516
2165,bdqn_naive,3.746295928955078
2166,bdqn_naive,0.8989200592041016
2167,bdqn_naive,2.221381187438965
2168,bdqn_naive,2.994356155395508
2169,bdqn_naive,1.5714740753173828
2170,bdqn_naive,1.6390466690063477
2171,bdqn_naive,1.8836889266967773
2172,bdqn_naive,1.2563209533691406
2173,bdqn_naive,2.443793296813965
2174,bdqn_naive,-0.2292613983154297
2175,bdqn_naive,-0.6986513137817383
2176,bdqn_naive,1.905320167541504
2177,bdqn_naive,0.3137092590332031
2178,bdqn_naive,0.8293037414550781
2179,bdqn_naive,1.696589469909668
2180,bdqn_naive,0.16662216186523438
2181,bdqn_naive,2.7050657272338867
2182,bdqn_naive,0.8974990844726562
2183,bdqn_naive,-0.15497112274169922
2184,bdqn_naive,0.22069835662841797
2185,bdqn_naive,2.1569671630859375
2186,bdqn_naive,1.113724708557129
2187,bdqn_naive,2.1152963638305664
2188,bdqn_naive,0.269195556640625
2189,bdqn_naive,4.845004081726074
2190,bdqn_naive,0.8866262435913086
2191,bdqn_naive,1.5763463973999023
2192,bdqn_naive,1.277486801147461
2193,bdqn_naive,0.5931186676025391
2194,bdqn_naive,0.3016471862792969
2195,bdqn_naive,4.6012115478515625
2196,bdqn_naive,1.4707441329956055
2197,bdqn_naive,4.693561553955078
2198,bdqn_naive,2.494723320007324
2199,bdqn_naive,0.0153961181640625
2200,bdqn_naive,2.087553024291992
2201,bdqn_naive,1.7261428833007812
2202,bdqn_naive,0.4263343811035156
2203,bdqn_naive,0.09457111358642578
2204,bdqn_naive,2.088834762573242
2205,bdqn_naive,2.180044174194336
2206,bdqn_naive,3.8443470001220703
2207,bdqn_naive,1.5918941497802734
2208,bdqn_naive,-0.023393630981445312
2209,bdqn_naive,1.5329818725585938
2210,bdqn_naive,0.9957122802734375
2211,bdqn_naive,0.3590555191040039
2212,bdqn_naive,-0.4347562789916992
2213,bdqn_naive,-1.3512687683105469
2214,bdqn_naive,1.781747817993164
2215,bdqn_naive,0.9801120758056641
2216,bdqn_naive,1.5209283828735352
2217,bdqn_naive,0.6776657104492188
2218,bdqn_naive,2.2033491134643555
2219,bdqn_naive,2.721759796142578
2220,bdqn_naive,0.8940038681030273
2221,bdqn_naive,2.818230628967285
2222,bdqn_naive,2.7210311889648438
2223,bdqn_naive,1.6274833679199219
2224,bdqn_naive,0.49669837951660156
2225,bdqn_naive,1.7013349533081055
2226,bdqn_naive,1.2983179092407227
2227,bdqn_naive,-0.7544069290161133
2228,bdqn_naive,0.27279090881347656
2229,bdqn_naive,0.7124691009521484
2230,bdqn_naive,0.5280342102050781
2231,bdqn_naive,1.013589859008789
2232,bdqn_naive,-0.4208974838256836
2233,bdqn_naive,1.4438037872314453
2234,bdqn_naive,0.49139976501464844
2235,bdqn_naive,0.41324615478515625
2236,bdqn_naive,1.8010787963867188
2237,bdqn_naive,0.6770915985107422
2238,bdqn_naive,1.0086002349853516
2239,bdqn_naive,5.239768028259277
2240,bdqn_naive,2.393512725830078
2241,bdqn_naive,-2.1174020767211914
2242,bdqn_naive,-0.5094499588012695
2243,bdqn_naive,1.0455293655395508
2244,bdqn_naive,-0.013047218322753906
2245,bdqn_naive,0.7426767349243164
2246,bdqn_naive,0.7679691314697266
2247,bdqn_naive,5.0185651779174805
2248,bdqn_naive,1.503432273864746
2249,bdqn_naive,0.8950424194335938
2250,bdqn_naive,-1.0605297088623047
2251,bdqn_naive,2.602813720703125
2252,bdqn_naive,5.264679908752441
2253,bdqn_naive,1.1004981994628906
2254,bdqn_naive,0.5254535675048828
2255,bdqn_naive,3.4144954681396484
2256,bdqn_naive,1.6613683700561523
2257,bdqn_naive,1.5673770904541016
2258,bdqn_naive,0.2265024185180664
2259,bdqn_naive,2.3120508193969727
2260,bdqn_naive,1.5556888580322266
2261,bdqn_naive,0.3318777084350586
2262,bdqn_naive,1.6080493927001953
2263,bdqn_naive,1.544693946838379
2264,bdqn_naive,1.4938459396362305
2265,bdqn_naive,1.1249561309814453
2266,bdqn_naive,0.9392023086547852
2267,bdqn_naive,1.0684547424316406
2268,bdqn_naive,-0.8349399566650391
2269,bdqn_naive,2.0862207412719727
2270,bdqn_naive,2.6947927474975586
2271,bdqn_naive,2.4710607528686523
2272,bdqn_naive,0.30259037017822266
2273,bdqn_naive,0.8552370071411133
2274,bdqn_naive,2.0216503143310547
2275,bdqn_naive,3.41473388671875
2276,bdqn_naive,2.413238525390625
2277,bdqn_naive,2.054305076599121
2278,bdqn_naive,2.175168037414551
2279,bdqn_naive,1.273808479309082
2280,bdqn_naive,1.662984848022461
2281,bdqn_naive,-0.016675949096679688
2282,bdqn_naive,0.7636756896972656
2283,bdqn_naive,1.646723747253418
2284,bdqn_naive,1.8706893920898438
2285,bdqn_naive,2.222890853881836
2286,bdqn_naive,1.2924232482910156
2287,bdqn_naive,2.555521011352539
2288,bdqn_naive,2.9674644470214844
2289,bdqn_naive,0.20224285125732422
2290,bdqn_naive,2.3166427612304688
2291,bdqn_naive,0.24342727661132812
2292,bdqn_naive,0.4964485168457031
2293,bdqn_naive,3.1579713821411133
2294,bdqn_naive,1.2178106307983398
2295,bdqn_naive,1.1476030349731445
2296,bdqn_naive,0.30105018615722656
2297,bdqn_naive,-0.2005910873413086
2298,bdqn_naive,-0.09335517883300781
2299,bdqn_naive,1.5542631149291992
2300,bdqn_naive,0.3849296569824219
2301,bdqn_naive,1.147958755493164
2302,bdqn_naive,2.0267419815063477
2303,bdqn_naive,0.012310981750488281
2304,bdqn_naive,1.603200912475586
2305,bdqn_naive,1.3961553573608398
2306,bdqn_naive,0.9185771942138672
2307,bdqn_naive,0.06648540496826172
2308,bdqn_naive,2.461012840270996
2309,bdqn_naive,1.971693992614746
2310,bdqn_naive,-0.07402896881103516
2311,bdqn_naive,2.3664913177490234
2312,bdqn_naive,4.442905426025391
2313,bdqn_naive,0.806793212890625
2314,bdqn_naive,2.557130813598633
2315,bdqn_naive,0.8718070983886719
2316,bdqn_naive,0.48435401916503906
2317,bdqn_naive,1.4497251510620117
2318,bdqn_naive,1.7474279403686523
2319,bdqn_naive,0.3084297180175781
2320,bdqn_naive,1.53857421875
2321,bdqn_naive,4.290995121002197
2322,bdqn_naive,1.9246129989624023
2323,bdqn_naive,1.1739482879638672
2324,bdqn_naive,0.7649917602539062
2325,bdqn_naive,-0.13189220428466797
2326,bdqn_naive,0.29646968841552734
2327,bdqn_naive,4.603293418884277
2328,bdqn_naive,-0.06316852569580078
2329,bdqn_naive,0.015836715698242188
2330,bdqn_naive,0.2565574645996094
2331,bdqn_naive,0.8157367706298828
2332,bdqn_naive,-0.24728870391845703
2333,bdqn_naive,1.7804203033447266
2334,bdqn_naive,0.2777986526489258
2335,bdqn_naive,1.1279821395874023
2336,bdqn_naive,2.3995370864868164
2337,bdqn_naive,1.6906280517578125
2338,bdqn_naive,1.374455451965332
2339,bdqn_naive,4.604433059692383
2340,bdqn_naive,0.09360027313232422
2341,bdqn_naive,-0.9584197998046875
2342,bdqn_naive,2.7505321502685547
2343,bdqn_naive,1.4113807678222656
2344,bdqn_naive,1.5918292999267578
2345,bdqn_naive,4.717389106750488
2346,bdqn_naive,3.6387882232666016
2347,bdqn_naive,1.8294010162353516
2348,bdqn_naive,3.1242074966430664
2349,bdqn_naive,0.8154754638671875
2350,bdqn_naive,0.24671554565429688
2351,bdqn_naive,-0.40058422088623047
2352,bdqn_naive,-0.07711410522460938
2353,bdqn_naive,0.8209409713745117
2354,bdqn_naive,0.6172914505004883
2355,bdqn_naive,1.907729148864746
2356,bdqn_naive,3.6030349731445312
2357,bdqn_naive,0.5936899185180664
2358,bdqn_naive,0.6491928100585938
2359,bdqn_naive,2.5875091552734375
2360,bdqn_naive,2.2209606170654297
2361,bdqn_naive,0.46227455139160156
2362,bdqn_naive,3.479900360107422
2363,bdqn_naive,1.4970502853393555
2364,bdqn_naive,0.9935827255249023
2365,bdqn_naive,0.5550708770751953
2366,bdqn_naive,1.1788387298583984
2367,bdqn_naive,-0.049396514892578125
2368,bdqn_naive,2.9296231269836426
2369,bdqn_naive,1.681962013244629
2370,bdqn_naive,0.47069644927978516
2371,bdqn_naive,1.7778778076171875
2372,bdqn_naive,0.4039268493652344
2373,bdqn_naive,0.038028717041015625
2374,bdqn_naive,1.609945297241211
2375,bdqn_naive,2.4605093002319336
2376,bdqn_naive,0.08555316925048828
2377,bdqn_naive,-0.10529136657714844
2378,bdqn_naive,1.5036687850952148
2379,bdqn_naive,1.1441450119018555
2380,bdqn_naive,0.74432373046875
2381,bdqn_naive,0.421875
2382,bdqn_naive,0.2725181579589844
2383,bdqn_naive,1.0459365844726562
2384,bdqn_naive,0.8051929473876953
2385,bdqn_naive,1.1359996795654297
2386,bdqn_naive,1.7369518280029297
2387,bdqn_naive,0.8598842620849609
2388,bdqn_naive,-0.8086223602294922
2389,bdqn_naive,1.2862920761108398
2390,bdqn_naive,0.3652162551879883
2391,bdqn_naive,2.2483367919921875
2392,bdqn_naive,-0.1258993148803711
2393,bdqn_naive,0.631805419921875
2394,bdqn_naive,0.7271881103515625
2395,bdqn_naive,1.2300586700439453
2396,bdqn_naive,2.530909538269043
2397,bdqn_naive,1.1201820373535156
2398,bdqn_naive,2.1299304962158203
2399,bdqn_naive,0.42671966552734375
2400,bdqn_naive,5.20134162902832
2401,bdqn_naive,0.3486156463623047
2402,bdqn_naive,1.8490428924560547
2403,bdqn_naive,-1.3302974700927734
2404,bdqn_naive,1.6677637100219727
2405,bdqn_naive,2.3117122650146484
2406,bdqn_naive,0.5356454849243164
2407,bdqn_naive,1.6999120712280273
2408,bdqn_naive,1.675912857055664
2409,bdqn_naive,0.9680700302124023
2410,bdqn_naive,2.071014404296875
2411,bdqn_naive,3.1998586654663086
2412,bdqn_naive,2.142824172973633
2413,bdqn_naive,1.7341575622558594
2414,bdqn_naive,0.8727178573608398
2415,bdqn_naive,1.600240707397461
2416,bdqn_naive,1.3456039428710938
2417,bdqn_naive,-0.07658004760742188
2418,bdqn_naive,4.266845703125
2419,bdqn_naive,0.4527912139892578
2420,bdqn_naive,5.085733413696289
2421,bdqn_naive,1.3822507858276367
2422,bdqn_naive,0.5393848419189453
2423,bdqn_naive,1.3953924179077148
2424,bdqn_naive,0.5601348876953125
2425,bdqn_naive,1.126896858215332
2426,bdqn_naive,-0.31098365783691406
2427,bdqn_naive,3.287156105041504
2428,bdqn_naive,0.6203527450561523
2429,bdqn_naive,-0.9714078903198242
2430,bdqn_naive,3.458629608154297
2431,bdqn_naive,3.299020767211914
2432,bdqn_naive,0.9041738510131836
2433,bdqn_naive,0.6879262924194336
2434,bdqn_naive,0.7718753814697266
2435,bdqn_naive,1.9007892608642578
2436,bdqn_naive,1.438283920288086
2437,bdqn_naive,3.7701568603515625
2438,bdqn_naive,1.2816314697265625
2439,bdqn_naive,0.6326456069946289
2440,bdqn_naive,2.0449352264404297
2441,bdqn_naive,0.46950531005859375
2442,bdqn_naive,-0.3042621612548828
2443,bdqn_naive,0.06167411804199219
2444,bdqn_naive,0.6637954711914062
2445,bdqn_naive,1.2012557983398438
2446,bdqn_naive,2.548921585083008
2447,bdqn_naive,1.3284845352172852
2448,bdqn_naive,0.8714313507080078
2449,bdqn_naive,1.5733938217163086
2450,bdqn_naive,0.5777797698974609
2451,bdqn_naive,0.7163372039794922
2452,bdqn_naive,0.3987712860107422
2453,bdqn_naive,0.2368173599243164
2454,bdqn_naive,4.467710494995117
2455,bdqn_naive,0.5978832244873047
2456,bdqn_naive,2.0763864517211914
2457,bdqn_naive,-0.014990806579589844
2458,bdqn_naive,2.138861656188965
2459,bdqn_naive,2.405898094177246
2460,bdqn_naive,-0.029476165771484375
2461,bdqn_naive,1.0708227157592773
2462,bdqn_naive,1.0779762268066406
2463,bdqn_naive,3.0938825607299805
2464,bdqn_naive,-0.05007362365722656
2465,bdqn_naive,0.3973226547241211
2466,bdqn_naive,2.35711669921875
2467,bdqn_naive,0.36301136016845703
2468,bdqn_naive,0.30553340911865234
2469,bdqn_naive,-0.014041900634765625
2470,bdqn_naive,-3.2975330352783203
2471,bdqn_naive,1.4991493225097656
2472,bdqn_naive,4.235037803649902
2473,bdqn_naive,0.6504964828491211
2474,bdqn_naive,1.8528995513916016
2475,bdqn_naive,-0.3832826614379883
2476,bdqn_naive,0.043326377868652344
2477,bdqn_naive,0.10634040832519531
2478,bdqn_naive,1.324056625366211
2479,bdqn_naive,1.4751319885253906
2480,bdqn_naive,2.2024154663085938
2481,bdqn_naive,4.0301055908203125
2482,bdqn_naive,0.5668230056762695
2483,bdqn_naive,2.481851577758789
2484,bdqn_naive,0.31249332427978516
2485,bdqn_naive,0.3763999938964844
2486,bdqn_naive,0.5360879898071289
2487,bdqn_naive,1.9370250701904297
2488,bdqn_naive,1.9286346435546875
2489,bdqn_naive,1.023289680480957
2490,bdqn_naive,1.2886056900024414
2491,bdqn_naive,-1.0461063385009766
2492,bdqn_naive,1.6488771438598633
2493,bdqn_naive,1.961625099182129
2494,bdqn_naive,1.1763668060302734
2495,bdqn_naive,5.433404445648193
2496,bdqn_naive,1.8073959350585938
2497,bdqn_naive,2.707514762878418
2498,bdqn_naive,1.4796180725097656
2499,bdqn_naive,5.549047470092773
2500,bdqn_naive,2.1807870864868164
2501,bdqn_naive,2.1358566284179688
2502,bdqn_naive,0.4178810119628906
2503,bdqn_naive,5.3979644775390625
2504,bdqn_naive,0.6544551849365234
2505,bdqn_naive,0.749791145324707
2506,bdqn_naive,0.547917366027832
2507,bdqn_naive,0.7815370559692383
2508,bdqn_naive,0.020792007446289062
2509,bdqn_naive,2.0039854049682617
2510,bdqn_naive,0.5275039672851562
2511,bdqn_naive,1.1719274520874023
2512,bdqn_naive,0.9435882568359375
2513,bdqn_naive,0.8811063766479492
2514,bdqn_naive,-0.0746622085571289
2515,bdqn_naive,0.7590904235839844
2516,bdqn_naive,1.7391767501831055
2517,bdqn_naive,0.34857654571533203
2518,bdqn_naive,2.005190849304199
2519,bdqn_naive,1.7990350723266602
2520,bdqn_naive,0.9815282821655273
2521,bdqn_naive,1.9020090103149414
2522,bdqn_naive,0.25784969329833984
2523,bdqn_naive,2.5924015045166016
2524,bdqn_naive,1.5281753540039062
2525,bdqn_naive,1.2569580078125
2526,bdqn_naive,0.7530117034912109
2527,bdqn_naive,2.4962100982666016
2528,bdqn_naive,0.3234376907348633
2529,bdqn_naive,2.323500633239746
2530,bdqn_naive,-0.5606184005737305
2531,bdqn_naive,1.4847679138183594
2532,bdqn_naive,0.9821891784667969
2533,bdqn_naive,0.8419218063354492
2534,bdqn_naive,-0.35446929931640625
2535,bdqn_naive,0.4757976531982422
2536,bdqn_naive,-0.24103641510009766
2537,bdqn_naive,5.986827850341797
2538,bdqn_naive,1.94073486328125
2539,bdqn_naive,1.481736183166504
2540,bdqn_naive,0.7667503356933594
2541,bdqn_naive,0.15615558624267578
2542,bdqn_naive,2.3222522735595703
2543,bdqn_naive,2.624264717102051
2544,bdqn_naive,0.12805461883544922
2545,bdqn_naive,2.0304794311523438
2546,bdqn_naive,-2.353799819946289
2547,bdqn_naive,0.33774375915527344
2548,bdqn_naive,1.834733009338379
2549,bdqn_naive,0.7877120971679688
2550,bdqn_naive,0.9251270294189453
2551,bdqn_naive,1.6387176513671875
2552,bdqn_naive,0.2708549499511719
2553,bdqn_naive,2.5667495727539062
2554,bdqn_naive,1.0443439483642578
2555,bdqn_naive,1.0461750030517578
2556,bdqn_naive,1.051030158996582
2557,bdqn_naive,4.294724464416504
2558,bdqn_naive,2.218708038330078
2559,bdqn_naive,1.725046157836914
2560,bdqn_naive,-0.14679813385009766
2561,bdqn_naive,0.6105375289916992
2562,bdqn_naive,4.986931800842285
2563,bdqn_naive,0.3911886215209961
2564,bdqn_naive,0.7346010208129883
2565,bdqn_naive,2.8933448791503906
2566,bdqn_naive,3.307541847229004
2567,bdqn_naive,1.2146186828613281
2568,bdqn_naive,-0.19904327392578125
2569,bdqn_naive,1.0830249786376953
2570,bdqn_naive,-0.49874305725097656
2571,bdqn_naive,2.1542654037475586
2572,bdqn_naive,1.78668212890625
2573,bdqn_naive,0.4877653121948242
2574,bdqn_naive,0.3317289352416992
2575,bdqn_naive,-0.07188796997070312
2576,bdqn_naive,1.827108383178711
2577,bdqn_naive,3.1625232696533203
2578,bdqn_naive,-0.6956844329833984
2579,bdqn_naive,1.2579851150512695
2580,bdqn_naive,2.890779495239258
2581,bdqn_naive,4.293116569519043
2582,bdqn_naive,0.7890253067016602
2583,bdqn_naive,0.22773075103759766
2584,bdqn_naive,-0.928955078125
2585,bdqn_naive,4.75592041015625
2586,bdqn_naive,2.927234649658203
2587,bdqn_naive,2.2056236267089844
2588,bdqn_naive,2.853562355041504
2589,bdqn_naive,-0.14175033569335938
2590,bdqn_naive,1.3570995330810547
2591,bdqn_naive,2.0589160919189453
2592,bdqn_naive,4.231808662414551
2593,bdqn_naive,0.9519023895263672
2594,bdqn_naive,2.813760757446289
2595,bdqn_naive,0.4789276123046875
2596,bdqn_naive,-0.5056562423706055
2597,bdqn_naive,0.873845100402832
2598,bdqn_naive,2.6674842834472656
2599,bdqn_naive,0.10709476470947266
2600,bdqn_naive,0.12355804443359375
2601,bdqn_naive,0.9779109954833984
2602,bdqn_naive,0.9353780746459961
2603,bdqn_naive,5.078183174133301
2604,bdqn_naive,1.1376056671142578
2605,bdqn_naive,2.3323469161987305
2606,bdqn_naive,1.94793701171875
2607,bdqn_naive,0.6907672882080078
2608,bdqn_naive,0.9870443344116211
2609,bdqn_naive,0.35964012145996094
2610,bdqn_naive,3.5291643142700195
2611,bdqn_naive,2.690298080444336
2612,bdqn_naive,1.6671257019042969
2613,bdqn_naive,1.9880352020263672
2614,bdqn_naive,2.640939712524414
2615,bdqn_naive,4.564112663269043
2616,bdqn_naive,1.5815010070800781
2617,bdqn_naive,1.1689252853393555
2618,bdqn_naive,-0.5664710998535156
2619,bdqn_naive,-0.3273124694824219
2620,bdqn_naive,4.341880798339844
2621,bdqn_naive,-0.2925243377685547
2622,bdqn_naive,1.431950569152832
2623,bdqn_naive,1.7581310272216797
2624,bdqn_naive,0.8151340484619141
2625,bdqn_naive,1.2162227630615234
2626,bdqn_naive,1.814620018005371
2627,bdqn_naive,1.1128368377685547
2628,bdqn_naive,-0.9417448043823242
2629,bdqn_naive,0.8721427917480469
2630,bdqn_naive,1.1873064041137695
2631,bdqn_naive,1.2555046081542969
2632,bdqn_naive,1.9691877365112305
2633,bdqn_naive,2.5031042098999023
2634,bdqn_naive,-0.15290355682373047
2635,bdqn_naive,-0.38933849334716797
2636,bdqn_naive,0.8176412582397461
2637,bdqn_naive,3.0389652252197266
2638,bdqn_naive,1.2808685302734375
2639,bdqn_naive,0.9595270156860352
2640,bdqn_naive,0.4933338165283203
2641,bdqn_naive,0.4955759048461914
2642,bdqn_naive,0.6374025344848633
2643,bdqn_naive,3.7257518768310547
2644,bdqn_naive,2.324307441711426
2645,bdqn_naive,0.21224212646484375
2646,bdqn_naive,2.7822437286376953
2647,bdqn_naive,1.6966543197631836
2648,bdqn_naive,0.08494853973388672
2649,bdqn_naive,-0.5143156051635742
2650,bdqn_naive,1.168452262878418
2651,bdqn_naive,1.3990087509155273
2652,bdqn_naive,0.8463115692138672
2653,bdqn_naive,0.7260417938232422
2654,bdqn_naive,3.507640838623047
2655,bdqn_naive,-1.3768796920776367
2656,bdqn_naive,-0.5162334442138672
2657,bdqn_naive,3.70925235748291
2658,bdqn_naive,0.0654754638671875
2659,bdqn_naive,1.4933204650878906
2660,bdqn_naive,2.0226011276245117
2661,bdqn_naive,0.31056880950927734
2662,bdqn_naive,3.9880590438842773
2663,bdqn_naive,0.5322504043579102
2664,bdqn_naive,-0.09638595581054688
2665,bdqn_naive,4.105197906494141
2666,bdqn_naive,4.188662528991699
2667,bdqn_naive,1.2557306289672852
2668,bdqn_naive,1.199188232421875
2669,bdqn_naive,-0.3841371536254883
2670,bdqn_naive,0.5312013626098633
2671,bdqn_naive,1.2353687286376953
2672,bdqn_naive,0.5303411483764648
2673,bdqn_naive,1.3830556869506836
2674,bdqn_naive,1.9493474960327148
2675,bdqn_naive,1.949728012084961
2676,bdqn_naive,2.4921045303344727
2677,bdqn_naive,1.654891014099121
2678,bdqn_naive,2.9442052841186523
2679,bdqn_naive,1.0408496856689453
2680,bdqn_naive,0.7328968048095703
2681,bdqn_naive,0.9867563247680664
2682,bdqn_naive,-0.5080718994140625
2683,bdqn_naive,1.076517105102539
2684,bdqn_naive,0.7147960662841797
2685,bdqn_naive,1.4025554656982422
2686,bdqn_naive,1.2505626678466797
2687,bdqn_naive,1.8818731307983398
2688,bdqn_naive,1.2993335723876953
2689,bdqn_naive,0.2933378219604492
2690,bdqn_naive,2.078897476196289
2691,bdqn_naive,2.2181215286254883
2692,bdqn_naive,-0.6511497497558594
2693,bdqn_naive,1.2419977188110352
2694,bdqn_naive,1.6878137588500977
2695,bdqn_naive,2.0007762908935547
2696,bdqn_naive,0.5799226760864258
2697,bdqn_naive,1.1837272644042969
2698,bdqn_naive,0.06266307830810547
2699,bdqn_naive,3.2376413345336914
2700,bdqn_naive,2.6595420837402344
2701,bdqn_naive,-0.03512001037597656
2702,bdqn_naive,5.783234596252441
2703,bdqn_naive,1.1487913131713867
2704,bdqn_naive,1.1204795837402344
2705,bdqn_naive,-0.10023880004882812
2706,bdqn_naive,1.8641929626464844
2707,bdqn_naive,2.4840288162231445
2708,bdqn_naive,1.399785041809082
2709,bdqn_naive,1.6518573760986328
2710,bdqn_naive,2.111623764038086
2711,bdqn_naive,-0.7106723785400391
2712,bdqn_naive,4.296031951904297
2713,bdqn_naive,1.8980388641357422
2714,bdqn_naive,1.7794828414916992
2715,bdqn_naive,2.749300956726074
2716,bdqn_naive,0.14169025421142578
2717,bdqn_naive,0.7525997161865234
2718,bdqn_naive,-0.7051486968994141
2719,bdqn_naive,3.4283299446105957
2720,bdqn_naive,1.9765920639038086
2721,bdqn_naive,0.20635223388671875
2722,bdqn_naive,2.684873580932617
2723,bdqn_naive,0.4245939254760742
2724,bdqn_naive,0.6553144454956055
2725,bdqn_naive,1.9914464950561523
2726,bdqn_naive,1.2803668975830078
2727,bdqn_naive,-1.7582368850708008
2728,bdqn_naive,2.312699317932129
2729,bdqn_naive,1.2911624908447266
2730,bdqn_naive,0.9220733642578125
2731,bdqn_naive,2.630777359008789
2732,bdqn_naive,2.0901432037353516
2733,bdqn_naive,0.2695751190185547
2734,bdqn_naive,0.9834432601928711
2735,bdqn_naive,-0.3658018112182617
2736,bdqn_naive,2.7807092666625977
2737,bdqn_naive,2.919552803039551
2738,bdqn_naive,0.44860267639160156
2739,bdqn_naive,9.2783522605896
2740,bdqn_naive,0.061768531799316406
2741,bdqn_naive,-0.5264902114868164
2742,bdqn_naive,2.7430877685546875
2743,bdqn_naive,5.517157554626465
2744,bdqn_naive,1.9878568649291992
2745,bdqn_naive,1.0922842025756836
2746,bdqn_naive,1.0334959030151367
2747,bdqn_naive,0.9458236694335938
2748,bdqn_naive,0.706883430480957
2749,bdqn_naive,1.0867481231689453
2750,bdqn_naive,0.2870912551879883
2751,bdqn_naive,1.5848588943481445
2752,bdqn_naive,1.248708724975586
2753,bdqn_naive,4.757784843444824
2754,bdqn_naive,2.1124086380004883
2755,bdqn_naive,4.788478851318359
2756,bdqn_naive,1.1427173614501953
2757,bdqn_naive,4.859025478363037
2758,bdqn_naive,0.6368541717529297
2759,bdqn_naive,1.7145709991455078
2760,bdqn_naive,1.6030607223510742
2761,bdqn_naive,1.1413707733154297
2762,bdqn_naive,3.458284378051758
2763,bdqn_naive,0.1528921127319336
2764,bdqn_naive,0.1287097930908203
2765,bdqn_naive,1.5600996017456055
2766,bdqn_naive,0.9464645385742188
2767,bdqn_naive,1.6607885360717773
2768,bdqn_naive,0.26342105865478516
2769,bdqn_naive,4.788631439208984
2770,bdqn_naive,0.808563232421875
2771,bdqn_naive,1.4099617004394531
2772,bdqn_naive,2.6869096755981445
2773,bdqn_naive,2.4953393936157227
2774,bdqn_naive,2.9534177780151367
2775,bdqn_naive,0.8473606109619141
2776,bdqn_naive,1.4203081130981445
2777,bdqn_naive,1.3000965118408203
2778,bdqn_naive,0.6684455871582031
2779,bdqn_naive,0.6465263366699219
2780,bdqn_naive,0.46286773681640625
2781,bdqn_naive,1.148519515991211
2782,bdqn_naive,-1.735621452331543
2783,bdqn_naive,-0.06539726257324219
2784,bdqn_naive,1.1478252410888672
2785,bdqn_naive,2.5922489166259766
2786,bdqn_naive,0.9612865447998047
2787,bdqn_naive,2.17195987701416
2788,bdqn_naive,2.1612977981567383
2789,bdqn_naive,0.19316768646240234
2790,bdqn_naive,0.07308006286621094
2791,bdqn_naive,3.424624443054199
2792,bdqn_naive,1.260467529296875
2793,bdqn_naive,3.453425407409668
2794,bdqn_naive,3.3603973388671875
2795,bdqn_naive,1.1974544525146484
2796,bdqn_naive,0.6361274719238281
2797,bdqn_naive,1.173299789428711
2798,bdqn_naive,-0.8268308639526367
2799,bdqn_naive,-0.10059547424316406
2800,bdqn_naive,0.5652351379394531
2801,bdqn_naive,3.30438232421875
2802,bdqn_naive,-0.14928054809570312
2803,bdqn_naive,0.18812274932861328
2804,bdqn_naive,4.693467140197754
2805,bdqn_naive,3.729990005493164
2806,bdqn_naive,1.2777433395385742
2807,bdqn_naive,0.3221244812011719
2808,bdqn_naive,-0.05763816833496094
2809,bdqn_naive,3.49623966217041
2810,bdqn_naive,0.7609481811523438
2811,bdqn_naive,1.0223064422607422
2812,bdqn_naive,0.9871349334716797
2813,bdqn_naive,-1.4057941436767578
2814,bdqn_naive,2.754465103149414
2815,bdqn_naive,1.011068344116211
2816,bdqn_naive,-0.09492015838623047
2817,bdqn_naive,2.9982566833496094
2818,bdqn_naive,0.5424842834472656
2819,bdqn_naive,1.2723827362060547
2820,bdqn_naive,1.876913070678711
2821,bdqn_naive,-0.18157577514648438
2822,bdqn_naive,0.42870235443115234
2823,bdqn_naive,0.7442398071289062
2824,bdqn_naive,0.8507242202758789
2825,bdqn_naive,-0.9753828048706055
2826,bdqn_naive,1.6513652801513672
2827,bdqn_naive,-0.1458263397216797
2828,bdqn_naive,1.6504058837890625
2829,bdqn_naive,2.9500503540039062
2830,bdqn_naive,1.33489990234375
2831,bdqn_naive,2.674358367919922
2832,bdqn_naive,1.0271320343017578
2833,bdqn_naive,0.4900836944580078
2834,bdqn_naive,1.963815689086914
2835,bdqn_naive,1.4646682739257812
2836,bdqn_naive,1.2694578170776367
2837,bdqn_naive,0.6775302886962891
2838,bdqn_naive,0.5132741928100586
2839,bdqn_naive,1.9132585525512695
2840,bdqn_naive,1.7977313995361328
2841,bdqn_naive,0.4149665832519531
2842,bdqn_naive,0.24421215057373047
2843,bdqn_naive,-0.1366567611694336
2844,bdqn_naive,-0.2541036605834961
2845,bdqn_naive,1.8528118133544922
2846,bdqn_naive,1.1491165161132812
2847,bdqn_naive,1.9359169006347656
2848,bdqn_naive,1.7881059646606445
2849,bdqn_naive,1.1914482116699219
2850,bdqn_naive,0.6343660354614258
2851,bdqn_naive,1.914748191833496
2852,bdqn_naive,1.5321693420410156
2853,bdqn_naive,1.2267532348632812
2854,bdqn_naive,0.9441080093383789
2855,bdqn_naive,1.651127815246582
2856,bdqn_naive,0.0637664794921875
2857,bdqn_naive,0.9638738632202148
2858,bdqn_naive,3.6252384185791016
2859,bdqn_naive,4.3506903648376465
2860,bdqn_naive,1.9888439178466797
2861,bdqn_naive,2.256265640258789
2862,bdqn_naive,0.6401519775390625
2863,bdqn_naive,0.3627185821533203
2864,bdqn_naive,1.8724613189697266
2865,bdqn_naive,0.5797948837280273
2866,bdqn_naive,1.8077583312988281
2867,bdqn_naive,1.5855598449707031
2868,bdqn_naive,1.4633550643920898
2869,bdqn_naive,0.07768058776855469
2870,bdqn_naive,0.8879718780517578
2871,bdqn_naive,1.6765813827514648
2872,bdqn_naive,-0.8133096694946289
2873,bdqn_naive,0.47062110900878906
2874,bdqn_naive,1.366368293762207
2875,bdqn_naive,1.5712528228759766
2876,bdqn_naive,2.48248291015625
2877,bdqn_naive,2.9596033096313477
2878,bdqn_naive,0.4126548767089844
2879,bdqn_naive,1.4200468063354492
2880,bdqn_naive,2.179287910461426
2881,bdqn_naive,0.883641242980957
2882,bdqn_naive,1.6112957000732422
2883,bdqn_naive,0.004218101501464844
2884,bdqn_naive,0.9047441482543945
2885,bdqn_naive,0.5190181732177734
2886,bdqn_naive,0.4492826461791992
2887,bdqn_naive,1.0200023651123047
2888,bdqn_naive,5.464534282684326
2889,bdqn_naive,0.35045909881591797
2890,bdqn_naive,0.6479330062866211
2891,bdqn_naive,0.9502658843994141
2892,bdqn_naive,0.5869083404541016
2893,bdqn_naive,1.3839797973632812
2894,bdqn_naive,2.0481863021850586
2895,bdqn_naive,1.3093042373657227
2896,bdqn_naive,2.4289207458496094
2897,bdqn_naive,1.1714754104614258
2898,bdqn_naive,0.20411109924316406
2899,bdqn_naive,1.2864198684692383
2900,bdqn_naive,-0.1667776107788086
2901,bdqn_naive,2.021120071411133
2902,bdqn_naive,3.085540771484375
2903,bdqn_naive,0.36578941345214844
2904,bdqn_naive,-0.03343486785888672
2905,bdqn_naive,1.3865442276000977
2906,bdqn_naive,0.9454889297485352
2907,bdqn_naive,1.8378353118896484
2908,bdqn_naive,0.652923583984375
2909,bdqn_naive,3.8094005584716797
2910,bdqn_naive,2.8269777297973633
2911,bdqn_naive,-0.6413640975952148
2912,bdqn_naive,1.6120538711547852
2913,bdqn_naive,0.8659152984619141
2914,bdqn_naive,-0.7912817001342773
2915,bdqn_naive,2.7176523208618164
2916,bdqn_naive,0.3734130859375
2917,bdqn_naive,0.9158525466918945
2918,bdqn_naive,0.6935396194458008
2919,bdqn_naive,2.0680065155029297
2920,bdqn_naive,0.8483376502990723
2921,bdqn_naive,-1.4721012115478516
2922,bdqn_naive,1.9153728485107422
2923,bdqn_naive,1.8481903076171875
2924,bdqn_naive,0.6387596130371094
2925,bdqn_naive,1.3923778533935547
2926,bdqn_naive,4.327302932739258
2927,bdqn_naive,1.5533819198608398
2928,bdqn_naive,1.1567163467407227
2929,bdqn_naive,1.4599695205688477
2930,bdqn_naive,1.9692754745483398
2931,bdqn_naive,3.008082389831543
2932,bdqn_naive,-0.6770648956298828
2933,bdqn_naive,-0.98712158203125
2934,bdqn_naive,2.6585693359375
2935,bdqn_naive,5.144378662109375
2936,bdqn_naive,3.7391481399536133
2937,bdqn_naive,0.4036226272583008
2938,bdqn_naive,0.46796417236328125
2939,bdqn_naive,0.21106529235839844
2940,bdqn_naive,0.37646007537841797
2941,bdqn_naive,1.2542505264282227
2942,bdqn_naive,1.1587038040161133
2943,bdqn_naive,2.1145081520080566
2944,bdqn_naive,2.4425458908081055
2945,bdqn_naive,-0.41327571868896484
2946,bdqn_naive,1.3845224380493164
2947,bdqn_naive,1.6921520233154297
2948,bdqn_naive,0.6163558959960938
2949,bdqn_naive,1.564253807067871
2950,bdqn_naive,2.631319999694824
2951,bdqn_naive,3.5383005142211914
2952,bdqn_naive,1.5086536407470703
2953,bdqn_naive,0.772374153137207
2954,bdqn_naive,1.236673355102539
2955,bdqn_naive,3.686163902282715
2956,bdqn_naive,0.9632034301757812
2957,bdqn_naive,1.0436058044433594
2958,bdqn_naive,3.1060562133789062
2959,bdqn_naive,1.057358741760254
2960,bdqn_naive,1.2947921752929688
2961,bdqn_naive,1.8177604675292969
2962,bdqn_naive,1.642958641052246
2963,bdqn_naive,3.111325263977051
2964,bdqn_naive,0.6229057312011719
2965,bdqn_naive,1.2973871231079102
2966,bdqn_naive,-0.9785528182983398
2967,bdqn_naive,1.3446178436279297
2968,bdqn_naive,1.9024415016174316
2969,bdqn_naive,1.3296494483947754
2970,bdqn_naive,0.3202791213989258
2971,bdqn_naive,0.6400051116943359
2972,bdqn_naive,0.6020298004150391
2973,bdqn_naive,0.6723728179931641
2974,bdqn_naive,3.2032928466796875
2975,bdqn_naive,0.6160297393798828
2976,bdqn_naive,0.8835268020629883
2977,bdqn_naive,0.6641988754272461
2978,bdqn_naive,0.10297966003417969
2979,bdqn_naive,0.5542392730712891
2980,bdqn_naive,0.5405616760253906
2981,bdqn_naive,1.680908203125
2982,bdqn_naive,0.9086408615112305
2983,bdqn_naive,0.9444055557250977
2984,bdqn_naive,1.5999431610107422
2985,bdqn_naive,1.0926294326782227
2986,bdqn_naive,1.582432746887207
2987,bdqn_naive,0.012445449829101562
2988,bdqn_naive,2.210383415222168
2989,bdqn_naive,2.2213687896728516
2990,bdqn_naive,0.7135486602783203
2991,bdqn_naive,1.511789321899414
2992,bdqn_naive,7.187920570373535
2993,bdqn_naive,0.27263641357421875
2994,bdqn_naive,1.3356475830078125
2995,bdqn_naive,0.4313020706176758
2996,bdqn_naive,2.02188777923584
2997,bdqn_naive,0.316162109375
2998,bdqn_naive,0.7502975463867188
2999,bdqn_naive,-0.1277017593383789
3000,bdqn_naive,1.7106733322143555
3001,bdqn_naive,2.875551223754883
3002,bdqn_naive,-0.24092864990234375
3003,bdqn_naive,0.8093461990356445
3004,bdqn_naive,0.9846858978271484
3005,bdqn_naive,0.8733510971069336
3006,bdqn_naive,2.3157167434692383
3007,bdqn_naive,1.5946063995361328
3008,bdqn_naive,1.314223289489746
3009,bdqn_naive,0.4751911163330078
3010,bdqn_naive,0.9883661270141602
3011,bdqn_naive,-0.8756122589111328
3012,bdqn_naive,2.9069995880126953
3013,bdqn_naive,0.5926418304443359
3014,bdqn_naive,1.2786216735839844
3015,bdqn_naive,4.265866279602051
3016,bdqn_naive,3.1281843185424805
3017,bdqn_naive,3.1773157119750977
3018,bdqn_naive,-1.2440881729125977
3019,bdqn_naive,2.7505970001220703
3020,bdqn_naive,2.2080650329589844
3021,bdqn_naive,0.39518165588378906
3022,bdqn_naive,3.9872865676879883
3023,bdqn_naive,3.0150012969970703
3024,bdqn_naive,4.396031379699707
3025,bdqn_naive,0.6717596054077148
3026,bdqn_naive,1.6515789031982422
3027,bdqn_naive,2.530385971069336
3028,bdqn_naive,1.2779102325439453
3029,bdqn_naive,1.5513687133789062
3030,bdqn_naive,1.154557228088379
3031,bdqn_naive,1.072434425354004
3032,bdqn_naive,3.7800216674804688
3033,bdqn_naive,2.5735721588134766
3034,bdqn_naive,2.7741565704345703
3035,bdqn_naive,1.5687408447265625
3036,bdqn_naive,0.4937095642089844
3037,bdqn_naive,4.183539390563965
3038,bdqn_naive,1.6869564056396484
3039,bdqn_naive,1.2564010620117188
3040,bdqn_naive,6.250567436218262
3041,bdqn_naive,2.343756675720215
3042,bdqn_naive,0.4949970245361328
3043,bdqn_naive,1.4789209365844727
3044,bdqn_naive,0.7037057876586914
3045,bdqn_naive,0.8169393539428711
3046,bdqn_naive,1.2302131652832031
3047,bdqn_naive,1.2925119400024414
3048,bdqn_naive,1.452408790588379
3049,bdqn_naive,0.5597333908081055
3050,bdqn_naive,1.1784601211547852
3051,bdqn_naive,-1.7100887298583984
3052,bdqn_naive,3.148782730102539
3053,bdqn_naive,1.1362724304199219
3054,bdqn_naive,3.737630844116211
3055,bdqn_naive,1.5398788452148438
3056,bdqn_naive,1.575119972229004
3057,bdqn_naive,1.2402915954589844
3058,bdqn_naive,0.7507495880126953
3059,bdqn_naive,2.2121944427490234
3060,bdqn_naive,0.016920089721679688
3061,bdqn_naive,2.4543190002441406
3062,bdqn_naive,-0.05379962921142578
3063,bdqn_naive,-1.4403905868530273
3064,bdqn_naive,0.775843620300293
3065,bdqn_naive,3.7849559783935547
3066,bdqn_naive,0.3186492919921875
3067,bdqn_naive,0.4592552185058594
3068,bdqn_naive,1.0775585174560547
3069,bdqn_naive,-0.13243389129638672
3070,bdqn_naive,0.5275211334228516
3071,bdqn_naive,1.7301692962646484
3072,bdqn_naive,0.7469244003295898
3073,bdqn_naive,2.4430370330810547
3074,bdqn_naive,1.4145240783691406
3075,bdqn_naive,3.8084030151367188
3076,bdqn_naive,2.844571113586426
3077,bdqn_naive,2.985795021057129
3078,bdqn_naive,0.3671741485595703
3079,bdqn_naive,0.7922515869140625
3080,bdqn_naive,1.4060230255126953
3081,bdqn_naive,1.3358306884765625
3082,bdqn_naive,0.8714103698730469
3083,bdqn_naive,0.5935993194580078
3084,bdqn_naive,0.16196823120117188
3085,bdqn_naive,-0.9137296676635742
3086,bdqn_naive,1.925069808959961
3087,bdqn_naive,0.6562833786010742
3088,bdqn_naive,-0.44260311126708984
3089,bdqn_naive,0.4530019760131836
3090,bdqn_naive,3.0808115005493164
3091,bdqn_naive,0.90167236328125
3092,bdqn_naive,2.9840049743652344
3093,bdqn_naive,0.8022050857543945
3094,bdqn_naive,1.0215883255004883
3095,bdqn_naive,1.2996635437011719
3096,bdqn_naive,0.7013797760009766
3097,bdqn_naive,-0.321685791015625
3098,bdqn_naive,1.068319320678711
3099,bdqn_naive,0.16911697387695312
3100,bdqn_naive,1.8249053955078125
3101,bdqn_naive,0.5509939193725586
3102,bdqn_naive,2.8623294830322266
3103,bdqn_naive,3.4008870124816895
3104,bdqn_naive,0.1702423095703125
3105,bdqn_naive,2.728522300720215
3106,bdqn_naive,-1.6938962936401367
3107,bdqn_naive,1.274179458618164
3108,bdqn_naive,1.0336542129516602
3109,bdqn_naive,-1.5863571166992188
3110,bdqn_naive,0.5380258560180664
3111,bdqn_naive,2.049062728881836
3112,bdqn_naive,-1.1116905212402344
3113,bdqn_naive,3.4272260665893555
3114,bdqn_naive,1.3335037231445312
3115,bdqn_naive,2.483306884765625
3116,bdqn_naive,1.0316925048828125
3117,bdqn_naive,2.3954429626464844
3118,bdqn_naive,-0.15391063690185547
3119,bdqn_naive,1.348801612854004
3120,bdqn_naive,1.1459331512451172
3121,bdqn_naive,2.5716590881347656
3122,bdqn_naive,3.0052995681762695
3123,bdqn_naive,1.6688833236694336
3124,bdqn_naive,0.5554714202880859
3125,bdqn_naive,0.48375797271728516
3126,bdqn_naive,0.8932828903198242
3127,bdqn_naive,2.007632255554199
3128,bdqn_naive,0.8287601470947266
3129,bdqn_naive,4.6507158279418945
3130,bdqn_naive,2.247587203979492
3131,bdqn_naive,4.471421241760254
3132,bdqn_naive,1.0737171173095703
3133,bdqn_naive,0.7463798522949219
3134,bdqn_naive,0.2687091827392578
3135,bdqn_naive,1.5784997940063477
3136,bdqn_naive,-1.8056144714355469
3137,bdqn_naive,1.8942537307739258
3138,bdqn_naive,0.7549648284912109
3139,bdqn_naive,-0.33919239044189453
3140,bdqn_naive,2.0618295669555664
3141,bdqn_naive,1.2763471603393555
3142,bdqn_naive,0.14869308471679688
3143,bdqn_naive,-0.03664875030517578
3144,bdqn_naive,0.0822763442993164
3145,bdqn_naive,2.54934024810791
3146,bdqn_naive,4.692453384399414
3147,bdqn_naive,2.4597530364990234
3148,bdqn_naive,1.554931640625
3149,bdqn_naive,2.3081531524658203
3150,bdqn_naive,0.174041748046875
3151,bdqn_naive,0.2980356216430664
3152,bdqn_naive,1.5905485153198242
3153,bdqn_naive,2.5596113204956055
3154,bdqn_naive,2.489948272705078
3155,bdqn_naive,2.9079933166503906
3156,bdqn_naive,1.9728527069091797
3157,bdqn_naive,3.7908554077148438
3158,bdqn_naive,0.7471542358398438
3159,bdqn_naive,1.8594799041748047
3160,bdqn_naive,2.134380340576172
3161,bdqn_naive,0.9866266250610352
3162,bdqn_naive,0.9548501968383789
3163,bdqn_naive,1.4364118576049805
3164,bdqn_naive,3.767749786376953
3165,bdqn_naive,0.558924674987793
3166,bdqn_naive,1.7391071319580078
3167,bdqn_naive,1.943094253540039
3168,bdqn_naive,2.5745677947998047
3169,bdqn_naive,0.6152315139770508
3170,bdqn_naive,1.501215934753418
3171,bdqn_naive,1.7013006210327148
3172,bdqn_naive,0.9649410247802734
3173,bdqn_naive,1.8661298751831055
3174,bdqn_naive,2.1470870971679688
3175,bdqn_naive,0.06692981719970703
3176,bdqn_naive,-0.05710792541503906
3177,bdqn_naive,1.985940933227539
3178,bdqn_naive,0.2601308822631836
3179,bdqn_naive,1.3142051696777344
3180,bdqn_naive,5.487010478973389
3181,bdqn_naive,0.8426628112792969
3182,bdqn_naive,3.778134346008301
3183,bdqn_naive,1.6907682418823242
3184,bdqn_naive,1.0421819686889648
3185,bdqn_naive,2.3584213256835938
3186,bdqn_naive,3.178887367248535
3187,bdqn_naive,2.506411552429199
3188,bdqn_naive,1.6094913482666016
3189,bdqn_naive,1.6121788024902344
3190,bdqn_naive,0.20011138916015625
3191,bdqn_naive,2.2852964401245117
3192,bdqn_naive,-0.3177824020385742
3193,bdqn_naive,-0.20287418365478516
3194,bdqn_naive,1.783090591430664
3195,bdqn_naive,-0.07886981964111328
3196,bdqn_naive,2.056978225708008
3197,bdqn_naive,-0.5336370468139648
3198,bdqn_naive,0.4791107177734375
3199,bdqn_naive,1.179046630859375
3200,bdqn_naive,1.6103925704956055
3201,bdqn_naive,1.7458200454711914
3202,bdqn_naive,0.7129096984863281
3203,bdqn_naive,2.302659034729004
3204,bdqn_naive,0.3393402099609375
3205,bdqn_naive,0.9343271255493164
3206,bdqn_naive,1.410984992980957
3207,bdqn_naive,-0.038379669189453125
3208,bdqn_naive,0.48404598236083984
3209,bdqn_naive,1.8926477432250977
3210,bdqn_naive,0.4544391632080078
3211,bdqn_naive,1.174041748046875
3212,bdqn_naive,1.8086271286010742
3213,bdqn_naive,2.7430505752563477
3214,bdqn_naive,-0.8271780014038086
3215,bdqn_naive,0.9429044723510742
3216,bdqn_naive,5.670243740081787
3217,bdqn_naive,2.1157236099243164
3218,bdqn_naive,3.04641056060791
3219,bdqn_naive,1.199629783630371
3220,bdqn_naive,-0.051154136657714844
3221,bdqn_naive,2.4740047454833984
3222,bdqn_naive,2.01025390625
3223,bdqn_naive,0.2762594223022461
3224,bdqn_naive,1.7256431579589844
3225,bdqn_naive,2.8813114166259766
3226,bdqn_naive,3.628416061401367
3227,bdqn_naive,1.6712932586669922
3228,bdqn_naive,2.1877918243408203
3229,bdqn_naive,3.609443187713623
3230,bdqn_naive,0.9230003356933594
3231,bdqn_naive,2.243412971496582
3232,bdqn_naive,2.1656627655029297
3233,bdqn_naive,-0.30086326599121094
3234,bdqn_naive,1.4869146347045898
3235,bdqn_naive,0.7967109680175781
3236,bdqn_naive,1.8288564682006836
3237,bdqn_naive,2.203158378601074
3238,bdqn_naive,0.4734010696411133
3239,bdqn_naive,1.9099550247192383
3240,bdqn_naive,3.50173282623291
3241,bdqn_naive,2.2648801803588867
3242,bdqn_naive,1.2790918350219727
3243,bdqn_naive,0.47991943359375
3244,bdqn_naive,3.17697811126709
3245,bdqn_naive,0.8522167205810547
3246,bdqn_naive,0.7919960021972656
3247,bdqn_naive,2.5632686614990234
3248,bdqn_naive,1.7986726760864258
3249,bdqn_naive,6.513348579406738
3250,bdqn_naive,2.0235910415649414
3251,bdqn_naive,3.242847442626953
3252,bdqn_naive,-0.7766456604003906
3253,bdqn_naive,0.5073652267456055
3254,bdqn_naive,6.317722320556641
3255,bdqn_naive,1.1776447296142578
3256,bdqn_naive,2.2029848098754883
3257,bdqn_naive,4.35791015625
3258,bdqn_naive,1.0147504806518555
3259,bdqn_naive,0.7509012222290039
3260,bdqn_naive,0.6626071929931641
3261,bdqn_naive,2.51373291015625
3262,bdqn_naive,1.5901832580566406
3263,bdqn_naive,1.0508403778076172
3264,bdqn_naive,1.7319097518920898
3265,bdqn_naive,1.3210201263427734
3266,bdqn_naive,0.711207389831543
3267,bdqn_naive,0.28354740142822266
3268,bdqn_naive,5.543575286865234
3269,bdqn_naive,1.1031293869018555
3270,bdqn_naive,0.7271089553833008
3271,bdqn_naive,0.7285375595092773
3272,bdqn_naive,0.9731769561767578
3273,bdqn_naive,1.5540332794189453
3274,bdqn_naive,1.9290390014648438
3275,bdqn_naive,1.8495054244995117
3276,bdqn_naive,2.0071983337402344
3277,bdqn_naive,1.6413516998291016
3278,bdqn_naive,1.962991714477539
3279,bdqn_naive,6.589284420013428
3280,bdqn_naive,-0.08714675903320312
3281,bdqn_naive,0.9419088363647461
3282,bdqn_naive,1.5928478240966797
3283,bdqn_naive,3.815671920776367
3284,bdqn_naive,1.3653697967529297
3285,bdqn_naive,-0.5279178619384766
3286,bdqn_naive,1.679276466369629
3287,bdqn_naive,0.5894260406494141
3288,bdqn_naive,4.532011985778809
3289,bdqn_naive,2.4620418548583984
3290,bdqn_naive,0.9208011627197266
3291,bdqn_naive,1.4302082061767578
3292,bdqn_naive,2.375621795654297
3293,bdqn_naive,1.7817134857177734
3294,bdqn_naive,1.027902603149414
3295,bdqn_naive,3.263212203979492
3296,bdqn_naive,1.678025245666504
3297,bdqn_naive,0.8718233108520508
3298,bdqn_naive,3.648317337036133
3299,bdqn_naive,2.656352996826172
3300,bdqn_naive,2.577014923095703
3301,bdqn_naive,2.502016067504883
3302,bdqn_naive,1.7711801528930664
3303,bdqn_naive,4.701265335083008
3304,bdqn_naive,4.083524703979492
3305,bdqn_naive,1.105137825012207
3306,bdqn_naive,-0.7951669692993164
3307,bdqn_naive,-0.17554092407226562
3308,bdqn_naive,-0.3361530303955078
3309,bdqn_naive,3.7013864517211914
3310,bdqn_naive,0.4481182098388672
3311,bdqn_naive,0.0899801254272461
3312,bdqn_naive,2.895613670349121
3313,bdqn_naive,1.670506477355957
3314,bdqn_naive,2.0942535400390625
3315,bdqn_naive,1.7434825897216797
3316,bdqn_naive,5.083509922027588
3317,bdqn_naive,0.7420291900634766
3318,bdqn_naive,2.450878143310547
3319,bdqn_naive,1.139836311340332
3320,bdqn_naive,1.9641189575195312
3321,bdqn_naive,4.653522491455078
3322,bdqn_naive,1.3043546676635742
3323,bdqn_naive,2.861330986022949
3324,bdqn_naive,1.6729660034179688
3325,bdqn_naive,0.46349430084228516
3326,bdqn_naive,0.11411762237548828
3327,bdqn_naive,0.6318693161010742
3328,bdqn_naive,0.7352476119995117
3329,bdqn_naive,2.4943599700927734
3330,bdqn_naive,2.9231481552124023
3331,bdqn_naive,1.9462852478027344
3332,bdqn_naive,4.871644973754883
3333,bdqn_naive,1.9267854690551758
3334,bdqn_naive,1.0554332733154297
3335,bdqn_naive,1.7659969329833984
3336,bdqn_naive,0.7166280746459961
3337,bdqn_naive,-0.1889934539794922
3338,bdqn_naive,1.7782783508300781
3339,bdqn_naive,4.680419921875
3340,bdqn_naive,1.7294416427612305
3341,bdqn_naive,0.6335668563842773
3342,bdqn_naive,1.7334880828857422
3343,bdqn_naive,0.8490362167358398
3344,bdqn_naive,1.1114845275878906
3345,bdqn_naive,3.2200536727905273
3346,bdqn_naive,0.45320796966552734
3347,bdqn_naive,0.22528934478759766
3348,bdqn_naive,2.21240234375
3349,bdqn_naive,1.4483137130737305
3350,bdqn_naive,0.6330471038818359
3351,bdqn_naive,1.4514360427856445
3352,bdqn_naive,0.3852386474609375
3353,bdqn_naive,1.9169397354125977
3354,bdqn_naive,0.40312957763671875
3355,bdqn_naive,4.098146438598633
3356,bdqn_naive,0.30199718475341797
3357,bdqn_naive,0.8457622528076172
3358,bdqn_naive,0.35480213165283203
3359,bdqn_naive,1.1157054901123047
3360,bdqn_naive,1.6402454376220703
3361,bdqn_naive,0.5065860748291016
3362,bdqn_naive,1.0180768966674805
3363,bdqn_naive,1.9134292602539062
3364,bdqn_naive,1.9071435928344727
3365,bdqn_naive,1.5197134017944336
3366,bdqn_naive,2.7993011474609375
3367,bdqn_naive,0.8377227783203125
3368,bdqn_naive,3.702402114868164
3369,bdqn_naive,1.9734163284301758
3370,bdqn_naive,2.152358055114746
3371,bdqn_naive,1.2343597412109375
3372,bdqn_naive,0.8786115646362305
3373,bdqn_naive,0.9535007476806641
3374,bdqn_naive,0.6504011154174805
3375,bdqn_naive,1.154383659362793
3376,bdqn_naive,2.8917016983032227
3377,bdqn_naive,1.244537353515625
3378,bdqn_naive,0.4760265350341797
3379,bdqn_naive,0.5644569396972656
3380,bdqn_naive,2.5103044509887695
3381,bdqn_naive,1.0313291549682617
3382,bdqn_naive,4.199339866638184
3383,bdqn_naive,1.0958366394042969
3384,bdqn_naive,2.9727659225463867
3385,bdqn_naive,2.5844621658325195
3386,bdqn_naive,1.9916400909423828
3387,bdqn_naive,1.180887222290039
3388,bdqn_naive,0.6218843460083008
3389,bdqn_naive,1.412388801574707
3390,bdqn_naive,1.077784538269043
3391,bdqn_naive,2.5951461791992188
3392,bdqn_naive,2.1092214584350586
3393,bdqn_naive,5.238188743591309
3394,bdqn_naive,1.809279441833496
3395,bdqn_naive,1.3376379013061523
3396,bdqn_naive,1.1388988494873047
3397,bdqn_naive,1.8265485763549805
3398,bdqn_naive,1.2856988906860352
3399,bdqn_naive,0.6969766616821289
3400,bdqn_naive,0.4145984649658203
3401,bdqn_naive,1.904892921447754
3402,bdqn_naive,6.294677734375
3403,bdqn_naive,1.395462989807129
3404,bdqn_naive,3.407533645629883
3405,bdqn_naive,1.6714887619018555
3406,bdqn_naive,1.4377565383911133
3407,bdqn_naive,1.2689762115478516
3408,bdqn_naive,0.5795755386352539
3409,bdqn_naive,1.5328607559204102
3410,bdqn_naive,1.1520061492919922
3411,bdqn_naive,1.0996274948120117
3412,bdqn_naive,3.170196533203125
3413,bdqn_naive,3.1604766845703125
3414,bdqn_naive,0.7805261611938477
3415,bdqn_naive,2.7009143829345703
3416,bdqn_naive,0.008023262023925781
3417,bdqn_naive,0.1670684814453125
3418,bdqn_naive,0.6032285690307617
3419,bdqn_naive,1.754150390625
3420,bdqn_naive,1.5463953018188477
3421,bdqn_naive,1.5457172393798828
3422,bdqn_naive,3.8888015747070312
3423,bdqn_naive,2.656686782836914
3424,bdqn_naive,1.6121597290039062
3425,bdqn_naive,1.033975601196289
3426,bdqn_naive,-1.0332880020141602
3427,bdqn_naive,2.0738563537597656
3428,bdqn_naive,4.601789474487305
3429,bdqn_naive,3.342349052429199
3430,bdqn_naive,1.0400657653808594
3431,bdqn_naive,2.7001190185546875
3432,bdqn_naive,2.2981481552124023
3433,bdqn_naive,2.026034355163574
3434,bdqn_naive,2.5427780151367188
3435,bdqn_naive,1.3447046279907227
3436,bdqn_naive,1.198263168334961
3437,bdqn_naive,2.732860565185547
3438,bdqn_naive,2.2030162811279297
3439,bdqn_naive,5.0109758377075195
3440,bdqn_naive,0.45360374450683594
3441,bdqn_naive,1.9806756973266602
3442,bdqn_naive,2.5045156478881836
3443,bdqn_naive,1.1532888412475586
3444,bdqn_naive,1.5258550643920898
3445,bdqn_naive,0.32283592224121094
3446,bdqn_naive,2.817209243774414
3447,bdqn_naive,2.72412109375
3448,bdqn_naive,0.6368789672851562
3449,bdqn_naive,1.5842819213867188
3450,bdqn_naive,0.5410013198852539
3451,bdqn_naive,0.7084560394287109
3452,bdqn_naive,2.0946998596191406
3453,bdqn_naive,0.48401832580566406
3454,bdqn_naive,0.5610494613647461
3455,bdqn_naive,-0.0077362060546875
3456,bdqn_naive,2.400239944458008
3457,bdqn_naive,1.484792709350586
3458,bdqn_naive,1.715712547302246
3459,bdqn_naive,1.5589466094970703
3460,bdqn_naive,1.169973373413086
3461,bdqn_naive,2.9623279571533203
3462,bdqn_naive,1.1615791320800781
3463,bdqn_naive,3.4055891036987305
3464,bdqn_naive,1.815542221069336
3465,bdqn_naive,1.8967199325561523
3466,bdqn_naive,0.4671649932861328
3467,bdqn_naive,2.102029800415039
3468,bdqn_naive,0.9285717010498047
3469,bdqn_naive,1.8131237030029297
3470,bdqn_naive,1.5373620986938477
3471,bdqn_naive,0.2832450866699219
3472,bdqn_naive,1.7321834564208984
3473,bdqn_naive,-0.49657630920410156
3474,bdqn_naive,0.6073083877563477
3475,bdqn_naive,1.7863941192626953
3476,bdqn_naive,4.423457145690918
3477,bdqn_naive,6.205161094665527
3478,bdqn_naive,3.5861544609069824
3479,bdqn_naive,1.2281227111816406
3480,bdqn_naive,0.4173288345336914
3481,bdqn_naive,1.9950408935546875
3482,bdqn_naive,0.38085079193115234
3483,bdqn_naive,-1.1377067565917969
3484,bdqn_naive,1.4211673736572266
3485,bdqn_naive,0.8084211349487305
3486,bdqn_naive,0.7658805847167969
3487,bdqn_naive,2.7623109817504883
3488,bdqn_naive,1.987502098083496
3489,bdqn_naive,4.440875053405762
3490,bdqn_naive,-0.7796401977539062
3491,bdqn_naive,-0.5907859802246094
3492,bdqn_naive,0.19668960571289062
3493,bdqn_naive,2.309947967529297
3494,bdqn_naive,1.5096244812011719
3495,bdqn_naive,0.7531948089599609
3496,bdqn_naive,0.4212932586669922
3497,bdqn_naive,2.108489990234375
3498,bdqn_naive,1.8239307403564453
3499,bdqn_naive,-0.33757591247558594
3500,bdqn_naive,-0.9166908264160156
3501,bdqn_naive,1.1734323501586914
3502,bdqn_naive,1.3884286880493164
3503,bdqn_naive,0.2600431442260742
3504,bdqn_naive,-0.20269107818603516
3505,bdqn_naive,1.5745182037353516
3506,bdqn_naive,-0.2478504180908203
3507,bdqn_naive,1.2442388534545898
3508,bdqn_naive,2.5944433212280273
3509,bdqn_naive,1.208512306213379
3510,bdqn_naive,1.7165241241455078
3511,bdqn_naive,0.9357442855834961
3512,bdqn_naive,-0.4678916931152344
3513,bdqn_naive,0.9656181335449219
3514,bdqn_naive,4.188279151916504
3515,bdqn_naive,3.5465526580810547
3516,bdqn_naive,2.0431671142578125
3517,bdqn_naive,3.241673469543457
3518,bdqn_naive,1.4163742065429688
3519,bdqn_naive,3.6219091415405273
3520,bdqn_naive,0.8639726638793945
3521,bdqn_naive,0.5968122482299805
3522,bdqn_naive,1.4078035354614258
3523,bdqn_naive,1.4531612396240234
3524,bdqn_naive,0.8919849395751953
3525,bdqn_naive,0.7375326156616211
3526,bdqn_naive,4.103544235229492
3527,bdqn_naive,1.1901941299438477
3528,bdqn_naive,2.737370491027832
3529,bdqn_naive,0.4656543731689453
3530,bdqn_naive,0.4067535400390625
3531,bdqn_naive,0.10222530364990234
3532,bdqn_naive,0.9785251617431641
3533,bdqn_naive,3.1651220321655273
3534,bdqn_naive,0.5189700126647949
3535,bdqn_naive,8.460752010345459
3536,bdqn_naive,6.598284721374512
3537,bdqn_naive,2.0522804260253906
3538,bdqn_naive,0.4096355438232422
3539,bdqn_naive,2.1102561950683594
3540,bdqn_naive,0.5697364807128906
3541,bdqn_naive,4.800339698791504
3542,bdqn_naive,1.2794189453125
3543,bdqn_naive,2.1982383728027344
3544,bdqn_naive,5.088287353515625
3545,bdqn_naive,2.3529348373413086
3546,bdqn_naive,2.8379297256469727
3547,bdqn_naive,6.2584686279296875
3548,bdqn_naive,1.4394893646240234
3549,bdqn_naive,1.3472537994384766
3550,bdqn_naive,3.2431583404541016
3551,bdqn_naive,-0.14290618896484375
3552,bdqn_naive,1.4528560638427734
3553,bdqn_naive,2.7423629760742188
3554,bdqn_naive,2.236093521118164
3555,bdqn_naive,0.6887130737304688
3556,bdqn_naive,2.822932243347168
3557,bdqn_naive,3.03143310546875
3558,bdqn_naive,-0.8912763595581055
3559,bdqn_naive,1.9718761444091797
3560,bdqn_naive,1.0857887268066406
3561,bdqn_naive,2.0550384521484375
3562,bdqn_naive,0.3180990219116211
3563,bdqn_naive,0.7610940933227539
3564,bdqn_naive,1.773233413696289
3565,bdqn_naive,1.2055130004882812
3566,bdqn_naive,3.9380321502685547
3567,bdqn_naive,4.681879997253418
3568,bdqn_naive,0.47113513946533203
3569,bdqn_naive,2.637803077697754
3570,bdqn_naive,3.1639842987060547
3571,bdqn_naive,-0.3088407516479492
3572,bdqn_naive,3.8238649368286133
3573,bdqn_naive,0.9399833679199219
3574,bdqn_naive,5.623029708862305
3575,bdqn_naive,2.69973087310791
3576,bdqn_naive,1.5378856658935547
3577,bdqn_naive,2.1889705657958984
3578,bdqn_naive,0.4257802963256836
3579,bdqn_naive,1.4154682159423828
3580,bdqn_naive,0.9967746734619141
3581,bdqn_naive,-0.05720710754394531
3582,bdqn_naive,2.7706308364868164
3583,bdqn_naive,1.7913150787353516
3584,bdqn_naive,1.5077638626098633
3585,bdqn_naive,2.2653579711914062
3586,bdqn_naive,3.8783349990844727
3587,bdqn_naive,0.42325592041015625
3588,bdqn_naive,2.9925894737243652
3589,bdqn_naive,1.2548484802246094
3590,bdqn_naive,2.7425098419189453
3591,bdqn_naive,1.138606071472168
3592,bdqn_naive,1.4888715744018555
3593,bdqn_naive,2.2205581665039062
3594,bdqn_naive,6.0272216796875
3595,bdqn_naive,1.9269723892211914
3596,bdqn_naive,2.011885643005371
3597,bdqn_naive,1.5809974670410156
3598,bdqn_naive,1.5959100723266602
3599,bdqn_naive,4.477687835693359
3600,bdqn_naive,0.8810596466064453
3601,bdqn_naive,2.9532480239868164
3602,bdqn_naive,1.0274744033813477
3603,bdqn_naive,4.175568580627441
3604,bdqn_naive,1.1898431777954102
3605,bdqn_naive,2.6586055755615234
3606,bdqn_naive,0.4707307815551758
3607,bdqn_naive,1.9514827728271484
3608,bdqn_naive,1.7963895797729492
3609,bdqn_naive,-0.01930713653564453
3610,bdqn_naive,3.182621955871582
3611,bdqn_naive,0.6000890731811523
3612,bdqn_naive,5.571638107299805
3613,bdqn_naive,1.0520191192626953
3614,bdqn_naive,1.1162633895874023
3615,bdqn_naive,2.1709184646606445
3616,bdqn_naive,-0.1828145980834961
3617,bdqn_naive,0.8673019409179688
3618,bdqn_naive,2.0607128143310547
3619,bdqn_naive,4.292905807495117
3620,bdqn_naive,3.0318660736083984
3621,bdqn_naive,1.275822639465332
3622,bdqn_naive,0.9686794281005859
3623,bdqn_naive,0.819035530090332
3624,bdqn_naive,0.03425407409667969
3625,bdqn_naive,2.7206974029541016
3626,bdqn_naive,-0.053112030029296875
3627,bdqn_naive,0.5375652313232422
3628,bdqn_naive,1.3713750839233398
3629,bdqn_naive,1.1860237121582031
3630,bdqn_naive,0.23300552368164062
3631,bdqn_naive,0.1128072738647461
3632,bdqn_naive,-0.10763168334960938
3633,bdqn_naive,0.5274314880371094
3634,bdqn_naive,1.7056255340576172
3635,bdqn_naive,2.122406005859375
3636,bdqn_naive,3.7485427856445312
3637,bdqn_naive,0.1534862518310547
3638,bdqn_naive,2.514472007751465
3639,bdqn_naive,4.439985275268555
3640,bdqn_naive,1.7393417358398438
3641,bdqn_naive,5.340897560119629
3642,bdqn_naive,2.330595016479492
3643,bdqn_naive,-0.5923185348510742
3644,bdqn_naive,1.7310314178466797
3645,bdqn_naive,2.8565196990966797
3646,bdqn_naive,1.834798812866211
3647,bdqn_naive,-0.3405885696411133
3648,bdqn_naive,4.184230804443359
3649,bdqn_naive,2.638298988342285
3650,bdqn_naive,0.20472049713134766
3651,bdqn_naive,-0.1957836151123047
3652,bdqn_naive,1.7254762649536133
3653,bdqn_naive,2.5975284576416016
3654,bdqn_naive,1.1599788665771484
3655,bdqn_naive,2.027167320251465
3656,bdqn_naive,0.7348270416259766
3657,bdqn_naive,3.416337013244629
3658,bdqn_naive,4.507439136505127
3659,bdqn_naive,4.781040191650391
3660,bdqn_naive,2.0810651779174805
3661,bdqn_naive,2.2131433486938477
3662,bdqn_naive,1.3140830993652344
3663,bdqn_naive,3.6223154067993164
3664,bdqn_naive,2.2313199043273926
3665,bdqn_naive,1.0101757049560547
3666,bdqn_naive,-0.15626811981201172
3667,bdqn_naive,-0.5568580627441406
3668,bdqn_naive,2.0877084732055664
3669,bdqn_naive,1.3952083587646484
3670,bdqn_naive,2.461075782775879
3671,bdqn_naive,0.7139110565185547
3672,bdqn_naive,0.0259857177734375
3673,bdqn_naive,3.1122398376464844
3674,bdqn_naive,1.6280603408813477
3675,bdqn_naive,-0.6940889358520508
3676,bdqn_naive,0.6687707901000977
3677,bdqn_naive,1.9722185134887695
3678,bdqn_naive,1.1951026916503906
3679,bdqn_naive,1.1707658767700195
3680,bdqn_naive,0.3157014846801758
3681,bdqn_naive,3.5767879486083984
3682,bdqn_naive,2.014349937438965
3683,bdqn_naive,2.23172664642334
3684,bdqn_naive,1.7446355819702148
3685,bdqn_naive,-0.15732669830322266
3686,bdqn_naive,6.987909317016602
3687,bdqn_naive,0.6017799377441406
3688,bdqn_naive,1.2174549102783203
3689,bdqn_naive,0.9425010681152344
3690,bdqn_naive,1.8005313873291016
3691,bdqn_naive,1.2376976013183594
3692,bdqn_naive,1.4705982208251953
3693,bdqn_naive,1.2398090362548828
3694,bdqn_naive,1.7792882919311523
3695,bdqn_naive,4.580008506774902
3696,bdqn_naive,0.8987703323364258
3697,bdqn_naive,1.8162078857421875
3698,bdqn_naive,0.2821321487426758
3699,bdqn_naive,1.3255796432495117
3700,bdqn_naive,1.6068153381347656
3701,bdqn_naive,2.812657356262207
3702,bdqn_naive,-0.4477262496948242
3703,bdqn_naive,0.7690095901489258
3704,bdqn_naive,2.205998420715332
3705,bdqn_naive,0.3081655502319336
3706,bdqn_naive,1.1343679428100586
3707,bdqn_naive,1.8658018112182617
3708,bdqn_naive,2.585512161254883
3709,bdqn_naive,0.5295896530151367
3710,bdqn_naive,1.9853124618530273
3711,bdqn_naive,3.6937713623046875
3712,bdqn_naive,-0.6265087127685547
3713,bdqn_naive,-1.0122318267822266
3714,bdqn_naive,0.06849098205566406
3715,bdqn_naive,1.9950342178344727
3716,bdqn_naive,0.7682228088378906
3717,bdqn_naive,1.3893985748291016
3718,bdqn_naive,4.540925025939941
3719,bdqn_naive,0.7533035278320312
3720,bdqn_naive,0.8993539810180664
3721,bdqn_naive,3.535456657409668
3722,bdqn_naive,2.2475032806396484
3723,bdqn_naive,4.308850288391113
3724,bdqn_naive,0.9617729187011719
3725,bdqn_naive,6.471412658691406
3726,bdqn_naive,0.13522815704345703
3727,bdqn_naive,2.016599655151367
3728,bdqn_naive,1.6568689346313477
3729,bdqn_naive,2.620612144470215
3730,bdqn_naive,0.3495445251464844
3731,bdqn_naive,2.9627161026000977
3732,bdqn_naive,0.9639463424682617
3733,bdqn_naive,3.7524166107177734
3734,bdqn_naive,0.8026771545410156
3735,bdqn_naive,0.8960447311401367
3736,bdqn_naive,3.271268844604492
3737,bdqn_naive,-0.6403493881225586
3738,bdqn_naive,1.210275650024414
3739,bdqn_naive,0.8635082244873047
3740,bdqn_naive,1.8416728973388672
3741,bdqn_naive,2.738353729248047
3742,bdqn_naive,1.81024169921875
3743,bdqn_naive,2.2750329971313477
3744,bdqn_naive,1.3084611892700195
3745,bdqn_naive,3.1960439682006836
3746,bdqn_naive,3.3865184783935547
3747,bdqn_naive,4.62048864364624
3748,bdqn_naive,3.6517715454101562
3749,bdqn_naive,2.6735095977783203
3750,bdqn_naive,0.6709918975830078
3751,bdqn_naive,1.3263816833496094
3752,bdqn_naive,0.5068216323852539
3753,bdqn_naive,0.40979671478271484
3754,bdqn_naive,1.000472068786621
3755,bdqn_naive,1.430023193359375
3756,bdqn_naive,1.514937400817871
3757,bdqn_naive,0.8847446441650391
3758,bdqn_naive,3.0776472091674805
3759,bdqn_naive,2.348236083984375
3760,bdqn_naive,5.02034854888916
3761,bdqn_naive,0.8176164627075195
3762,bdqn_naive,1.0414237976074219
3763,bdqn_naive,3.5958118438720703
3764,bdqn_naive,-0.04679679870605469
3765,bdqn_naive,4.606980323791504
3766,bdqn_naive,2.2870655059814453
3767,bdqn_naive,0.22349166870117188
3768,bdqn_naive,1.0391387939453125
3769,bdqn_naive,1.8571586608886719
3770,bdqn_naive,1.3470392227172852
3771,bdqn_naive,1.326904296875
3772,bdqn_naive,2.5088109970092773
3773,bdqn_naive,1.7416048049926758
3774,bdqn_naive,1.7155818939208984
3775,bdqn_naive,1.8705244064331055
3776,bdqn_naive,4.429291725158691
3777,bdqn_naive,2.9459285736083984
3778,bdqn_naive,1.4315271377563477
3779,bdqn_naive,5.585240364074707
3780,bdqn_naive,0.664088249206543
3781,bdqn_naive,3.95041561126709
3782,bdqn_naive,1.613748550415039
3783,bdqn_naive,0.6994667053222656
3784,bdqn_naive,1.7476673126220703
3785,bdqn_naive,0.8721141815185547
3786,bdqn_naive,1.743300437927246
3787,bdqn_naive,-0.28698062896728516
3788,bdqn_naive,2.15771484375
3789,bdqn_naive,2.265618324279785
3790,bdqn_naive,1.3053836822509766
3791,bdqn_naive,2.3920326232910156
3792,bdqn_naive,-0.9964847564697266
3793,bdqn_naive,3.6449975967407227
3794,bdqn_naive,1.573075294494629
3795,bdqn_naive,1.2141199111938477
3796,bdqn_naive,0.8873615264892578
3797,bdqn_naive,0.33707618713378906
3798,bdqn_naive,1.6821165084838867
3799,bdqn_naive,4.10003662109375
3800,bdqn_naive,2.793948173522949
3801,bdqn_naive,0.5683145523071289
3802,bdqn_naive,3.5820980072021484
3803,bdqn_naive,1.6362934112548828
3804,bdqn_naive,1.304534912109375
3805,bdqn_naive,0.8525180816650391
3806,bdqn_naive,0.8746852874755859
3807,bdqn_naive,0.622044563293457
3808,bdqn_naive,0.959773063659668
3809,bdqn_naive,-0.11893081665039062
3810,bdqn_naive,1.8526153564453125
3811,bdqn_naive,1.2859010696411133
3812,bdqn_naive,1.899454116821289
3813,bdqn_naive,2.5758819580078125
3814,bdqn_naive,1.0124244689941406
3815,bdqn_naive,3.8889503479003906
3816,bdqn_naive,1.012129783630371
3817,bdqn_naive,2.2049121856689453
3818,bdqn_naive,6.639309406280518
3819,bdqn_naive,1.3486499786376953
3820,bdqn_naive,1.5971488952636719
3821,bdqn_naive,1.6406307220458984
3822,bdqn_naive,1.765324592590332
3823,bdqn_naive,1.381185531616211
3824,bdqn_naive,0.8043956756591797
3825,bdqn_naive,0.8695335388183594
3826,bdqn_naive,2.152409553527832
3827,bdqn_naive,2.735746383666992
3828,bdqn_naive,1.3802776336669922
3829,bdqn_naive,2.6000537872314453
3830,bdqn_naive,3.6805191040039062
3831,bdqn_naive,1.8861026763916016
3832,bdqn_naive,0.4858875274658203
3833,bdqn_naive,1.926823616027832
3834,bdqn_naive,3.2740478515625
3835,bdqn_naive,2.8180646896362305
3836,bdqn_naive,0.8107728958129883
3837,bdqn_naive,-0.12557601928710938
3838,bdqn_naive,1.3992977142333984
3839,bdqn_naive,4.54368782043457
3840,bdqn_naive,2.001588821411133
3841,bdqn_naive,1.5442543029785156
3842,bdqn_naive,5.646411895751953
3843,bdqn_naive,3.8940773010253906
3844,bdqn_naive,3.8102216720581055
3845,bdqn_naive,0.2571430206298828
3846,bdqn_naive,4.207916736602783
3847,bdqn_naive,4.637918472290039
3848,bdqn_naive,0.23172950744628906
3849,bdqn_naive,-0.38055896759033203
3850,bdqn_naive,4.002080917358398
3851,bdqn_naive,1.4948053359985352
3852,bdqn_naive,1.7829055786132812
3853,bdqn_naive,1.657811164855957
3854,bdqn_naive,2.4417381286621094
3855,bdqn_naive,1.460301399230957
3856,bdqn_naive,4.323089599609375
3857,bdqn_naive,1.4158687591552734
3858,bdqn_naive,1.1068525314331055
3859,bdqn_naive,5.310967445373535
3860,bdqn_naive,1.3380794525146484
3861,bdqn_naive,1.8302936553955078
3862,bdqn_naive,3.636688232421875
3863,bdqn_naive,2.985541343688965
3864,bdqn_naive,0.8732309341430664
3865,bdqn_naive,1.9606561660766602
3866,bdqn_naive,0.27878379821777344
3867,bdqn_naive,0.7692432403564453
3868,bdqn_naive,3.240011215209961
3869,bdqn_naive,0.9901771545410156
3870,bdqn_naive,1.8001317977905273
3871,bdqn_naive,0.1825704574584961
3872,bdqn_naive,3.1852903366088867
3873,bdqn_naive,0.39533233642578125
3874,bdqn_naive,2.622678756713867
3875,bdqn_naive,4.131975173950195
3876,bdqn_naive,0.128997802734375
3877,bdqn_naive,2.4613513946533203
3878,bdqn_naive,2.5344247817993164
3879,bdqn_naive,1.0981025695800781
3880,bdqn_naive,2.066457748413086
3881,bdqn_naive,0.8176393508911133
3882,bdqn_naive,1.2946662902832031
3883,bdqn_naive,0.6035060882568359
3884,bdqn_naive,-0.6777582168579102
3885,bdqn_naive,1.7597475051879883
3886,bdqn_naive,0.037517547607421875
3887,bdqn_naive,1.3909292221069336
3888,bdqn_naive,0.9264154434204102
3889,bdqn_naive,0.6193819046020508
3890,bdqn_naive,3.5126471519470215
3891,bdqn_naive,5.042486190795898
3892,bdqn_naive,5.638011932373047
3893,bdqn_naive,2.9270734786987305
3894,bdqn_naive,3.649404525756836
3895,bdqn_naive,1.2177085876464844
3896,bdqn_naive,1.771132469177246
3897,bdqn_naive,1.0393733978271484
3898,bdqn_naive,2.7916746139526367
3899,bdqn_naive,1.5923900604248047
3900,bdqn_naive,4.122734069824219
3901,bdqn_naive,1.9561243057250977
3902,bdqn_naive,0.710723876953125
3903,bdqn_naive,1.2673168182373047
3904,bdqn_naive,1.1224145889282227
3905,bdqn_naive,0.16755199432373047
3906,bdqn_naive,5.499227523803711
3907,bdqn_naive,2.1143712997436523
3908,bdqn_naive,1.402994155883789
3909,bdqn_naive,1.2327356338500977
3910,bdqn_naive,1.2928924560546875
3911,bdqn_naive,2.530003547668457
3912,bdqn_naive,0.6921272277832031
3913,bdqn_naive,1.0027084350585938
3914,bdqn_naive,0.7747669219970703
3915,bdqn_naive,2.995884895324707
3916,bdqn_naive,2.013143539428711
3917,bdqn_naive,0.826324462890625
3918,bdqn_naive,1.5369195938110352
3919,bdqn_naive,0.9765233993530273
3920,bdqn_naive,1.9214611053466797
3921,bdqn_naive,0.1932659149169922
3922,bdqn_naive,0.9831266403198242
3923,bdqn_naive,2.279207229614258
3924,bdqn_naive,0.8204355239868164
3925,bdqn_naive,0.9058704376220703
3926,bdqn_naive,1.1467409133911133
3927,bdqn_naive,0.7924509048461914
3928,bdqn_naive,-0.24275970458984375
3929,bdqn_naive,0.8131628036499023
3930,bdqn_naive,3.1920862197875977
3931,bdqn_naive,3.2873611450195312
3932,bdqn_naive,2.2866411209106445
3933,bdqn_naive,0.829132080078125
3934,bdqn_naive,1.725661277770996
3935,bdqn_naive,3.9622364044189453
3936,bdqn_naive,2.199751853942871
3937,bdqn_naive,0.602452278137207
3938,bdqn_naive,1.1309757232666016
3939,bdqn_naive,-0.859705924987793
3940,bdqn_naive,0.05447864532470703
3941,bdqn_naive,1.2856874465942383
3942,bdqn_naive,2.2666893005371094
3943,bdqn_naive,1.9338903427124023
3944,bdqn_naive,2.678713798522949
3945,bdqn_naive,3.644804000854492
3946,bdqn_naive,5.515628814697266
3947,bdqn_naive,-0.012078285217285156
3948,bdqn_naive,0.7525014877319336
3949,bdqn_naive,1.8598260879516602
3950,bdqn_naive,4.297820091247559
3951,bdqn_naive,0.6228113174438477
3952,bdqn_naive,0.13635635375976562
3953,bdqn_naive,1.8690786361694336
3954,bdqn_naive,5.379815101623535
3955,bdqn_naive,1.8618583679199219
3956,bdqn_naive,1.7570686340332031
3957,bdqn_naive,1.6357297897338867
3958,bdqn_naive,1.5673933029174805
3959,bdqn_naive,2.2899551391601562
3960,bdqn_naive,4.081211090087891
3961,bdqn_naive,0.4866647720336914
3962,bdqn_naive,0.1719655990600586
3963,bdqn_naive,7.5537109375
3964,bdqn_naive,1.6120243072509766
3965,bdqn_naive,-1.8409528732299805
3966,bdqn_naive,2.834684371948242
3967,bdqn_naive,3.5670652389526367
3968,bdqn_naive,1.1392545700073242
3969,bdqn_naive,1.843597412109375
3970,bdqn_naive,1.4836997985839844
3971,bdqn_naive,2.033087730407715
3972,bdqn_naive,1.130171775817871
3973,bdqn_naive,0.8951206207275391
3974,bdqn_naive,1.6972455978393555
3975,bdqn_naive,2.3249998092651367
3976,bdqn_naive,0.7420377731323242
3977,bdqn_naive,1.714646339416504
3978,bdqn_naive,-0.7079086303710938
3979,bdqn_naive,0.6418485641479492
3980,bdqn_naive,1.9162836074829102
3981,bdqn_naive,1.4748344421386719
3982,bdqn_naive,2.805209159851074
3983,bdqn_naive,1.6909618377685547
3984,bdqn_naive,0.8424816131591797
3985,bdqn_naive,0.45384979248046875
3986,bdqn_naive,-1.0552988052368164
3987,bdqn_naive,1.3373908996582031
3988,bdqn_naive,1.642073631286621
3989,bdqn_naive,2.1279830932617188
3990,bdqn_naive,0.6909198760986328
3991,bdqn_naive,0.8669443130493164
3992,bdqn_naive,0.43579769134521484
3993,bdqn_naive,6.352872848510742
3994,bdqn_naive,0.2411785125732422
3995,bdqn_naive,1.491891860961914
3996,bdqn_naive,1.3113040924072266
3997,bdqn_naive,-0.4086179733276367
3998,bdqn_naive,-0.09440994262695312
3999,bdqn_naive,0.6649141311645508
4000,bdqn_naive,1.3958320617675781
4001,bdqn_naive,-0.1296253204345703
4002,bdqn_naive,2.145009994506836
4003,bdqn_naive,2.0199661254882812
4004,bdqn_naive,0.3010826110839844
4005,bdqn_naive,1.3255434036254883
4006,bdqn_naive,-0.6725492477416992
4007,bdqn_naive,2.05806827545166
4008,bdqn_naive,2.302854537963867
4009,bdqn_naive,1.563603401184082
4010,bdqn_naive,1.302053451538086
4011,bdqn_naive,1.2480154037475586
4012,bdqn_naive,3.552435874938965
4013,bdqn_naive,2.2710084915161133
4014,bdqn_naive,2.2939634323120117
4015,bdqn_naive,3.3817644119262695
4016,bdqn_naive,0.5748262405395508
4017,bdqn_naive,2.087782859802246
4018,bdqn_naive,2.5161685943603516
4019,bdqn_naive,4.0701494216918945
4020,bdqn_naive,4.364883899688721
4021,bdqn_naive,1.5344772338867188
4022,bdqn_naive,0.0032482147216796875
4023,bdqn_naive,2.442194938659668
4024,bdqn_naive,1.4466781616210938
4025,bdqn_naive,1.5077018737792969
4026,bdqn_naive,1.5075607299804688
4027,bdqn_naive,1.4269533157348633
4028,bdqn_naive,2.9860095977783203
4029,bdqn_naive,1.6039419174194336
4030,bdqn_naive,1.792830467224121
4031,bdqn_naive,3.5688953399658203
4032,bdqn_naive,3.5860061645507812
4033,bdqn_naive,2.9874839782714844
4034,bdqn_naive,2.3605499267578125
4035,bdqn_naive,2.58294677734375
4036,bdqn_naive,-0.18543052673339844
4037,bdqn_naive,1.746805191040039
4038,bdqn_naive,0.617060661315918
4039,bdqn_naive,1.6186494827270508
4040,bdqn_naive,2.8178558349609375
4041,bdqn_naive,2.0738182067871094
4042,bdqn_naive,1.1527185440063477
4043,bdqn_naive,2.300534248352051
4044,bdqn_naive,1.7537336349487305
4045,bdqn_naive,0.012165069580078125
4046,bdqn_naive,1.0367145538330078
4047,bdqn_naive,3.508084297180176
4048,bdqn_naive,1.952737808227539
4049,bdqn_naive,1.9578428268432617
4050,bdqn_naive,3.2951126098632812
4051,bdqn_naive,3.8950114250183105
4052,bdqn_naive,1.0842475891113281
4053,bdqn_naive,0.5755233764648438
4054,bdqn_naive,2.6046409606933594
4055,bdqn_naive,3.6506271362304688
4056,bdqn_naive,2.286846160888672
4057,bdqn_naive,0.9100265502929688
4058,bdqn_naive,0.993159294128418
4059,bdqn_naive,1.1068687438964844
4060,bdqn_naive,0.759242057800293
4061,bdqn_naive,0.21725177764892578
4062,bdqn_naive,3.662936210632324
4063,bdqn_naive,1.0556411743164062
4064,bdqn_naive,1.4981040954589844
4065,bdqn_naive,2.2871742248535156
4066,bdqn_naive,1.8152694702148438
4067,bdqn_naive,0.12970733642578125
4068,bdqn_naive,2.249526023864746
4069,bdqn_naive,0.1481304168701172
4070,bdqn_naive,1.3117341995239258
4071,bdqn_naive,0.5097312927246094
4072,bdqn_naive,3.527658462524414
4073,bdqn_naive,2.195929527282715
4074,bdqn_naive,1.0387916564941406
4075,bdqn_naive,2.0311450958251953
4076,bdqn_naive,4.3919806480407715
4077,bdqn_naive,1.7023754119873047
4078,bdqn_naive,1.7512493133544922
4079,bdqn_naive,3.7197670936584473
4080,bdqn_naive,2.204400062561035
4081,bdqn_naive,2.2156248092651367
4082,bdqn_naive,0.8829460144042969
4083,bdqn_naive,1.1716718673706055
4084,bdqn_naive,1.6803712844848633
4085,bdqn_naive,1.3457136154174805
4086,bdqn_naive,2.115589141845703
4087,bdqn_naive,1.093362808227539
4088,bdqn_naive,2.6561813354492188
4089,bdqn_naive,2.1586084365844727
4090,bdqn_naive,1.667154312133789
4091,bdqn_naive,2.364229202270508
4092,bdqn_naive,0.9322700500488281
4093,bdqn_naive,3.8700647354125977
4094,bdqn_naive,3.1358251571655273
4095,bdqn_naive,4.5595550537109375
4096,bdqn_naive,1.4612789154052734
4097,bdqn_naive,1.096761703491211
4098,bdqn_naive,2.416995048522949
4099,bdqn_naive,3.1672935485839844
4100,bdqn_naive,-1.4635543823242188
4101,bdqn_naive,2.4874143600463867
4102,bdqn_naive,1.7081432342529297
4103,bdqn_naive,0.8313779830932617
4104,bdqn_naive,1.2280044555664062
4105,bdqn_naive,1.0731735229492188
4106,bdqn_naive,-0.36361026763916016
4107,bdqn_naive,1.0787391662597656
4108,bdqn_naive,4.16490364074707
4109,bdqn_naive,-0.7625370025634766
4110,bdqn_naive,3.6561203002929688
4111,bdqn_naive,0.9320096969604492
4112,bdqn_naive,2.615205764770508
4113,bdqn_naive,2.7785844802856445
4114,bdqn_naive,0.1570110321044922
4115,bdqn_naive,2.465132713317871
4116,bdqn_naive,3.9175195693969727
4117,bdqn_naive,1.1249094009399414
4118,bdqn_naive,-0.10077476501464844
4119,bdqn_naive,1.566298484802246
4120,bdqn_naive,1.579324722290039
4121,bdqn_naive,3.9393959045410156
4122,bdqn_naive,3.565946578979492
4123,bdqn_naive,0.6210460662841797
4124,bdqn_naive,4.003098487854004
4125,bdqn_naive,2.0151453018188477
4126,bdqn_naive,1.2126941680908203
4127,bdqn_naive,0.09451103210449219
4128,bdqn_naive,1.4433107376098633
4129,bdqn_naive,5.006346702575684
4130,bdqn_naive,3.3456473350524902
4131,bdqn_naive,2.009754180908203
4132,bdqn_naive,2.226560592651367
4133,bdqn_naive,1.6964082717895508
4134,bdqn_naive,0.6332244873046875
4135,bdqn_naive,0.977299690246582
4136,bdqn_naive,-0.030565261840820312
4137,bdqn_naive,1.0582122802734375
4138,bdqn_naive,3.2536182403564453
4139,bdqn_naive,1.4306821823120117
4140,bdqn_naive,2.3817176818847656
4141,bdqn_naive,0.5800361633300781
4142,bdqn_naive,0.8173284530639648
4143,bdqn_naive,1.0306587219238281
4144,bdqn_naive,0.9681634902954102
4145,bdqn_naive,2.7618370056152344
4146,bdqn_naive,1.4673147201538086
4147,bdqn_naive,0.4307441711425781
4148,bdqn_naive,-0.7255277633666992
4149,bdqn_naive,0.07506179809570312
4150,bdqn_naive,2.3089303970336914
4151,bdqn_naive,1.1376619338989258
4152,bdqn_naive,4.413561820983887
4153,bdqn_naive,3.9370460510253906
4154,bdqn_naive,2.9574174880981445
4155,bdqn_naive,-0.06291770935058594
4156,bdqn_naive,3.021498680114746
4157,bdqn_naive,2.0120935440063477
4158,bdqn_naive,6.433954238891602
4159,bdqn_naive,1.2725849151611328
4160,bdqn_naive,1.3233633041381836
4161,bdqn_naive,2.3012237548828125
4162,bdqn_naive,1.1083650588989258
4163,bdqn_naive,0.5061464309692383
4164,bdqn_naive,1.595808982849121
4165,bdqn_naive,1.0059852600097656
4166,bdqn_naive,2.7569494247436523
4167,bdqn_naive,3.0937442779541016
4168,bdqn_naive,3.4955615997314453
4169,bdqn_naive,1.4337825775146484
4170,bdqn_naive,2.139458656311035
4171,bdqn_naive,0.004927635192871094
4172,bdqn_naive,2.4132165908813477
4173,bdqn_naive,2.1230602264404297
4174,bdqn_naive,1.5334243774414062
4175,bdqn_naive,-0.41602420806884766
4176,bdqn_naive,2.164642333984375
4177,bdqn_naive,0.8309822082519531
4178,bdqn_naive,1.7496767044067383
4179,bdqn_naive,-0.24508380889892578
4180,bdqn_naive,1.8863353729248047
4181,bdqn_naive,5.126755714416504
4182,bdqn_naive,3.0828943252563477
4183,bdqn_naive,1.2245874404907227
4184,bdqn_naive,1.875040054321289
4185,bdqn_naive,1.3692455291748047
4186,bdqn_naive,5.393080711364746
4187,bdqn_naive,1.3205842971801758
4188,bdqn_naive,1.1520986557006836
4189,bdqn_naive,1.9054994583129883
4190,bdqn_naive,0.8388738632202148
4191,bdqn_naive,0.8884792327880859
4192,bdqn_naive,1.329965591430664
4193,bdqn_naive,0.9524517059326172
4194,bdqn_naive,2.218639373779297
4195,bdqn_naive,1.2856225967407227
4196,bdqn_naive,3.8632678985595703
4197,bdqn_naive,1.4554338455200195
4198,bdqn_naive,1.988999366760254
4199,bdqn_naive,-0.905613899230957
4200,bdqn_naive,0.013334274291992188
4201,bdqn_naive,0.5219917297363281
4202,bdqn_naive,4.748671531677246
4203,bdqn_naive,0.9017925262451172
4204,bdqn_naive,-0.3470888137817383
4205,bdqn_naive,-0.2702169418334961
4206,bdqn_naive,0.43796634674072266
4207,bdqn_naive,1.6523761749267578
4208,bdqn_naive,4.272305488586426
4209,bdqn_naive,1.2160091400146484
4210,bdqn_naive,3.579350471496582
4211,bdqn_naive,1.7537469863891602
4212,bdqn_naive,0.6792831420898438
4213,bdqn_naive,1.3930902481079102
4214,bdqn_naive,1.4880542755126953
4215,bdqn_naive,0.5538425445556641
4216,bdqn_naive,0.9392404556274414
4217,bdqn_naive,1.6003341674804688
4218,bdqn_naive,1.552260398864746
4219,bdqn_naive,1.1720447540283203
4220,bdqn_naive,0.035312652587890625
4221,bdqn_naive,0.9287757873535156
4222,bdqn_naive,0.8759040832519531
4223,bdqn_naive,0.03294181823730469
4224,bdqn_naive,0.5156984329223633
4225,bdqn_naive,5.214372634887695
4226,bdqn_naive,-0.16463088989257812
4227,bdqn_naive,2.4311513900756836
4228,bdqn_naive,0.2465057373046875
4229,bdqn_naive,0.02059173583984375
4230,bdqn_naive,2.722391128540039
4231,bdqn_naive,0.9163656234741211
4232,bdqn_naive,1.4123878479003906
4233,bdqn_naive,3.5462427139282227
4234,bdqn_naive,1.9854869842529297
4235,bdqn_naive,0.6310138702392578
4236,bdqn_naive,1.9733257293701172
4237,bdqn_naive,2.2066450119018555
4238,bdqn_naive,1.2022018432617188
4239,bdqn_naive,0.5520296096801758
4240,bdqn_naive,-0.5503358840942383
4241,bdqn_naive,0.6271467208862305
4242,bdqn_naive,2.6422204971313477
4243,bdqn_naive,2.488727569580078
4244,bdqn_naive,0.5224428176879883
4245,bdqn_naive,1.6919279098510742
4246,bdqn_naive,2.559542655944824
4247,bdqn_naive,5.88382625579834
4248,bdqn_naive,1.1387958526611328
4249,bdqn_naive,-0.08819198608398438
4250,bdqn_naive,-1.3540191650390625
4251,bdqn_naive,1.2638444900512695
4252,bdqn_naive,1.3748397827148438
4253,bdqn_naive,1.0954418182373047
4254,bdqn_naive,0.3251066207885742
4255,bdqn_naive,0.966649055480957
4256,bdqn_naive,1.6600189208984375
4257,bdqn_naive,1.2782974243164062
4258,bdqn_naive,1.5225038528442383
4259,bdqn_naive,1.3923425674438477
4260,bdqn_naive,1.2705020904541016
4261,bdqn_naive,-0.6041250228881836
4262,bdqn_naive,3.8191089630126953
4263,bdqn_naive,2.541682243347168
4264,bdqn_naive,1.3366889953613281
4265,bdqn_naive,0.5291852951049805
4266,bdqn_naive,2.020740509033203
4267,bdqn_naive,2.301166534423828
4268,bdqn_naive,1.978353500366211
4269,bdqn_naive,1.8136920928955078
4270,bdqn_naive,0.5482463836669922
4271,bdqn_naive,3.7132883071899414
4272,bdqn_naive,0.5906524658203125
4273,bdqn_naive,1.5900049209594727
4274,bdqn_naive,1.2888059616088867
4275,bdqn_naive,2.3490514755249023
4276,bdqn_naive,1.9646110534667969
4277,bdqn_naive,2.22027587890625
4278,bdqn_naive,0.6846704483032227
4279,bdqn_naive,1.6634092330932617
4280,bdqn_naive,0.8880825042724609
4281,bdqn_naive,5.204165458679199
4282,bdqn_naive,1.6503095626831055
4283,bdqn_naive,0.9539852142333984
4284,bdqn_naive,-0.6357192993164062
4285,bdqn_naive,4.1851301193237305
4286,bdqn_naive,2.5317258834838867
4287,bdqn_naive,0.8115015029907227
4288,bdqn_naive,3.7100305557250977
4289,bdqn_naive,0.36933326721191406
4290,bdqn_naive,2.0677919387817383
4291,bdqn_naive,0.6379890441894531
4292,bdqn_naive,5.585259437561035
4293,bdqn_naive,0.9602689743041992
4294,bdqn_naive,3.2140865325927734
4295,bdqn_naive,1.2482690811157227
4296,bdqn_naive,1.7455415725708008
4297,bdqn_naive,0.9154529571533203
4298,bdqn_naive,5.186541557312012
4299,bdqn_naive,1.7837209701538086
4300,bdqn_naive,3.4253711700439453
4301,bdqn_naive,1.4919366836547852
4302,bdqn_naive,1.0480623245239258
4303,bdqn_naive,0.5275173187255859
4304,bdqn_naive,1.922882080078125
4305,bdqn_naive,1.645101547241211
4306,bdqn_naive,0.8645572662353516
4307,bdqn_naive,1.646514892578125
4308,bdqn_naive,1.7746553421020508
4309,bdqn_naive,3.243563652038574
4310,bdqn_naive,0.761103630065918
4311,bdqn_naive,0.3372020721435547
4312,bdqn_naive,1.1209230422973633
4313,bdqn_naive,2.6104249954223633
4314,bdqn_naive,1.847294807434082
4315,bdqn_naive,2.819035530090332
4316,bdqn_naive,2.6612300872802734
4317,bdqn_naive,1.2772455215454102
4318,bdqn_naive,1.7486248016357422
4319,bdqn_naive,0.5212440490722656
4320,bdqn_naive,1.305903434753418
4321,bdqn_naive,-0.15996837615966797
4322,bdqn_naive,1.7519416809082031
4323,bdqn_naive,0.2780027389526367
4324,bdqn_naive,0.6388168334960938
4325,bdqn_naive,1.2183113098144531
4326,bdqn_naive,1.3402910232543945
4327,bdqn_naive,3.149550437927246
4328,bdqn_naive,1.8103351593017578
4329,bdqn_naive,1.234654426574707
4330,bdqn_naive,0.2923917770385742
4331,bdqn_naive,0.8967370986938477
4332,bdqn_naive,1.0454635620117188
4333,bdqn_naive,3.1133079528808594
4334,bdqn_naive,0.08610820770263672
4335,bdqn_naive,0.6124858856201172
4336,bdqn_naive,1.6978588104248047
4337,bdqn_naive,0.4870271682739258
4338,bdqn_naive,2.9896240234375
4339,bdqn_naive,0.7800712585449219
4340,bdqn_naive,4.180734634399414
4341,bdqn_naive,4.504060745239258
4342,bdqn_naive,2.720486640930176
4343,bdqn_naive,0.6419744491577148
4344,bdqn_naive,-0.2991037368774414
4345,bdqn_naive,1.3287725448608398
4346,bdqn_naive,1.1440858840942383
4347,bdqn_naive,2.9268484115600586
4348,bdqn_naive,3.1872215270996094
4349,bdqn_naive,1.4319143295288086
4350,bdqn_naive,0.867924690246582
4351,bdqn_naive,2.0278749465942383
4352,bdqn_naive,0.8417339324951172
4353,bdqn_naive,1.7812585830688477
4354,bdqn_naive,-4.167366027832031
4355,bdqn_naive,1.1316957473754883
4356,bdqn_naive,2.3537826538085938
4357,bdqn_naive,2.629751205444336
4358,bdqn_naive,2.1269655227661133
4359,bdqn_naive,0.9162425994873047
4360,bdqn_naive,1.4670143127441406
4361,bdqn_naive,4.925981521606445
4362,bdqn_naive,1.8627519607543945
4363,bdqn_naive,0.5338039398193359
4364,bdqn_naive,1.078505516052246
4365,bdqn_naive,0.7763566970825195
4366,bdqn_naive,0.5138330459594727
4367,bdqn_naive,2.9512319564819336
4368,bdqn_naive,-0.6948347091674805
4369,bdqn_naive,2.083314895629883
4370,bdqn_naive,2.2544002532958984
4371,bdqn_naive,0.5443572998046875
4372,bdqn_naive,1.9106731414794922
4373,bdqn_naive,3.066324234008789
4374,bdqn_naive,0.7965497970581055
4375,bdqn_naive,0.6020927429199219
4376,bdqn_naive,2.3542890548706055
4377,bdqn_naive,1.5495729446411133
4378,bdqn_naive,2.108854293823242
4379,bdqn_naive,2.056875228881836
4380,bdqn_naive,3.5420703887939453
4381,bdqn_naive,2.274139404296875
4382,bdqn_naive,4.256186485290527
4383,bdqn_naive,0.7595138549804688
4384,bdqn_naive,2.7213802337646484
4385,bdqn_naive,2.267510414123535
4386,bdqn_naive,1.6316251754760742
4387,bdqn_naive,0.4975881576538086
4388,bdqn_naive,-0.4515504837036133
4389,bdqn_naive,0.3508033752441406
4390,bdqn_naive,1.421290397644043
4391,bdqn_naive,2.6434545516967773
4392,bdqn_naive,1.6617822647094727
4393,bdqn_naive,1.6987314224243164
4394,bdqn_naive,0.8068141937255859
4395,bdqn_naive,-0.05327320098876953
4396,bdqn_naive,0.5816545486450195
4397,bdqn_naive,4.180229187011719
4398,bdqn_naive,3.390753746032715
4399,bdqn_naive,2.201141357421875
4400,bdqn_naive,0.03762626647949219
4401,bdqn_naive,2.5521326065063477
4402,bdqn_naive,0.8572807312011719
4403,bdqn_naive,1.256943702697754
4404,bdqn_naive,3.3410911560058594
4405,bdqn_naive,1.266256332397461
4406,bdqn_naive,5.459522724151611
4407,bdqn_naive,0.7796297073364258
4408,bdqn_naive,2.762388229370117
4409,bdqn_naive,0.6382255554199219
4410,bdqn_naive,0.9367122650146484
4411,bdqn_naive,0.23877906799316406
4412,bdqn_naive,2.6554861068725586
4413,bdqn_naive,2.8511219024658203
4414,bdqn_naive,1.9941625595092773
4415,bdqn_naive,1.2966241836547852
4416,bdqn_naive,-0.32210826873779297
4417,bdqn_naive,0.4414100646972656
4418,bdqn_naive,1.7942018508911133
4419,bdqn_naive,-0.334442138671875
4420,bdqn_naive,0.7782754898071289
4421,bdqn_naive,1.9451103210449219
4422,bdqn_naive,2.462702751159668
4423,bdqn_naive,1.4970922470092773
4424,bdqn_naive,4.286197185516357
4425,bdqn_naive,1.0996999740600586
4426,bdqn_naive,2.6696815490722656
4427,bdqn_naive,1.8036479949951172
4428,bdqn_naive,1.1253604888916016
4429,bdqn_naive,6.953527450561523
4430,bdqn_naive,1.3043107986450195
4431,bdqn_naive,0.4250516891479492
4432,bdqn_naive,1.5542869567871094
4433,bdqn_naive,1.3423185348510742
4434,bdqn_naive,0.8910732269287109
4435,bdqn_naive,1.3348464965820312
4436,bdqn_naive,0.733184814453125
4437,bdqn_naive,2.216094970703125
4438,bdqn_naive,1.5710315704345703
4439,bdqn_naive,3.346097946166992
4440,bdqn_naive,1.4762840270996094
4441,bdqn_naive,-0.12148094177246094
4442,bdqn_naive,0.6855354309082031
4443,bdqn_naive,1.6361656188964844
4444,bdqn_naive,0.532679557800293
4445,bdqn_naive,1.848402976989746
4446,bdqn_naive,0.6759805679321289
4447,bdqn_naive,3.3406124114990234
4448,bdqn_naive,1.2547187805175781
4449,bdqn_naive,1.2642927169799805
4450,bdqn_naive,4.269217491149902
4451,bdqn_naive,2.857938766479492
4452,bdqn_naive,1.9398460388183594
4453,bdqn_naive,0.49425506591796875
4454,bdqn_naive,0.9336795806884766
4455,bdqn_naive,4.6331892013549805
4456,bdqn_naive,2.438725471496582
4457,bdqn_naive,2.572063446044922
4458,bdqn_naive,0.6892271041870117
4459,bdqn_naive,0.4789695739746094
4460,bdqn_naive,1.6396408081054688
4461,bdqn_naive,0.21424484252929688
4462,bdqn_naive,1.3594112396240234
4463,bdqn_naive,0.5481548309326172
4464,bdqn_naive,1.1716184616088867
4465,bdqn_naive,1.8506555557250977
4466,bdqn_naive,1.992100715637207
4467,bdqn_naive,1.3025617599487305
4468,bdqn_naive,0.8574142456054688
4469,bdqn_naive,1.8645286560058594
4470,bdqn_naive,0.3827948570251465
4471,bdqn_naive,1.13494873046875
4472,bdqn_naive,1.302586555480957
4473,bdqn_naive,1.526209831237793
4474,bdqn_naive,5.640941619873047
4475,bdqn_naive,1.2637548446655273
4476,bdqn_naive,2.8939943313598633
4477,bdqn_naive,0.984675407409668
4478,bdqn_naive,1.4906272888183594
4479,bdqn_naive,0.28241729736328125
4480,bdqn_naive,1.5723857879638672
4481,bdqn_naive,1.5849332809448242
4482,bdqn_naive,3.5152015686035156
4483,bdqn_naive,3.89154052734375
4484,bdqn_naive,-0.19200897216796875
4485,bdqn_naive,1.1184425354003906
4486,bdqn_naive,2.258633613586426
4487,bdqn_naive,4.222009658813477
4488,bdqn_naive,3.1486473083496094
4489,bdqn_naive,2.0064821243286133
4490,bdqn_naive,1.4249629974365234
4491,bdqn_naive,1.0798511505126953
4492,bdqn_naive,1.9219751358032227
4493,bdqn_naive,2.887491226196289
4494,bdqn_naive,4.905163764953613
4495,bdqn_naive,1.2031135559082031
4496,bdqn_naive,0.8083419799804688
4497,bdqn_naive,2.109935760498047
4498,bdqn_naive,2.993152618408203
4499,bdqn_naive,0.7085170745849609
4500,bdqn_naive,0.5170164108276367
4501,bdqn_naive,1.8814268112182617
4502,bdqn_naive,2.2402610778808594
4503,bdqn_naive,1.7067136764526367
4504,bdqn_naive,4.203021049499512
4505,bdqn_naive,2.9818572998046875
4506,bdqn_naive,1.3033971786499023
4507,bdqn_naive,0.9532613754272461
4508,bdqn_naive,1.6517868041992188
4509,bdqn_naive,0.7420520782470703
4510,bdqn_naive,1.4127588272094727
4511,bdqn_naive,0.5523195266723633
4512,bdqn_naive,3.2218589782714844
4513,bdqn_naive,0.8146038055419922
4514,bdqn_naive,1.5400848388671875
4515,bdqn_naive,1.3115835189819336
4516,bdqn_naive,0.8104581832885742
4517,bdqn_naive,0.7599563598632812
4518,bdqn_naive,1.6166439056396484
4519,bdqn_naive,0.5710000991821289
4520,bdqn_naive,4.127494812011719
4521,bdqn_naive,1.1934614181518555
4522,bdqn_naive,1.5648384094238281
4523,bdqn_naive,-0.3407249450683594
4524,bdqn_naive,0.3638038635253906
4525,bdqn_naive,1.3277645111083984
4526,bdqn_naive,2.2457122802734375
4527,bdqn_naive,1.2901277542114258
4528,bdqn_naive,2.48599910736084
4529,bdqn_naive,0.20481109619140625
4530,bdqn_naive,1.2555608749389648
4531,bdqn_naive,2.896717071533203
4532,bdqn_naive,0.09897422790527344
4533,bdqn_naive,1.0458316802978516
4534,bdqn_naive,0.9440908432006836
4535,bdqn_naive,1.217332363128662
4536,bdqn_naive,0.511871337890625
4537,bdqn_naive,1.0044145584106445
4538,bdqn_naive,5.039311408996582
4539,bdqn_naive,4.574494361877441
4540,bdqn_naive,1.722463607788086
4541,bdqn_naive,2.1789255142211914
4542,bdqn_naive,0.7952375411987305
4543,bdqn_naive,0.37880897521972656
4544,bdqn_naive,1.3198680877685547
4545,bdqn_naive,1.1964607238769531
4546,bdqn_naive,1.5481853485107422
4547,bdqn_naive,2.6025571823120117
4548,bdqn_naive,2.4873971939086914
4549,bdqn_naive,-2.036998748779297
4550,bdqn_naive,1.0053844451904297
4551,bdqn_naive,4.262479782104492
4552,bdqn_naive,-0.0004711151123046875
4553,bdqn_naive,1.9723520278930664
4554,bdqn_naive,1.0658855438232422
4555,bdqn_naive,1.4300718307495117
4556,bdqn_naive,0.018962860107421875
4557,bdqn_naive,0.8729543685913086
4558,bdqn_naive,1.2687034606933594
4559,bdqn_naive,3.324415683746338
4560,bdqn_naive,-0.008986473083496094
4561,bdqn_naive,0.9666767120361328
4562,bdqn_naive,4.651320934295654
4563,bdqn_naive,2.8769826889038086
4564,bdqn_naive,1.7133102416992188
4565,bdqn_naive,1.6144838333129883
4566,bdqn_naive,1.9957284927368164
4567,bdqn_naive,2.642942428588867
4568,bdqn_naive,1.1185340881347656
4569,bdqn_naive,2.285665512084961
4570,bdqn_naive,7.162801265716553
4571,bdqn_naive,1.9400701522827148
4572,bdqn_naive,0.9552059173583984
4573,bdqn_naive,0.1684865951538086
4574,bdqn_naive,2.906270980834961
4575,bdqn_naive,1.7545652389526367
4576,bdqn_naive,2.7010269165039062
4577,bdqn_naive,0.3907508850097656
4578,bdqn_naive,2.897891044616699
4579,bdqn_naive,-0.9762325286865234
4580,bdqn_naive,1.139683723449707
4581,bdqn_naive,3.32309627532959
4582,bdqn_naive,0.6671562194824219
4583,bdqn_naive,2.92903995513916
4584,bdqn_naive,3.9884023666381836
4585,bdqn_naive,1.9726200103759766
4586,bdqn_naive,0.9264450073242188
4587,bdqn_naive,2.495305061340332
4588,bdqn_naive,1.5224676132202148
4589,bdqn_naive,1.2002553939819336
4590,bdqn_naive,0.39252662658691406
4591,bdqn_naive,-0.2783346176147461
4592,bdqn_naive,2.6826210021972656
4593,bdqn_naive,0.15122222900390625
4594,bdqn_naive,2.89041805267334
4595,bdqn_naive,1.108586311340332
4596,bdqn_naive,2.36605167388916
4597,bdqn_naive,1.4043397903442383
4598,bdqn_naive,-0.10101127624511719
4599,bdqn_naive,1.8900527954101562
4600,bdqn_naive,1.5914716720581055
4601,bdqn_naive,3.417149543762207
4602,bdqn_naive,2.5152788162231445
4603,bdqn_naive,3.9263010025024414
4604,bdqn_naive,2.0463027954101562
4605,bdqn_naive,0.7670173645019531
4606,bdqn_naive,0.6543817520141602
4607,bdqn_naive,3.896489143371582
4608,bdqn_naive,1.1939516067504883
4609,bdqn_naive,-1.244516372680664
4610,bdqn_naive,0.9587936401367188
4611,bdqn_naive,1.8944721221923828
4612,bdqn_naive,1.4239778518676758
4613,bdqn_naive,0.269927978515625
4614,bdqn_naive,2.559833526611328
4615,bdqn_naive,3.072354316711426
4616,bdqn_naive,1.1277217864990234
4617,bdqn_naive,1.7110605239868164
4618,bdqn_naive,2.641979217529297
4619,bdqn_naive,2.755141258239746
4620,bdqn_naive,2.982651710510254
4621,bdqn_naive,2.0846595764160156
4622,bdqn_naive,1.3250494003295898
4623,bdqn_naive,3.0530385971069336
4624,bdqn_naive,2.175477981567383
4625,bdqn_naive,0.8841886520385742
4626,bdqn_naive,1.0039863586425781
4627,bdqn_naive,1.6279277801513672
4628,bdqn_naive,1.4774694442749023
4629,bdqn_naive,1.149296760559082
4630,bdqn_naive,0.9222602844238281
4631,bdqn_naive,0.5359373092651367
4632,bdqn_naive,3.5937299728393555
4633,bdqn_naive,1.6201858520507812
4634,bdqn_naive,1.3867454528808594
4635,bdqn_naive,1.6181907653808594
4636,bdqn_naive,1.5898990631103516
4637,bdqn_naive,0.6168012619018555
4638,bdqn_naive,3.595372200012207
4639,bdqn_naive,1.3747272491455078
4640,bdqn_naive,3.1981372833251953
4641,bdqn_naive,1.4032554626464844
4642,bdqn_naive,2.3568849563598633
4643,bdqn_naive,1.0490646362304688
4644,bdqn_naive,0.32309627532958984
4645,bdqn_naive,-0.8300743103027344
4646,bdqn_naive,1.5919475555419922
4647,bdqn_naive,0.8427896499633789
4648,bdqn_naive,2.3326921463012695
4649,bdqn_naive,4.340551376342773
4650,bdqn_naive,1.0118274688720703
4651,bdqn_naive,0.5841455459594727
4652,bdqn_naive,1.6384391784667969
4653,bdqn_naive,1.6260366439819336
4654,bdqn_naive,0.19408607482910156
4655,bdqn_naive,0.8987627029418945
4656,bdqn_naive,2.0768871307373047
4657,bdqn_naive,-0.0720977783203125
4658,bdqn_naive,0.052109718322753906
4659,bdqn_naive,0.899195671081543
4660,bdqn_naive,1.9789915084838867
4661,bdqn_naive,0.5573549270629883
4662,bdqn_naive,2.521259307861328
4663,bdqn_naive,3.101374626159668
4664,bdqn_naive,2.046441078186035
4665,bdqn_naive,1.7545852661132812
4666,bdqn_naive,1.4632501602172852
4667,bdqn_naive,3.233952522277832
4668,bdqn_naive,1.314040184020996
4669,bdqn_naive,1.4770126342773438
4670,bdqn_naive,-1.213637351989746
4671,bdqn_naive,2.1752233505249023
4672,bdqn_naive,1.120924949645996
4673,bdqn_naive,0.2956113815307617
4674,bdqn_naive,1.5224695205688477
4675,bdqn_naive,1.303483009338379
4676,bdqn_naive,-1.5470685958862305
4677,bdqn_naive,0.023405075073242188
4678,bdqn_naive,0.29913330078125
4679,bdqn_naive,0.63818359375
4680,bdqn_naive,0.9029474258422852
4681,bdqn_naive,2.835844039916992
4682,bdqn_naive,2.4099855422973633
4683,bdqn_naive,0.4868459701538086
4684,bdqn_naive,1.5653200149536133
4685,bdqn_naive,1.5971002578735352
4686,bdqn_naive,0.3257560729980469
4687,bdqn_naive,0.5675477981567383
4688,bdqn_naive,2.2919368743896484
4689,bdqn_naive,1.9309444427490234
4690,bdqn_naive,0.3861379623413086
4691,bdqn_naive,5.061260223388672
4692,bdqn_naive,3.232668399810791
4693,bdqn_naive,0.3827934265136719
4694,bdqn_naive,0.526336669921875
4695,bdqn_naive,3.6783366203308105
4696,bdqn_naive,2.118061065673828
4697,bdqn_naive,0.8163471221923828
4698,bdqn_naive,0.6451654434204102
4699,bdqn_naive,1.5471611022949219
4700,bdqn_naive,0.29314613342285156
4701,bdqn_naive,1.5087995529174805
4702,bdqn_naive,1.1011419296264648
4703,bdqn_naive,3.7369298934936523
4704,bdqn_naive,-0.12395763397216797
4705,bdqn_naive,0.1237497329711914
4706,bdqn_naive,2.7229766845703125
4707,bdqn_naive,1.0391044616699219
4708,bdqn_naive,1.057845115661621
4709,bdqn_naive,5.414734840393066
4710,bdqn_naive,1.3535680770874023
4711,bdqn_naive,2.724832534790039
4712,bdqn_naive,-0.9225177764892578
4713,bdqn_naive,0.74627685546875
4714,bdqn_naive,0.12543296813964844
4715,bdqn_naive,-0.14320850372314453
4716,bdqn_naive,0.8819122314453125
4717,bdqn_naive,0.37250614166259766
4718,bdqn_naive,4.711207389831543
4719,bdqn_naive,0.46547698974609375
4720,bdqn_naive,2.7868213653564453
4721,bdqn_naive,1.0335416793823242
4722,bdqn_naive,0.960057258605957
4723,bdqn_naive,2.3393545150756836
4724,bdqn_naive,1.6906671524047852
4725,bdqn_naive,2.934506416320801
4726,bdqn_naive,1.8594093322753906
4727,bdqn_naive,1.4514656066894531
4728,bdqn_naive,2.484341621398926
4729,bdqn_naive,2.097593307495117
4730,bdqn_naive,1.9280357360839844
4731,bdqn_naive,4.130395889282227
4732,bdqn_naive,1.2906923294067383
4733,bdqn_naive,0.45604705810546875
4734,bdqn_naive,4.427890777587891
4735,bdqn_naive,0.7367477416992188
4736,bdqn_naive,1.8794326782226562
4737,bdqn_naive,1.5588865280151367
4738,bdqn_naive,1.5139665603637695
4739,bdqn_naive,-0.4591856002807617
4740,bdqn_naive,0.12611007690429688
4741,bdqn_naive,-0.5130205154418945
4742,bdqn_naive,3.6964969635009766
4743,bdqn_naive,1.445068359375
4744,bdqn_naive,3.194211006164551
4745,bdqn_naive,1.9047727584838867
4746,bdqn_naive,1.7541313171386719
4747,bdqn_naive,-0.08859634399414062
4748,bdqn_naive,0.09893798828125
4749,bdqn_naive,0.40383434295654297
4750,bdqn_naive,2.1021652221679688
4751,bdqn_naive,0.04700469970703125
4752,bdqn_naive,2.589890480041504
4753,bdqn_naive,2.41408634185791
4754,bdqn_naive,0.8708419799804688
4755,bdqn_naive,3.1548805236816406
4756,bdqn_naive,1.4896020889282227
4757,bdqn_naive,0.6881275177001953
4758,bdqn_naive,0.48836612701416016
4759,bdqn_naive,4.793901443481445
4760,bdqn_naive,1.4900178909301758
4761,bdqn_naive,2.3173723220825195
4762,bdqn_naive,1.0028190612792969
4763,bdqn_naive,5.930569648742676
4764,bdqn_naive,0.5182790756225586
4765,bdqn_naive,2.6418800354003906
4766,bdqn_naive,0.9286346435546875
4767,bdqn_naive,5.068416595458984
4768,bdqn_naive,2.6113195419311523
4769,bdqn_naive,1.7767953872680664
4770,bdqn_naive,4.962915420532227
4771,bdqn_naive,0.6046714782714844
4772,bdqn_naive,1.3442039489746094
4773,bdqn_naive,2.6415863037109375
4774,bdqn_naive,1.5377702713012695
4775,bdqn_naive,1.3247709274291992
4776,bdqn_naive,1.3264102935791016
4777,bdqn_naive,0.7092981338500977
4778,bdqn_naive,1.4293546676635742
4779,bdqn_naive,1.7193098068237305
4780,bdqn_naive,0.9399480819702148
4781,bdqn_naive,0.9332990646362305
4782,bdqn_naive,2.8424034118652344
4783,bdqn_naive,0.7275362014770508
4784,bdqn_naive,1.2370948791503906
4785,bdqn_naive,0.5343236923217773
4786,bdqn_naive,0.5747909545898438
4787,bdqn_naive,-0.9271655082702637
4788,bdqn_naive,-0.9142332077026367
4789,bdqn_naive,1.9064054489135742
4790,bdqn_naive,0.9131669998168945
4791,bdqn_naive,4.170271873474121
4792,bdqn_naive,1.159158706665039
4793,bdqn_naive,1.3629121780395508
4794,bdqn_naive,0.34433841705322266
4795,bdqn_naive,0.5873641967773438
4796,bdqn_naive,3.574946403503418
4797,bdqn_naive,2.213862419128418
4798,bdqn_naive,2.755054473876953
4799,bdqn_naive,1.9865131378173828
4800,bdqn_naive,0.8791408538818359
4801,bdqn_naive,0.7179040908813477
4802,bdqn_naive,1.6037168502807617
4803,bdqn_naive,0.9980049133300781
4804,bdqn_naive,1.4698114395141602
4805,bdqn_naive,0.11956501007080078
4806,bdqn_naive,1.2019920349121094
4807,bdqn_naive,1.2484941482543945
4808,bdqn_naive,0.9008207321166992
4809,bdqn_naive,1.0589256286621094
4810,bdqn_naive,0.20513916015625
4811,bdqn_naive,0.6331882476806641
4812,bdqn_naive,1.0689983367919922
4813,bdqn_naive,2.297731399536133
4814,bdqn_naive,0.17492294311523438
4815,bdqn_naive,1.5953178405761719
4816,bdqn_naive,0.8479757308959961
4817,bdqn_naive,0.4917421340942383
4818,bdqn_naive,2.0459585189819336
4819,bdqn_naive,5.146059989929199
4820,bdqn_naive,0.46166133880615234
4821,bdqn_naive,1.2766571044921875
4822,bdqn_naive,1.1821775436401367
4823,bdqn_naive,0.25718212127685547
4824,bdqn_naive,0.968292236328125
4825,bdqn_naive,1.067861557006836
4826,bdqn_naive,1.392822265625
4827,bdqn_naive,4.40670108795166
4828,bdqn_naive,2.191387176513672
4829,bdqn_naive,2.77101993560791
4830,bdqn_naive,1.5202789306640625
4831,bdqn_naive,1.5609397888183594
4832,bdqn_naive,0.34633731842041016
4833,bdqn_naive,-0.8751602172851562
4834,bdqn_naive,6.451841354370117
4835,bdqn_naive,0.32817745208740234
4836,bdqn_naive,0.3646116256713867
4837,bdqn_naive,2.386058807373047
4838,bdqn_naive,1.9486160278320312
4839,bdqn_naive,1.1888103485107422
4840,bdqn_naive,2.619805335998535
4841,bdqn_naive,2.182267189025879
4842,bdqn_naive,2.62001895904541
4843,bdqn_naive,1.7185449600219727
4844,bdqn_naive,0.6146039962768555
4845,bdqn_naive,1.604410171508789
4846,bdqn_naive,2.5868844985961914
4847,bdqn_naive,0.6346206665039062
4848,bdqn_naive,0.024030685424804688
4849,bdqn_naive,4.069324493408203
4850,bdqn_naive,0.09247779846191406
4851,bdqn_naive,3.38350772857666
4852,bdqn_naive,0.26840686798095703
4853,bdqn_naive,1.7594480514526367
4854,bdqn_naive,0.4347391128540039
4855,bdqn_naive,0.8518571853637695
4856,bdqn_naive,4.75813102722168
4857,bdqn_naive,1.4478998184204102
4858,bdqn_naive,2.751272201538086
4859,bdqn_naive,1.1370525360107422
4860,bdqn_naive,0.8505706787109375
4861,bdqn_naive,1.1457910537719727
4862,bdqn_naive,4.020791053771973
4863,bdqn_naive,2.0033884048461914
4864,bdqn_naive,1.264251708984375
4865,bdqn_naive,0.6468029022216797
4866,bdqn_naive,4.022854328155518
4867,bdqn_naive,4.253802299499512
4868,bdqn_naive,1.5377140045166016
4869,bdqn_naive,2.3239641189575195
4870,bdqn_naive,5.567514419555664
4871,bdqn_naive,2.8580079078674316
4872,bdqn_naive,2.628833770751953
4873,bdqn_naive,1.2278079986572266
4874,bdqn_naive,3.083176612854004
4875,bdqn_naive,1.454874038696289
4876,bdqn_naive,0.15332889556884766
4877,bdqn_naive,0.060596466064453125
4878,bdqn_naive,3.0565853118896484
4879,bdqn_naive,0.9407014846801758
4880,bdqn_naive,-0.04498100280761719
4881,bdqn_naive,4.241861343383789
4882,bdqn_naive,4.160525321960449
4883,bdqn_naive,1.4353618621826172
4884,bdqn_naive,2.2823400497436523
4885,bdqn_naive,0.44582366943359375
4886,bdqn_naive,1.9692811965942383
4887,bdqn_naive,2.275721549987793
4888,bdqn_naive,1.5097999572753906
4889,bdqn_naive,3.091721534729004
4890,bdqn_naive,1.0630970001220703
4891,bdqn_naive,1.4323644638061523
4892,bdqn_naive,2.0748186111450195
4893,bdqn_naive,3.308969497680664
4894,bdqn_naive,1.036198616027832
4895,bdqn_naive,-0.6728496551513672
4896,bdqn_naive,2.2954463958740234
4897,bdqn_naive,1.2349328994750977
4898,bdqn_naive,1.6337099075317383
4899,bdqn_naive,1.6063423156738281
4900,bdqn_naive,0.1655101776123047
4901,bdqn_naive,3.191333770751953
4902,bdqn_naive,2.422273635864258
4903,bdqn_naive,0.3765592575073242
4904,bdqn_naive,4.31650447845459
4905,bdqn_naive,1.835951805114746
4906,bdqn_naive,2.0406436920166016
4907,bdqn_naive,2.524916648864746
4908,bdqn_naive,0.2802162170410156
4909,bdqn_naive,0.9491662979125977
4910,bdqn_naive,0.63787841796875
4911,bdqn_naive,1.8589754104614258
4912,bdqn_naive,1.2893848419189453
4913,bdqn_naive,2.565959930419922
4914,bdqn_naive,0.7150373458862305
4915,bdqn_naive,3.9703845977783203
4916,bdqn_naive,0.33507251739501953
4917,bdqn_naive,-0.7680015563964844
4918,bdqn_naive,5.286771774291992
4919,bdqn_naive,1.3567142486572266
4920,bdqn_naive,3.1204051971435547
4921,bdqn_naive,1.661850929260254
4922,bdqn_naive,2.3341407775878906
4923,bdqn_naive,4.194734573364258
4924,bdqn_naive,1.7788677215576172
4925,bdqn_naive,4.6894001960754395
4926,bdqn_naive,2.9131298065185547
4927,bdqn_naive,1.6157350540161133
4928,bdqn_naive,2.5440673828125
4929,bdqn_naive,1.5786237716674805
4930,bdqn_naive,3.0261144638061523
4931,bdqn_naive,4.720670700073242
4932,bdqn_naive,2.188591957092285
4933,bdqn_naive,1.6020393371582031
4934,bdqn_naive,1.1925678253173828
4935,bdqn_naive,1.9363441467285156
4936,bdqn_naive,1.0818367004394531
4937,bdqn_naive,4.470939636230469
4938,bdqn_naive,1.0775070190429688
4939,bdqn_naive,0.5550289154052734
4940,bdqn_naive,2.032327651977539
4941,bdqn_naive,1.203948974609375
4942,bdqn_naive,2.6536054611206055
4943,bdqn_naive,1.737013816833496
4944,bdqn_naive,7.36053466796875
4945,bdqn_naive,0.3362417221069336
4946,bdqn_naive,1.4316692352294922
4947,bdqn_naive,0.5894498825073242
4948,bdqn_naive,0.7285137176513672
4949,bdqn_naive,0.5967836380004883
4950,bdqn_naive,0.9931135177612305
4951,bdqn_naive,0.9279870986938477
4952,bdqn_naive,1.2742977142333984
4953,bdqn_naive,2.104982376098633
4954,bdqn_naive,0.9601831436157227
4955,bdqn_naive,2.4217376708984375
4956,bdqn_naive,1.1826972961425781
4957,bdqn_naive,4.158900260925293
4958,bdqn_naive,0.870361328125
4959,bdqn_naive,0.2898406982421875
4960,bdqn_naive,0.6398296356201172
4961,bdqn_naive,1.8502473831176758
4962,bdqn_naive,2.604037284851074
4963,bdqn_naive,2.0012779235839844
4964,bdqn_naive,1.2321796417236328
4965,bdqn_naive,3.5448904037475586
4966,bdqn_naive,1.3800058364868164
4967,bdqn_naive,1.6295394897460938
4968,bdqn_naive,1.476893424987793
4969,bdqn_naive,-0.7095661163330078
4970,bdqn_naive,3.7113986015319824
4971,bdqn_naive,1.0773496627807617
4972,bdqn_naive,1.413304328918457
4973,bdqn_naive,-0.22060394287109375
4974,bdqn_naive,3.0782394409179688
4975,bdqn_naive,0.9573516845703125
4976,bdqn_naive,0.9090547561645508
4977,bdqn_naive,2.2113771438598633
4978,bdqn_naive,2.6809301376342773
4979,bdqn_naive,1.9926338195800781
4980,bdqn_naive,1.7164077758789062
4981,bdqn_naive,1.6289100646972656
4982,bdqn_naive,2.7128419876098633
4983,bdqn_naive,2.8850460052490234
4984,bdqn_naive,0.9819660186767578
4985,bdqn_naive,1.4776878356933594
4986,bdqn_naive,1.6200532913208008
4987,bdqn_naive,1.5178422927856445
4988,bdqn_naive,2.504511833190918
4989,bdqn_naive,4.228714942932129
4990,bdqn_naive,3.017806053161621
4991,bdqn_naive,8.636354446411133
4992,bdqn_naive,1.4106855392456055
4993,bdqn_naive,1.743718147277832
4994,bdqn_naive,1.6579351425170898
4995,bdqn_naive,6.685296058654785
4996,bdqn_naive,4.16538143157959
4997,bdqn_naive,1.8986225128173828
4998,bdqn_naive,-0.6453619003295898
4999,bdqn_naive,0.40265846252441406
5000,bdqn_naive,0.17738628387451172
5001,bdqn_naive,2.191390037536621
5002,bdqn_naive,1.4699935913085938
5003,bdqn_naive,1.535318374633789
5004,bdqn_naive,1.6448345184326172
5005,bdqn_naive,0.6289329528808594
5006,bdqn_naive,0.8342494964599609
5007,bdqn_naive,1.3807315826416016
5008,bdqn_naive,2.5610198974609375
5009,bdqn_naive,3.0742006301879883
5010,bdqn_naive,1.201369285583496
5011,bdqn_naive,3.240921974182129
5012,bdqn_naive,-0.41782665252685547
5013,bdqn_naive,1.9118976593017578
5014,bdqn_naive,3.4018068313598633
5015,bdqn_naive,1.4612760543823242
5016,bdqn_naive,2.6832447052001953
5017,bdqn_naive,3.858201026916504
5018,bdqn_naive,0.9547977447509766
5019,bdqn_naive,0.17953777313232422
5020,bdqn_naive,0.23206710815429688
5021,bdqn_naive,1.0596199035644531
5022,bdqn_naive,4.930291175842285
5023,bdqn_naive,2.5767459869384766
5024,bdqn_naive,1.6798276901245117
5025,bdqn_naive,4.421372413635254
5026,bdqn_naive,1.2244873046875
5027,bdqn_naive,1.7621803283691406
5028,bdqn_naive,2.840977668762207
5029,bdqn_naive,3.7761383056640625
5030,bdqn_naive,1.352421760559082
5031,bdqn_naive,1.1180419921875
5032,bdqn_naive,2.2514591217041016
5033,bdqn_naive,0.9269590377807617
5034,bdqn_naive,1.3381319046020508
5035,bdqn_naive,0.9425086975097656
5036,bdqn_naive,0.5515899658203125
5037,bdqn_naive,3.7008514404296875
5038,bdqn_naive,4.131073951721191
5039,bdqn_naive,1.9449272155761719
5040,bdqn_naive,3.303316116333008
5041,bdqn_naive,2.403909683227539
5042,bdqn_naive,1.895350456237793
5043,bdqn_naive,0.8236150741577148
5044,bdqn_naive,3.6712217330932617
5045,bdqn_naive,2.645040512084961
5046,bdqn_naive,1.914484977722168
5047,bdqn_naive,1.6940937042236328
5048,bdqn_naive,1.2574443817138672
5049,bdqn_naive,2.3308582305908203
5050,bdqn_naive,2.377202033996582
5051,bdqn_naive,4.492195129394531
5052,bdqn_naive,1.854945182800293
5053,bdqn_naive,4.617201805114746
5054,bdqn_naive,2.0373106002807617
5055,bdqn_naive,7.782896041870117
5056,bdqn_naive,1.6629114151000977
5057,bdqn_naive,0.30454015731811523
5058,bdqn_naive,1.0232210159301758
5059,bdqn_naive,1.6071624755859375
5060,bdqn_naive,0.9435882568359375
5061,bdqn_naive,-0.02302837371826172
5062,bdqn_naive,0.7151365280151367
5063,bdqn_naive,2.5301008224487305
5064,bdqn_naive,1.3954687118530273
5065,bdqn_naive,2.443544387817383
5066,bdqn_naive,2.0926647186279297
5067,bdqn_naive,3.2043237686157227
5068,bdqn_naive,0.3086872100830078
5069,bdqn_naive,3.4405698776245117
5070,bdqn_naive,1.3476734161376953
5071,bdqn_naive,0.6392116546630859
5072,bdqn_naive,1.7242698669433594
5073,bdqn_naive,-0.09754657745361328
5074,bdqn_naive,2.778383255004883
5075,bdqn_naive,2.8540115356445312
5076,bdqn_naive,1.289804458618164
5077,bdqn_naive,1.602621078491211
5078,bdqn_naive,1.3165092468261719
5079,bdqn_naive,1.4216508865356445
5080,bdqn_naive,3.1852359771728516
5081,bdqn_naive,4.037057876586914
5082,bdqn_naive,1.1295061111450195
5083,bdqn_naive,1.455648422241211
5084,bdqn_naive,3.6428518295288086
5085,bdqn_naive,7.455293655395508
5086,bdqn_naive,0.9082298278808594
5087,bdqn_naive,1.317209243774414
5088,bdqn_naive,0.937652587890625
5089,bdqn_naive,2.9883804321289062
5090,bdqn_naive,1.3672599792480469
5091,bdqn_naive,-0.21184730529785156
5092,bdqn_naive,1.7964715957641602
5093,bdqn_naive,-0.25656986236572266
5094,bdqn_naive,1.2315988540649414
5095,bdqn_naive,1.3591327667236328
5096,bdqn_naive,1.6316308975219727
5097,bdqn_naive,2.0717716217041016
5098,bdqn_naive,2.2700252532958984
5099,bdqn_naive,2.5569868087768555
5100,bdqn_naive,1.8336563110351562
5101,bdqn_naive,4.352971076965332
5102,bdqn_naive,-0.40321922302246094
5103,bdqn_naive,4.137212753295898
5104,bdqn_naive,2.7870864868164062
5105,bdqn_naive,2.6278533935546875
5106,bdqn_naive,2.2415685653686523
5107,bdqn_naive,2.296274185180664
5108,bdqn_naive,8.61013126373291
5109,bdqn_naive,0.8281021118164062
5110,bdqn_naive,2.023898124694824
5111,bdqn_naive,0.5583877563476562
5112,bdqn_naive,2.976106643676758
5113,bdqn_naive,4.815281867980957
5114,bdqn_naive,0.08712482452392578
5115,bdqn_naive,-0.32296276092529297
5116,bdqn_naive,3.0745697021484375
5117,bdqn_naive,1.1063594818115234
5118,bdqn_naive,1.3504228591918945
5119,bdqn_naive,1.3005695343017578
5120,bdqn_naive,2.7195072174072266
5121,bdqn_naive,2.1091747283935547
5122,bdqn_naive,1.181203842163086
5123,bdqn_naive,2.2219924926757812
5124,bdqn_naive,3.7585630416870117
5125,bdqn_naive,4.443967819213867
5126,bdqn_naive,2.425701141357422
5127,bdqn_naive,4.612943649291992
5128,bdqn_naive,0.719355583190918
5129,bdqn_naive,4.3214111328125
5130,bdqn_naive,1.3161630630493164
5131,bdqn_naive,4.3199462890625
5132,bdqn_naive,4.541660308837891
5133,bdqn_naive,3.008164405822754
5134,bdqn_naive,0.4969062805175781
5135,bdqn_naive,5.427309989929199
5136,bdqn_naive,1.0568475723266602
5137,bdqn_naive,1.943197250366211
5138,bdqn_naive,4.228939056396484
5139,bdqn_naive,0.36182212829589844
5140,bdqn_naive,1.8566722869873047
5141,bdqn_naive,1.8318853378295898
5142,bdqn_naive,0.6312294006347656
5143,bdqn_naive,1.761155128479004
5144,bdqn_naive,0.8332643508911133
5145,bdqn_naive,2.9880523681640625
5146,bdqn_naive,0.9457778930664062
5147,bdqn_naive,1.3851871490478516
5148,bdqn_naive,2.1960830688476562
5149,bdqn_naive,1.647359848022461
5150,bdqn_naive,2.0010128021240234
5151,bdqn_naive,1.8856000900268555
5152,bdqn_naive,0.07802009582519531
5153,bdqn_naive,1.7119483947753906
5154,bdqn_naive,3.888638496398926
5155,bdqn_naive,1.783921241760254
5156,bdqn_naive,5.930412292480469
5157,bdqn_naive,1.1164169311523438
5158,bdqn_naive,1.4048805236816406
5159,bdqn_naive,2.9992361068725586
5160,bdqn_naive,2.111024856567383
5161,bdqn_naive,2.2779483795166016
5162,bdqn_naive,1.6707038879394531
5163,bdqn_naive,1.8169326782226562
5164,bdqn_naive,1.0469532012939453
5165,bdqn_naive,0.8626012802124023
5166,bdqn_naive,1.7787647247314453
5167,bdqn_naive,2.3831863403320312
5168,bdqn_naive,0.8324909210205078
5169,bdqn_naive,2.474864959716797
5170,bdqn_naive,2.4333200454711914
5171,bdqn_naive,0.7551841735839844
5172,bdqn_naive,3.3005008697509766
5173,bdqn_naive,2.833589553833008
5174,bdqn_naive,2.754383087158203
5175,bdqn_naive,0.8294239044189453
5176,bdqn_naive,3.1172609329223633
5177,bdqn_naive,1.8625621795654297
5178,bdqn_naive,-0.7439002990722656
5179,bdqn_naive,0.2903404235839844
5180,bdqn_naive,0.5538597106933594
5181,bdqn_naive,1.2076492309570312
5182,bdqn_naive,0.4081153869628906
5183,bdqn_naive,1.810196876525879
5184,bdqn_naive,2.248678207397461
5185,bdqn_naive,1.2818536758422852
5186,bdqn_naive,1.8877716064453125
5187,bdqn_naive,0.1340465545654297
5188,bdqn_naive,3.138726234436035
5189,bdqn_naive,0.6442651748657227
5190,bdqn_naive,1.6722497940063477
5191,bdqn_naive,1.7980470657348633
5192,bdqn_naive,2.3857316970825195
5193,bdqn_naive,1.6166400909423828
5194,bdqn_naive,1.6972026824951172
5195,bdqn_naive,4.1285400390625
5196,bdqn_naive,1.5104093551635742
5197,bdqn_naive,0.6396484375
5198,bdqn_naive,4.049568176269531
5199,bdqn_naive,2.11138916015625
5200,bdqn_naive,2.4104461669921875
5201,bdqn_naive,0.13767051696777344
5202,bdqn_naive,0.11015701293945312
5203,bdqn_naive,0.7363338470458984
5204,bdqn_naive,2.34942626953125
5205,bdqn_naive,1.1928091049194336
5206,bdqn_naive,4.4835357666015625
5207,bdqn_naive,1.751272201538086
5208,bdqn_naive,1.7435016632080078
5209,bdqn_naive,1.3170957565307617
5210,bdqn_naive,0.5314855575561523
5211,bdqn_naive,1.060842514038086
5212,bdqn_naive,3.5770139694213867
5213,bdqn_naive,0.23844242095947266
5214,bdqn_naive,0.8093404769897461
5215,bdqn_naive,1.924229621887207
5216,bdqn_naive,1.919240951538086
5217,bdqn_naive,1.2153453826904297
5218,bdqn_naive,3.1233444213867188
5219,bdqn_naive,0.6065387725830078
5220,bdqn_naive,1.1793804168701172
5221,bdqn_naive,1.5699844360351562
5222,bdqn_naive,0.9506673812866211
5223,bdqn_naive,4.003610610961914
5224,bdqn_naive,2.620429039001465
5225,bdqn_naive,3.06882905960083
5226,bdqn_naive,2.3722658157348633
5227,bdqn_naive,1.8436555862426758
5228,bdqn_naive,0.7706270217895508
5229,bdqn_naive,5.419061660766602
5230,bdqn_naive,2.021254539489746
5231,bdqn_naive,1.8859624862670898
5232,bdqn_naive,2.2493295669555664
5233,bdqn_naive,1.7749652862548828
5234,bdqn_naive,1.2326593399047852
5235,bdqn_naive,0.8560886383056641
5236,bdqn_naive,1.4122333526611328
5237,bdqn_naive,0.2568178176879883
5238,bdqn_naive,1.2182855606079102
5239,bdqn_naive,1.9776668548583984
5240,bdqn_naive,2.136685371398926
5241,bdqn_naive,4.99776029586792
5242,bdqn_naive,1.5075044631958008
5243,bdqn_naive,1.542673110961914
5244,bdqn_naive,1.6843490600585938
5245,bdqn_naive,1.4448747634887695
5246,bdqn_naive,3.982147216796875
5247,bdqn_naive,2.924727439880371
5248,bdqn_naive,-0.9122829437255859
5249,bdqn_naive,1.1621103286743164
5250,bdqn_naive,1.4388504028320312
5251,bdqn_naive,1.7819805145263672
5252,bdqn_naive,0.04644012451171875
5253,bdqn_naive,1.3797416687011719
5254,bdqn_naive,2.0230283737182617
5255,bdqn_naive,0.8612327575683594
5256,bdqn_naive,7.48822021484375
5257,bdqn_naive,2.4279661178588867
5258,bdqn_naive,1.6930713653564453
5259,bdqn_naive,1.9766416549682617
5260,bdqn_naive,3.336331367492676
5261,bdqn_naive,2.6538286209106445
5262,bdqn_naive,1.370671272277832
5263,bdqn_naive,1.9298858642578125
5264,bdqn_naive,1.5910720825195312
5265,bdqn_naive,1.7134170532226562
5266,bdqn_naive,2.4812707901000977
5267,bdqn_naive,0.2685422897338867
5268,bdqn_naive,1.3211193084716797
5269,bdqn_naive,0.769099235534668
5270,bdqn_naive,1.3702068328857422
5271,bdqn_naive,2.8458728790283203
5272,bdqn_naive,1.9144744873046875
5273,bdqn_naive,2.37923526763916
5274,bdqn_naive,2.472980499267578
5275,bdqn_naive,3.304224967956543
5276,bdqn_naive,0.5025911331176758
5277,bdqn_naive,3.3226027488708496
5278,bdqn_naive,3.2138824462890625
5279,bdqn_naive,1.1434764862060547
5280,bdqn_naive,2.1225414276123047
5281,bdqn_naive,0.9309291839599609
5282,bdqn_naive,2.1086044311523438
5283,bdqn_naive,2.089045524597168
5284,bdqn_naive,2.7445621490478516
5285,bdqn_naive,1.9968233108520508
5286,bdqn_naive,3.3000917434692383
5287,bdqn_naive,0.5684099197387695
5288,bdqn_naive,0.8921089172363281
5289,bdqn_naive,1.1901655197143555
5290,bdqn_naive,-0.009639739990234375
5291,bdqn_naive,1.5755929946899414
5292,bdqn_naive,0.36292266845703125
5293,bdqn_naive,0.5681476593017578
5294,bdqn_naive,1.8609857559204102
5295,bdqn_naive,1.5343017578125
5296,bdqn_naive,1.953974723815918
5297,bdqn_naive,3.654231071472168
5298,bdqn_naive,0.44595813751220703
5299,bdqn_naive,2.1462364196777344
5300,bdqn_naive,2.532608985900879
5301,bdqn_naive,0.5693778991699219
5302,bdqn_naive,2.822352409362793
5303,bdqn_naive,3.2028913497924805
5304,bdqn_naive,1.997732162475586
5305,bdqn_naive,1.0796823501586914
5306,bdqn_naive,0.5715351104736328
5307,bdqn_naive,1.3443918228149414
5308,bdqn_naive,-0.9385719299316406
5309,bdqn_naive,4.822099685668945
5310,bdqn_naive,2.6777753829956055
5311,bdqn_naive,1.1908588409423828
5312,bdqn_naive,1.88739013671875
5313,bdqn_naive,1.2602624893188477
5314,bdqn_naive,1.8384761810302734
5315,bdqn_naive,4.074892044067383
5316,bdqn_naive,1.1582489013671875
5317,bdqn_naive,2.9438514709472656
5318,bdqn_naive,7.006134033203125
5319,bdqn_naive,1.0389471054077148
5320,bdqn_naive,5.841401100158691
5321,bdqn_naive,0.20270633697509766
5322,bdqn_naive,1.1810388565063477
5323,bdqn_naive,1.9542951583862305
5324,bdqn_naive,1.2260942459106445
5325,bdqn_naive,0.687565803527832
5326,bdqn_naive,2.286771774291992
5327,bdqn_naive,1.218062400817871
5328,bdqn_naive,0.5603208541870117
5329,bdqn_naive,8.909172534942627
5330,bdqn_naive,0.635197639465332
5331,bdqn_naive,0.7840642929077148
5332,bdqn_naive,2.5297861099243164
5333,bdqn_naive,4.340198516845703
5334,bdqn_naive,3.039785385131836
5335,bdqn_naive,1.2379770278930664
5336,bdqn_naive,2.3621253967285156
5337,bdqn_naive,2.277179718017578
5338,bdqn_naive,1.0148687362670898
5339,bdqn_naive,3.8155975341796875
5340,bdqn_naive,4.741612434387207
5341,bdqn_naive,-0.7252864837646484
5342,bdqn_naive,1.1783676147460938
5343,bdqn_naive,0.9710063934326172
5344,bdqn_naive,4.944816589355469
5345,bdqn_naive,3.4000768661499023
5346,bdqn_naive,2.9653053283691406
5347,bdqn_naive,1.5906438827514648
5348,bdqn_naive,0.6928529739379883
5349,bdqn_naive,2.104611396789551
5350,bdqn_naive,0.9540767669677734
5351,bdqn_naive,0.8540534973144531
5352,bdqn_naive,5.129822731018066
5353,bdqn_naive,0.10317325592041016
5354,bdqn_naive,2.2252140045166016
5355,bdqn_naive,0.21026611328125
5356,bdqn_naive,3.155320167541504
5357,bdqn_naive,5.414542198181152
5358,bdqn_naive,0.15938949584960938
5359,bdqn_naive,4.765525817871094
5360,bdqn_naive,2.252793312072754
5361,bdqn_naive,2.764181137084961
5362,bdqn_naive,5.026370048522949
5363,bdqn_naive,1.3635473251342773
5364,bdqn_naive,2.7127761840820312
5365,bdqn_naive,4.75391960144043
5366,bdqn_naive,1.399618148803711
5367,bdqn_naive,1.3964710235595703
5368,bdqn_naive,3.169219970703125
5369,bdqn_naive,3.157421112060547
5370,bdqn_naive,5.424350738525391
5371,bdqn_naive,2.9538841247558594
5372,bdqn_naive,2.4990406036376953
5373,bdqn_naive,0.44346046447753906
5374,bdqn_naive,0.7264423370361328
5375,bdqn_naive,1.1940641403198242
5376,bdqn_naive,1.945420265197754
5377,bdqn_naive,-0.8398323059082031
5378,bdqn_naive,0.6152610778808594
5379,bdqn_naive,0.7066612243652344
5380,bdqn_naive,1.4771690368652344
5381,bdqn_naive,1.1999216079711914
5382,bdqn_naive,1.9132919311523438
5383,bdqn_naive,2.597773551940918
5384,bdqn_naive,0.02172088623046875
5385,bdqn_naive,2.1101646423339844
5386,bdqn_naive,2.323497772216797
5387,bdqn_naive,6.6715497970581055
5388,bdqn_naive,0.8934125900268555
5389,bdqn_naive,1.5733394622802734
5390,bdqn_naive,2.072298049926758
5391,bdqn_naive,0.36542797088623047
5392,bdqn_naive,3.2195520401000977
5393,bdqn_naive,4.774472236633301
5394,bdqn_naive,1.6375770568847656
5395,bdqn_naive,1.2391157150268555
5396,bdqn_naive,1.1118249893188477
5397,bdqn_naive,-0.04898834228515625
5398,bdqn_naive,1.301177978515625
5399,bdqn_naive,2.8346099853515625
5400,bdqn_naive,1.375802993774414
5401,bdqn_naive,0.2178354263305664
5402,bdqn_naive,1.0321826934814453
5403,bdqn_naive,0.10564994812011719
5404,bdqn_naive,0.3187675476074219
5405,bdqn_naive,1.2160234451293945
5406,bdqn_naive,1.0355968475341797
5407,bdqn_naive,2.4137439727783203
5408,bdqn_naive,2.0007381439208984
5409,bdqn_naive,3.4295806884765625
5410,bdqn_naive,1.6673965454101562
5411,bdqn_naive,2.8819150924682617
5412,bdqn_naive,2.4568862915039062
5413,bdqn_naive,2.1302709579467773
5414,bdqn_naive,0.9318971633911133
5415,bdqn_naive,1.4027557373046875
5416,bdqn_naive,1.7248849868774414
5417,bdqn_naive,0.06880474090576172
5418,bdqn_naive,1.1507835388183594
5419,bdqn_naive,0.7183809280395508
5420,bdqn_naive,0.7833623886108398
5421,bdqn_naive,0.4414653778076172
5422,bdqn_naive,1.3731870651245117
5423,bdqn_naive,2.282289505004883
5424,bdqn_naive,0.6545171737670898
5425,bdqn_naive,4.322732925415039
5426,bdqn_naive,2.9815216064453125
5427,bdqn_naive,1.8693561553955078
5428,bdqn_naive,0.2745094299316406
5429,bdqn_naive,1.813425064086914
5430,bdqn_naive,1.1146183013916016
5431,bdqn_naive,2.193675994873047
5432,bdqn_naive,6.871280193328857
5433,bdqn_naive,1.8823308944702148
5434,bdqn_naive,2.2618045806884766
5435,bdqn_naive,0.9440059661865234
5436,bdqn_naive,2.132718086242676
5437,bdqn_naive,0.8935699462890625
5438,bdqn_naive,1.0038213729858398
5439,bdqn_naive,2.4299097061157227
5440,bdqn_naive,3.5109004974365234
5441,bdqn_naive,0.8455448150634766
5442,bdqn_naive,0.6603946685791016
5443,bdqn_naive,1.391958236694336
5444,bdqn_naive,0.7017145156860352
5445,bdqn_naive,2.6026573181152344
5446,bdqn_naive,3.1256160736083984
5447,bdqn_naive,2.7062759399414062
5448,bdqn_naive,2.410604476928711
5449,bdqn_naive,1.3460988998413086
5450,bdqn_naive,1.6453800201416016
5451,bdqn_naive,1.2046422958374023
5452,bdqn_naive,0.5471515655517578
5453,bdqn_naive,0.5117712020874023
5454,bdqn_naive,0.27269935607910156
5455,bdqn_naive,2.824751853942871
5456,bdqn_naive,2.5804014205932617
5457,bdqn_naive,0.9154825210571289
5458,bdqn_naive,0.1754741668701172
5459,bdqn_naive,0.967381477355957
5460,bdqn_naive,2.0165748596191406
5461,bdqn_naive,1.0348920822143555
5462,bdqn_naive,0.3728170394897461
5463,bdqn_naive,1.3246879577636719
5464,bdqn_naive,1.852503776550293
5465,bdqn_naive,2.202868938446045
5466,bdqn_naive,1.0756111145019531
5467,bdqn_naive,1.9537315368652344
5468,bdqn_naive,0.40761566162109375
5469,bdqn_naive,1.8277254104614258
5470,bdqn_naive,4.458731174468994
5471,bdqn_naive,1.2981548309326172
5472,bdqn_naive,1.6207084655761719
5473,bdqn_naive,3.171712875366211
5474,bdqn_naive,1.8329477310180664
5475,bdqn_naive,0.7946605682373047
5476,bdqn_naive,1.6642398834228516
5477,bdqn_naive,1.2375202178955078
5478,bdqn_naive,0.9606561660766602
5479,bdqn_naive,1.054265022277832
5480,bdqn_naive,6.529942512512207
5481,bdqn_naive,3.7686586380004883
5482,bdqn_naive,1.108616828918457
5483,bdqn_naive,0.5839548110961914
5484,bdqn_naive,0.5128602981567383
5485,bdqn_naive,1.9266767501831055
5486,bdqn_naive,1.4476442337036133
5487,bdqn_naive,2.5353565216064453
5488,bdqn_naive,-0.8171548843383789
5489,bdqn_naive,1.8766298294067383
5490,bdqn_naive,1.2070446014404297
5491,bdqn_naive,1.7982864379882812
5492,bdqn_naive,0.5498065948486328
5493,bdqn_naive,0.9117212295532227
5494,bdqn_naive,0.3649110794067383
5495,bdqn_naive,1.4039030075073242
5496,bdqn_naive,2.3056488037109375
5497,bdqn_naive,0.7307729721069336
5498,bdqn_naive,1.3543739318847656
5499,bdqn_naive,0.6925601959228516
5500,bdqn_naive,1.5228843688964844
5501,bdqn_naive,1.4241409301757812
5502,bdqn_naive,1.6012792587280273
5503,bdqn_naive,1.6561431884765625
5504,bdqn_naive,-0.8802499771118164
5505,bdqn_naive,2.3664779663085938
5506,bdqn_naive,3.7712783813476562
5507,bdqn_naive,2.914968490600586
5508,bdqn_naive,0.6152353286743164
5509,bdqn_naive,3.4171152114868164
5510,bdqn_naive,5.180431365966797
5511,bdqn_naive,1.2897157669067383
5512,bdqn_naive,3.0339603424072266
5513,bdqn_naive,1.880385398864746
5514,bdqn_naive,4.223832130432129
5515,bdqn_naive,3.958296775817871
5516,bdqn_naive,5.375378608703613
5517,bdqn_naive,1.9464654922485352
5518,bdqn_naive,2.249751091003418
5519,bdqn_naive,0.09919357299804688
5520,bdqn_naive,0.07536983489990234
5521,bdqn_naive,1.5922737121582031
5522,bdqn_naive,0.6653890609741211
5523,bdqn_naive,2.0828380584716797
5524,bdqn_naive,4.853143692016602
5525,bdqn_naive,-0.13874053955078125
5526,bdqn_naive,4.3754425048828125
5527,bdqn_naive,0.8573541641235352
5528,bdqn_naive,2.661789894104004
5529,bdqn_naive,1.9052553176879883
5530,bdqn_naive,5.9102783203125
5531,bdqn_naive,1.832925796508789
5532,bdqn_naive,2.8941307067871094
5533,bdqn_naive,2.2492237091064453
5534,bdqn_naive,0.8878908157348633
5535,bdqn_naive,3.1480541229248047
5536,bdqn_naive,1.8952789306640625
5537,bdqn_naive,1.160710334777832
5538,bdqn_naive,0.27790069580078125
5539,bdqn_naive,2.056809425354004
5540,bdqn_naive,1.6583871841430664
5541,bdqn_naive,1.202737808227539
5542,bdqn_naive,2.399545669555664
5543,bdqn_naive,0.6919450759887695
5544,bdqn_naive,0.40798473358154297
5545,bdqn_naive,0.5552148818969727
5546,bdqn_naive,0.1997976303100586
5547,bdqn_naive,2.5295495986938477
5548,bdqn_naive,2.4506359100341797
5549,bdqn_naive,1.5798473358154297
5550,bdqn_naive,4.5764055252075195
5551,bdqn_naive,1.6223411560058594
5552,bdqn_naive,2.060591697692871
5553,bdqn_naive,4.412712097167969
5554,bdqn_naive,1.6690607070922852
5555,bdqn_naive,2.5553503036499023
5556,bdqn_naive,1.4791126251220703
5557,bdqn_naive,1.7520618438720703
5558,bdqn_naive,0.6410303115844727
5559,bdqn_naive,1.525808334350586
5560,bdqn_naive,0.04492950439453125
5561,bdqn_naive,0.5012273788452148
5562,bdqn_naive,4.572617530822754
5563,bdqn_naive,1.3303298950195312
5564,bdqn_naive,1.718979835510254
5565,bdqn_naive,3.170109748840332
5566,bdqn_naive,0.7277097702026367
5567,bdqn_naive,0.607668399810791
5568,bdqn_naive,1.0472307205200195
5569,bdqn_naive,0.007932662963867188
5570,bdqn_naive,0.8730430603027344
5571,bdqn_naive,-0.4435243606567383
5572,bdqn_naive,0.9206829071044922
5573,bdqn_naive,1.2050743103027344
5574,bdqn_naive,0.029806137084960938
5575,bdqn_naive,1.2868528366088867
5576,bdqn_naive,0.784881591796875
5577,bdqn_naive,2.6753082275390625
5578,bdqn_naive,5.117569923400879
5579,bdqn_naive,2.914942741394043
5580,bdqn_naive,3.765345573425293
5581,bdqn_naive,1.2523460388183594
5582,bdqn_naive,3.1005516052246094
5583,bdqn_naive,1.8016080856323242
5584,bdqn_naive,3.0758285522460938
5585,bdqn_naive,3.0557918548583984
5586,bdqn_naive,1.510711669921875
5587,bdqn_naive,1.3956298828125
5588,bdqn_naive,2.184925079345703
5589,bdqn_naive,0.6985960006713867
5590,bdqn_naive,3.494211196899414
5591,bdqn_naive,1.3996362686157227
5592,bdqn_naive,0.932215690612793
5593,bdqn_naive,0.21635723114013672
5594,bdqn_naive,5.33165168762207
5595,bdqn_naive,0.3685646057128906
5596,bdqn_naive,2.812546730041504
5597,bdqn_naive,0.7447128295898438
5598,bdqn_naive,0.9743223190307617
5599,bdqn_naive,0.4351634979248047
5600,bdqn_naive,0.02094745635986328
5601,bdqn_naive,3.5700387954711914
5602,bdqn_naive,2.789858818054199
5603,bdqn_naive,2.060029983520508
5604,bdqn_naive,0.8766317367553711
5605,bdqn_naive,2.7468395233154297
5606,bdqn_naive,0.4348115921020508
5607,bdqn_naive,1.0740509033203125
5608,bdqn_naive,2.385753631591797
5609,bdqn_naive,1.1580333709716797
5610,bdqn_naive,2.7179718017578125
5611,bdqn_naive,0.6529312133789062
5612,bdqn_naive,0.7904672622680664
5613,bdqn_naive,3.782498359680176
5614,bdqn_naive,2.248723030090332
5615,bdqn_naive,0.5141439437866211
5616,bdqn_naive,2.9554882049560547
5617,bdqn_naive,1.4758243560791016
5618,bdqn_naive,1.271347999572754
5619,bdqn_naive,1.5570735931396484
5620,bdqn_naive,5.006070137023926
5621,bdqn_naive,1.0158300399780273
5622,bdqn_naive,2.424471855163574
5623,bdqn_naive,2.284994125366211
5624,bdqn_naive,-0.34226036071777344
5625,bdqn_naive,2.259279251098633
5626,bdqn_naive,1.8198070526123047
5627,bdqn_naive,2.151876449584961
5628,bdqn_naive,0.6587705612182617
5629,bdqn_naive,1.6846694946289062
5630,bdqn_naive,1.4191045761108398
5631,bdqn_naive,4.58611536026001
5632,bdqn_naive,1.8880205154418945
5633,bdqn_naive,1.717508316040039
5634,bdqn_naive,-0.4706687927246094
5635,bdqn_naive,0.9486703872680664
5636,bdqn_naive,2.639266014099121
5637,bdqn_naive,3.408843994140625
5638,bdqn_naive,2.3254966735839844
5639,bdqn_naive,0.532353401184082
5640,bdqn_naive,0.7401714324951172
5641,bdqn_naive,3.122739791870117
5642,bdqn_naive,1.838212013244629
5643,bdqn_naive,0.4351844787597656
5644,bdqn_naive,4.050746917724609
5645,bdqn_naive,2.08939266204834
5646,bdqn_naive,2.23366641998291
5647,bdqn_naive,5.46059513092041
5648,bdqn_naive,0.7796707153320312
5649,bdqn_naive,2.347362518310547
5650,bdqn_naive,0.8415346145629883
5651,bdqn_naive,1.980031967163086
5652,bdqn_naive,0.2893028259277344
5653,bdqn_naive,0.8319664001464844
5654,bdqn_naive,0.6644115447998047
5655,bdqn_naive,0.3748626708984375
5656,bdqn_naive,1.71246337890625
5657,bdqn_naive,2.3340139389038086
5658,bdqn_naive,1.271036148071289
5659,bdqn_naive,-0.03017711639404297
5660,bdqn_naive,2.3828659057617188
5661,bdqn_naive,1.3640708923339844
5662,bdqn_naive,1.1362934112548828
5663,bdqn_naive,1.429917335510254
5664,bdqn_naive,3.562424659729004
5665,bdqn_naive,4.057027816772461
5666,bdqn_naive,2.0155677795410156
5667,bdqn_naive,1.2368383407592773
5668,bdqn_naive,-0.42063045501708984
5669,bdqn_naive,1.1130895614624023
5670,bdqn_naive,5.299445152282715
5671,bdqn_naive,0.18946170806884766
5672,bdqn_naive,5.348300933837891
5673,bdqn_naive,1.6785812377929688
5674,bdqn_naive,0.9558782577514648
5675,bdqn_naive,1.737441062927246
5676,bdqn_naive,0.8661441802978516
5677,bdqn_naive,1.2103500366210938
5678,bdqn_naive,1.4650354385375977
5679,bdqn_naive,1.926772117614746
5680,bdqn_naive,0.8618593215942383
5681,bdqn_naive,-0.8136358261108398
5682,bdqn_naive,0.5202608108520508
5683,bdqn_naive,0.6041088104248047
5684,bdqn_naive,0.615941047668457
5685,bdqn_naive,-0.005649566650390625
5686,bdqn_naive,0.29192161560058594
5687,bdqn_naive,0.2635011672973633
5688,bdqn_naive,1.319997787475586
5689,bdqn_naive,1.0773077011108398
5690,bdqn_naive,6.129194259643555
5691,bdqn_naive,1.808619499206543
5692,bdqn_naive,1.8799934387207031
5693,bdqn_naive,0.8726015090942383
5694,bdqn_naive,1.555450439453125
5695,bdqn_naive,2.7757883071899414
5696,bdqn_naive,3.748162269592285
5697,bdqn_naive,3.960264205932617
5698,bdqn_naive,1.7024412155151367
5699,bdqn_naive,1.8730077743530273
5700,bdqn_naive,2.3338146209716797
5701,bdqn_naive,2.8439016342163086
5702,bdqn_naive,1.881220817565918
5703,bdqn_naive,0.8861284255981445
5704,bdqn_naive,0.7889585494995117
5705,bdqn_naive,1.8583869934082031
5706,bdqn_naive,0.034371376037597656
5707,bdqn_naive,0.5848369598388672
5708,bdqn_naive,0.5367279052734375
5709,bdqn_naive,2.6428327560424805
5710,bdqn_naive,1.9929027557373047
5711,bdqn_naive,-0.021948814392089844
5712,bdqn_naive,2.9562644958496094
5713,bdqn_naive,1.6938724517822266
5714,bdqn_naive,2.7866640090942383
5715,bdqn_naive,1.6591606140136719
5716,bdqn_naive,2.180006980895996
5717,bdqn_naive,0.5715961456298828
5718,bdqn_naive,5.1508378982543945
5719,bdqn_naive,0.53369140625
5720,bdqn_naive,1.9454479217529297
5721,bdqn_naive,1.595179557800293
5722,bdqn_naive,2.575611114501953
5723,bdqn_naive,-0.1996145248413086
5724,bdqn_naive,0.7593135833740234
5725,bdqn_naive,2.054202079772949
5726,bdqn_naive,3.0001697540283203
5727,bdqn_naive,3.141312599182129
5728,bdqn_naive,3.2669553756713867
5729,bdqn_naive,1.4840221405029297
5730,bdqn_naive,1.999821662902832
5731,bdqn_naive,1.4799518585205078
5732,bdqn_naive,2.9479455947875977
5733,bdqn_naive,1.13299560546875
5734,bdqn_naive,1.7627182006835938
5735,bdqn_naive,-0.05739593505859375
5736,bdqn_naive,3.399285316467285
5737,bdqn_naive,5.91574764251709
5738,bdqn_naive,1.1647815704345703
5739,bdqn_naive,1.8855457305908203
5740,bdqn_naive,3.391071319580078
5741,bdqn_naive,1.0458688735961914
5742,bdqn_naive,1.372396469116211
5743,bdqn_naive,1.616847038269043
5744,bdqn_naive,2.052946090698242
5745,bdqn_naive,0.5228385925292969
5746,bdqn_naive,-0.7676496505737305
5747,bdqn_naive,2.157114028930664
5748,bdqn_naive,3.0785579681396484
5749,bdqn_naive,3.7480392456054688
5750,bdqn_naive,0.7940702438354492
5751,bdqn_naive,2.3670568466186523
5752,bdqn_naive,0.9005413055419922
5753,bdqn_naive,0.42698192596435547
5754,bdqn_naive,0.48290061950683594
5755,bdqn_naive,2.7746191024780273
5756,bdqn_naive,1.4707756042480469
5757,bdqn_naive,2.2282114028930664
5758,bdqn_naive,5.371025085449219
5759,bdqn_naive,2.547628402709961
5760,bdqn_naive,2.9958934783935547
5761,bdqn_naive,2.660520553588867
5762,bdqn_naive,0.9316549301147461
5763,bdqn_naive,0.07600593566894531
5764,bdqn_naive,3.8701419830322266
5765,bdqn_naive,1.5967559814453125
5766,bdqn_naive,2.6856136322021484
5767,bdqn_naive,4.7036542892456055
5768,bdqn_naive,1.7842445373535156
5769,bdqn_naive,1.2353754043579102
5770,bdqn_naive,1.1257438659667969
5771,bdqn_naive,6.458733558654785
5772,bdqn_naive,1.6484298706054688
5773,bdqn_naive,2.4122838973999023
5774,bdqn_naive,1.070749282836914
5775,bdqn_naive,0.7950325012207031
5776,bdqn_naive,3.7211780548095703
5777,bdqn_naive,0.5864095687866211
5778,bdqn_naive,5.616067886352539
5779,bdqn_naive,-0.0690145492553711
5780,bdqn_naive,2.7275781631469727
5781,bdqn_naive,1.2383193969726562
5782,bdqn_naive,1.4051294326782227
5783,bdqn_naive,2.370821952819824
5784,bdqn_naive,3.1442222595214844
5785,bdqn_naive,1.1333436965942383
5786,bdqn_naive,1.737959861755371
5787,bdqn_naive,1.097905158996582
5788,bdqn_naive,0.5360250473022461
5789,bdqn_naive,2.2661352157592773
5790,bdqn_naive,0.06483173370361328
5791,bdqn_naive,1.6352729797363281
5792,bdqn_naive,1.7193403244018555
5793,bdqn_naive,1.7324819564819336
5794,bdqn_naive,2.0854368209838867
5795,bdqn_naive,1.2919836044311523
5796,bdqn_naive,1.7001018524169922
5797,bdqn_naive,2.4071197509765625
5798,bdqn_naive,5.772835731506348
5799,bdqn_naive,-0.1932392120361328
5800,bdqn_naive,1.8884716033935547
5801,bdqn_naive,5.009499549865723
5802,bdqn_naive,1.959578514099121
5803,bdqn_naive,1.0467519760131836
5804,bdqn_naive,4.811116695404053
5805,bdqn_naive,1.016200065612793
5806,bdqn_naive,1.1618661880493164
5807,bdqn_naive,7.99867057800293
5808,bdqn_naive,0.6275272369384766
5809,bdqn_naive,1.3404178619384766
5810,bdqn_naive,1.8812332153320312
5811,bdqn_naive,4.191176414489746
5812,bdqn_naive,3.6225948333740234
5813,bdqn_naive,1.8562955856323242
5814,bdqn_naive,1.0198249816894531
5815,bdqn_naive,0.8227367401123047
5816,bdqn_naive,0.0866384506225586
5817,bdqn_naive,1.7450323104858398
5818,bdqn_naive,2.8636560440063477
5819,bdqn_naive,0.39745044708251953
5820,bdqn_naive,2.9993896484375
5821,bdqn_naive,1.822291374206543
5822,bdqn_naive,0.2914772033691406
5823,bdqn_naive,0.3757495880126953
5824,bdqn_naive,2.5753259658813477
5825,bdqn_naive,3.2064008712768555
5826,bdqn_naive,2.1098737716674805
5827,bdqn_naive,2.233217239379883
5828,bdqn_naive,0.4705982208251953
5829,bdqn_naive,1.0739126205444336
5830,bdqn_naive,0.6845684051513672
5831,bdqn_naive,0.5701904296875
5832,bdqn_naive,1.8430309295654297
5833,bdqn_naive,0.9056806564331055
5834,bdqn_naive,0.9608554840087891
5835,bdqn_naive,0.9826154708862305
5836,bdqn_naive,1.8318147659301758
5837,bdqn_naive,3.453507423400879
5838,bdqn_naive,3.722226142883301
5839,bdqn_naive,1.7571744918823242
5840,bdqn_naive,0.9949092864990234
5841,bdqn_naive,-0.8857431411743164
5842,bdqn_naive,2.710237503051758
5843,bdqn_naive,1.376246452331543
5844,bdqn_naive,2.7552900314331055
5845,bdqn_naive,1.0024137496948242
5846,bdqn_naive,0.49602794647216797
5847,bdqn_naive,0.0010728836059570312
5848,bdqn_naive,1.0029106140136719
5849,bdqn_naive,2.1885480880737305
5850,bdqn_naive,1.5638294219970703
5851,bdqn_naive,2.2627601623535156
5852,bdqn_naive,0.2679710388183594
5853,bdqn_naive,1.8825149536132812
5854,bdqn_naive,4.3829145431518555
5855,bdqn_naive,0.6107902526855469
5856,bdqn_naive,0.9148960113525391
5857,bdqn_naive,1.361069679260254
5858,bdqn_naive,0.5282211303710938
5859,bdqn_naive,2.7688350677490234
5860,bdqn_naive,1.8884506225585938
5861,bdqn_naive,1.3166236877441406
5862,bdqn_naive,1.5260515213012695
5863,bdqn_naive,0.2133321762084961
5864,bdqn_naive,1.5837488174438477
5865,bdqn_naive,0.3517799377441406
5866,bdqn_naive,0.9680109024047852
5867,bdqn_naive,1.5711078643798828
5868,bdqn_naive,3.0847339630126953
5869,bdqn_naive,2.2395200729370117
5870,bdqn_naive,1.624222755432129
5871,bdqn_naive,0.4725933074951172
5872,bdqn_naive,1.4230623245239258
5873,bdqn_naive,2.076401710510254
5874,bdqn_naive,1.0036287307739258
5875,bdqn_naive,2.013957977294922
5876,bdqn_naive,0.9333934783935547
5877,bdqn_naive,1.1383953094482422
5878,bdqn_naive,3.686351776123047
5879,bdqn_naive,1.2110557556152344
5880,bdqn_naive,0.2512178421020508
5881,bdqn_naive,1.2386970520019531
5882,bdqn_naive,0.29500579833984375
5883,bdqn_naive,1.1489782333374023
5884,bdqn_naive,4.08604621887207
5885,bdqn_naive,0.9367589950561523
5886,bdqn_naive,3.3125791549682617
5887,bdqn_naive,1.2197589874267578
5888,bdqn_naive,0.6962490081787109
5889,bdqn_naive,2.3921451568603516
5890,bdqn_naive,0.6949577331542969
5891,bdqn_naive,1.7453498840332031
5892,bdqn_naive,0.8355484008789062
5893,bdqn_naive,1.2365589141845703
5894,bdqn_naive,1.577418327331543
5895,bdqn_naive,1.9735784530639648
5896,bdqn_naive,0.3524751663208008
5897,bdqn_naive,2.3806591033935547
5898,bdqn_naive,6.120368957519531
5899,bdqn_naive,1.2918758392333984
5900,bdqn_naive,1.6203994750976562
5901,bdqn_naive,2.5091171264648438
5902,bdqn_naive,1.4818792343139648
5903,bdqn_naive,0.14426517486572266
5904,bdqn_naive,-0.2320699691772461
5905,bdqn_naive,5.367164611816406
5906,bdqn_naive,1.754084587097168
5907,bdqn_naive,0.042120933532714844
5908,bdqn_naive,0.7765951156616211
5909,bdqn_naive,0.6143932342529297
5910,bdqn_naive,1.1563749313354492
5911,bdqn_naive,0.5606412887573242
5912,bdqn_naive,1.0644559860229492
5913,bdqn_naive,0.7365198135375977
5914,bdqn_naive,1.525010108947754
5915,bdqn_naive,2.514253616333008
5916,bdqn_naive,1.5361814498901367
5917,bdqn_naive,1.1542224884033203
5918,bdqn_naive,4.14202880859375
5919,bdqn_naive,0.2898998260498047
5920,bdqn_naive,2.419473648071289
5921,bdqn_naive,4.224584579467773
5922,bdqn_naive,0.7214670181274414
5923,bdqn_naive,3.157259941101074
5924,bdqn_naive,4.915759086608887
5925,bdqn_naive,2.338926315307617
5926,bdqn_naive,1.8799810409545898
5927,bdqn_naive,0.2579174041748047
5928,bdqn_naive,0.2994060516357422
5929,bdqn_naive,1.2008323669433594
5930,bdqn_naive,1.785989761352539
5931,bdqn_naive,0.7188940048217773
5932,bdqn_naive,1.111846923828125
5933,bdqn_naive,2.424386978149414
5934,bdqn_naive,0.19510364532470703
5935,bdqn_naive,2.953226089477539
5936,bdqn_naive,3.2164907455444336
5937,bdqn_naive,5.5883026123046875
5938,bdqn_naive,1.9838533401489258
5939,bdqn_naive,0.4702568054199219
5940,bdqn_naive,4.465047836303711
5941,bdqn_naive,2.2420425415039062
5942,bdqn_naive,0.9293813705444336
5943,bdqn_naive,1.7806644439697266
5944,bdqn_naive,0.6138477325439453
5945,bdqn_naive,2.661396026611328
5946,bdqn_naive,0.6680030822753906
5947,bdqn_naive,0.8944873809814453
5948,bdqn_naive,2.8957977294921875
5949,bdqn_naive,4.532912254333496
5950,bdqn_naive,1.1447429656982422
5951,bdqn_naive,0.38790130615234375
5952,bdqn_naive,4.184078216552734
5953,bdqn_naive,1.0421104431152344
5954,bdqn_naive,0.47312021255493164
5955,bdqn_naive,-0.6172313690185547
5956,bdqn_naive,2.5664777755737305
5957,bdqn_naive,0.5992650985717773
5958,bdqn_naive,3.6466684341430664
5959,bdqn_naive,2.271063804626465
5960,bdqn_naive,0.16346359252929688
5961,bdqn_naive,2.6396827697753906
5962,bdqn_naive,2.2052526473999023
5963,bdqn_naive,3.261446952819824
5964,bdqn_naive,1.0740022659301758
5965,bdqn_naive,3.845256805419922
5966,bdqn_naive,2.664517402648926
5967,bdqn_naive,3.3777456283569336
5968,bdqn_naive,1.5823020935058594
5969,bdqn_naive,1.9807004928588867
5970,bdqn_naive,1.4217414855957031
5971,bdqn_naive,6.060126304626465
5972,bdqn_naive,2.507216453552246
5973,bdqn_naive,0.6855125427246094
5974,bdqn_naive,-0.006732940673828125
5975,bdqn_naive,0.5293416976928711
5976,bdqn_naive,-0.14631938934326172
5977,bdqn_naive,3.452387809753418
5978,bdqn_naive,1.6873245239257812
5979,bdqn_naive,1.8096437454223633
5980,bdqn_naive,0.24930572509765625
5981,bdqn_naive,0.6392021179199219
5982,bdqn_naive,0.7167816162109375
5983,bdqn_naive,0.45142173767089844
5984,bdqn_naive,1.5174293518066406
5985,bdqn_naive,1.1070737838745117
5986,bdqn_naive,1.5858306884765625
5987,bdqn_naive,1.4333600997924805
5988,bdqn_naive,1.624847412109375
5989,bdqn_naive,-0.11869621276855469
5990,bdqn_naive,0.13195228576660156
5991,bdqn_naive,-0.21413421630859375
5992,bdqn_naive,1.8404130935668945
5993,bdqn_naive,1.3853979110717773
5994,bdqn_naive,0.6897211074829102
5995,bdqn_naive,0.8493099212646484
5996,bdqn_naive,1.4555034637451172
5997,bdqn_naive,0.4862518310546875
5998,bdqn_naive,2.7262563705444336
5999,bdqn_naive,1.2936115264892578
6000,bdqn_naive,1.345438003540039
6001,bdqn_naive,1.9471569061279297
6002,bdqn_naive,0.9458436965942383
6003,bdqn_naive,1.3850717544555664
6004,bdqn_naive,0.6259431838989258
6005,bdqn_naive,0.9679508209228516
6006,bdqn_naive,2.050079345703125
6007,bdqn_naive,4.025308609008789
6008,bdqn_naive,0.14353656768798828
6009,bdqn_naive,0.4226188659667969
6010,bdqn_naive,0.5303735733032227
6011,bdqn_naive,1.5594205856323242
6012,bdqn_naive,3.554409980773926
6013,bdqn_naive,1.6246767044067383
6014,bdqn_naive,1.9235944747924805
6015,bdqn_naive,0.45283985137939453
6016,bdqn_naive,0.8679170608520508
6017,bdqn_naive,1.3436517715454102
6018,bdqn_naive,0.8841304779052734
6019,bdqn_naive,2.8118228912353516
6020,bdqn_naive,2.9080162048339844
6021,bdqn_naive,-0.5853052139282227
6022,bdqn_naive,0.9114542007446289
6023,bdqn_naive,0.5593080520629883
6024,bdqn_naive,1.111043930053711
6025,bdqn_naive,1.7628116607666016
6026,bdqn_naive,0.6914510726928711
6027,bdqn_naive,3.205824851989746
6028,bdqn_naive,0.670501708984375
6029,bdqn_naive,2.23199462890625
6030,bdqn_naive,2.8669776916503906
6031,bdqn_naive,1.7379741668701172
6032,bdqn_naive,3.7856407165527344
6033,bdqn_naive,2.0555057525634766
6034,bdqn_naive,2.0779571533203125
6035,bdqn_naive,1.9063491821289062
6036,bdqn_naive,1.6829805374145508
6037,bdqn_naive,3.075183868408203
6038,bdqn_naive,3.107006072998047
6039,bdqn_naive,2.3313350677490234
6040,bdqn_naive,3.4889650344848633
6041,bdqn_naive,1.4134130477905273
6042,bdqn_naive,-0.6209306716918945
6043,bdqn_naive,1.0619745254516602
6044,bdqn_naive,3.320326805114746
6045,bdqn_naive,0.6166191101074219
6046,bdqn_naive,1.5985603332519531
6047,bdqn_naive,3.1668033599853516
6048,bdqn_naive,0.5294971466064453
6049,bdqn_naive,0.7073593139648438
6050,bdqn_naive,0.3339366912841797
6051,bdqn_naive,1.5232086181640625
6052,bdqn_naive,2.051546096801758
6053,bdqn_naive,2.1218767166137695
6054,bdqn_naive,0.4183368682861328
6055,bdqn_naive,3.032339572906494
6056,bdqn_naive,1.2529926300048828
6057,bdqn_naive,2.4287185668945312
6058,bdqn_naive,0.4272012710571289
6059,bdqn_naive,2.5568761825561523
6060,bdqn_naive,4.053873062133789
6061,bdqn_naive,0.15787696838378906
6062,bdqn_naive,2.6224517822265625
6063,bdqn_naive,-0.6009578704833984
6064,bdqn_naive,2.253628730773926
6065,bdqn_naive,0.5025472640991211
6066,bdqn_naive,1.7042827606201172
6067,bdqn_naive,3.668166160583496
6068,bdqn_naive,2.158903121948242
6069,bdqn_naive,0.5554218292236328
6070,bdqn_naive,2.7451868057250977
6071,bdqn_naive,-0.28948020935058594
6072,bdqn_naive,0.01929473876953125
6073,bdqn_naive,1.6818780899047852
6074,bdqn_naive,4.478394985198975
6075,bdqn_naive,0.7032489776611328
6076,bdqn_naive,1.3725051879882812
6077,bdqn_naive,1.1354284286499023
6078,bdqn_naive,0.22119140625
6079,bdqn_naive,0.36655521392822266
6080,bdqn_naive,1.4933443069458008
6081,bdqn_naive,1.0945568084716797
6082,bdqn_naive,1.7817373275756836
6083,bdqn_naive,1.9950475692749023
6084,bdqn_naive,1.2870712280273438
6085,bdqn_naive,0.9683380126953125
6086,bdqn_naive,2.550037384033203
6087,bdqn_naive,-0.22070884704589844
6088,bdqn_naive,1.0873355865478516
6089,bdqn_naive,1.193161964416504
6090,bdqn_naive,1.6656494140625
6091,bdqn_naive,1.5270662307739258
6092,bdqn_naive,1.3664131164550781
6093,bdqn_naive,3.7176456451416016
6094,bdqn_naive,3.2541303634643555
6095,bdqn_naive,2.150801658630371
6096,bdqn_naive,2.315460205078125
6097,bdqn_naive,2.7406721115112305
6098,bdqn_naive,3.268630027770996
6099,bdqn_naive,0.9067316055297852
6100,bdqn_naive,1.3406667709350586
6101,bdqn_naive,1.400796890258789
6102,bdqn_naive,0.7760992050170898
6103,bdqn_naive,0.9642429351806641
6104,bdqn_naive,2.8947229385375977
6105,bdqn_naive,1.170492172241211
6106,bdqn_naive,1.9806108474731445
6107,bdqn_naive,2.8041858673095703
6108,bdqn_naive,1.4930315017700195
6109,bdqn_naive,2.276611328125
6110,bdqn_naive,0.9237689971923828
6111,bdqn_naive,4.583868980407715
6112,bdqn_naive,1.0190439224243164
6113,bdqn_naive,2.796553611755371
6114,bdqn_naive,1.6756830215454102
6115,bdqn_naive,1.5924358367919922
6116,bdqn_naive,1.93621826171875
6117,bdqn_naive,1.0274696350097656
6118,bdqn_naive,3.5691871643066406
6119,bdqn_naive,0.9878501892089844
6120,bdqn_naive,0.3722677230834961
6121,bdqn_naive,1.0174570083618164
6122,bdqn_naive,-0.8996710777282715
6123,bdqn_naive,2.005746841430664
6124,bdqn_naive,1.6422128677368164
6125,bdqn_naive,5.002964973449707
6126,bdqn_naive,0.6493053436279297
6127,bdqn_naive,1.5672063827514648
6128,bdqn_naive,4.921087265014648
6129,bdqn_naive,1.6565561294555664
6130,bdqn_naive,1.133026123046875
6131,bdqn_naive,2.837188720703125
6132,bdqn_naive,2.350428581237793
6133,bdqn_naive,0.08629131317138672
6134,bdqn_naive,2.9821414947509766
6135,bdqn_naive,1.0594167709350586
6136,bdqn_naive,1.7372426986694336
6137,bdqn_naive,3.3816604614257812
6138,bdqn_naive,1.1584892272949219
6139,bdqn_naive,1.3881778717041016
6140,bdqn_naive,2.191340446472168
6141,bdqn_naive,1.6893320083618164
6142,bdqn_naive,1.967966079711914
6143,bdqn_naive,0.5120105743408203
6144,bdqn_naive,2.518575668334961
6145,bdqn_naive,0.9276523590087891
6146,bdqn_naive,0.718353271484375
6147,bdqn_naive,0.08200645446777344
6148,bdqn_naive,-0.4728507995605469
6149,bdqn_naive,2.6061925888061523
6150,bdqn_naive,1.8603534698486328
6151,bdqn_naive,0.8729209899902344
6152,bdqn_naive,0.32784080505371094
6153,bdqn_naive,1.2442045211791992
6154,bdqn_naive,2.186635971069336
6155,bdqn_naive,2.0691633224487305
6156,bdqn_naive,0.0994415283203125
6157,bdqn_naive,1.4627275466918945
6158,bdqn_naive,-0.06462383270263672
6159,bdqn_naive,0.2816953659057617
6160,bdqn_naive,2.6469688415527344
6161,bdqn_naive,0.48439598083496094
6162,bdqn_naive,2.5398483276367188
6163,bdqn_naive,5.110708236694336
6164,bdqn_naive,2.7769956588745117
6165,bdqn_naive,1.8074092864990234
6166,bdqn_naive,1.0301513671875
6167,bdqn_naive,1.8380546569824219
6168,bdqn_naive,0.9391422271728516
6169,bdqn_naive,0.22316265106201172
6170,bdqn_naive,1.167820930480957
6171,bdqn_naive,4.002066612243652
6172,bdqn_naive,0.3555469512939453
6173,bdqn_naive,3.300929069519043
6174,bdqn_naive,1.0772628784179688
6175,bdqn_naive,4.399589538574219
6176,bdqn_naive,1.2951364517211914
6177,bdqn_naive,6.880867004394531
6178,bdqn_naive,1.401352882385254
6179,bdqn_naive,1.9858007431030273
6180,bdqn_naive,4.459705352783203
6181,bdqn_naive,1.388300895690918
6182,bdqn_naive,2.6907052993774414
6183,bdqn_naive,6.262606620788574
6184,bdqn_naive,3.518399238586426
6185,bdqn_naive,1.3838653564453125
6186,bdqn_naive,1.8853168487548828
6187,bdqn_naive,0.8629074096679688
6188,bdqn_naive,1.7204675674438477
6189,bdqn_naive,1.5360212326049805
6190,bdqn_naive,1.6343984603881836
6191,bdqn_naive,1.8323392868041992
6192,bdqn_naive,3.7948246002197266
6193,bdqn_naive,3.1970815658569336
6194,bdqn_naive,-1.5834121704101562
6195,bdqn_naive,2.5373497009277344
6196,bdqn_naive,-0.633662223815918
6197,bdqn_naive,1.6448297500610352
6198,bdqn_naive,-0.4807910919189453
6199,bdqn_naive,3.2414045333862305
6200,bdqn_naive,2.9695425033569336
6201,bdqn_naive,0.9351062774658203
6202,bdqn_naive,1.4295215606689453
6203,bdqn_naive,1.3282251358032227
6204,bdqn_naive,3.5073537826538086
6205,bdqn_naive,1.049154281616211
6206,bdqn_naive,1.1891603469848633
6207,bdqn_naive,2.991138458251953
6208,bdqn_naive,0.24865341186523438
6209,bdqn_naive,1.4176311492919922
6210,bdqn_naive,0.9099531173706055
6211,bdqn_naive,1.0227785110473633
6212,bdqn_naive,2.0662498474121094
6213,bdqn_naive,1.0336122512817383
6214,bdqn_naive,1.5622596740722656
6215,bdqn_naive,1.3207826614379883
6216,bdqn_naive,0.5939111709594727
6217,bdqn_naive,2.2240524291992188
6218,bdqn_naive,1.4924592971801758
6219,bdqn_naive,-0.100372314453125
6220,bdqn_naive,0.8295211791992188
6221,bdqn_naive,0.9419002532958984
6222,bdqn_naive,0.22259044647216797
6223,bdqn_naive,3.2364563941955566
6224,bdqn_naive,3.4351978302001953
6225,bdqn_naive,3.4516258239746094
6226,bdqn_naive,2.22231388092041
6227,bdqn_naive,3.61044979095459
6228,bdqn_naive,3.229738235473633
6229,bdqn_naive,1.827366828918457
6230,bdqn_naive,5.655409812927246
6231,bdqn_naive,2.219890594482422
6232,bdqn_naive,3.0360264778137207
6233,bdqn_naive,1.4514188766479492
6234,bdqn_naive,2.2897119522094727
6235,bdqn_naive,4.927695274353027
6236,bdqn_naive,0.8185157775878906
6237,bdqn_naive,1.533468246459961
6238,bdqn_naive,1.5816783905029297
6239,bdqn_naive,5.919428825378418
6240,bdqn_naive,0.17052078247070312
6241,bdqn_naive,3.7233548164367676
6242,bdqn_naive,1.4974746704101562
6243,bdqn_naive,6.253471374511719
6244,bdqn_naive,2.6826744079589844
6245,bdqn_naive,5.495256423950195
6246,bdqn_naive,0.7497854232788086
6247,bdqn_naive,1.708745002746582
6248,bdqn_naive,1.9746055603027344
6249,bdqn_naive,3.9272871017456055
6250,bdqn_naive,0.0799112319946289
6251,bdqn_naive,2.7198734283447266
6252,bdqn_naive,2.5195255279541016
6253,bdqn_naive,5.343329429626465
6254,bdqn_naive,0.5092391967773438
6255,bdqn_naive,3.2630996704101562
6256,bdqn_naive,1.136683464050293
6257,bdqn_naive,1.3191413879394531
6258,bdqn_naive,3.151421546936035
6259,bdqn_naive,2.7032127380371094
6260,bdqn_naive,0.9649477005004883
6261,bdqn_naive,1.7805633544921875
6262,bdqn_naive,1.2467565536499023
6263,bdqn_naive,0.8222589492797852
6264,bdqn_naive,3.375452995300293
6265,bdqn_naive,1.7911624908447266
6266,bdqn_naive,0.9677705764770508
6267,bdqn_naive,1.0947084426879883
6268,bdqn_naive,2.8184938430786133
6269,bdqn_naive,0.38564205169677734
6270,bdqn_naive,1.4534683227539062
6271,bdqn_naive,0.6428899765014648
6272,bdqn_naive,0.6613245010375977
6273,bdqn_naive,0.06363868713378906
6274,bdqn_naive,2.031648635864258
6275,bdqn_naive,2.2643909454345703
6276,bdqn_naive,1.295121192932129
6277,bdqn_naive,-0.17814064025878906
6278,bdqn_naive,2.976027488708496
6279,bdqn_naive,1.2483510971069336
6280,bdqn_naive,2.422222137451172
6281,bdqn_naive,3.317223072052002
6282,bdqn_naive,1.0027589797973633
6283,bdqn_naive,0.49906063079833984
6284,bdqn_naive,1.8831710815429688
6285,bdqn_naive,0.5874519348144531
6286,bdqn_naive,1.067612648010254
6287,bdqn_naive,1.2502851486206055
6288,bdqn_naive,2.6099729537963867
6289,bdqn_naive,1.1779584884643555
6290,bdqn_naive,1.5457572937011719
6291,bdqn_naive,1.4771080017089844
6292,bdqn_naive,3.4524707794189453
6293,bdqn_naive,3.224834442138672
6294,bdqn_naive,0.6743459701538086
6295,bdqn_naive,1.2400569915771484
6296,bdqn_naive,1.4331254959106445
6297,bdqn_naive,0.9605417251586914
6298,bdqn_naive,2.310397148132324
6299,bdqn_naive,1.256943702697754
6300,bdqn_naive,1.0508203506469727
6301,bdqn_naive,-0.11125946044921875
6302,bdqn_naive,2.879824638366699
6303,bdqn_naive,1.3241291046142578
6304,bdqn_naive,4.217145919799805
6305,bdqn_naive,0.08340644836425781
6306,bdqn_naive,1.1815223693847656
6307,bdqn_naive,0.3565845489501953
6308,bdqn_naive,1.778116226196289
6309,bdqn_naive,5.608107566833496
6310,bdqn_naive,1.020498275756836
6311,bdqn_naive,1.6684560775756836
6312,bdqn_naive,0.057168006896972656
6313,bdqn_naive,1.364527702331543
6314,bdqn_naive,4.02723503112793
6315,bdqn_naive,2.5231246948242188
6316,bdqn_naive,2.7043228149414062
6317,bdqn_naive,1.9949569702148438
6318,bdqn_naive,1.6665496826171875
6319,bdqn_naive,2.6998062133789062
6320,bdqn_naive,1.4684572219848633
6321,bdqn_naive,0.3827476501464844
6322,bdqn_naive,0.8720912933349609
6323,bdqn_naive,-0.9757556915283203
6324,bdqn_naive,2.8029603958129883
6325,bdqn_naive,1.6495122909545898
6326,bdqn_naive,3.6351308822631836
6327,bdqn_naive,2.336573600769043
6328,bdqn_naive,0.9753274917602539
6329,bdqn_naive,1.3502998352050781
6330,bdqn_naive,2.5161781311035156
6331,bdqn_naive,1.755415916442871
6332,bdqn_naive,3.136807441711426
6333,bdqn_naive,1.588338851928711
6334,bdqn_naive,0.49847412109375
6335,bdqn_naive,3.919881820678711
6336,bdqn_naive,2.510061264038086
6337,bdqn_naive,1.2356319427490234
6338,bdqn_naive,0.9317665100097656
6339,bdqn_naive,2.6143674850463867
6340,bdqn_naive,0.10344219207763672
6341,bdqn_naive,4.632097244262695
6342,bdqn_naive,0.4244518280029297
6343,bdqn_naive,1.42559814453125
6344,bdqn_naive,0.43599796295166016
6345,bdqn_naive,2.194744110107422
6346,bdqn_naive,1.5805778503417969
6347,bdqn_naive,4.495649337768555
6348,bdqn_naive,2.0308122634887695
6349,bdqn_naive,2.948080062866211
6350,bdqn_naive,1.1066923141479492
6351,bdqn_naive,3.3167457580566406
6352,bdqn_naive,0.07322502136230469
6353,bdqn_naive,5.393692970275879
6354,bdqn_naive,5.785221099853516
6355,bdqn_naive,1.2734899520874023
6356,bdqn_naive,3.3798303604125977
6357,bdqn_naive,3.3125572204589844
6358,bdqn_naive,1.0725078582763672
6359,bdqn_naive,3.109180450439453
6360,bdqn_naive,0.7631444931030273
6361,bdqn_naive,1.9149627685546875
6362,bdqn_naive,0.1146993637084961
6363,bdqn_naive,3.8132457733154297
6364,bdqn_naive,1.5285224914550781
6365,bdqn_naive,1.9601259231567383
6366,bdqn_naive,4.075007438659668
6367,bdqn_naive,5.2025146484375
6368,bdqn_naive,0.6613950729370117
6369,bdqn_naive,0.8402805328369141
6370,bdqn_naive,0.46712493896484375
6371,bdqn_naive,1.1530351638793945
6372,bdqn_naive,5.256758689880371
6373,bdqn_naive,0.9631824493408203
6374,bdqn_naive,2.7086334228515625
6375,bdqn_naive,1.9604816436767578
6376,bdqn_naive,1.6245317459106445
6377,bdqn_naive,0.7045402526855469
6378,bdqn_naive,2.693293571472168
6379,bdqn_naive,1.1097383499145508
6380,bdqn_naive,1.2504549026489258
6381,bdqn_naive,3.4052200317382812
6382,bdqn_naive,4.283684730529785
6383,bdqn_naive,4.650140762329102
6384,bdqn_naive,1.4723787307739258
6385,bdqn_naive,4.698358535766602
6386,bdqn_naive,10.493143558502197
6387,bdqn_naive,3.535715103149414
6388,bdqn_naive,0.7151069641113281
6389,bdqn_naive,0.8050193786621094
6390,bdqn_naive,2.2948226928710938
6391,bdqn_naive,0.3970775604248047
6392,bdqn_naive,1.117262840270996
6393,bdqn_naive,-0.5913095474243164
6394,bdqn_naive,1.40753173828125
6395,bdqn_naive,0.31415653228759766
6396,bdqn_naive,5.012521743774414
6397,bdqn_naive,2.498699188232422
6398,bdqn_naive,1.9678268432617188
6399,bdqn_naive,3.3209095001220703
6400,bdqn_naive,1.9752779006958008
6401,bdqn_naive,2.484346389770508
6402,bdqn_naive,4.397785186767578
6403,bdqn_naive,2.398876190185547
6404,bdqn_naive,2.6319618225097656
6405,bdqn_naive,3.720780372619629
6406,bdqn_naive,0.7222270965576172
6407,bdqn_naive,3.8903331756591797
6408,bdqn_naive,5.114294052124023
6409,bdqn_naive,1.5917491912841797
6410,bdqn_naive,0.9516019821166992
6411,bdqn_naive,0.715087890625
6412,bdqn_naive,1.4797334671020508
6413,bdqn_naive,1.0223302841186523
6414,bdqn_naive,4.295947074890137
6415,bdqn_naive,4.281879425048828
6416,bdqn_naive,2.881082534790039
6417,bdqn_naive,3.617356300354004
6418,bdqn_naive,1.187748908996582
6419,bdqn_naive,1.097137451171875
6420,bdqn_naive,0.579681396484375
6421,bdqn_naive,0.3504295349121094
6422,bdqn_naive,1.1962862014770508
6423,bdqn_naive,0.5617914199829102
6424,bdqn_naive,3.806976318359375
6425,bdqn_naive,3.9395904541015625
6426,bdqn_naive,0.3480062484741211
6427,bdqn_naive,1.9666709899902344
6428,bdqn_naive,1.5849571228027344
6429,bdqn_naive,5.308103561401367
6430,bdqn_naive,0.4964408874511719
6431,bdqn_naive,1.4046220779418945
6432,bdqn_naive,2.7365522384643555
6433,bdqn_naive,3.2200212478637695
6434,bdqn_naive,2.3846654891967773
6435,bdqn_naive,2.0054216384887695
6436,bdqn_naive,0.3997650146484375
6437,bdqn_naive,2.340147018432617
6438,bdqn_naive,2.5064516067504883
6439,bdqn_naive,-1.9817447662353516
6440,bdqn_naive,0.3764610290527344
6441,bdqn_naive,1.4670343399047852
6442,bdqn_naive,-0.22296905517578125
6443,bdqn_naive,1.2489089965820312
6444,bdqn_naive,-0.703181266784668
6445,bdqn_naive,0.2740907669067383
6446,bdqn_naive,1.0208044052124023
6447,bdqn_naive,2.2564220428466797
6448,bdqn_naive,1.0676603317260742
6449,bdqn_naive,1.5688505172729492
6450,bdqn_naive,5.055383682250977
6451,bdqn_naive,1.03302001953125
6452,bdqn_naive,1.1435747146606445
6453,bdqn_naive,7.685730934143066
6454,bdqn_naive,0.7194223403930664
6455,bdqn_naive,2.1040258407592773
6456,bdqn_naive,1.1747703552246094
6457,bdqn_naive,0.8404989242553711
6458,bdqn_naive,2.996837615966797
6459,bdqn_naive,1.3645753860473633
6460,bdqn_naive,2.0121231079101562
6461,bdqn_naive,4.957324981689453
6462,bdqn_naive,2.888993263244629
6463,bdqn_naive,0.0844736099243164
6464,bdqn_naive,1.3427295684814453
6465,bdqn_naive,4.56782341003418
6466,bdqn_naive,1.1203622817993164
6467,bdqn_naive,4.639919281005859
6468,bdqn_naive,5.062378883361816
6469,bdqn_naive,1.151036262512207
6470,bdqn_naive,3.941457748413086
6471,bdqn_naive,0.45563507080078125
6472,bdqn_naive,1.840057373046875
6473,bdqn_naive,3.4297122955322266
6474,bdqn_naive,6.007454872131348
6475,bdqn_naive,2.4710707664489746
6476,bdqn_naive,0.6521272659301758
6477,bdqn_naive,3.420781135559082
6478,bdqn_naive,0.8944950103759766
6479,bdqn_naive,1.5581111907958984
6480,bdqn_naive,1.6469640731811523
6481,bdqn_naive,0.2981405258178711
6482,bdqn_naive,0.3988170623779297
6483,bdqn_naive,3.0209693908691406
6484,bdqn_naive,0.9992742538452148
6485,bdqn_naive,2.734102249145508
6486,bdqn_naive,0.3223590850830078
6487,bdqn_naive,0.9698562622070312
6488,bdqn_naive,-0.05449676513671875
6489,bdqn_naive,3.831350326538086
6490,bdqn_naive,0.027996063232421875
6491,bdqn_naive,3.9245238304138184
6492,bdqn_naive,2.195530891418457
6493,bdqn_naive,1.5153779983520508
6494,bdqn_naive,1.2347450256347656
6495,bdqn_naive,0.5219688415527344
6496,bdqn_naive,2.0567874908447266
6497,bdqn_naive,1.6311416625976562
6498,bdqn_naive,1.371744155883789
6499,bdqn_naive,1.7717437744140625
6500,bdqn_naive,2.125509262084961
6501,bdqn_naive,1.2152080535888672
6502,bdqn_naive,1.3701658248901367
6503,bdqn_naive,0.6023464202880859
6504,bdqn_naive,0.4913463592529297
6505,bdqn_naive,1.904153823852539
6506,bdqn_naive,0.3969392776489258
6507,bdqn_naive,2.1560420989990234
6508,bdqn_naive,2.532604217529297
6509,bdqn_naive,3.7039794921875
6510,bdqn_naive,2.462456703186035
6511,bdqn_naive,0.4115457534790039
6512,bdqn_naive,0.5419912338256836
6513,bdqn_naive,0.7069158554077148
6514,bdqn_naive,0.6074895858764648
6515,bdqn_naive,3.3509559631347656
6516,bdqn_naive,0.6310844421386719
6517,bdqn_naive,2.8909406661987305
6518,bdqn_naive,0.9354372024536133
6519,bdqn_naive,0.30059051513671875
6520,bdqn_naive,0.7656841278076172
6521,bdqn_naive,6.156787872314453
6522,bdqn_naive,0.9541997909545898
6523,bdqn_naive,1.5624561309814453
6524,bdqn_naive,6.05880069732666
6525,bdqn_naive,1.353567123413086
6526,bdqn_naive,2.300294876098633
6527,bdqn_naive,5.154994964599609
6528,bdqn_naive,1.8845930099487305
6529,bdqn_naive,2.0789480209350586
6530,bdqn_naive,2.248830795288086
6531,bdqn_naive,3.2597923278808594
6532,bdqn_naive,1.2990646362304688
6533,bdqn_naive,0.651646614074707
6534,bdqn_naive,1.4569664001464844
6535,bdqn_naive,1.6010313034057617
6536,bdqn_naive,0.8642940521240234
6537,bdqn_naive,2.17569637298584
6538,bdqn_naive,1.8034858703613281
6539,bdqn_naive,1.473435401916504
6540,bdqn_naive,2.0313854217529297
6541,bdqn_naive,2.0519495010375977
6542,bdqn_naive,0.45620250701904297
6543,bdqn_naive,1.7285680770874023
6544,bdqn_naive,1.0784540176391602
6545,bdqn_naive,1.6681089401245117
6546,bdqn_naive,1.8606624603271484
6547,bdqn_naive,0.020563125610351562
6548,bdqn_naive,-1.2423267364501953
6549,bdqn_naive,0.07268428802490234
6550,bdqn_naive,-0.06046581268310547
6551,bdqn_naive,1.331498146057129
6552,bdqn_naive,1.582479476928711
6553,bdqn_naive,1.2165517807006836
6554,bdqn_naive,2.4876527786254883
6555,bdqn_naive,2.359726905822754
6556,bdqn_naive,0.9775476455688477
6557,bdqn_naive,1.091318130493164
6558,bdqn_naive,2.0082883834838867
6559,bdqn_naive,5.9872026443481445
6560,bdqn_naive,1.5948715209960938
6561,bdqn_naive,1.119584083557129
6562,bdqn_naive,1.6004562377929688
6563,bdqn_naive,0.11398506164550781
6564,bdqn_naive,1.0102128982543945
6565,bdqn_naive,1.364847183227539
6566,bdqn_naive,1.9496660232543945
6567,bdqn_naive,-1.1317615509033203
6568,bdqn_naive,3.7721805572509766
6569,bdqn_naive,3.205902099609375
6570,bdqn_naive,1.0258750915527344
6571,bdqn_naive,2.7308883666992188
6572,bdqn_naive,-0.24782657623291016
6573,bdqn_naive,1.4489641189575195
6574,bdqn_naive,3.1215343475341797
6575,bdqn_naive,1.7660531997680664
6576,bdqn_naive,-0.2895479202270508
6577,bdqn_naive,0.745330810546875
6578,bdqn_naive,0.3849525451660156
6579,bdqn_naive,0.916316032409668
6580,bdqn_naive,1.662740707397461
6581,bdqn_naive,2.0870208740234375
6582,bdqn_naive,0.7015094757080078
6583,bdqn_naive,2.0729551315307617
6584,bdqn_naive,2.2965164184570312
6585,bdqn_naive,1.6105337142944336
6586,bdqn_naive,0.5367212295532227
6587,bdqn_naive,1.3991279602050781
6588,bdqn_naive,1.1531858444213867
6589,bdqn_naive,1.0616865158081055
6590,bdqn_naive,0.7998476028442383
6591,bdqn_naive,2.9046592712402344
6592,bdqn_naive,0.8746805191040039
6593,bdqn_naive,1.0428695678710938
6594,bdqn_naive,3.0207672119140625
6595,bdqn_naive,1.4843006134033203
6596,bdqn_naive,0.14307498931884766
6597,bdqn_naive,2.2196426391601562
6598,bdqn_naive,2.321824073791504
6599,bdqn_naive,1.4071407318115234
6600,bdqn_naive,2.4958372116088867
6601,bdqn_naive,1.4197254180908203
6602,bdqn_naive,0.7140588760375977
6603,bdqn_naive,4.3755340576171875
6604,bdqn_naive,0.15111160278320312
6605,bdqn_naive,1.4825820922851562
6606,bdqn_naive,4.044465065002441
6607,bdqn_naive,1.1236696243286133
6608,bdqn_naive,2.502715587615967
6609,bdqn_naive,1.180314064025879
6610,bdqn_naive,1.0789251327514648
6611,bdqn_naive,5.504634857177734
6612,bdqn_naive,1.351572036743164
6613,bdqn_naive,1.1996593475341797
6614,bdqn_naive,3.6523666381835938
6615,bdqn_naive,3.5657577514648438
6616,bdqn_naive,0.6000041961669922
6617,bdqn_naive,0.8572301864624023
6618,bdqn_naive,1.1467838287353516
6619,bdqn_naive,1.6783161163330078
6620,bdqn_naive,3.2226905822753906
6621,bdqn_naive,1.560556411743164
6622,bdqn_naive,1.3359489440917969
6623,bdqn_naive,-0.15654373168945312
6624,bdqn_naive,0.1259632110595703
6625,bdqn_naive,0.9260053634643555
6626,bdqn_naive,0.5705795288085938
6627,bdqn_naive,2.974087715148926
6628,bdqn_naive,3.0059375762939453
6629,bdqn_naive,1.9884862899780273
6630,bdqn_naive,2.3290319442749023
6631,bdqn_naive,2.0960865020751953
6632,bdqn_naive,1.044978141784668
6633,bdqn_naive,1.1936511993408203
6634,bdqn_naive,1.227860450744629
6635,bdqn_naive,1.0592432022094727
6636,bdqn_naive,0.8901834487915039
6637,bdqn_naive,1.0534067153930664
6638,bdqn_naive,0.7415599822998047
6639,bdqn_naive,2.6243200302124023
6640,bdqn_naive,0.23517608642578125
6641,bdqn_naive,0.8585929870605469
6642,bdqn_naive,-0.17994117736816406
6643,bdqn_naive,0.6873188018798828
6644,bdqn_naive,2.023756980895996
6645,bdqn_naive,4.034589767456055
6646,bdqn_naive,2.0400896072387695
6647,bdqn_naive,0.4824533462524414
6648,bdqn_naive,1.8249931335449219
6649,bdqn_naive,4.647385597229004
6650,bdqn_naive,3.2855825424194336
6651,bdqn_naive,1.408477783203125
6652,bdqn_naive,2.2006702423095703
6653,bdqn_naive,-0.32215404510498047
6654,bdqn_naive,1.5464448928833008
6655,bdqn_naive,0.6555843353271484
6656,bdqn_naive,1.327117919921875
6657,bdqn_naive,2.014791488647461
6658,bdqn_naive,1.1792173385620117
6659,bdqn_naive,3.8072423934936523
6660,bdqn_naive,0.5977926254272461
6661,bdqn_naive,1.3485479354858398
6662,bdqn_naive,1.3651609420776367
6663,bdqn_naive,0.6320886611938477
6664,bdqn_naive,0.9001073837280273
6665,bdqn_naive,1.2975921630859375
6666,bdqn_naive,1.6951608657836914
6667,bdqn_naive,1.2591447830200195
6668,bdqn_naive,0.5481805801391602
6669,bdqn_naive,0.005176544189453125
6670,bdqn_naive,2.9682369232177734
6671,bdqn_naive,1.8741645812988281
6672,bdqn_naive,2.552454948425293
6673,bdqn_naive,2.156780242919922
6674,bdqn_naive,1.862889289855957
6675,bdqn_naive,0.21123504638671875
6676,bdqn_naive,2.2654848098754883
6677,bdqn_naive,1.0597076416015625
6678,bdqn_naive,3.596133232116699
6679,bdqn_naive,3.884370803833008
6680,bdqn_naive,1.9443416595458984
6681,bdqn_naive,1.283487319946289
6682,bdqn_naive,0.38442230224609375
6683,bdqn_naive,2.6547155380249023
6684,bdqn_naive,0.34499454498291016
6685,bdqn_naive,0.5035476684570312
6686,bdqn_naive,1.7347850799560547
6687,bdqn_naive,0.18568706512451172
6688,bdqn_naive,2.578441619873047
6689,bdqn_naive,2.499283790588379
6690,bdqn_naive,1.1345272064208984
6691,bdqn_naive,-0.1225728988647461
6692,bdqn_naive,0.6163759231567383
6693,bdqn_naive,3.2779760360717773
6694,bdqn_naive,1.3675079345703125
6695,bdqn_naive,0.8436784744262695
6696,bdqn_naive,0.9855546951293945
6697,bdqn_naive,1.076272964477539
6698,bdqn_naive,1.537179946899414
6699,bdqn_naive,6.03675651550293
6700,bdqn_naive,1.3915643692016602
6701,bdqn_naive,0.37715625762939453
6702,bdqn_naive,4.192287445068359
6703,bdqn_naive,2.3820085525512695
6704,bdqn_naive,1.1220836639404297
6705,bdqn_naive,1.3579521179199219
6706,bdqn_naive,0.94305419921875
6707,bdqn_naive,4.302610397338867
6708,bdqn_naive,1.679697036743164
6709,bdqn_naive,3.6599273681640625
6710,bdqn_naive,1.6864385604858398
6711,bdqn_naive,1.155928611755371
6712,bdqn_naive,3.1651010513305664
6713,bdqn_naive,1.221909523010254
6714,bdqn_naive,1.538315773010254
6715,bdqn_naive,1.260885238647461
6716,bdqn_naive,2.6569318771362305
6717,bdqn_naive,2.307157516479492
6718,bdqn_naive,1.870941162109375
6719,bdqn_naive,0.8708667755126953
6720,bdqn_naive,1.6793193817138672
6721,bdqn_naive,0.6465835571289062
6722,bdqn_naive,2.807210922241211
6723,bdqn_naive,0.47598743438720703
6724,bdqn_naive,3.8016552925109863
6725,bdqn_naive,0.3244800567626953
6726,bdqn_naive,2.4599952697753906
6727,bdqn_naive,2.287663459777832
6728,bdqn_naive,0.511815071105957
6729,bdqn_naive,0.3976020812988281
6730,bdqn_naive,2.5433549880981445
6731,bdqn_naive,1.5022239685058594
6732,bdqn_naive,3.20169734954834
6733,bdqn_naive,2.157041549682617
6734,bdqn_naive,0.3757009506225586
6735,bdqn_naive,4.116429328918457
6736,bdqn_naive,2.7530126571655273
6737,bdqn_naive,1.8767576217651367
6738,bdqn_naive,2.824951171875
6739,bdqn_naive,0.5843143463134766
6740,bdqn_naive,1.770944595336914
6741,bdqn_naive,0.45816898345947266
6742,bdqn_naive,1.6314153671264648
6743,bdqn_naive,3.635748863220215
6744,bdqn_naive,3.3244543075561523
6745,bdqn_naive,1.750753402709961
6746,bdqn_naive,4.617530822753906
6747,bdqn_naive,0.1268138885498047
6748,bdqn_naive,1.9734907150268555
6749,bdqn_naive,1.4511966705322266
6750,bdqn_naive,3.098611831665039
6751,bdqn_naive,0.27625370025634766
6752,bdqn_naive,1.0551280975341797
6753,bdqn_naive,2.377683639526367
6754,bdqn_naive,6.0293426513671875
6755,bdqn_naive,0.9643278121948242
6756,bdqn_naive,2.509431838989258
6757,bdqn_naive,0.9909248352050781
6758,bdqn_naive,1.7269220352172852
6759,bdqn_naive,0.12425994873046875
6760,bdqn_naive,2.390261650085449
6761,bdqn_naive,0.7055959701538086
6762,bdqn_naive,1.6199541091918945
6763,bdqn_naive,1.512526512145996
6764,bdqn_naive,1.5439167022705078
6765,bdqn_naive,1.8401861190795898
6766,bdqn_naive,0.5708942413330078
6767,bdqn_naive,8.435433387756348
6768,bdqn_naive,0.4597749710083008
6769,bdqn_naive,1.2198057174682617
6770,bdqn_naive,0.8371829986572266
6771,bdqn_naive,2.157022476196289
6772,bdqn_naive,1.0864038467407227
6773,bdqn_naive,1.6188583374023438
6774,bdqn_naive,1.4577522277832031
6775,bdqn_naive,0.9322605133056641
6776,bdqn_naive,2.3775320053100586
6777,bdqn_naive,1.305877685546875
6778,bdqn_naive,4.669909477233887
6779,bdqn_naive,1.1920957565307617
6780,bdqn_naive,0.8277482986450195
6781,bdqn_naive,1.3275184631347656
6782,bdqn_naive,-0.8322925567626953
6783,bdqn_naive,1.862813949584961
6784,bdqn_naive,-0.3471546173095703
6785,bdqn_naive,0.9767732620239258
6786,bdqn_naive,-0.06411075592041016
6787,bdqn_naive,-0.5546169281005859
6788,bdqn_naive,6.163851737976074
6789,bdqn_naive,4.0556793212890625
6790,bdqn_naive,0.7069053649902344
6791,bdqn_naive,2.3830184936523438
6792,bdqn_naive,0.5652656555175781
6793,bdqn_naive,3.4260969161987305
6794,bdqn_naive,3.829324722290039
6795,bdqn_naive,1.698190689086914
6796,bdqn_naive,1.2559814453125
6797,bdqn_naive,1.0629100799560547
6798,bdqn_naive,2.9747934341430664
6799,bdqn_naive,1.4848031997680664
6800,bdqn_naive,1.076685905456543
6801,bdqn_naive,0.5081052780151367
6802,bdqn_naive,1.5674238204956055
6803,bdqn_naive,1.9601030349731445
6804,bdqn_naive,4.160496711730957
6805,bdqn_naive,1.934554100036621
6806,bdqn_naive,2.9740371704101562
6807,bdqn_naive,1.9704771041870117
6808,bdqn_naive,1.3308086395263672
6809,bdqn_naive,2.085190773010254
6810,bdqn_naive,0.7772283554077148
6811,bdqn_naive,1.9242830276489258
6812,bdqn_naive,3.6122331619262695
6813,bdqn_naive,3.0123987197875977
6814,bdqn_naive,3.7643861770629883
6815,bdqn_naive,2.772573471069336
6816,bdqn_naive,1.3949298858642578
6817,bdqn_naive,1.6342744827270508
6818,bdqn_naive,1.3846216201782227
6819,bdqn_naive,1.5479545593261719
6820,bdqn_naive,3.1360206604003906
6821,bdqn_naive,1.0779132843017578
6822,bdqn_naive,1.7179813385009766
6823,bdqn_naive,3.8662261962890625
6824,bdqn_naive,3.482908248901367
6825,bdqn_naive,3.8558826446533203
6826,bdqn_naive,0.9952964782714844
6827,bdqn_naive,-0.04173755645751953
6828,bdqn_naive,2.3043394088745117
6829,bdqn_naive,1.631657600402832
6830,bdqn_naive,2.437760353088379
6831,bdqn_naive,1.7353534698486328
6832,bdqn_naive,2.3308305740356445
6833,bdqn_naive,2.024415969848633
6834,bdqn_naive,0.9151020050048828
6835,bdqn_naive,3.242262840270996
6836,bdqn_naive,1.5848331451416016
6837,bdqn_naive,2.3951616287231445
6838,bdqn_naive,0.2087268829345703
6839,bdqn_naive,1.4758024215698242
6840,bdqn_naive,1.2059106826782227
6841,bdqn_naive,1.2086687088012695
6842,bdqn_naive,1.4905166625976562
6843,bdqn_naive,0.9667291641235352
6844,bdqn_naive,2.796781539916992
6845,bdqn_naive,2.075015068054199
6846,bdqn_naive,2.000303268432617
6847,bdqn_naive,1.0423688888549805
6848,bdqn_naive,1.6999711990356445
6849,bdqn_naive,0.33416748046875
6850,bdqn_naive,2.468733787536621
6851,bdqn_naive,0.6093025207519531
6852,bdqn_naive,1.4872426986694336
6853,bdqn_naive,0.6880817413330078
6854,bdqn_naive,2.335930824279785
6855,bdqn_naive,2.708078384399414
6856,bdqn_naive,6.881901741027832
6857,bdqn_naive,0.9478721618652344
6858,bdqn_naive,2.2606754302978516
6859,bdqn_naive,1.2357501983642578
6860,bdqn_naive,2.0604333877563477
6861,bdqn_naive,3.6366186141967773
6862,bdqn_naive,2.8988962173461914
6863,bdqn_naive,0.3216552734375
6864,bdqn_naive,1.634164810180664
6865,bdqn_naive,0.36109066009521484
6866,bdqn_naive,0.7604093551635742
6867,bdqn_naive,0.7074985504150391
6868,bdqn_naive,6.8180694580078125
6869,bdqn_naive,0.7964572906494141
6870,bdqn_naive,0.31082630157470703
6871,bdqn_naive,1.9075698852539062
6872,bdqn_naive,1.3470497131347656
6873,bdqn_naive,3.0671567916870117
6874,bdqn_naive,1.1888132095336914
6875,bdqn_naive,1.531977653503418
6876,bdqn_naive,1.6719427108764648
6877,bdqn_naive,1.0463237762451172
6878,bdqn_naive,0.4419984817504883
6879,bdqn_naive,0.9667987823486328
6880,bdqn_naive,1.1834907531738281
6881,bdqn_naive,3.1100082397460938
6882,bdqn_naive,3.362307548522949
6883,bdqn_naive,2.3686561584472656
6884,bdqn_naive,0.7702760696411133
6885,bdqn_naive,0.6135683059692383
6886,bdqn_naive,0.5984134674072266
6887,bdqn_naive,1.6412811279296875
6888,bdqn_naive,0.4003419876098633
6889,bdqn_naive,2.815402030944824
6890,bdqn_naive,1.2397041320800781
6891,bdqn_naive,4.330284118652344
6892,bdqn_naive,3.208070755004883
6893,bdqn_naive,2.53171443939209
6894,bdqn_naive,2.9665489196777344
6895,bdqn_naive,3.3702378273010254
6896,bdqn_naive,3.1352882385253906
6897,bdqn_naive,2.614879608154297
6898,bdqn_naive,0.6727609634399414
6899,bdqn_naive,1.0888967514038086
6900,bdqn_naive,0.7512493133544922
6901,bdqn_naive,1.7475996017456055
6902,bdqn_naive,0.14766502380371094
6903,bdqn_naive,1.2942476272583008
6904,bdqn_naive,1.4902429580688477
6905,bdqn_naive,1.571751594543457
6906,bdqn_naive,1.275008201599121
6907,bdqn_naive,0.5285320281982422
6908,bdqn_naive,1.0058250427246094
6909,bdqn_naive,1.3529644012451172
6910,bdqn_naive,1.945887565612793
6911,bdqn_naive,2.192652702331543
6912,bdqn_naive,7.96048641204834
6913,bdqn_naive,6.910072326660156
6914,bdqn_naive,3.466433525085449
6915,bdqn_naive,0.7359352111816406
6916,bdqn_naive,1.4845161437988281
6917,bdqn_naive,5.049599647521973
6918,bdqn_naive,1.1289825439453125
6919,bdqn_naive,1.1673831939697266
6920,bdqn_naive,1.9973211288452148
6921,bdqn_naive,1.6421089172363281
6922,bdqn_naive,1.1331310272216797
6923,bdqn_naive,0.9916858673095703
6924,bdqn_naive,1.5303239822387695
6925,bdqn_naive,3.2190752029418945
6926,bdqn_naive,1.724574089050293
6927,bdqn_naive,0.12594223022460938
6928,bdqn_naive,0.9274635314941406
6929,bdqn_naive,2.071136474609375
6930,bdqn_naive,0.6239852905273438
6931,bdqn_naive,4.330844879150391
6932,bdqn_naive,1.6751461029052734
6933,bdqn_naive,1.7868928909301758
6934,bdqn_naive,3.243269920349121
6935,bdqn_naive,4.530470848083496
6936,bdqn_naive,3.4591903686523438
6937,bdqn_naive,4.682075500488281
6938,bdqn_naive,1.8638935089111328
6939,bdqn_naive,2.1304616928100586
6940,bdqn_naive,2.4528045654296875
6941,bdqn_naive,1.8581323623657227
6942,bdqn_naive,0.6512670516967773
6943,bdqn_naive,1.4746532440185547
6944,bdqn_naive,0.8105983734130859
6945,bdqn_naive,1.60906982421875
6946,bdqn_naive,2.2270517349243164
6947,bdqn_naive,1.116363525390625
6948,bdqn_naive,2.3854122161865234
6949,bdqn_naive,1.016636848449707
6950,bdqn_naive,3.3750782012939453
6951,bdqn_naive,0.8292903900146484
6952,bdqn_naive,2.0442142486572266
6953,bdqn_naive,3.956589698791504
6954,bdqn_naive,0.9285697937011719
6955,bdqn_naive,6.637258529663086
6956,bdqn_naive,0.21948623657226562
6957,bdqn_naive,2.159299850463867
6958,bdqn_naive,1.2762861251831055
6959,bdqn_naive,-1.1149282455444336
6960,bdqn_naive,1.4811992645263672
6961,bdqn_naive,2.3326005935668945
6962,bdqn_naive,5.331423759460449
6963,bdqn_naive,1.4135313034057617
6964,bdqn_naive,0.5895299911499023
6965,bdqn_naive,0.7316207885742188
6966,bdqn_naive,2.156947135925293
6967,bdqn_naive,1.7007312774658203
6968,bdqn_naive,-0.07016944885253906
6969,bdqn_naive,0.8360052108764648
6970,bdqn_naive,0.9753761291503906
6971,bdqn_naive,1.588942527770996
6972,bdqn_naive,5.480521202087402
6973,bdqn_naive,3.1990528106689453
6974,bdqn_naive,2.709613800048828
6975,bdqn_naive,0.9446077346801758
6976,bdqn_naive,1.2545413970947266
6977,bdqn_naive,1.9188528060913086
6978,bdqn_naive,0.1320505142211914
6979,bdqn_naive,0.9992523193359375
6980,bdqn_naive,1.68951416015625
6981,bdqn_naive,1.3488025665283203
6982,bdqn_naive,2.209671974182129
6983,bdqn_naive,2.2993173599243164
6984,bdqn_naive,3.009798049926758
6985,bdqn_naive,0.8436203002929688
6986,bdqn_naive,1.3381223678588867
6987,bdqn_naive,4.651981353759766
6988,bdqn_naive,1.2345705032348633
6989,bdqn_naive,0.13277530670166016
6990,bdqn_naive,2.2908401489257812
6991,bdqn_naive,3.1640939712524414
6992,bdqn_naive,5.300738334655762
6993,bdqn_naive,2.354983329772949
6994,bdqn_naive,1.1368417739868164
6995,bdqn_naive,1.3537635803222656
6996,bdqn_naive,3.1074609756469727
6997,bdqn_naive,0.908452033996582
6998,bdqn_naive,0.8363590240478516
6999,bdqn_naive,3.098872184753418
7000,bdqn_naive,0.4141120910644531
7001,bdqn_naive,0.3063926696777344
7002,bdqn_naive,3.9545726776123047
7003,bdqn_naive,3.716801643371582
7004,bdqn_naive,2.3754453659057617
7005,bdqn_naive,5.655988693237305
7006,bdqn_naive,1.2358322143554688
7007,bdqn_naive,1.6164627075195312
7008,bdqn_naive,3.078245162963867
7009,bdqn_naive,0.811161994934082
7010,bdqn_naive,-0.2148761749267578
7011,bdqn_naive,3.2152585983276367
7012,bdqn_naive,1.5121870040893555
7013,bdqn_naive,2.351792335510254
7014,bdqn_naive,3.5060129165649414
7015,bdqn_naive,0.638056755065918
7016,bdqn_naive,2.8272361755371094
7017,bdqn_naive,1.198899269104004
7018,bdqn_naive,2.7734527587890625
7019,bdqn_naive,1.3167800903320312
7020,bdqn_naive,1.180150032043457
7021,bdqn_naive,1.0949077606201172
7022,bdqn_naive,2.8301591873168945
7023,bdqn_naive,2.2629270553588867
7024,bdqn_naive,2.4990949630737305
7025,bdqn_naive,1.836012840270996
7026,bdqn_naive,0.3931694030761719
7027,bdqn_naive,1.9520769119262695
7028,bdqn_naive,2.0256223678588867
7029,bdqn_naive,0.8745975494384766
7030,bdqn_naive,1.712986946105957
7031,bdqn_naive,3.064380645751953
7032,bdqn_naive,2.792893409729004
7033,bdqn_naive,3.110074996948242
7034,bdqn_naive,4.058061599731445
7035,bdqn_naive,1.0117425918579102
7036,bdqn_naive,1.9555139541625977
7037,bdqn_naive,2.896470069885254
7038,bdqn_naive,2.2739877700805664
7039,bdqn_naive,1.5693550109863281
7040,bdqn_naive,3.3134984970092773
7041,bdqn_naive,0.04243659973144531
7042,bdqn_naive,4.464432239532471
7043,bdqn_naive,0.7908687591552734
7044,bdqn_naive,0.8746662139892578
7045,bdqn_naive,1.4970521926879883
7046,bdqn_naive,1.9988079071044922
7047,bdqn_naive,2.638568878173828
7048,bdqn_naive,0.2941722869873047
7049,bdqn_naive,3.422177314758301
7050,bdqn_naive,2.837808609008789
7051,bdqn_naive,0.12543296813964844
7052,bdqn_naive,2.0616302490234375
7053,bdqn_naive,2.671431541442871
7054,bdqn_naive,2.867335319519043
7055,bdqn_naive,0.8440685272216797
7056,bdqn_naive,0.837193489074707
7057,bdqn_naive,-0.1411304473876953
7058,bdqn_naive,1.891005516052246
7059,bdqn_naive,0.4666004180908203
7060,bdqn_naive,1.788661003112793
7061,bdqn_naive,2.5371580123901367
7062,bdqn_naive,2.132758140563965
7063,bdqn_naive,0.5597944259643555
7064,bdqn_naive,1.7001571655273438
7065,bdqn_naive,3.293231964111328
7066,bdqn_naive,2.3778371810913086
7067,bdqn_naive,0.8502616882324219
7068,bdqn_naive,2.7945308685302734
7069,bdqn_naive,0.13012218475341797
7070,bdqn_naive,3.8423681259155273
7071,bdqn_naive,1.0059146881103516
7072,bdqn_naive,1.2943916320800781
7073,bdqn_naive,1.9971027374267578
7074,bdqn_naive,1.3313045501708984
7075,bdqn_naive,0.8506565093994141
7076,bdqn_naive,3.398710250854492
7077,bdqn_naive,1.5414972305297852
7078,bdqn_naive,1.3076038360595703
7079,bdqn_naive,0.8925008773803711
7080,bdqn_naive,1.348536491394043
7081,bdqn_naive,0.9864425659179688
7082,bdqn_naive,2.116670608520508
7083,bdqn_naive,1.949540138244629
7084,bdqn_naive,6.446916580200195
7085,bdqn_naive,1.4704475402832031
7086,bdqn_naive,1.2307701110839844
7087,bdqn_naive,1.3442010879516602
7088,bdqn_naive,1.4387359619140625
7089,bdqn_naive,2.56246280670166
7090,bdqn_naive,2.7725830078125
7091,bdqn_naive,0.7321710586547852
7092,bdqn_naive,3.5988054275512695
7093,bdqn_naive,2.0459728240966797
7094,bdqn_naive,-0.3855323791503906
7095,bdqn_naive,1.7453575134277344
7096,bdqn_naive,2.866382598876953
7097,bdqn_naive,2.199376106262207
7098,bdqn_naive,1.4759368896484375
7099,bdqn_naive,1.9612464904785156
7100,bdqn_naive,-0.2979898452758789
7101,bdqn_naive,1.4699783325195312
7102,bdqn_naive,2.620332717895508
7103,bdqn_naive,1.539651870727539
7104,bdqn_naive,0.7174234390258789
7105,bdqn_naive,1.4051055908203125
7106,bdqn_naive,2.4093761444091797
7107,bdqn_naive,2.848642349243164
7108,bdqn_naive,2.451310157775879
7109,bdqn_naive,1.288309097290039
7110,bdqn_naive,1.8028335571289062
7111,bdqn_naive,2.4169626235961914
7112,bdqn_naive,0.3719749450683594
7113,bdqn_naive,1.7640056610107422
7114,bdqn_naive,1.3142375946044922
7115,bdqn_naive,2.562406539916992
7116,bdqn_naive,3.3295812606811523
7117,bdqn_naive,2.8324594497680664
7118,bdqn_naive,4.712434768676758
7119,bdqn_naive,3.1971092224121094
7120,bdqn_naive,1.733572006225586
7121,bdqn_naive,1.778207778930664
7122,bdqn_naive,3.97464656829834
7123,bdqn_naive,2.827826499938965
7124,bdqn_naive,0.7401275634765625
7125,bdqn_naive,1.1963443756103516
7126,bdqn_naive,3.9347496032714844
7127,bdqn_naive,2.768980026245117
7128,bdqn_naive,0.7535514831542969
7129,bdqn_naive,1.5149059295654297
7130,bdqn_naive,3.77584171295166
7131,bdqn_naive,0.44729137420654297
7132,bdqn_naive,1.2541656494140625
7133,bdqn_naive,2.546963691711426
7134,bdqn_naive,2.202498435974121
7135,bdqn_naive,2.440835952758789
7136,bdqn_naive,1.4624834060668945
7137,bdqn_naive,1.6418704986572266
7138,bdqn_naive,1.4142179489135742
7139,bdqn_naive,1.5389595031738281
7140,bdqn_naive,0.7115764617919922
7141,bdqn_naive,2.1418676376342773
7142,bdqn_naive,1.4333534240722656
7143,bdqn_naive,4.841032981872559
7144,bdqn_naive,3.9853572845458984
7145,bdqn_naive,1.9066715240478516
7146,bdqn_naive,4.634212493896484
7147,bdqn_naive,1.6862258911132812
7148,bdqn_naive,1.9762639999389648
7149,bdqn_naive,1.4771595001220703
7150,bdqn_naive,4.866940498352051
7151,bdqn_naive,-0.4308767318725586
7152,bdqn_naive,1.624272346496582
7153,bdqn_naive,1.896738052368164
7154,bdqn_naive,7.337038516998291
7155,bdqn_naive,4.257427215576172
7156,bdqn_naive,1.499319076538086
7157,bdqn_naive,1.5190086364746094
7158,bdqn_naive,1.231032371520996
7159,bdqn_naive,2.0041513442993164
7160,bdqn_naive,1.1441593170166016
7161,bdqn_naive,0.45139598846435547
7162,bdqn_naive,3.958921432495117
7163,bdqn_naive,1.370955467224121
7164,bdqn_naive,1.5849647521972656
7165,bdqn_naive,1.2769126892089844
7166,bdqn_naive,1.5041561126708984
7167,bdqn_naive,1.8065500259399414
7168,bdqn_naive,2.809584140777588
7169,bdqn_naive,-0.050841331481933594
7170,bdqn_naive,1.504033088684082
7171,bdqn_naive,3.2488813400268555
7172,bdqn_naive,0.3593120574951172
7173,bdqn_naive,2.5626440048217773
7174,bdqn_naive,3.173609733581543
7175,bdqn_naive,1.5370607376098633
7176,bdqn_naive,-0.8120355606079102
7177,bdqn_naive,0.8806982040405273
7178,bdqn_naive,0.5271778106689453
7179,bdqn_naive,1.3431825637817383
7180,bdqn_naive,1.404458999633789
7181,bdqn_naive,1.862030029296875
7182,bdqn_naive,2.0331668853759766
7183,bdqn_naive,2.6492929458618164
7184,bdqn_naive,0.7946386337280273
7185,bdqn_naive,1.5149345397949219
7186,bdqn_naive,0.8781328201293945
7187,bdqn_naive,1.8577165603637695
7188,bdqn_naive,1.950826644897461
7189,bdqn_naive,4.807110786437988
7190,bdqn_naive,0.9467906951904297
7191,bdqn_naive,-0.9780158996582031
7192,bdqn_naive,0.5187435150146484
7193,bdqn_naive,0.18246936798095703
7194,bdqn_naive,1.1433401107788086
7195,bdqn_naive,4.762506484985352
7196,bdqn_naive,2.7313432693481445
7197,bdqn_naive,1.3221158981323242
7198,bdqn_naive,1.8486900329589844
7199,bdqn_naive,0.9908237457275391
7200,bdqn_naive,1.8619470596313477
7201,bdqn_naive,1.131998062133789
7202,bdqn_naive,0.7836532592773438
7203,bdqn_naive,2.567281723022461
7204,bdqn_naive,1.4552125930786133
7205,bdqn_naive,2.109591484069824
7206,bdqn_naive,3.4497690200805664
7207,bdqn_naive,2.089484214782715
7208,bdqn_naive,2.506807327270508
7209,bdqn_naive,2.315601348876953
7210,bdqn_naive,4.966225624084473
7211,bdqn_naive,5.9434099197387695
7212,bdqn_naive,1.7895708084106445
7213,bdqn_naive,-1.606546401977539
7214,bdqn_naive,0.5142936706542969
7215,bdqn_naive,3.2583093643188477
7216,bdqn_naive,0.5052967071533203
7217,bdqn_naive,3.0429210662841797
7218,bdqn_naive,4.525945663452148
7219,bdqn_naive,2.1518936157226562
7220,bdqn_naive,1.5920066833496094
7221,bdqn_naive,2.205355644226074
7222,bdqn_naive,4.989716529846191
7223,bdqn_naive,-0.29113292694091797
7224,bdqn_naive,4.423122406005859
7225,bdqn_naive,0.999690055847168
7226,bdqn_naive,1.3545665740966797
7227,bdqn_naive,1.8610649108886719
7228,bdqn_naive,1.1569766998291016
7229,bdqn_naive,0.2659940719604492
7230,bdqn_naive,3.637876510620117
7231,bdqn_naive,1.4854936599731445
7232,bdqn_naive,3.0296974182128906
7233,bdqn_naive,-0.4216041564941406
7234,bdqn_naive,2.0670480728149414
7235,bdqn_naive,2.291372299194336
7236,bdqn_naive,1.3206472396850586
7237,bdqn_naive,0.8100481033325195
7238,bdqn_naive,-0.0064144134521484375
7239,bdqn_naive,3.279913902282715
7240,bdqn_naive,2.018177032470703
7241,bdqn_naive,0.8004436492919922
7242,bdqn_naive,0.721064567565918
7243,bdqn_naive,1.921311378479004
7244,bdqn_naive,4.509098052978516
7245,bdqn_naive,1.814539909362793
7246,bdqn_naive,2.2988033294677734
7247,bdqn_naive,0.03220939636230469
7248,bdqn_naive,2.5864315032958984
7249,bdqn_naive,1.2057523727416992
7250,bdqn_naive,0.7031993865966797
7251,bdqn_naive,-0.07993412017822266
7252,bdqn_naive,1.5377273559570312
7253,bdqn_naive,0.8139314651489258
7254,bdqn_naive,0.8649606704711914
7255,bdqn_naive,3.123396396636963
7256,bdqn_naive,2.9698915481567383
7257,bdqn_naive,1.8897676467895508
7258,bdqn_naive,1.6818065643310547
7259,bdqn_naive,1.2211847305297852
7260,bdqn_naive,4.896553039550781
7261,bdqn_naive,0.4387683868408203
7262,bdqn_naive,2.0808887481689453
7263,bdqn_naive,1.600947380065918
7264,bdqn_naive,0.5712566375732422
7265,bdqn_naive,2.5202856063842773
7266,bdqn_naive,3.740506172180176
7267,bdqn_naive,1.149393081665039
7268,bdqn_naive,1.8288955688476562
7269,bdqn_naive,-0.24722003936767578
7270,bdqn_naive,1.5875911712646484
7271,bdqn_naive,2.655529022216797
7272,bdqn_naive,1.510157585144043
7273,bdqn_naive,4.4875078201293945
7274,bdqn_naive,2.21920108795166
7275,bdqn_naive,1.4234619140625
7276,bdqn_naive,-0.05874919891357422
7277,bdqn_naive,1.809854507446289
7278,bdqn_naive,3.2621259689331055
7279,bdqn_naive,1.7675714492797852
7280,bdqn_naive,1.03131103515625
7281,bdqn_naive,1.460677146911621
7282,bdqn_naive,5.15841007232666
7283,bdqn_naive,2.094550132751465
7284,bdqn_naive,0.49910545349121094
7285,bdqn_naive,1.2474136352539062
7286,bdqn_naive,-0.5712127685546875
7287,bdqn_naive,2.783658981323242
7288,bdqn_naive,-0.15160560607910156
7289,bdqn_naive,2.6665830612182617
7290,bdqn_naive,2.6938934326171875
7291,bdqn_naive,2.900562286376953
7292,bdqn_naive,3.8333330154418945
7293,bdqn_naive,0.9677839279174805
7294,bdqn_naive,1.624776840209961
7295,bdqn_naive,1.040318489074707
7296,bdqn_naive,1.1301069259643555
7297,bdqn_naive,1.5578031539916992
7298,bdqn_naive,2.1328325271606445
7299,bdqn_naive,2.560408592224121
7300,bdqn_naive,1.496251106262207
7301,bdqn_naive,2.3363332748413086
7302,bdqn_naive,2.7081050872802734
7303,bdqn_naive,4.394387245178223
7304,bdqn_naive,1.621891975402832
7305,bdqn_naive,1.7943181991577148
7306,bdqn_naive,-0.031772613525390625
7307,bdqn_naive,0.6113948822021484
7308,bdqn_naive,2.741069793701172
7309,bdqn_naive,1.0387096405029297
7310,bdqn_naive,1.3837528228759766
7311,bdqn_naive,-0.36978626251220703
7312,bdqn_naive,1.7429122924804688
7313,bdqn_naive,-0.9573297500610352
7314,bdqn_naive,1.77447509765625
7315,bdqn_naive,2.0281925201416016
7316,bdqn_naive,0.6043729782104492
7317,bdqn_naive,1.3246498107910156
7318,bdqn_naive,2.141225814819336
7319,bdqn_naive,3.7963294982910156
7320,bdqn_naive,2.2545671463012695
7321,bdqn_naive,7.193155288696289
7322,bdqn_naive,5.2909393310546875
7323,bdqn_naive,2.652590751647949
7324,bdqn_naive,1.4818429946899414
7325,bdqn_naive,3.509751319885254
7326,bdqn_naive,1.910818099975586
7327,bdqn_naive,-0.5414609909057617
7328,bdqn_naive,3.89816951751709
7329,bdqn_naive,1.8910932540893555
7330,bdqn_naive,0.21503353118896484
7331,bdqn_naive,1.1428413391113281
7332,bdqn_naive,1.3342914581298828
7333,bdqn_naive,1.7354974746704102
7334,bdqn_naive,2.3156776428222656
7335,bdqn_naive,2.4409446716308594
7336,bdqn_naive,0.16198348999023438
7337,bdqn_naive,0.8300399780273438
7338,bdqn_naive,2.3924264907836914
7339,bdqn_naive,0.23601722717285156
7340,bdqn_naive,1.9839286804199219
7341,bdqn_naive,2.159587860107422
7342,bdqn_naive,1.1916847229003906
7343,bdqn_naive,1.6412620544433594
7344,bdqn_naive,6.383923530578613
7345,bdqn_naive,0.40949535369873047
7346,bdqn_naive,0.9421987533569336
7347,bdqn_naive,0.892664909362793
7348,bdqn_naive,3.6079139709472656
7349,bdqn_naive,3.4032974243164062
7350,bdqn_naive,1.6380348205566406
7351,bdqn_naive,0.6826381683349609
7352,bdqn_naive,1.843400001525879
7353,bdqn_naive,0.6148796081542969
7354,bdqn_naive,3.480924606323242
7355,bdqn_naive,3.1305952072143555
7356,bdqn_naive,1.044198989868164
7357,bdqn_naive,2.5515050888061523
7358,bdqn_naive,1.3218936920166016
7359,bdqn_naive,0.9920110702514648
7360,bdqn_naive,4.462305068969727
7361,bdqn_naive,3.264566421508789
7362,bdqn_naive,1.4135961532592773
7363,bdqn_naive,2.2078685760498047
7364,bdqn_naive,1.4211196899414062
7365,bdqn_naive,2.8727006912231445
7366,bdqn_naive,3.2806100845336914
7367,bdqn_naive,1.6696443557739258
7368,bdqn_naive,4.184218883514404
7369,bdqn_naive,0.962738037109375
7370,bdqn_naive,4.1343994140625
7371,bdqn_naive,0.3297548294067383
7372,bdqn_naive,1.6154155731201172
7373,bdqn_naive,4.5650177001953125
7374,bdqn_naive,1.1076507568359375
7375,bdqn_naive,4.423352241516113
7376,bdqn_naive,0.9100303649902344
7377,bdqn_naive,1.137125015258789
7378,bdqn_naive,1.3976898193359375
7379,bdqn_naive,3.4675865173339844
7380,bdqn_naive,5.433494567871094
7381,bdqn_naive,0.845646858215332
7382,bdqn_naive,2.185741424560547
7383,bdqn_naive,1.2970523834228516
7384,bdqn_naive,5.872001647949219
7385,bdqn_naive,3.108099937438965
7386,bdqn_naive,1.8957242965698242
7387,bdqn_naive,2.4545745849609375
7388,bdqn_naive,2.5954036712646484
7389,bdqn_naive,0.32300472259521484
7390,bdqn_naive,2.5910263061523438
7391,bdqn_naive,2.1288843154907227
7392,bdqn_naive,0.8354310989379883
7393,bdqn_naive,1.343954086303711
7394,bdqn_naive,-0.05910968780517578
7395,bdqn_naive,0.43324756622314453
7396,bdqn_naive,2.5010433197021484
7397,bdqn_naive,2.42578125
7398,bdqn_naive,1.307943344116211
7399,bdqn_naive,1.8099479675292969
7400,bdqn_naive,0.3803749084472656
7401,bdqn_naive,2.0354013442993164
7402,bdqn_naive,0.5677108764648438
7403,bdqn_naive,2.0962142944335938
7404,bdqn_naive,4.746872901916504
7405,bdqn_naive,1.3835668563842773
7406,bdqn_naive,1.424433708190918
7407,bdqn_naive,4.9243927001953125
7408,bdqn_naive,0.9795808792114258
7409,bdqn_naive,3.423757553100586
7410,bdqn_naive,2.120250701904297
7411,bdqn_naive,1.7604379653930664
7412,bdqn_naive,6.063933372497559
7413,bdqn_naive,0.8885641098022461
7414,bdqn_naive,1.8367385864257812
7415,bdqn_naive,1.2174654006958008
7416,bdqn_naive,1.4142093658447266
7417,bdqn_naive,2.1887245178222656
7418,bdqn_naive,4.533672332763672
7419,bdqn_naive,3.310161590576172
7420,bdqn_naive,2.167527198791504
7421,bdqn_naive,2.1517162322998047
7422,bdqn_naive,-0.28467464447021484
7423,bdqn_naive,2.753129005432129
7424,bdqn_naive,2.4631128311157227
7425,bdqn_naive,5.248250961303711
7426,bdqn_naive,1.1270866394042969
7427,bdqn_naive,3.0497827529907227
7428,bdqn_naive,5.693683624267578
7429,bdqn_naive,0.20731735229492188
7430,bdqn_naive,2.9080886840820312
7431,bdqn_naive,1.8104267120361328
7432,bdqn_naive,1.922957420349121
7433,bdqn_naive,3.1714115142822266
7434,bdqn_naive,2.0844688415527344
7435,bdqn_naive,1.2525806427001953
7436,bdqn_naive,1.8172359466552734
7437,bdqn_naive,0.4783048629760742
7438,bdqn_naive,3.701169490814209
7439,bdqn_naive,1.1452112197875977
7440,bdqn_naive,-1.0815467834472656
7441,bdqn_naive,1.5448875427246094
7442,bdqn_naive,1.0096874237060547
7443,bdqn_naive,1.438924789428711
7444,bdqn_naive,-0.9608898162841797
7445,bdqn_naive,2.5129823684692383
7446,bdqn_naive,1.1205806732177734
7447,bdqn_naive,1.0251922607421875
7448,bdqn_naive,-0.03125190734863281
7449,bdqn_naive,1.5797080993652344
7450,bdqn_naive,1.9748620986938477
7451,bdqn_naive,1.1322259902954102
7452,bdqn_naive,1.263885498046875
7453,bdqn_naive,0.7740345001220703
7454,bdqn_naive,2.7744922637939453
7455,bdqn_naive,2.590686798095703
7456,bdqn_naive,2.1799516677856445
7457,bdqn_naive,3.5292129516601562
7458,bdqn_naive,2.299893379211426
7459,bdqn_naive,1.1753368377685547
7460,bdqn_naive,2.4260082244873047
7461,bdqn_naive,1.3107471466064453
7462,bdqn_naive,5.999955177307129
7463,bdqn_naive,2.852705955505371
7464,bdqn_naive,0.9952335357666016
7465,bdqn_naive,2.816676139831543
7466,bdqn_naive,1.9688291549682617
7467,bdqn_naive,2.3187074661254883
7468,bdqn_naive,1.2103767395019531
7469,bdqn_naive,5.649194717407227
7470,bdqn_naive,4.022541046142578
7471,bdqn_naive,0.8855400085449219
7472,bdqn_naive,3.651604652404785
7473,bdqn_naive,3.967259407043457
7474,bdqn_naive,2.683173656463623
7475,bdqn_naive,3.027294158935547
7476,bdqn_naive,0.09833145141601562
7477,bdqn_naive,2.17844295501709
7478,bdqn_naive,2.8979015350341797
7479,bdqn_naive,2.548007011413574
7480,bdqn_naive,3.041703224182129
7481,bdqn_naive,0.9132013320922852
7482,bdqn_naive,2.739405632019043
7483,bdqn_naive,2.0449085235595703
7484,bdqn_naive,2.599114418029785
7485,bdqn_naive,1.9903202056884766
7486,bdqn_naive,1.1865558624267578
7487,bdqn_naive,5.34255313873291
7488,bdqn_naive,2.6816720962524414
7489,bdqn_naive,-1.8997383117675781
7490,bdqn_naive,1.6522541046142578
7491,bdqn_naive,2.7486228942871094
7492,bdqn_naive,2.1873788833618164
7493,bdqn_naive,0.46085357666015625
7494,bdqn_naive,2.6406497955322266
7495,bdqn_naive,2.986238479614258
7496,bdqn_naive,1.121063232421875
7497,bdqn_naive,1.6534795761108398
7498,bdqn_naive,1.8058843612670898
7499,bdqn_naive,2.297389030456543
7500,bdqn_naive,0.5240268707275391
7501,bdqn_naive,2.838892936706543
7502,bdqn_naive,2.469355583190918
7503,bdqn_naive,1.5364990234375
7504,bdqn_naive,3.606616973876953
7505,bdqn_naive,4.489410400390625
7506,bdqn_naive,4.0382080078125
7507,bdqn_naive,1.715693473815918
7508,bdqn_naive,0.09905242919921875
7509,bdqn_naive,0.44266796112060547
7510,bdqn_naive,6.471867561340332
7511,bdqn_naive,1.0625553131103516
7512,bdqn_naive,1.0286412239074707
7513,bdqn_naive,5.856418609619141
7514,bdqn_naive,3.6032261848449707
7515,bdqn_naive,2.4570140838623047
7516,bdqn_naive,2.1304969787597656
7517,bdqn_naive,0.7722148895263672
7518,bdqn_naive,5.851446151733398
7519,bdqn_naive,2.3984193801879883
7520,bdqn_naive,4.030220985412598
7521,bdqn_naive,2.5851802825927734
7522,bdqn_naive,0.5196685791015625
7523,bdqn_naive,0.11440849304199219
7524,bdqn_naive,1.6077775955200195
7525,bdqn_naive,1.2495355606079102
7526,bdqn_naive,1.2057056427001953
7527,bdqn_naive,0.3432779312133789
7528,bdqn_naive,1.8405542373657227
7529,bdqn_naive,2.9315757751464844
7530,bdqn_naive,1.1235027313232422
7531,bdqn_naive,1.8009452819824219
7532,bdqn_naive,1.201608657836914
7533,bdqn_naive,3.196780204772949
7534,bdqn_naive,1.7595844268798828
7535,bdqn_naive,1.4404010772705078
7536,bdqn_naive,2.1118650436401367
7537,bdqn_naive,2.3160152435302734
7538,bdqn_naive,3.6162548065185547
7539,bdqn_naive,1.6995201110839844
7540,bdqn_naive,2.3262243270874023
7541,bdqn_naive,2.509174346923828
7542,bdqn_naive,1.5605974197387695
7543,bdqn_naive,0.0643301010131836
7544,bdqn_naive,2.322763442993164
7545,bdqn_naive,1.1669292449951172
7546,bdqn_naive,0.8427963256835938
7547,bdqn_naive,0.27428436279296875
7548,bdqn_naive,3.1121082305908203
7549,bdqn_naive,2.270936965942383
7550,bdqn_naive,0.8881206512451172
7551,bdqn_naive,3.4275712966918945
7552,bdqn_naive,1.557124137878418
7553,bdqn_naive,2.9976367950439453
7554,bdqn_naive,0.4352607727050781
7555,bdqn_naive,1.3540573120117188
7556,bdqn_naive,6.969847679138184
7557,bdqn_naive,2.5086212158203125
7558,bdqn_naive,1.6227264404296875
7559,bdqn_naive,-0.9900636672973633
7560,bdqn_naive,2.717320442199707
7561,bdqn_naive,1.0141735076904297
7562,bdqn_naive,-0.17723464965820312
7563,bdqn_naive,3.0844669342041016
7564,bdqn_naive,1.8316459655761719
7565,bdqn_naive,0.6867074966430664
7566,bdqn_naive,0.035717010498046875
7567,bdqn_naive,3.7884864807128906
7568,bdqn_naive,0.44872570037841797
7569,bdqn_naive,3.367678165435791
7570,bdqn_naive,1.5724992752075195
7571,bdqn_naive,6.404962539672852
7572,bdqn_naive,3.5652198791503906
7573,bdqn_naive,0.11151313781738281
7574,bdqn_naive,2.0761566162109375
7575,bdqn_naive,3.62636661529541
7576,bdqn_naive,2.4519243240356445
7577,bdqn_naive,2.1841487884521484
7578,bdqn_naive,1.3319988250732422
7579,bdqn_naive,1.9701318740844727
7580,bdqn_naive,2.7863569259643555
7581,bdqn_naive,5.095497131347656
7582,bdqn_naive,0.962799072265625
7583,bdqn_naive,1.3921937942504883
7584,bdqn_naive,1.6115083694458008
7585,bdqn_naive,0.32849979400634766
7586,bdqn_naive,1.7505979537963867
7587,bdqn_naive,-0.21596622467041016
7588,bdqn_naive,1.5355682373046875
7589,bdqn_naive,5.678671836853027
7590,bdqn_naive,1.384251594543457
7591,bdqn_naive,0.7330150604248047
7592,bdqn_naive,7.539172172546387
7593,bdqn_naive,2.0411176681518555
7594,bdqn_naive,2.5218114852905273
7595,bdqn_naive,2.1060829162597656
7596,bdqn_naive,5.503573417663574
7597,bdqn_naive,1.2750682830810547
7598,bdqn_naive,2.234739303588867
7599,bdqn_naive,3.5764713287353516
7600,bdqn_naive,1.9527626037597656
7601,bdqn_naive,2.5320072174072266
7602,bdqn_naive,3.38946533203125
7603,bdqn_naive,1.6612586975097656
7604,bdqn_naive,0.13558053970336914
7605,bdqn_naive,1.302109718322754
7606,bdqn_naive,4.171344757080078
7607,bdqn_naive,1.1768608093261719
7608,bdqn_naive,2.4519052505493164
7609,bdqn_naive,2.169278144836426
7610,bdqn_naive,4.08171272277832
7611,bdqn_naive,4.899654388427734
7612,bdqn_naive,2.5744247436523438
7613,bdqn_naive,1.8555259704589844
7614,bdqn_naive,-0.780308723449707
7615,bdqn_naive,1.8276052474975586
7616,bdqn_naive,5.381929397583008
7617,bdqn_naive,4.491391181945801
7618,bdqn_naive,-1.908395767211914
7619,bdqn_naive,1.3544082641601562
7620,bdqn_naive,1.6700830459594727
7621,bdqn_naive,3.378997802734375
7622,bdqn_naive,2.1869239807128906
7623,bdqn_naive,0.6090564727783203
7624,bdqn_naive,1.9600887298583984
7625,bdqn_naive,1.3672552108764648
7626,bdqn_naive,7.3937883377075195
7627,bdqn_naive,6.294160842895508
7628,bdqn_naive,1.5928611755371094
7629,bdqn_naive,0.6680507659912109
7630,bdqn_naive,0.6043596267700195
7631,bdqn_naive,4.17823600769043
7632,bdqn_naive,0.26303577423095703
7633,bdqn_naive,1.5133132934570312
7634,bdqn_naive,0.05170249938964844
7635,bdqn_naive,0.26995372772216797
7636,bdqn_naive,0.04321479797363281
7637,bdqn_naive,0.17876434326171875
7638,bdqn_naive,1.1902799606323242
7639,bdqn_naive,2.587604522705078
7640,bdqn_naive,5.154243469238281
7641,bdqn_naive,2.322390556335449
7642,bdqn_naive,2.512908935546875
7643,bdqn_naive,2.5591297149658203
7644,bdqn_naive,2.6251001358032227
7645,bdqn_naive,0.4495086669921875
7646,bdqn_naive,0.49665260314941406
7647,bdqn_naive,1.4157862663269043
7648,bdqn_naive,1.5829706192016602
7649,bdqn_naive,2.0722389221191406
7650,bdqn_naive,0.7195825576782227
7651,bdqn_naive,1.4620170593261719
7652,bdqn_naive,0.978266716003418
7653,bdqn_naive,3.613471031188965
7654,bdqn_naive,4.372840881347656
7655,bdqn_naive,1.4624261856079102
7656,bdqn_naive,3.8563594818115234
7657,bdqn_naive,1.850006103515625
7658,bdqn_naive,4.644947052001953
7659,bdqn_naive,3.0594024658203125
7660,bdqn_naive,1.2793331146240234
7661,bdqn_naive,6.788593292236328
7662,bdqn_naive,2.201374053955078
7663,bdqn_naive,1.9297661781311035
7664,bdqn_naive,1.040633201599121
7665,bdqn_naive,1.2899408340454102
7666,bdqn_naive,1.4716262817382812
7667,bdqn_naive,3.742854118347168
7668,bdqn_naive,2.071019172668457
7669,bdqn_naive,1.2660417556762695
7670,bdqn_naive,0.8099136352539062
7671,bdqn_naive,2.3575401306152344
7672,bdqn_naive,2.743803024291992
7673,bdqn_naive,1.3168039321899414
7674,bdqn_naive,-1.8788185119628906
7675,bdqn_naive,1.833024024963379
7676,bdqn_naive,-0.44200992584228516
7677,bdqn_naive,1.7125167846679688
7678,bdqn_naive,4.07285213470459
7679,bdqn_naive,2.853884696960449
7680,bdqn_naive,2.56939697265625
7681,bdqn_naive,3.2241458892822266
7682,bdqn_naive,1.729294776916504
7683,bdqn_naive,7.20945930480957
7684,bdqn_naive,3.7412166595458984
7685,bdqn_naive,-0.39615440368652344
7686,bdqn_naive,2.058640480041504
7687,bdqn_naive,1.924220085144043
7688,bdqn_naive,1.0927410125732422
7689,bdqn_naive,2.4125471115112305
7690,bdqn_naive,1.6061773300170898
7691,bdqn_naive,1.5325803756713867
7692,bdqn_naive,3.4268665313720703
7693,bdqn_naive,1.5306291580200195
7694,bdqn_naive,1.9963836669921875
7695,bdqn_naive,1.765298843383789
7696,bdqn_naive,-0.08586406707763672
7697,bdqn_naive,0.5972099304199219
7698,bdqn_naive,0.5787477493286133
7699,bdqn_naive,5.407934188842773
7700,bdqn_naive,0.66650390625
7701,bdqn_naive,1.0194425582885742
7702,bdqn_naive,2.9555797576904297
7703,bdqn_naive,0.0257415771484375
7704,bdqn_naive,5.1629815101623535
7705,bdqn_naive,0.9255328178405762
7706,bdqn_naive,1.8355522155761719
7707,bdqn_naive,1.866912841796875
7708,bdqn_naive,0.735295295715332
7709,bdqn_naive,2.6106882095336914
7710,bdqn_naive,1.5031499862670898
7711,bdqn_naive,2.634023666381836
7712,bdqn_naive,1.875594139099121
7713,bdqn_naive,5.50042724609375
7714,bdqn_naive,1.3176183700561523
7715,bdqn_naive,1.2357749938964844
7716,bdqn_naive,1.6223783493041992
7717,bdqn_naive,2.5357322692871094
7718,bdqn_naive,3.472614288330078
7719,bdqn_naive,1.4899024963378906
7720,bdqn_naive,3.276675224304199
7721,bdqn_naive,3.3225717544555664
7722,bdqn_naive,1.5229339599609375
7723,bdqn_naive,4.5111894607543945
7724,bdqn_naive,0.8097858428955078
7725,bdqn_naive,0.8383340835571289
7726,bdqn_naive,0.6408252716064453
7727,bdqn_naive,2.5331506729125977
7728,bdqn_naive,3.2471065521240234
7729,bdqn_naive,1.6876029968261719
7730,bdqn_naive,1.7191848754882812
7731,bdqn_naive,1.2862863540649414
7732,bdqn_naive,0.3804597854614258
7733,bdqn_naive,2.094569206237793
7734,bdqn_naive,0.38033485412597656
7735,bdqn_naive,0.3330669403076172
7736,bdqn_naive,2.048966407775879
7737,bdqn_naive,0.40790557861328125
7738,bdqn_naive,1.484243392944336
7739,bdqn_naive,2.7716455459594727
7740,bdqn_naive,1.8634443283081055
7741,bdqn_naive,-0.16100025177001953
7742,bdqn_naive,3.5940704345703125
7743,bdqn_naive,2.4801063537597656
7744,bdqn_naive,1.30548095703125
7745,bdqn_naive,1.8528423309326172
7746,bdqn_naive,2.445781707763672
7747,bdqn_naive,1.364985466003418
7748,bdqn_naive,3.858762741088867
7749,bdqn_naive,0.6498899459838867
7750,bdqn_naive,0.3200111389160156
7751,bdqn_naive,0.6456775665283203
7752,bdqn_naive,2.423264503479004
7753,bdqn_naive,1.330862045288086
7754,bdqn_naive,0.26184940338134766
7755,bdqn_naive,6.124194145202637
7756,bdqn_naive,1.5169658660888672
7757,bdqn_naive,4.246789932250977
7758,bdqn_naive,2.0095396041870117
7759,bdqn_naive,1.6437101364135742
7760,bdqn_naive,2.3981876373291016
7761,bdqn_naive,4.341904640197754
7762,bdqn_naive,1.6389093399047852
7763,bdqn_naive,2.0096378326416016
7764,bdqn_naive,-0.3652963638305664
7765,bdqn_naive,0.28465938568115234
7766,bdqn_naive,2.0283517837524414
7767,bdqn_naive,-0.11094093322753906
7768,bdqn_naive,-0.1796855926513672
7769,bdqn_naive,-0.5247592926025391
7770,bdqn_naive,4.4039411544799805
7771,bdqn_naive,2.040781021118164
7772,bdqn_naive,1.8431167602539062
7773,bdqn_naive,1.9578285217285156
7774,bdqn_naive,1.890305519104004
7775,bdqn_naive,1.362626075744629
7776,bdqn_naive,1.6286401748657227
7777,bdqn_naive,1.3498344421386719
7778,bdqn_naive,1.2099790573120117
7779,bdqn_naive,4.233341217041016
7780,bdqn_naive,1.5065231323242188
7781,bdqn_naive,1.7096796035766602
7782,bdqn_naive,3.573391914367676
7783,bdqn_naive,6.008254051208496
7784,bdqn_naive,3.6275081634521484
7785,bdqn_naive,0.6840410232543945
7786,bdqn_naive,0.47766780853271484
7787,bdqn_naive,0.5490226745605469
7788,bdqn_naive,2.176248550415039
7789,bdqn_naive,1.1404438018798828
7790,bdqn_naive,5.295524597167969
7791,bdqn_naive,1.696737289428711
7792,bdqn_naive,1.034088134765625
7793,bdqn_naive,0.2375507354736328
7794,bdqn_naive,1.8605680465698242
7795,bdqn_naive,0.6720371246337891
7796,bdqn_naive,3.4232683181762695
7797,bdqn_naive,2.573245048522949
7798,bdqn_naive,2.5094375610351562
7799,bdqn_naive,3.4632978439331055
7800,bdqn_naive,0.5662002563476562
7801,bdqn_naive,1.8378887176513672
7802,bdqn_naive,3.601682662963867
7803,bdqn_naive,3.3658828735351562
7804,bdqn_naive,0.5070085525512695
7805,bdqn_naive,1.8604698181152344
7806,bdqn_naive,1.6328754425048828
7807,bdqn_naive,2.7558646202087402
7808,bdqn_naive,1.3766365051269531
7809,bdqn_naive,1.294485092163086
7810,bdqn_naive,0.68231201171875
7811,bdqn_naive,0.8106422424316406
7812,bdqn_naive,1.4034624099731445
7813,bdqn_naive,0.27579689025878906
7814,bdqn_naive,0.09469795227050781
7815,bdqn_naive,2.3190364837646484
7816,bdqn_naive,3.116877555847168
7817,bdqn_naive,2.195075035095215
7818,bdqn_naive,1.3142004013061523
7819,bdqn_naive,2.801030158996582
7820,bdqn_naive,1.3843746185302734
7821,bdqn_naive,0.5953941345214844
7822,bdqn_naive,2.6190719604492188
7823,bdqn_naive,3.227579116821289
7824,bdqn_naive,0.14812564849853516
7825,bdqn_naive,2.155611991882324
7826,bdqn_naive,2.735950469970703
7827,bdqn_naive,4.875490188598633
7828,bdqn_naive,4.783670902252197
7829,bdqn_naive,1.9281978607177734
7830,bdqn_naive,1.6174993515014648
7831,bdqn_naive,0.7799777984619141
7832,bdqn_naive,1.8416223526000977
7833,bdqn_naive,1.7969341278076172
7834,bdqn_naive,2.2213706970214844
7835,bdqn_naive,4.142434120178223
7836,bdqn_naive,2.6100597381591797
7837,bdqn_naive,1.0985565185546875
7838,bdqn_naive,-0.16176986694335938
7839,bdqn_naive,1.4734010696411133
7840,bdqn_naive,0.7842264175415039
7841,bdqn_naive,5.000602722167969
7842,bdqn_naive,0.2108306884765625
7843,bdqn_naive,2.4722890853881836
7844,bdqn_naive,2.263241767883301
7845,bdqn_naive,1.20611572265625
7846,bdqn_naive,2.063943862915039
7847,bdqn_naive,2.7035818099975586
7848,bdqn_naive,2.0105695724487305
7849,bdqn_naive,3.2655649185180664
7850,bdqn_naive,1.6060810089111328
7851,bdqn_naive,2.571385383605957
7852,bdqn_naive,2.490743637084961
7853,bdqn_naive,1.6017837524414062
7854,bdqn_naive,4.079461097717285
7855,bdqn_naive,3.1598434448242188
7856,bdqn_naive,2.973355293273926
7857,bdqn_naive,3.926276206970215
7858,bdqn_naive,2.7734689712524414
7859,bdqn_naive,0.5686511993408203
7860,bdqn_naive,0.6208486557006836
7861,bdqn_naive,0.5053014755249023
7862,bdqn_naive,2.821197509765625
7863,bdqn_naive,1.2812623977661133
7864,bdqn_naive,1.9633493423461914
7865,bdqn_naive,0.6386566162109375
7866,bdqn_naive,0.567561149597168
7867,bdqn_naive,0.06546878814697266
7868,bdqn_naive,-0.26817893981933594
7869,bdqn_naive,1.2136955261230469
7870,bdqn_naive,2.284852981567383
7871,bdqn_naive,4.115447998046875
7872,bdqn_naive,0.8993549346923828
7873,bdqn_naive,2.912443161010742
7874,bdqn_naive,0.18984413146972656
7875,bdqn_naive,1.113175392150879
7876,bdqn_naive,1.9653310775756836
7877,bdqn_naive,1.454392433166504
7878,bdqn_naive,-0.9201974868774414
7879,bdqn_naive,4.461969375610352
7880,bdqn_naive,1.4156570434570312
7881,bdqn_naive,1.383035659790039
7882,bdqn_naive,2.198733329772949
7883,bdqn_naive,-0.7105140686035156
7884,bdqn_naive,3.6762828826904297
7885,bdqn_naive,2.1968088150024414
7886,bdqn_naive,1.006439208984375
7887,bdqn_naive,1.3055448532104492
7888,bdqn_naive,-0.5381889343261719
7889,bdqn_naive,2.145477294921875
7890,bdqn_naive,1.3513240814208984
7891,bdqn_naive,2.372028350830078
7892,bdqn_naive,2.216217041015625
7893,bdqn_naive,1.3808717727661133
7894,bdqn_naive,2.6257200241088867
7895,bdqn_naive,0.4051513671875
7896,bdqn_naive,1.1326713562011719
7897,bdqn_naive,2.4144344329833984
7898,bdqn_naive,5.559575080871582
7899,bdqn_naive,1.9937896728515625
7900,bdqn_naive,1.4421558380126953
7901,bdqn_naive,0.9621047973632812
7902,bdqn_naive,2.4058685302734375
7903,bdqn_naive,4.405160903930664
7904,bdqn_naive,4.0904436111450195
7905,bdqn_naive,0.5270833969116211
7906,bdqn_naive,2.1028146743774414
7907,bdqn_naive,2.6669464111328125
7908,bdqn_naive,1.5837440490722656
7909,bdqn_naive,1.2653923034667969
7910,bdqn_naive,1.3656787872314453
7911,bdqn_naive,2.469923973083496
7912,bdqn_naive,2.531278610229492
7913,bdqn_naive,2.9233360290527344
7914,bdqn_naive,1.9722576141357422
7915,bdqn_naive,3.4189605712890625
7916,bdqn_naive,0.6753330230712891
7917,bdqn_naive,-0.2039318084716797
7918,bdqn_naive,3.0834426879882812
7919,bdqn_naive,6.283498764038086
7920,bdqn_naive,1.192230224609375
7921,bdqn_naive,1.6007804870605469
7922,bdqn_naive,1.3683290481567383
7923,bdqn_naive,1.5406274795532227
7924,bdqn_naive,2.791264533996582
7925,bdqn_naive,1.9279613494873047
7926,bdqn_naive,1.6032037734985352
7927,bdqn_naive,4.231540679931641
7928,bdqn_naive,1.518815040588379
7929,bdqn_naive,1.6000385284423828
7930,bdqn_naive,0.8425693511962891
7931,bdqn_naive,1.7207508087158203
7932,bdqn_naive,2.467587471008301
7933,bdqn_naive,2.743229866027832
7934,bdqn_naive,0.49364471435546875
7935,bdqn_naive,0.5753507614135742
7936,bdqn_naive,0.012289047241210938
7937,bdqn_naive,1.8353042602539062
7938,bdqn_naive,1.2415695190429688
7939,bdqn_naive,1.8831825256347656
7940,bdqn_naive,-0.23986053466796875
7941,bdqn_naive,2.4320497512817383
7942,bdqn_naive,1.4176979064941406
7943,bdqn_naive,-0.10069561004638672
7944,bdqn_naive,1.4112167358398438
7945,bdqn_naive,1.1385726928710938
7946,bdqn_naive,4.42710542678833
7947,bdqn_naive,2.465517997741699
7948,bdqn_naive,0.8351612091064453
7949,bdqn_naive,2.4252567291259766
7950,bdqn_naive,4.072312355041504
7951,bdqn_naive,2.7527923583984375
7952,bdqn_naive,1.4552907943725586
7953,bdqn_naive,2.1390132904052734
7954,bdqn_naive,3.7249298095703125
7955,bdqn_naive,4.086857795715332
7956,bdqn_naive,0.6920328140258789
7957,bdqn_naive,2.1402406692504883
7958,bdqn_naive,1.2260103225708008
7959,bdqn_naive,0.1823577880859375
7960,bdqn_naive,1.0857372283935547
7961,bdqn_naive,3.6726417541503906
7962,bdqn_naive,0.673192024230957
7963,bdqn_naive,1.8827476501464844
7964,bdqn_naive,2.3136777877807617
7965,bdqn_naive,1.0556230545043945
7966,bdqn_naive,3.117489814758301
7967,bdqn_naive,0.8366756439208984
7968,bdqn_naive,0.053725242614746094
7969,bdqn_naive,3.5742311477661133
7970,bdqn_naive,2.3237838745117188
7971,bdqn_naive,3.6663904190063477
7972,bdqn_naive,0.8858737945556641
7973,bdqn_naive,0.4476509094238281
7974,bdqn_naive,3.1758861541748047
7975,bdqn_naive,1.5886335372924805
7976,bdqn_naive,3.1518754959106445
7977,bdqn_naive,0.8749790191650391
7978,bdqn_naive,1.6459598541259766
7979,bdqn_naive,0.4480724334716797
7980,bdqn_naive,5.431607246398926
7981,bdqn_naive,1.3392744064331055
7982,bdqn_naive,3.391407012939453
7983,bdqn_naive,1.412424087524414
7984,bdqn_naive,1.6591720581054688
7985,bdqn_naive,0.8317937850952148
7986,bdqn_naive,0.8450384140014648
7987,bdqn_naive,1.7859716415405273
7988,bdqn_naive,3.05963134765625
7989,bdqn_naive,1.9544649124145508
7990,bdqn_naive,3.8971853256225586
7991,bdqn_naive,2.4700546264648438
7992,bdqn_naive,1.4522581100463867
7993,bdqn_naive,2.05246639251709
7994,bdqn_naive,0.6724796295166016
7995,bdqn_naive,1.4459400177001953
7996,bdqn_naive,2.5346107482910156
7997,bdqn_naive,1.4218769073486328
7998,bdqn_naive,0.1519622802734375
7999,bdqn_naive,2.6032752990722656
8000,bdqn_naive,1.485213279724121
8001,bdqn_naive,3.0748729705810547
8002,bdqn_naive,1.1495018005371094
8003,bdqn_naive,2.1626272201538086
8004,bdqn_naive,1.4353723526000977
8005,bdqn_naive,0.2956857681274414
8006,bdqn_naive,0.8643159866333008
8007,bdqn_naive,0.8727884292602539
8008,bdqn_naive,1.3969955444335938
8009,bdqn_naive,2.362881660461426
8010,bdqn_naive,0.8846015930175781
8011,bdqn_naive,-0.15960311889648438
8012,bdqn_naive,1.1057920455932617
8013,bdqn_naive,4.054985046386719
8014,bdqn_naive,0.9239358901977539
8015,bdqn_naive,1.2478580474853516
8016,bdqn_naive,1.6996421813964844
8017,bdqn_naive,4.690707206726074
8018,bdqn_naive,1.7320127487182617
8019,bdqn_naive,1.5732297897338867
8020,bdqn_naive,3.0358972549438477
8021,bdqn_naive,0.4123802185058594
8022,bdqn_naive,0.7399330139160156
8023,bdqn_naive,0.23823261260986328
8024,bdqn_naive,1.708003044128418
8025,bdqn_naive,0.9018335342407227
8026,bdqn_naive,3.545609474182129
8027,bdqn_naive,1.6769647598266602
8028,bdqn_naive,1.5698814392089844
8029,bdqn_naive,0.1039266586303711
8030,bdqn_naive,1.463958740234375
8031,bdqn_naive,1.4169549942016602
8032,bdqn_naive,0.5544757843017578
8033,bdqn_naive,2.032229423522949
8034,bdqn_naive,2.3324365615844727
8035,bdqn_naive,1.2094249725341797
8036,bdqn_naive,1.6768064498901367
8037,bdqn_naive,2.740201950073242
8038,bdqn_naive,1.0240001678466797
8039,bdqn_naive,1.1263113021850586
8040,bdqn_naive,1.9310722351074219
8041,bdqn_naive,1.9214744567871094
8042,bdqn_naive,0.5858840942382812
8043,bdqn_naive,0.848419189453125
8044,bdqn_naive,-0.33281517028808594
8045,bdqn_naive,0.624812126159668
8046,bdqn_naive,-0.08760929107666016
8047,bdqn_naive,0.0076141357421875
8048,bdqn_naive,1.5049314498901367
8049,bdqn_naive,1.4282283782958984
8050,bdqn_naive,3.0388622283935547
8051,bdqn_naive,1.0949411392211914
8052,bdqn_naive,1.9728126525878906
8053,bdqn_naive,0.9524612426757812
8054,bdqn_naive,2.966620445251465
8055,bdqn_naive,0.7573471069335938
8056,bdqn_naive,0.8418569564819336
8057,bdqn_naive,1.7753515243530273
8058,bdqn_naive,2.25783634185791
8059,bdqn_naive,1.6853199005126953
8060,bdqn_naive,1.8519477844238281
8061,bdqn_naive,0.6717281341552734
8062,bdqn_naive,1.0992794036865234
8063,bdqn_naive,0.6836700439453125
8064,bdqn_naive,-0.32863521575927734
8065,bdqn_naive,1.464217185974121
8066,bdqn_naive,1.524317741394043
8067,bdqn_naive,1.0050973892211914
8068,bdqn_naive,2.356769561767578
8069,bdqn_naive,1.5336437225341797
8070,bdqn_naive,1.0299229621887207
8071,bdqn_naive,0.4070587158203125
8072,bdqn_naive,1.3139066696166992
8073,bdqn_naive,5.378670692443848
8074,bdqn_naive,-1.2970190048217773
8075,bdqn_naive,5.310610771179199
8076,bdqn_naive,4.777658462524414
8077,bdqn_naive,2.7638492584228516
8078,bdqn_naive,2.5450029373168945
8079,bdqn_naive,1.127882957458496
8080,bdqn_naive,-0.07659339904785156
8081,bdqn_naive,1.460230827331543
8082,bdqn_naive,1.3132257461547852
8083,bdqn_naive,1.05706787109375
8084,bdqn_naive,0.9805173873901367
8085,bdqn_naive,0.7565326690673828
8086,bdqn_naive,1.3575944900512695
8087,bdqn_naive,1.674077033996582
8088,bdqn_naive,1.4399261474609375
8089,bdqn_naive,2.4637136459350586
8090,bdqn_naive,1.5179319381713867
8091,bdqn_naive,1.3697490692138672
8092,bdqn_naive,2.0475950241088867
8093,bdqn_naive,0.9754505157470703
8094,bdqn_naive,4.326379776000977
8095,bdqn_naive,0.945673942565918
8096,bdqn_naive,4.653225898742676
8097,bdqn_naive,3.508176803588867
8098,bdqn_naive,0.8809814453125
8099,bdqn_naive,1.2747068405151367
8100,bdqn_naive,1.8772506713867188
8101,bdqn_naive,1.1144161224365234
8102,bdqn_naive,1.3022356033325195
8103,bdqn_naive,1.6285104751586914
8104,bdqn_naive,3.7248010635375977
8105,bdqn_naive,0.47075366973876953
8106,bdqn_naive,1.2002639770507812
8107,bdqn_naive,2.7016983032226562
8108,bdqn_naive,0.5830249786376953
8109,bdqn_naive,1.5688257217407227
8110,bdqn_naive,1.8743085861206055
8111,bdqn_naive,2.6519289016723633
8112,bdqn_naive,2.374835968017578
8113,bdqn_naive,1.7329044342041016
8114,bdqn_naive,3.0931663513183594
8115,bdqn_naive,3.1091442108154297
8116,bdqn_naive,-0.19279193878173828
8117,bdqn_naive,2.0278797149658203
8118,bdqn_naive,1.9164409637451172
8119,bdqn_naive,0.9421482086181641
8120,bdqn_naive,1.9311132431030273
8121,bdqn_naive,3.227062225341797
8122,bdqn_naive,-0.7609348297119141
8123,bdqn_naive,5.086820602416992
8124,bdqn_naive,2.000584602355957
8125,bdqn_naive,0.40485477447509766
8126,bdqn_naive,1.5578832626342773
8127,bdqn_naive,1.2283763885498047
8128,bdqn_naive,0.5149221420288086
8129,bdqn_naive,0.9134721755981445
8130,bdqn_naive,1.067551612854004
8131,bdqn_naive,2.6137313842773438
8132,bdqn_naive,-0.9895534515380859
8133,bdqn_naive,1.123138427734375
8134,bdqn_naive,0.7222747802734375
8135,bdqn_naive,0.9793987274169922
8136,bdqn_naive,3.69907283782959
8137,bdqn_naive,3.520321846008301
8138,bdqn_naive,2.4697866439819336
8139,bdqn_naive,2.898733139038086
8140,bdqn_naive,-0.3514213562011719
8141,bdqn_naive,2.1117820739746094
8142,bdqn_naive,0.6986618041992188
8143,bdqn_naive,2.964383125305176
8144,bdqn_naive,2.6272411346435547
8145,bdqn_naive,2.6176557540893555
8146,bdqn_naive,0.9808826446533203
8147,bdqn_naive,2.254879951477051
8148,bdqn_naive,3.2800464630126953
8149,bdqn_naive,0.11362266540527344
8150,bdqn_naive,1.5994949340820312
8151,bdqn_naive,3.8274097442626953
8152,bdqn_naive,4.283442497253418
8153,bdqn_naive,6.343017578125
8154,bdqn_naive,4.485118865966797
8155,bdqn_naive,1.6584539413452148
8156,bdqn_naive,2.1768665313720703
8157,bdqn_naive,2.8802051544189453
8158,bdqn_naive,-0.24660778045654297
8159,bdqn_naive,2.57808780670166
8160,bdqn_naive,0.8960895538330078
8161,bdqn_naive,1.685835838317871
8162,bdqn_naive,-0.9694461822509766
8163,bdqn_naive,3.6600589752197266
8164,bdqn_naive,3.3288116455078125
8165,bdqn_naive,1.7871894836425781
8166,bdqn_naive,0.2413005828857422
8167,bdqn_naive,1.6111583709716797
8168,bdqn_naive,3.046605110168457
8169,bdqn_naive,2.7738256454467773
8170,bdqn_naive,1.7729072570800781
8171,bdqn_naive,1.9444265365600586
8172,bdqn_naive,0.6971960067749023
8173,bdqn_naive,0.2415904998779297
8174,bdqn_naive,0.05251026153564453
8175,bdqn_naive,1.0450372695922852
8176,bdqn_naive,0.043555259704589844
8177,bdqn_naive,1.493255615234375
8178,bdqn_naive,0.4674844741821289
8179,bdqn_naive,1.213144302368164
8180,bdqn_naive,0.40518665313720703
8181,bdqn_naive,1.6990184783935547
8182,bdqn_naive,2.2499589920043945
8183,bdqn_naive,2.3451366424560547
8184,bdqn_naive,1.7393980026245117
8185,bdqn_naive,0.5522174835205078
8186,bdqn_naive,2.0473928451538086
8187,bdqn_naive,2.4676342010498047
8188,bdqn_naive,1.2291393280029297
8189,bdqn_naive,3.6639585494995117
8190,bdqn_naive,1.8155555725097656
8191,bdqn_naive,0.6587142944335938
8192,bdqn_naive,1.5148124694824219
8193,bdqn_naive,4.509422302246094
8194,bdqn_naive,2.3847694396972656
8195,bdqn_naive,2.843153953552246
8196,bdqn_naive,1.8512678146362305
8197,bdqn_naive,0.2618064880371094
8198,bdqn_naive,1.3126201629638672
8199,bdqn_naive,4.362883567810059
8200,bdqn_naive,0.7967209815979004
8201,bdqn_naive,1.6521081924438477
8202,bdqn_naive,0.4632110595703125
8203,bdqn_naive,2.171710968017578
8204,bdqn_naive,2.0204601287841797
8205,bdqn_naive,6.001175880432129
8206,bdqn_naive,1.127129077911377
8207,bdqn_naive,2.166428565979004
8208,bdqn_naive,-0.030620574951171875
8209,bdqn_naive,2.126312255859375
8210,bdqn_naive,1.3527565002441406
8211,bdqn_naive,1.3905858993530273
8212,bdqn_naive,1.2731733322143555
8213,bdqn_naive,2.6932506561279297
8214,bdqn_naive,5.112478256225586
8215,bdqn_naive,2.465731620788574
8216,bdqn_naive,1.386117935180664
8217,bdqn_naive,3.6345996856689453
8218,bdqn_naive,0.08397197723388672
8219,bdqn_naive,2.7867441177368164
8220,bdqn_naive,-0.5885944366455078
8221,bdqn_naive,1.4996843338012695
8222,bdqn_naive,0.6422262191772461
8223,bdqn_naive,-0.09068775177001953
8224,bdqn_naive,1.889261245727539
8225,bdqn_naive,1.209707260131836
8226,bdqn_naive,4.037653923034668
8227,bdqn_naive,2.656304359436035
8228,bdqn_naive,1.8174819946289062
8229,bdqn_naive,1.6423206329345703
8230,bdqn_naive,2.4881696701049805
8231,bdqn_naive,1.8980693817138672
8232,bdqn_naive,1.0014076232910156
8233,bdqn_naive,4.212057113647461
8234,bdqn_naive,1.0618877410888672
8235,bdqn_naive,1.6830205917358398
8236,bdqn_naive,5.9134016036987305
8237,bdqn_naive,1.2485408782958984
8238,bdqn_naive,1.0652923583984375
8239,bdqn_naive,2.1494855880737305
8240,bdqn_naive,0.3336143493652344
8241,bdqn_naive,1.6328754425048828
8242,bdqn_naive,0.6175813674926758
8243,bdqn_naive,3.5316238403320312
8244,bdqn_naive,4.05460262298584
8245,bdqn_naive,3.436077117919922
8246,bdqn_naive,3.0692672729492188
8247,bdqn_naive,0.5737619400024414
8248,bdqn_naive,3.9835243225097656
8249,bdqn_naive,3.492495059967041
8250,bdqn_naive,2.2087745666503906
8251,bdqn_naive,1.4152021408081055
8252,bdqn_naive,1.8559160232543945
8253,bdqn_naive,0.8627190589904785
8254,bdqn_naive,3.3125362396240234
8255,bdqn_naive,3.3925323486328125
8256,bdqn_naive,2.8448190689086914
8257,bdqn_naive,2.4372291564941406
8258,bdqn_naive,4.368655681610107
8259,bdqn_naive,0.9980020523071289
8260,bdqn_naive,2.4716434478759766
8261,bdqn_naive,2.038973808288574
8262,bdqn_naive,3.0126819610595703
8263,bdqn_naive,1.4317817687988281
8264,bdqn_naive,0.15138721466064453
8265,bdqn_naive,4.115893363952637
8266,bdqn_naive,6.1640472412109375
8267,bdqn_naive,0.8980007171630859
8268,bdqn_naive,2.280254364013672
8269,bdqn_naive,1.3201255798339844
8270,bdqn_naive,0.10461235046386719
8271,bdqn_naive,3.1016359329223633
8272,bdqn_naive,1.8480262756347656
8273,bdqn_naive,0.5967206954956055
8274,bdqn_naive,1.6349849700927734
8275,bdqn_naive,3.313471794128418
8276,bdqn_naive,2.2842674255371094
8277,bdqn_naive,0.7925424575805664
8278,bdqn_naive,0.035775184631347656
8279,bdqn_naive,0.5963363647460938
8280,bdqn_naive,-0.024555206298828125
8281,bdqn_naive,3.41500186920166
8282,bdqn_naive,0.47452831268310547
8283,bdqn_naive,0.6287021636962891
8284,bdqn_naive,2.442890167236328
8285,bdqn_naive,2.1359729766845703
8286,bdqn_naive,5.7579545974731445
8287,bdqn_naive,2.2510290145874023
8288,bdqn_naive,2.9689483642578125
8289,bdqn_naive,1.6194992065429688
8290,bdqn_naive,1.5208320617675781
8291,bdqn_naive,2.130208969116211
8292,bdqn_naive,4.046895503997803
8293,bdqn_naive,2.003066062927246
8294,bdqn_naive,4.51093864440918
8295,bdqn_naive,0.8844709396362305
8296,bdqn_naive,4.074918746948242
8297,bdqn_naive,1.963454246520996
8298,bdqn_naive,1.430990219116211
8299,bdqn_naive,1.5476350784301758
8300,bdqn_naive,0.6076135635375977
8301,bdqn_naive,1.8442420959472656
8302,bdqn_naive,2.786914825439453
8303,bdqn_naive,1.1345901489257812
8304,bdqn_naive,1.1149587631225586
8305,bdqn_naive,0.5572700500488281
8306,bdqn_naive,0.56781005859375
8307,bdqn_naive,1.551527976989746
8308,bdqn_naive,1.528203010559082
8309,bdqn_naive,4.218077659606934
8310,bdqn_naive,4.161592483520508
8311,bdqn_naive,0.14132213592529297
8312,bdqn_naive,3.826192855834961
8313,bdqn_naive,1.7547321319580078
8314,bdqn_naive,0.7770204544067383
8315,bdqn_naive,2.4529809951782227
8316,bdqn_naive,3.512923240661621
8317,bdqn_naive,1.0865345001220703
8318,bdqn_naive,1.7714252471923828
8319,bdqn_naive,0.9227132797241211
8320,bdqn_naive,3.048947334289551
8321,bdqn_naive,1.4345331192016602
8322,bdqn_naive,1.5968608856201172
8323,bdqn_naive,0.8062868118286133
8324,bdqn_naive,2.020444869995117
8325,bdqn_naive,3.964566230773926
8326,bdqn_naive,2.7773818969726562
8327,bdqn_naive,1.9352874755859375
8328,bdqn_naive,2.6586828231811523
8329,bdqn_naive,1.7442522048950195
8330,bdqn_naive,1.3709449768066406
8331,bdqn_naive,2.487423896789551
8332,bdqn_naive,2.08978271484375
8333,bdqn_naive,2.6545419692993164
8334,bdqn_naive,1.2306852340698242
8335,bdqn_naive,1.4881601333618164
8336,bdqn_naive,0.750030517578125
8337,bdqn_naive,0.9604606628417969
8338,bdqn_naive,1.0723085403442383
8339,bdqn_naive,2.911928176879883
8340,bdqn_naive,1.9946985244750977
8341,bdqn_naive,2.1485347747802734
8342,bdqn_naive,2.0989437103271484
8343,bdqn_naive,0.5562801361083984
8344,bdqn_naive,0.2766609191894531
8345,bdqn_naive,2.617631435394287
8346,bdqn_naive,2.14410400390625
8347,bdqn_naive,1.3798370361328125
8348,bdqn_naive,1.7208786010742188
8349,bdqn_naive,0.06033802032470703
8350,bdqn_naive,1.6139898300170898
8351,bdqn_naive,1.8362722396850586
8352,bdqn_naive,2.434192657470703
8353,bdqn_naive,3.6041717529296875
8354,bdqn_naive,2.2836990356445312
8355,bdqn_naive,2.689962387084961
8356,bdqn_naive,1.417067527770996
8357,bdqn_naive,1.369755744934082
8358,bdqn_naive,4.0198798179626465
8359,bdqn_naive,0.8556842803955078
8360,bdqn_naive,0.8999366760253906
8361,bdqn_naive,1.5392179489135742
8362,bdqn_naive,1.5047082901000977
8363,bdqn_naive,1.6868581771850586
8364,bdqn_naive,2.283186912536621
8365,bdqn_naive,0.2629575729370117
8366,bdqn_naive,1.141000747680664
8367,bdqn_naive,2.2419214248657227
8368,bdqn_naive,5.279392242431641
8369,bdqn_naive,2.9767684936523438
8370,bdqn_naive,2.532144546508789
8371,bdqn_naive,1.7191381454467773
8372,bdqn_naive,1.3027839660644531
8373,bdqn_naive,4.245246887207031
8374,bdqn_naive,1.4068212509155273
8375,bdqn_naive,1.3207836151123047
8376,bdqn_naive,0.1131591796875
8377,bdqn_naive,2.187379837036133
8378,bdqn_naive,0.9654140472412109
8379,bdqn_naive,2.2650632858276367
8380,bdqn_naive,2.2596912384033203
8381,bdqn_naive,1.8107337951660156
8382,bdqn_naive,2.589505195617676
8383,bdqn_naive,0.2602119445800781
8384,bdqn_naive,5.852214813232422
8385,bdqn_naive,2.3711748123168945
8386,bdqn_naive,1.6377525329589844
8387,bdqn_naive,2.007770538330078
8388,bdqn_naive,1.6184558868408203
8389,bdqn_naive,-0.6439456939697266
8390,bdqn_naive,2.0906553268432617
8391,bdqn_naive,0.40779972076416016
8392,bdqn_naive,2.258326530456543
8393,bdqn_naive,4.110139846801758
8394,bdqn_naive,1.854238510131836
8395,bdqn_naive,1.5294561386108398
8396,bdqn_naive,4.507672309875488
8397,bdqn_naive,0.9293394088745117
8398,bdqn_naive,1.5759592056274414
8399,bdqn_naive,0.48016929626464844
8400,bdqn_naive,0.9434547424316406
8401,bdqn_naive,2.9480695724487305
8402,bdqn_naive,1.8880691528320312
8403,bdqn_naive,0.6338062286376953
8404,bdqn_naive,2.049072265625
8405,bdqn_naive,1.8610925674438477
8406,bdqn_naive,0.9817352294921875
8407,bdqn_naive,-0.40696239471435547
8408,bdqn_naive,2.097872734069824
8409,bdqn_naive,2.641935348510742
8410,bdqn_naive,1.0174617767333984
8411,bdqn_naive,1.9036598205566406
8412,bdqn_naive,2.132756233215332
8413,bdqn_naive,1.3458986282348633
8414,bdqn_naive,1.8380746841430664
8415,bdqn_naive,1.5368766784667969
8416,bdqn_naive,1.7608470916748047
8417,bdqn_naive,2.993288993835449
8418,bdqn_naive,3.5446624755859375
8419,bdqn_naive,1.8510932922363281
8420,bdqn_naive,2.385040283203125
8421,bdqn_naive,4.473838806152344
8422,bdqn_naive,1.2626380920410156
8423,bdqn_naive,0.6872673034667969
8424,bdqn_naive,0.9844884872436523
8425,bdqn_naive,0.4826316833496094
8426,bdqn_naive,2.7331981658935547
8427,bdqn_naive,1.829331398010254
8428,bdqn_naive,1.456338882446289
8429,bdqn_naive,5.682980537414551
8430,bdqn_naive,1.9903411865234375
8431,bdqn_naive,0.2709636688232422
8432,bdqn_naive,1.377899169921875
8433,bdqn_naive,0.3993186950683594
8434,bdqn_naive,2.118305206298828
8435,bdqn_naive,1.7111759185791016
8436,bdqn_naive,0.5618247985839844
8437,bdqn_naive,1.0920743942260742
8438,bdqn_naive,1.321000099182129
8439,bdqn_naive,3.7888545989990234
8440,bdqn_naive,1.3453359603881836
8441,bdqn_naive,1.347916603088379
8442,bdqn_naive,2.4413108825683594
8443,bdqn_naive,2.1778459548950195
8444,bdqn_naive,2.7567100524902344
8445,bdqn_naive,1.6156044006347656
8446,bdqn_naive,0.14200401306152344
8447,bdqn_naive,1.844614028930664
8448,bdqn_naive,0.7109231948852539
8449,bdqn_naive,-0.054940223693847656
8450,bdqn_naive,1.011993408203125
8451,bdqn_naive,0.7306804656982422
8452,bdqn_naive,3.331857681274414
8453,bdqn_naive,0.5966196060180664
8454,bdqn_naive,1.12493896484375
8455,bdqn_naive,1.0922479629516602
8456,bdqn_naive,3.7778091430664062
8457,bdqn_naive,0.5628623962402344
8458,bdqn_naive,0.8943824768066406
8459,bdqn_naive,0.9399919509887695
8460,bdqn_naive,1.1262168884277344
8461,bdqn_naive,0.9809780120849609
8462,bdqn_naive,0.7843589782714844
8463,bdqn_naive,0.8152256011962891
8464,bdqn_naive,1.5982646942138672
8465,bdqn_naive,0.6751327514648438
8466,bdqn_naive,2.455219268798828
8467,bdqn_naive,2.0983219146728516
8468,bdqn_naive,3.478191375732422
8469,bdqn_naive,0.3306722640991211
8470,bdqn_naive,2.8936567306518555
8471,bdqn_naive,0.9680547714233398
8472,bdqn_naive,0.6091995239257812
8473,bdqn_naive,1.781865119934082
8474,bdqn_naive,0.7395515441894531
8475,bdqn_naive,2.5874156951904297
8476,bdqn_naive,-0.3674736022949219
8477,bdqn_naive,1.8717756271362305
8478,bdqn_naive,3.7689666748046875
8479,bdqn_naive,2.2519845962524414
8480,bdqn_naive,0.4903726577758789
8481,bdqn_naive,1.3444609642028809
8482,bdqn_naive,2.4887046813964844
8483,bdqn_naive,2.2898387908935547
8484,bdqn_naive,1.7122001647949219
8485,bdqn_naive,0.660771369934082
8486,bdqn_naive,0.35619163513183594
8487,bdqn_naive,1.3778762817382812
8488,bdqn_naive,5.594303131103516
8489,bdqn_naive,0.6053991317749023
8490,bdqn_naive,1.6077051162719727
8491,bdqn_naive,1.4366874694824219
8492,bdqn_naive,0.9752826690673828
8493,bdqn_naive,5.210762023925781
8494,bdqn_naive,3.021254539489746
8495,bdqn_naive,0.638580322265625
8496,bdqn_naive,1.7019624710083008
8497,bdqn_naive,5.100942611694336
8498,bdqn_naive,1.1380605697631836
8499,bdqn_naive,1.6124658584594727
8500,bdqn_naive,1.5756616592407227
8501,bdqn_naive,1.2949247360229492
8502,bdqn_naive,2.7035884857177734
8503,bdqn_naive,0.6141700744628906
8504,bdqn_naive,0.9603147506713867
8505,bdqn_naive,3.0150346755981445
8506,bdqn_naive,1.467386245727539
8507,bdqn_naive,1.9390592575073242
8508,bdqn_naive,2.107975959777832
8509,bdqn_naive,1.8296003341674805
8510,bdqn_naive,6.305813312530518
8511,bdqn_naive,1.9984731674194336
8512,bdqn_naive,1.9411535263061523
8513,bdqn_naive,2.357076644897461
8514,bdqn_naive,0.48854637145996094
8515,bdqn_naive,2.1552257537841797
8516,bdqn_naive,0.4873981475830078
8517,bdqn_naive,1.4438180923461914
8518,bdqn_naive,2.2060413360595703
8519,bdqn_naive,1.6646852493286133
8520,bdqn_naive,0.6691074371337891
8521,bdqn_naive,4.472499847412109
8522,bdqn_naive,1.8753747940063477
8523,bdqn_naive,4.496611595153809
8524,bdqn_naive,2.806171417236328
8525,bdqn_naive,2.559511184692383
8526,bdqn_naive,1.3796100616455078
8527,bdqn_naive,1.4409303665161133
8528,bdqn_naive,3.1263952255249023
8529,bdqn_naive,2.8111133575439453
8530,bdqn_naive,4.575814247131348
8531,bdqn_naive,2.651317596435547
8532,bdqn_naive,0.2564210891723633
8533,bdqn_naive,3.6578826904296875
8534,bdqn_naive,2.27114200592041
8535,bdqn_naive,2.1611642837524414
8536,bdqn_naive,2.106607437133789
8537,bdqn_naive,1.2379770278930664
8538,bdqn_naive,3.4718379974365234
8539,bdqn_naive,1.26513671875
8540,bdqn_naive,2.352987289428711
8541,bdqn_naive,2.8357200622558594
8542,bdqn_naive,0.7626800537109375
8543,bdqn_naive,1.1278095245361328
8544,bdqn_naive,2.797121047973633
8545,bdqn_naive,1.1134672164916992
8546,bdqn_naive,1.5181331634521484
8547,bdqn_naive,5.0551958084106445
8548,bdqn_naive,1.178802490234375
8549,bdqn_naive,2.5921363830566406
8550,bdqn_naive,4.779815673828125
8551,bdqn_naive,4.378091335296631
8552,bdqn_naive,0.7562389373779297
8553,bdqn_naive,1.337545394897461
8554,bdqn_naive,3.1893205642700195
8555,bdqn_naive,0.6078243255615234
8556,bdqn_naive,2.7243852615356445
8557,bdqn_naive,2.137082099914551
8558,bdqn_naive,2.2191877365112305
8559,bdqn_naive,1.1621332168579102
8560,bdqn_naive,0.8144989013671875
8561,bdqn_naive,1.673323631286621
8562,bdqn_naive,1.3862934112548828
8563,bdqn_naive,3.9124507904052734
8564,bdqn_naive,3.6536474227905273
8565,bdqn_naive,0.08644580841064453
8566,bdqn_naive,1.7909088134765625
8567,bdqn_naive,1.104557991027832
8568,bdqn_naive,1.1693115234375
8569,bdqn_naive,2.486147880554199
8570,bdqn_naive,4.385164260864258
8571,bdqn_naive,0.48253536224365234
8572,bdqn_naive,0.6694889068603516
8573,bdqn_naive,1.7735118865966797
8574,bdqn_naive,0.34580039978027344
8575,bdqn_naive,2.3640174865722656
8576,bdqn_naive,0.8924598693847656
8577,bdqn_naive,0.3749504089355469
8578,bdqn_naive,1.6053829193115234
8579,bdqn_naive,1.932328224182129
8580,bdqn_naive,0.7798080444335938
8581,bdqn_naive,-0.6113252639770508
8582,bdqn_naive,2.9403772354125977
8583,bdqn_naive,2.927243232727051
8584,bdqn_naive,7.383373260498047
8585,bdqn_naive,1.9216842651367188
8586,bdqn_naive,1.6615371704101562
8587,bdqn_naive,4.125763893127441
8588,bdqn_naive,0.09715461730957031
8589,bdqn_naive,1.3797826766967773
8590,bdqn_naive,1.9507722854614258
8591,bdqn_naive,2.868617057800293
8592,bdqn_naive,1.2779264450073242
8593,bdqn_naive,6.2654571533203125
8594,bdqn_naive,3.0947799682617188
8595,bdqn_naive,3.062922477722168
8596,bdqn_naive,1.6958026885986328
8597,bdqn_naive,5.424870491027832
8598,bdqn_naive,0.9304723739624023
8599,bdqn_naive,2.28411865234375
8600,bdqn_naive,-0.17365169525146484
8601,bdqn_naive,0.9055643081665039
8602,bdqn_naive,2.5190649032592773
8603,bdqn_naive,2.491209030151367
8604,bdqn_naive,1.6745061874389648
8605,bdqn_naive,5.055332183837891
8606,bdqn_naive,4.352895736694336
8607,bdqn_naive,1.2319965362548828
8608,bdqn_naive,1.7020158767700195
8609,bdqn_naive,1.8830575942993164
8610,bdqn_naive,1.5950965881347656
8611,bdqn_naive,1.676884651184082
8612,bdqn_naive,1.4875526428222656
8613,bdqn_naive,1.9495325088500977
8614,bdqn_naive,0.7657489776611328
8615,bdqn_naive,1.456033706665039
8616,bdqn_naive,-0.9025354385375977
8617,bdqn_naive,1.2448358535766602
8618,bdqn_naive,2.336045265197754
8619,bdqn_naive,1.0884828567504883
8620,bdqn_naive,4.130063056945801
8621,bdqn_naive,1.4854660034179688
8622,bdqn_naive,2.818208694458008
8623,bdqn_naive,-0.07121467590332031
8624,bdqn_naive,4.169312000274658
8625,bdqn_naive,3.07077693939209
8626,bdqn_naive,1.5696563720703125
8627,bdqn_naive,6.538181304931641
8628,bdqn_naive,2.502284049987793
8629,bdqn_naive,0.3768119812011719
8630,bdqn_naive,0.5939474105834961
8631,bdqn_naive,5.119232177734375
8632,bdqn_naive,1.8607254028320312
8633,bdqn_naive,6.500467300415039
8634,bdqn_naive,1.9438915252685547
8635,bdqn_naive,1.3842487335205078
8636,bdqn_naive,1.8605165481567383
8637,bdqn_naive,3.014251708984375
8638,bdqn_naive,2.273761749267578
8639,bdqn_naive,1.5110750198364258
8640,bdqn_naive,1.6039094924926758
8641,bdqn_naive,2.644120216369629
8642,bdqn_naive,2.397611618041992
8643,bdqn_naive,1.2159423828125
8644,bdqn_naive,-0.5769233703613281
8645,bdqn_naive,5.971837997436523
8646,bdqn_naive,5.013809680938721
8647,bdqn_naive,0.5224885940551758
8648,bdqn_naive,3.093857765197754
8649,bdqn_naive,2.048990249633789
8650,bdqn_naive,-0.6675033569335938
8651,bdqn_naive,2.193049430847168
8652,bdqn_naive,1.3639965057373047
8653,bdqn_naive,2.338301658630371
8654,bdqn_naive,2.3250303268432617
8655,bdqn_naive,2.40789794921875
8656,bdqn_naive,2.178434371948242
8657,bdqn_naive,2.263430595397949
8658,bdqn_naive,0.6551742553710938
8659,bdqn_naive,5.45210075378418
8660,bdqn_naive,2.2046585083007812
8661,bdqn_naive,1.6791229248046875
8662,bdqn_naive,1.336440086364746
8663,bdqn_naive,2.5550241470336914
8664,bdqn_naive,2.1284122467041016
8665,bdqn_naive,-0.44791603088378906
8666,bdqn_naive,1.1763324737548828
8667,bdqn_naive,-0.25614070892333984
8668,bdqn_naive,1.9478816986083984
8669,bdqn_naive,1.5946922302246094
8670,bdqn_naive,1.8495664596557617
8671,bdqn_naive,0.2338542938232422
8672,bdqn_naive,5.615409851074219
8673,bdqn_naive,4.442895889282227
8674,bdqn_naive,2.457345962524414
8675,bdqn_naive,2.212125778198242
8676,bdqn_naive,2.921285629272461
8677,bdqn_naive,4.197262763977051
8678,bdqn_naive,3.0354413986206055
8679,bdqn_naive,2.947014808654785
8680,bdqn_naive,1.3047046661376953
8681,bdqn_naive,2.843050003051758
8682,bdqn_naive,2.0204334259033203
8683,bdqn_naive,4.938551902770996
8684,bdqn_naive,0.141510009765625
8685,bdqn_naive,4.832406997680664
8686,bdqn_naive,3.8947057723999023
8687,bdqn_naive,2.0572757720947266
8688,bdqn_naive,4.792283058166504
8689,bdqn_naive,1.9955196380615234
8690,bdqn_naive,1.1474008560180664
8691,bdqn_naive,4.39300537109375
8692,bdqn_naive,1.2449712753295898
8693,bdqn_naive,1.5518159866333008
8694,bdqn_naive,0.7243156433105469
8695,bdqn_naive,4.12251091003418
8696,bdqn_naive,3.31912899017334
8697,bdqn_naive,0.5192050933837891
8698,bdqn_naive,0.5793275833129883
8699,bdqn_naive,1.7858953475952148
8700,bdqn_naive,4.524272918701172
8701,bdqn_naive,1.8544464111328125
8702,bdqn_naive,1.9122486114501953
8703,bdqn_naive,3.6211585998535156
8704,bdqn_naive,1.9103002548217773
8705,bdqn_naive,4.825830459594727
8706,bdqn_naive,1.0639104843139648
8707,bdqn_naive,2.9563512802124023
8708,bdqn_naive,5.2876176834106445
8709,bdqn_naive,0.37949466705322266
8710,bdqn_naive,1.1516876220703125
8711,bdqn_naive,1.2094230651855469
8712,bdqn_naive,0.45513153076171875
8713,bdqn_naive,1.213496208190918
8714,bdqn_naive,1.380178451538086
8715,bdqn_naive,1.0269718170166016
8716,bdqn_naive,1.5087690353393555
8717,bdqn_naive,3.3359193801879883
8718,bdqn_naive,3.083646774291992
8719,bdqn_naive,1.6117172241210938
8720,bdqn_naive,1.7928028106689453
8721,bdqn_naive,1.1825056076049805
8722,bdqn_naive,3.774205207824707
8723,bdqn_naive,1.2114105224609375
8724,bdqn_naive,1.743880271911621
8725,bdqn_naive,2.1480884552001953
8726,bdqn_naive,0.47081565856933594
8727,bdqn_naive,6.229780197143555
8728,bdqn_naive,0.4108591079711914
8729,bdqn_naive,4.7796430587768555
8730,bdqn_naive,3.3676586151123047
8731,bdqn_naive,4.850791931152344
8732,bdqn_naive,2.518136978149414
8733,bdqn_naive,1.888045310974121
8734,bdqn_naive,1.5745620727539062
8735,bdqn_naive,0.2976226806640625
8736,bdqn_naive,0.5497970581054688
8737,bdqn_naive,0.8150501251220703
8738,bdqn_naive,-1.0128216743469238
8739,bdqn_naive,2.8047914505004883
8740,bdqn_naive,3.435842514038086
8741,bdqn_naive,3.085503578186035
8742,bdqn_naive,1.5708560943603516
8743,bdqn_naive,2.351372718811035
8744,bdqn_naive,4.123814582824707
8745,bdqn_naive,2.6139421463012695
8746,bdqn_naive,1.7873096466064453
8747,bdqn_naive,1.8278141021728516
8748,bdqn_naive,1.7983617782592773
8749,bdqn_naive,2.847039222717285
8750,bdqn_naive,3.764883041381836
8751,bdqn_naive,0.8268203735351562
8752,bdqn_naive,1.8546333312988281
8753,bdqn_naive,2.0753002166748047
8754,bdqn_naive,0.17392349243164062
8755,bdqn_naive,0.4921541213989258
8756,bdqn_naive,4.061573028564453
8757,bdqn_naive,3.338259696960449
8758,bdqn_naive,2.9653539657592773
8759,bdqn_naive,7.473085403442383
8760,bdqn_naive,0.9986743927001953
8761,bdqn_naive,2.6396303176879883
8762,bdqn_naive,3.753167152404785
8763,bdqn_naive,3.535726547241211
8764,bdqn_naive,3.118589401245117
8765,bdqn_naive,2.8199033737182617
8766,bdqn_naive,1.865896224975586
8767,bdqn_naive,5.715415954589844
8768,bdqn_naive,3.5180320739746094
8769,bdqn_naive,0.25634098052978516
8770,bdqn_naive,2.8733720779418945
8771,bdqn_naive,4.681900978088379
8772,bdqn_naive,2.5395240783691406
8773,bdqn_naive,1.3960676193237305
8774,bdqn_naive,1.3651161193847656
8775,bdqn_naive,0.41468238830566406
8776,bdqn_naive,1.7168750762939453
8777,bdqn_naive,3.950697898864746
8778,bdqn_naive,1.4932670593261719
8779,bdqn_naive,1.7173748016357422
8780,bdqn_naive,1.526571273803711
8781,bdqn_naive,0.7168855667114258
8782,bdqn_naive,0.23607349395751953
8783,bdqn_naive,1.1186819076538086
8784,bdqn_naive,0.7024879455566406
8785,bdqn_naive,2.1435985565185547
8786,bdqn_naive,0.16714954376220703
8787,bdqn_naive,2.242441177368164
8788,bdqn_naive,2.362551689147949
8789,bdqn_naive,4.358465194702148
8790,bdqn_naive,1.3905010223388672
8791,bdqn_naive,1.6797475814819336
8792,bdqn_naive,0.6098508834838867
8793,bdqn_naive,1.2647924423217773
8794,bdqn_naive,2.222975730895996
8795,bdqn_naive,0.4023265838623047
8796,bdqn_naive,5.821272850036621
8797,bdqn_naive,1.271341323852539
8798,bdqn_naive,-1.4742889404296875
8799,bdqn_naive,0.506007194519043
8800,bdqn_naive,2.08428955078125
8801,bdqn_naive,1.108323097229004
8802,bdqn_naive,1.7380599975585938
8803,bdqn_naive,0.09053325653076172
8804,bdqn_naive,3.524813652038574
8805,bdqn_naive,2.1941423416137695
8806,bdqn_naive,2.35300350189209
8807,bdqn_naive,1.1282625198364258
8808,bdqn_naive,2.440584182739258
8809,bdqn_naive,3.873997688293457
8810,bdqn_naive,2.389134407043457
8811,bdqn_naive,3.625009536743164
8812,bdqn_naive,3.288572311401367
8813,bdqn_naive,1.0155754089355469
8814,bdqn_naive,1.2047710418701172
8815,bdqn_naive,1.2332849502563477
8816,bdqn_naive,0.7876434326171875
8817,bdqn_naive,0.7529888153076172
8818,bdqn_naive,3.368783950805664
8819,bdqn_naive,1.4044370651245117
8820,bdqn_naive,4.597560882568359
8821,bdqn_naive,1.7389898300170898
8822,bdqn_naive,1.811227798461914
8823,bdqn_naive,0.4765148162841797
8824,bdqn_naive,3.343545913696289
8825,bdqn_naive,1.7301816940307617
8826,bdqn_naive,1.5028514862060547
8827,bdqn_naive,2.7862672805786133
8828,bdqn_naive,1.4551630020141602
8829,bdqn_naive,1.9754972457885742
8830,bdqn_naive,3.569328784942627
8831,bdqn_naive,1.4044876098632812
8832,bdqn_naive,0.45285511016845703
8833,bdqn_naive,2.409113883972168
8834,bdqn_naive,3.2305068969726562
8835,bdqn_naive,1.3539495468139648
8836,bdqn_naive,1.617253303527832
8837,bdqn_naive,1.9568147659301758
8838,bdqn_naive,1.146134376525879
8839,bdqn_naive,2.0566577911376953
8840,bdqn_naive,2.4905996322631836
8841,bdqn_naive,2.1131820678710938
8842,bdqn_naive,3.0270214080810547
8843,bdqn_naive,5.034396171569824
8844,bdqn_naive,1.527374267578125
8845,bdqn_naive,3.3527932167053223
8846,bdqn_naive,1.9334163665771484
8847,bdqn_naive,0.952606201171875
8848,bdqn_naive,2.918124198913574
8849,bdqn_naive,1.445230484008789
8850,bdqn_naive,2.632892608642578
8851,bdqn_naive,4.571866989135742
8852,bdqn_naive,2.872995376586914
8853,bdqn_naive,7.970261573791504
8854,bdqn_naive,2.6596574783325195
8855,bdqn_naive,0.7543706893920898
8856,bdqn_naive,0.9240989685058594
8857,bdqn_naive,1.2427749633789062
8858,bdqn_naive,1.8336753845214844
8859,bdqn_naive,1.0698299407958984
8860,bdqn_naive,0.3074064254760742
8861,bdqn_naive,1.2670021057128906
8862,bdqn_naive,2.0334863662719727
8863,bdqn_naive,1.2165851593017578
8864,bdqn_naive,2.9197559356689453
8865,bdqn_naive,4.0452985763549805
8866,bdqn_naive,1.9721651077270508
8867,bdqn_naive,0.16380786895751953
8868,bdqn_naive,1.0225200653076172
8869,bdqn_naive,1.6700201034545898
8870,bdqn_naive,0.7854461669921875
8871,bdqn_naive,2.1014366149902344
8872,bdqn_naive,2.4477481842041016
8873,bdqn_naive,0.3924522399902344
8874,bdqn_naive,1.6945018768310547
8875,bdqn_naive,2.2864913940429688
8876,bdqn_naive,0.794586181640625
8877,bdqn_naive,2.8800716400146484
8878,bdqn_naive,2.2372350692749023
8879,bdqn_naive,2.4517269134521484
8880,bdqn_naive,3.5016098022460938
8881,bdqn_naive,1.6452865600585938
8882,bdqn_naive,0.9400930404663086
8883,bdqn_naive,1.765793800354004
8884,bdqn_naive,4.341732025146484
8885,bdqn_naive,2.788860321044922
8886,bdqn_naive,1.5415306091308594
8887,bdqn_naive,2.4330949783325195
8888,bdqn_naive,0.9998283386230469
8889,bdqn_naive,0.3911571502685547
8890,bdqn_naive,2.037534713745117
8891,bdqn_naive,0.858820915222168
8892,bdqn_naive,2.71875
8893,bdqn_naive,3.5130720138549805
8894,bdqn_naive,0.47092628479003906
8895,bdqn_naive,2.1753854751586914
8896,bdqn_naive,0.5810966491699219
8897,bdqn_naive,3.8236923217773438
8898,bdqn_naive,2.3844480514526367
8899,bdqn_naive,3.2863006591796875
8900,bdqn_naive,1.554844856262207
8901,bdqn_naive,2.088634490966797
8902,bdqn_naive,1.4075422286987305
8903,bdqn_naive,2.324469566345215
8904,bdqn_naive,1.4670696258544922
8905,bdqn_naive,1.0955066680908203
8906,bdqn_naive,0.8004665374755859
8907,bdqn_naive,2.8909311294555664
8908,bdqn_naive,2.046894073486328
8909,bdqn_naive,0.6727256774902344
8910,bdqn_naive,0.38537025451660156
8911,bdqn_naive,1.2624225616455078
8912,bdqn_naive,0.34934043884277344
8913,bdqn_naive,1.6942310333251953
8914,bdqn_naive,3.0114994049072266
8915,bdqn_naive,1.9274015426635742
8916,bdqn_naive,1.9583463668823242
8917,bdqn_naive,0.9195995330810547
8918,bdqn_naive,2.607785224914551
8919,bdqn_naive,1.6475706100463867
8920,bdqn_naive,4.238498210906982
8921,bdqn_naive,0.8673305511474609
8922,bdqn_naive,1.274521827697754
8923,bdqn_naive,1.1141338348388672
8924,bdqn_naive,1.4639368057250977
8925,bdqn_naive,7.392498970031738
8926,bdqn_naive,5.835113525390625
8927,bdqn_naive,1.787674903869629
8928,bdqn_naive,0.9391584396362305
8929,bdqn_naive,1.6453275680541992
8930,bdqn_naive,1.7725210189819336
8931,bdqn_naive,1.5756635665893555
8932,bdqn_naive,2.700568199157715
8933,bdqn_naive,2.554594039916992
8934,bdqn_naive,1.0436172485351562
8935,bdqn_naive,0.19187259674072266
8936,bdqn_naive,4.944784164428711
8937,bdqn_naive,0.8618316650390625
8938,bdqn_naive,1.4629278182983398
8939,bdqn_naive,2.3118648529052734
8940,bdqn_naive,0.4529705047607422
8941,bdqn_naive,2.6169233322143555
8942,bdqn_naive,1.456075668334961
8943,bdqn_naive,7.147703647613525
8944,bdqn_naive,1.8219099044799805
8945,bdqn_naive,0.07565784454345703
8946,bdqn_naive,1.0340967178344727
8947,bdqn_naive,1.2842111587524414
8948,bdqn_naive,6.196013450622559
8949,bdqn_naive,1.7815628051757812
8950,bdqn_naive,2.571608543395996
8951,bdqn_naive,3.059941291809082
8952,bdqn_naive,3.733036994934082
8953,bdqn_naive,1.543137550354004
8954,bdqn_naive,3.3141469955444336
8955,bdqn_naive,0.73974609375
8956,bdqn_naive,0.7440891265869141
8957,bdqn_naive,1.6233453750610352
8958,bdqn_naive,2.531789779663086
8959,bdqn_naive,2.119222640991211
8960,bdqn_naive,1.6602954864501953
8961,bdqn_naive,5.981100082397461
8962,bdqn_naive,2.6554746627807617
8963,bdqn_naive,1.0911540985107422
8964,bdqn_naive,2.910109519958496
8965,bdqn_naive,0.8258266448974609
8966,bdqn_naive,0.770573616027832
8967,bdqn_naive,2.4356002807617188
8968,bdqn_naive,1.52392578125
8969,bdqn_naive,2.611562728881836
8970,bdqn_naive,1.1134700775146484
8971,bdqn_naive,1.3056888580322266
8972,bdqn_naive,5.663690567016602
8973,bdqn_naive,3.341059684753418
8974,bdqn_naive,0.06723213195800781
8975,bdqn_naive,2.988636016845703
8976,bdqn_naive,1.2435007095336914
8977,bdqn_naive,2.6271800994873047
8978,bdqn_naive,3.3103036880493164
8979,bdqn_naive,3.026508331298828
8980,bdqn_naive,3.4406394958496094
8981,bdqn_naive,5.008896827697754
8982,bdqn_naive,1.6440162658691406
8983,bdqn_naive,2.3881731033325195
8984,bdqn_naive,-0.915156364440918
8985,bdqn_naive,2.1523962020874023
8986,bdqn_naive,1.8588018417358398
8987,bdqn_naive,0.6193132400512695
8988,bdqn_naive,0.8456897735595703
8989,bdqn_naive,1.8503913879394531
8990,bdqn_naive,1.6687917709350586
8991,bdqn_naive,1.3000192642211914
8992,bdqn_naive,-0.3419504165649414
8993,bdqn_naive,2.8899288177490234
8994,bdqn_naive,5.674775123596191
8995,bdqn_naive,0.8131208419799805
8996,bdqn_naive,0.4167757034301758
8997,bdqn_naive,1.3285465240478516
8998,bdqn_naive,-0.48911476135253906
8999,bdqn_naive,2.118236541748047
9000,bdqn_naive,3.731048583984375
9001,bdqn_naive,-0.4412498474121094
9002,bdqn_naive,3.17458438873291
9003,bdqn_naive,2.0177536010742188
9004,bdqn_naive,2.1335582733154297
9005,bdqn_naive,2.616702079772949
9006,bdqn_naive,0.37236690521240234
9007,bdqn_naive,2.1375646591186523
9008,bdqn_naive,0.9657964706420898
9009,bdqn_naive,0.7937641143798828
9010,bdqn_naive,0.9407901763916016
9011,bdqn_naive,3.2216243743896484
9012,bdqn_naive,1.9669570922851562
9013,bdqn_naive,0.42371177673339844
9014,bdqn_naive,0.8770008087158203
9015,bdqn_naive,4.747310638427734
9016,bdqn_naive,1.9635066986083984
9017,bdqn_naive,1.7301721572875977
9018,bdqn_naive,4.532888412475586
9019,bdqn_naive,0.019947052001953125
9020,bdqn_naive,0.693364143371582
9021,bdqn_naive,2.038755416870117
9022,bdqn_naive,0.7760400772094727
9023,bdqn_naive,4.023995399475098
9024,bdqn_naive,0.6081790924072266
9025,bdqn_naive,1.517369270324707
9026,bdqn_naive,2.5317277908325195
9027,bdqn_naive,2.0614261627197266
9028,bdqn_naive,1.9772319793701172
9029,bdqn_naive,1.9596118927001953
9030,bdqn_naive,3.572488784790039
9031,bdqn_naive,2.3200531005859375
9032,bdqn_naive,4.557543754577637
9033,bdqn_naive,1.1856231689453125
9034,bdqn_naive,1.0550518035888672
9035,bdqn_naive,3.512483596801758
9036,bdqn_naive,1.6224918365478516
9037,bdqn_naive,1.315277099609375
9038,bdqn_naive,5.297183036804199
9039,bdqn_naive,1.8267860412597656
9040,bdqn_naive,1.9489059448242188
9041,bdqn_naive,1.5250511169433594
9042,bdqn_naive,-0.0029554367065429688
9043,bdqn_naive,1.1399412155151367
9044,bdqn_naive,0.0981302261352539
9045,bdqn_naive,1.4442081451416016
9046,bdqn_naive,0.6417121887207031
9047,bdqn_naive,2.145008087158203
9048,bdqn_naive,5.6063337326049805
9049,bdqn_naive,5.0799713134765625
9050,bdqn_naive,4.541724681854248
9051,bdqn_naive,3.5450668334960938
9052,bdqn_naive,4.522987365722656
9053,bdqn_naive,4.526157379150391
9054,bdqn_naive,1.0767602920532227
9055,bdqn_naive,0.2597923278808594
9056,bdqn_naive,2.657411575317383
9057,bdqn_naive,1.3426265716552734
9058,bdqn_naive,1.2683696746826172
9059,bdqn_naive,0.7337570190429688
9060,bdqn_naive,0.1449298858642578
9061,bdqn_naive,0.7711858749389648
9062,bdqn_naive,4.066301345825195
9063,bdqn_naive,1.5797033309936523
9064,bdqn_naive,-0.5152616500854492
9065,bdqn_naive,4.180638313293457
9066,bdqn_naive,2.5262813568115234
9067,bdqn_naive,2.936382293701172
9068,bdqn_naive,1.180191993713379
9069,bdqn_naive,1.5710105895996094
9070,bdqn_naive,3.0368919372558594
9071,bdqn_naive,1.0782403945922852
9072,bdqn_naive,1.1829404830932617
9073,bdqn_naive,3.3019895553588867
9074,bdqn_naive,3.7465476989746094
9075,bdqn_naive,1.0103397369384766
9076,bdqn_naive,2.2555503845214844
9077,bdqn_naive,0.6266069412231445
9078,bdqn_naive,2.022798538208008
9079,bdqn_naive,1.7222480773925781
9080,bdqn_naive,2.968130111694336
9081,bdqn_naive,4.061046600341797
9082,bdqn_naive,2.339116096496582
9083,bdqn_naive,3.5005340576171875
9084,bdqn_naive,0.03653907775878906
9085,bdqn_naive,5.02825927734375
9086,bdqn_naive,1.7960214614868164
9087,bdqn_naive,1.1373186111450195
9088,bdqn_naive,0.5068340301513672
9089,bdqn_naive,2.8512840270996094
9090,bdqn_naive,3.1229467391967773
9091,bdqn_naive,1.4950389862060547
9092,bdqn_naive,5.560053825378418
9093,bdqn_naive,2.407228469848633
9094,bdqn_naive,4.63164758682251
9095,bdqn_naive,3.1534595489501953
9096,bdqn_naive,4.670286178588867
9097,bdqn_naive,3.83780574798584
9098,bdqn_naive,1.2358589172363281
9099,bdqn_naive,0.6715126037597656
9100,bdqn_naive,0.5591659545898438
9101,bdqn_naive,2.5428810119628906
9102,bdqn_naive,6.542573928833008
9103,bdqn_naive,3.469355583190918
9104,bdqn_naive,3.620123863220215
9105,bdqn_naive,2.822601318359375
9106,bdqn_naive,-0.15813255310058594
9107,bdqn_naive,2.6221351623535156
9108,bdqn_naive,3.2958993911743164
9109,bdqn_naive,1.436380386352539
9110,bdqn_naive,3.720179557800293
9111,bdqn_naive,0.9717636108398438
9112,bdqn_naive,1.0678739547729492
9113,bdqn_naive,2.8502426147460938
9114,bdqn_naive,1.3484840393066406
9115,bdqn_naive,-0.2977113723754883
9116,bdqn_naive,0.13772296905517578
9117,bdqn_naive,1.176863670349121
9118,bdqn_naive,3.689603805541992
9119,bdqn_naive,1.0371112823486328
9120,bdqn_naive,1.634037971496582
9121,bdqn_naive,1.5024747848510742
9122,bdqn_naive,0.8682327270507812
9123,bdqn_naive,0.7762928009033203
9124,bdqn_naive,0.8828067779541016
9125,bdqn_naive,1.9549627304077148
9126,bdqn_naive,2.9640207290649414
9127,bdqn_naive,6.754238128662109
9128,bdqn_naive,2.0184059143066406
9129,bdqn_naive,6.3718414306640625
9130,bdqn_naive,-0.18187332153320312
9131,bdqn_naive,1.212275505065918
9132,bdqn_naive,0.9064807891845703
9133,bdqn_naive,0.46651268005371094
9134,bdqn_naive,0.9805641174316406
9135,bdqn_naive,0.8957815170288086
9136,bdqn_naive,2.9905014038085938
9137,bdqn_naive,4.886551380157471
9138,bdqn_naive,4.3450775146484375
9139,bdqn_naive,3.7844247817993164
9140,bdqn_naive,1.3488283157348633
9141,bdqn_naive,1.5316190719604492
9142,bdqn_naive,1.3026504516601562
9143,bdqn_naive,0.9652824401855469
9144,bdqn_naive,1.4087839126586914
9145,bdqn_naive,2.6976966857910156
9146,bdqn_naive,2.378633499145508
9147,bdqn_naive,0.6431369781494141
9148,bdqn_naive,2.732529640197754
9149,bdqn_naive,1.2104415893554688
9150,bdqn_naive,1.1826133728027344
9151,bdqn_naive,1.3471860885620117
9152,bdqn_naive,4.044034004211426
9153,bdqn_naive,0.8405237197875977
9154,bdqn_naive,3.9236955642700195
9155,bdqn_naive,1.6612529754638672
9156,bdqn_naive,2.087599754333496
9157,bdqn_naive,2.123711585998535
9158,bdqn_naive,1.7779464721679688
9159,bdqn_naive,0.7431449890136719
9160,bdqn_naive,4.540517807006836
9161,bdqn_naive,5.062405586242676
9162,bdqn_naive,3.535398483276367
9163,bdqn_naive,2.4986209869384766
9164,bdqn_naive,4.955185890197754
9165,bdqn_naive,0.34102821350097656
9166,bdqn_naive,1.802119255065918
9167,bdqn_naive,1.7443733215332031
9168,bdqn_naive,3.2180681228637695
9169,bdqn_naive,0.12053489685058594
9170,bdqn_naive,1.2503252029418945
9171,bdqn_naive,2.7189064025878906
9172,bdqn_naive,1.7150602340698242
9173,bdqn_naive,2.05828857421875
9174,bdqn_naive,1.0821666717529297
9175,bdqn_naive,1.3441963195800781
9176,bdqn_naive,3.134819984436035
9177,bdqn_naive,2.7471723556518555
9178,bdqn_naive,2.503938674926758
9179,bdqn_naive,1.6653594970703125
9180,bdqn_naive,0.2805442810058594
9181,bdqn_naive,0.4760875701904297
9182,bdqn_naive,-0.8655099868774414
9183,bdqn_naive,6.416482925415039
9184,bdqn_naive,2.0566883087158203
9185,bdqn_naive,1.9142427444458008
9186,bdqn_naive,2.911839485168457
9187,bdqn_naive,3.1674022674560547
9188,bdqn_naive,0.49677181243896484
9189,bdqn_naive,0.6055583953857422
9190,bdqn_naive,0.9323959350585938
9191,bdqn_naive,1.8764686584472656
9192,bdqn_naive,2.733271598815918
9193,bdqn_naive,0.5425252914428711
9194,bdqn_naive,3.3038330078125
9195,bdqn_naive,1.2136363983154297
9196,bdqn_naive,3.170764923095703
9197,bdqn_naive,0.5206918716430664
9198,bdqn_naive,0.03933906555175781
9199,bdqn_naive,7.556018829345703
9200,bdqn_naive,5.0929107666015625
9201,bdqn_naive,1.771683692932129
9202,bdqn_naive,1.3069877624511719
9203,bdqn_naive,1.5322132110595703
9204,bdqn_naive,0.5076160430908203
9205,bdqn_naive,3.241560935974121
9206,bdqn_naive,1.8257770538330078
9207,bdqn_naive,1.1719694137573242
9208,bdqn_naive,0.4983081817626953
9209,bdqn_naive,2.2396812438964844
9210,bdqn_naive,0.4849433898925781
9211,bdqn_naive,5.159244537353516
9212,bdqn_naive,2.6556568145751953
9213,bdqn_naive,0.3485565185546875
9214,bdqn_naive,2.058220863342285
9215,bdqn_naive,2.5154762268066406
9216,bdqn_naive,3.3307600021362305
9217,bdqn_naive,1.2646064758300781
9218,bdqn_naive,4.150998115539551
9219,bdqn_naive,2.0124664306640625
9220,bdqn_naive,3.414489269256592
9221,bdqn_naive,2.5338315963745117
9222,bdqn_naive,1.9444456100463867
9223,bdqn_naive,1.8235340118408203
9224,bdqn_naive,2.2418174743652344
9225,bdqn_naive,1.2973976135253906
9226,bdqn_naive,1.4660835266113281
9227,bdqn_naive,-0.7160654067993164
9228,bdqn_naive,3.24688720703125
9229,bdqn_naive,2.547351837158203
9230,bdqn_naive,1.6915111541748047
9231,bdqn_naive,0.9809408187866211
9232,bdqn_naive,2.543581008911133
9233,bdqn_naive,3.785144805908203
9234,bdqn_naive,1.0816526412963867
9235,bdqn_naive,2.462991714477539
9236,bdqn_naive,2.6902408599853516
9237,bdqn_naive,2.4738779067993164
9238,bdqn_naive,3.4280529022216797
9239,bdqn_naive,0.17508983612060547
9240,bdqn_naive,2.3806161880493164
9241,bdqn_naive,3.6236000061035156
9242,bdqn_naive,2.354299545288086
9243,bdqn_naive,4.474527359008789
9244,bdqn_naive,4.078310966491699
9245,bdqn_naive,4.977171897888184
9246,bdqn_naive,1.3529291152954102
9247,bdqn_naive,2.089967727661133
9248,bdqn_naive,0.6316461563110352
9249,bdqn_naive,1.7407865524291992
9250,bdqn_naive,2.3238754272460938
9251,bdqn_naive,1.847031593322754
9252,bdqn_naive,1.4909982681274414
9253,bdqn_naive,0.7981014251708984
9254,bdqn_naive,1.0273303985595703
9255,bdqn_naive,2.420905113220215
9256,bdqn_naive,1.8792047500610352
9257,bdqn_naive,3.0948266983032227
9258,bdqn_naive,1.6366348266601562
9259,bdqn_naive,4.506002426147461
9260,bdqn_naive,2.033022880554199
9261,bdqn_naive,-0.06879806518554688
9262,bdqn_naive,2.4620800018310547
9263,bdqn_naive,6.376071929931641
9264,bdqn_naive,2.4747400283813477
9265,bdqn_naive,1.4548892974853516
9266,bdqn_naive,1.0114459991455078
9267,bdqn_naive,0.5937328338623047
9268,bdqn_naive,1.4169960021972656
9269,bdqn_naive,6.497428894042969
9270,bdqn_naive,2.937983512878418
9271,bdqn_naive,3.5747947692871094
9272,bdqn_naive,3.74176025390625
9273,bdqn_naive,4.044841766357422
9274,bdqn_naive,2.345950126647949
9275,bdqn_naive,0.20418453216552734
9276,bdqn_naive,1.3826513290405273
9277,bdqn_naive,5.304286956787109
9278,bdqn_naive,1.2292757034301758
9279,bdqn_naive,1.3288812637329102
9280,bdqn_naive,2.631833076477051
9281,bdqn_naive,2.169388771057129
9282,bdqn_naive,1.9115800857543945
9283,bdqn_naive,1.1427364349365234
9284,bdqn_naive,3.8164587020874023
9285,bdqn_naive,3.43184757232666
9286,bdqn_naive,1.414215087890625
9287,bdqn_naive,2.146306037902832
9288,bdqn_naive,-0.04580211639404297
9289,bdqn_naive,6.199231147766113
9290,bdqn_naive,1.893754005432129
9291,bdqn_naive,0.9220199584960938
9292,bdqn_naive,1.6256389617919922
9293,bdqn_naive,1.171961784362793
9294,bdqn_naive,2.1305227279663086
9295,bdqn_naive,3.0397729873657227
9296,bdqn_naive,0.5298147201538086
9297,bdqn_naive,0.09456729888916016
9298,bdqn_naive,2.2579050064086914
9299,bdqn_naive,1.4677619934082031
9300,bdqn_naive,3.417034149169922
9301,bdqn_naive,1.6784439086914062
9302,bdqn_naive,3.3874711990356445
9303,bdqn_naive,3.6783180236816406
9304,bdqn_naive,1.3123111724853516
9305,bdqn_naive,2.843090057373047
9306,bdqn_naive,2.294879913330078
9307,bdqn_naive,2.549241065979004
9308,bdqn_naive,1.1965608596801758
9309,bdqn_naive,4.547346115112305
9310,bdqn_naive,0.9608926773071289
9311,bdqn_naive,0.5163154602050781
9312,bdqn_naive,2.0081653594970703
9313,bdqn_naive,2.678434371948242
9314,bdqn_naive,2.8754186630249023
9315,bdqn_naive,5.804690361022949
9316,bdqn_naive,1.6617002487182617
9317,bdqn_naive,2.552907943725586
9318,bdqn_naive,2.343778610229492
9319,bdqn_naive,2.704026222229004
9320,bdqn_naive,4.166399002075195
9321,bdqn_naive,0.8142185211181641
9322,bdqn_naive,1.1721906661987305
9323,bdqn_naive,0.40645694732666016
9324,bdqn_naive,3.9975833892822266
9325,bdqn_naive,0.7209281921386719
9326,bdqn_naive,1.4532241821289062
9327,bdqn_naive,0.48700904846191406
9328,bdqn_naive,6.856749534606934
9329,bdqn_naive,0.5166130065917969
9330,bdqn_naive,1.7123947143554688
9331,bdqn_naive,0.3608741760253906
9332,bdqn_naive,5.309868812561035
9333,bdqn_naive,2.344668388366699
9334,bdqn_naive,2.3543214797973633
9335,bdqn_naive,1.2914447784423828
9336,bdqn_naive,2.313591957092285
9337,bdqn_naive,2.858731269836426
9338,bdqn_naive,2.4260025024414062
9339,bdqn_naive,-0.15211009979248047
9340,bdqn_naive,0.902653694152832
9341,bdqn_naive,3.0585193634033203
9342,bdqn_naive,4.714508056640625
9343,bdqn_naive,3.560574531555176
9344,bdqn_naive,0.5714321136474609
9345,bdqn_naive,0.7086067199707031
9346,bdqn_naive,1.6918153762817383
9347,bdqn_naive,1.515122413635254
9348,bdqn_naive,1.100581169128418
9349,bdqn_naive,0.4016685485839844
9350,bdqn_naive,2.8351621627807617
9351,bdqn_naive,1.290318489074707
9352,bdqn_naive,0.5819606781005859
9353,bdqn_naive,2.429722785949707
9354,bdqn_naive,1.9968013763427734
9355,bdqn_naive,2.107663154602051
9356,bdqn_naive,5.890271186828613
9357,bdqn_naive,2.6203079223632812
9358,bdqn_naive,1.5899953842163086
9359,bdqn_naive,2.2895383834838867
9360,bdqn_naive,2.162825584411621
9361,bdqn_naive,1.4472341537475586
9362,bdqn_naive,1.9097099304199219
9363,bdqn_naive,-0.38950634002685547
9364,bdqn_naive,3.2298946380615234
9365,bdqn_naive,1.8614568710327148
9366,bdqn_naive,-0.1285686492919922
9367,bdqn_naive,0.5514092445373535
9368,bdqn_naive,3.3804731369018555
9369,bdqn_naive,0.3206043243408203
9370,bdqn_naive,4.672722816467285
9371,bdqn_naive,6.279502868652344
9372,bdqn_naive,1.6148748397827148
9373,bdqn_naive,1.1633577346801758
9374,bdqn_naive,4.063640594482422
9375,bdqn_naive,3.890979766845703
9376,bdqn_naive,1.3181447982788086
9377,bdqn_naive,1.4069433212280273
9378,bdqn_naive,2.4856882095336914
9379,bdqn_naive,4.800223350524902
9380,bdqn_naive,2.3266353607177734
9381,bdqn_naive,1.8482913970947266
9382,bdqn_naive,3.087021827697754
9383,bdqn_naive,5.404644966125488
9384,bdqn_naive,1.726302146911621
9385,bdqn_naive,0.8903465270996094
9386,bdqn_naive,0.5329160690307617
9387,bdqn_naive,0.7172317504882812
9388,bdqn_naive,1.5167617797851562
9389,bdqn_naive,5.7841081619262695
9390,bdqn_naive,5.43648624420166
9391,bdqn_naive,2.212944984436035
9392,bdqn_naive,1.8243646621704102
9393,bdqn_naive,1.3724441528320312
9394,bdqn_naive,1.7011241912841797
9395,bdqn_naive,4.12309455871582
9396,bdqn_naive,2.9723854064941406
9397,bdqn_naive,2.603867530822754
9398,bdqn_naive,0.19050979614257812
9399,bdqn_naive,0.7461137771606445
9400,bdqn_naive,2.6721715927124023
9401,bdqn_naive,1.1883201599121094
9402,bdqn_naive,1.1866350173950195
9403,bdqn_naive,0.6864700317382812
9404,bdqn_naive,4.485682487487793
9405,bdqn_naive,2.1686038970947266
9406,bdqn_naive,0.5095090866088867
9407,bdqn_naive,0.16434478759765625
9408,bdqn_naive,2.14042329788208
9409,bdqn_naive,0.8518733978271484
9410,bdqn_naive,3.121957778930664
9411,bdqn_naive,1.7485408782958984
9412,bdqn_naive,7.226553916931152
9413,bdqn_naive,1.8312721252441406
9414,bdqn_naive,6.046474456787109
9415,bdqn_naive,1.372084617614746
9416,bdqn_naive,1.9549541473388672
9417,bdqn_naive,1.5449104309082031
9418,bdqn_naive,1.894761085510254
9419,bdqn_naive,1.8496179580688477
9420,bdqn_naive,4.181015968322754
9421,bdqn_naive,1.7988052368164062
9422,bdqn_naive,4.498238563537598
9423,bdqn_naive,1.3258867263793945
9424,bdqn_naive,-0.015176773071289062
9425,bdqn_naive,0.558812141418457
9426,bdqn_naive,6.72075080871582
9427,bdqn_naive,2.586353302001953
9428,bdqn_naive,0.3090047836303711
9429,bdqn_naive,0.6648654937744141
9430,bdqn_naive,1.141737937927246
9431,bdqn_naive,2.1522789001464844
9432,bdqn_naive,1.595682144165039
9433,bdqn_naive,1.689901351928711
9434,bdqn_naive,1.2671270370483398
9435,bdqn_naive,1.5750064849853516
9436,bdqn_naive,1.913461685180664
9437,bdqn_naive,1.226846694946289
9438,bdqn_naive,1.0359926223754883
9439,bdqn_naive,-0.2391510009765625
9440,bdqn_naive,1.8314685821533203
9441,bdqn_naive,1.7287492752075195
9442,bdqn_naive,1.2840728759765625
9443,bdqn_naive,1.5764341354370117
9444,bdqn_naive,1.2122364044189453
9445,bdqn_naive,-0.3724994659423828
9446,bdqn_naive,-0.07396316528320312
9447,bdqn_naive,0.8183774948120117
9448,bdqn_naive,0.3637523651123047
9449,bdqn_naive,0.14095592498779297
9450,bdqn_naive,0.3542928695678711
9451,bdqn_naive,3.11489200592041
9452,bdqn_naive,6.748424530029297
9453,bdqn_naive,6.3014068603515625
9454,bdqn_naive,0.8989019393920898
9455,bdqn_naive,1.8109369277954102
9456,bdqn_naive,0.5647487640380859
9457,bdqn_naive,2.859189987182617
9458,bdqn_naive,1.4704370498657227
9459,bdqn_naive,0.7210893630981445
9460,bdqn_naive,1.1941118240356445
9461,bdqn_naive,1.621469497680664
9462,bdqn_naive,1.7970256805419922
9463,bdqn_naive,1.1103553771972656
9464,bdqn_naive,2.3625688552856445
9465,bdqn_naive,5.3651018142700195
9466,bdqn_naive,1.2702760696411133
9467,bdqn_naive,2.2192344665527344
9468,bdqn_naive,1.9072046279907227
9469,bdqn_naive,1.425466537475586
9470,bdqn_naive,3.5701370239257812
9471,bdqn_naive,2.199047088623047
9472,bdqn_naive,2.420050621032715
9473,bdqn_naive,1.603581428527832
9474,bdqn_naive,1.7115955352783203
9475,bdqn_naive,5.307397842407227
9476,bdqn_naive,0.7580795288085938
9477,bdqn_naive,4.2447357177734375
9478,bdqn_naive,0.09153556823730469
9479,bdqn_naive,0.6834135055541992
9480,bdqn_naive,2.2034950256347656
9481,bdqn_naive,2.970065116882324
9482,bdqn_naive,5.74127197265625
9483,bdqn_naive,0.9389324188232422
9484,bdqn_naive,2.062432289123535
9485,bdqn_naive,3.948145866394043
9486,bdqn_naive,1.5934076309204102
9487,bdqn_naive,2.474785804748535
9488,bdqn_naive,0.2102222442626953
9489,bdqn_naive,1.3881397247314453
9490,bdqn_naive,1.3768510818481445
9491,bdqn_naive,1.3718891143798828
9492,bdqn_naive,5.384088516235352
9493,bdqn_naive,2.331780433654785
9494,bdqn_naive,2.8052749633789062
9495,bdqn_naive,-0.031783103942871094
9496,bdqn_naive,0.775813102722168
9497,bdqn_naive,2.3522567749023438
9498,bdqn_naive,4.467391014099121
9499,bdqn_naive,1.8442277908325195
9500,bdqn_naive,0.16034793853759766
9501,bdqn_naive,0.4415121078491211
9502,bdqn_naive,1.3389358520507812
9503,bdqn_naive,2.0776758193969727
9504,bdqn_naive,4.752585411071777
9505,bdqn_naive,4.306504726409912
9506,bdqn_naive,5.701846122741699
9507,bdqn_naive,1.3326358795166016
9508,bdqn_naive,1.8878164291381836
9509,bdqn_naive,1.1384944915771484
9510,bdqn_naive,1.5108308792114258
9511,bdqn_naive,1.5795173645019531
9512,bdqn_naive,-0.15738487243652344
9513,bdqn_naive,0.9922780990600586
9514,bdqn_naive,4.256329536437988
9515,bdqn_naive,2.135136604309082
9516,bdqn_naive,0.23052597045898438
9517,bdqn_naive,1.1027841567993164
9518,bdqn_naive,3.6933374404907227
9519,bdqn_naive,1.5207347869873047
9520,bdqn_naive,1.4324560165405273
9521,bdqn_naive,5.134814262390137
9522,bdqn_naive,2.125035285949707
9523,bdqn_naive,0.5974569320678711
9524,bdqn_naive,1.8013200759887695
9525,bdqn_naive,1.126596450805664
9526,bdqn_naive,4.396548271179199
9527,bdqn_naive,1.6783008575439453
9528,bdqn_naive,1.1625919342041016
9529,bdqn_naive,1.48443603515625
9530,bdqn_naive,2.398923873901367
9531,bdqn_naive,2.759779930114746
9532,bdqn_naive,4.036266326904297
9533,bdqn_naive,3.3342361450195312
9534,bdqn_naive,4.793560981750488
9535,bdqn_naive,1.364954948425293
9536,bdqn_naive,1.332829475402832
9537,bdqn_naive,2.8973236083984375
9538,bdqn_naive,0.42961692810058594
9539,bdqn_naive,0.5085859298706055
9540,bdqn_naive,3.661376953125
9541,bdqn_naive,1.2602930068969727
9542,bdqn_naive,1.5735130310058594
9543,bdqn_naive,1.193288803100586
9544,bdqn_naive,3.0114383697509766
9545,bdqn_naive,0.8955078125
9546,bdqn_naive,2.3511343002319336
9547,bdqn_naive,2.4698486328125
9548,bdqn_naive,0.9542770385742188
9549,bdqn_naive,0.2661104202270508
9550,bdqn_naive,1.7831077575683594
9551,bdqn_naive,2.0368547439575195
9552,bdqn_naive,1.100052833557129
9553,bdqn_naive,0.3807821273803711
9554,bdqn_naive,1.410517692565918
9555,bdqn_naive,1.5124177932739258
9556,bdqn_naive,1.2768726348876953
9557,bdqn_naive,2.5746164321899414
9558,bdqn_naive,2.3869075775146484
9559,bdqn_naive,1.3887653350830078
9560,bdqn_naive,1.598252296447754
9561,bdqn_naive,0.9236993789672852
9562,bdqn_naive,3.3267736434936523
9563,bdqn_naive,2.556957244873047
9564,bdqn_naive,1.523080825805664
9565,bdqn_naive,0.971923828125
9566,bdqn_naive,1.5524730682373047
9567,bdqn_naive,3.009161949157715
9568,bdqn_naive,3.839864730834961
9569,bdqn_naive,1.0032405853271484
9570,bdqn_naive,3.464883804321289
9571,bdqn_naive,3.6295013427734375
9572,bdqn_naive,2.557766914367676
9573,bdqn_naive,2.4707584381103516
9574,bdqn_naive,0.6914882659912109
9575,bdqn_naive,1.16839599609375
9576,bdqn_naive,1.017613410949707
9577,bdqn_naive,1.8943395614624023
9578,bdqn_naive,6.705623626708984
9579,bdqn_naive,0.3485088348388672
9580,bdqn_naive,2.699665069580078
9581,bdqn_naive,1.773843765258789
9582,bdqn_naive,2.094691276550293
9583,bdqn_naive,2.360126495361328
9584,bdqn_naive,0.025992393493652344
9585,bdqn_naive,0.12594985961914062
9586,bdqn_naive,2.075307846069336
9587,bdqn_naive,2.767873764038086
9588,bdqn_naive,2.5779247283935547
9589,bdqn_naive,1.1417827606201172
9590,bdqn_naive,0.917449951171875
9591,bdqn_naive,1.3450641632080078
9592,bdqn_naive,0.6920099258422852
9593,bdqn_naive,3.64035701751709
9594,bdqn_naive,2.59438419342041
9595,bdqn_naive,1.5988903045654297
9596,bdqn_naive,5.034930229187012
9597,bdqn_naive,0.9832973480224609
9598,bdqn_naive,0.7218084335327148
9599,bdqn_naive,0.37636756896972656
9600,bdqn_naive,1.5956335067749023
9601,bdqn_naive,2.089348793029785
9602,bdqn_naive,2.519956588745117
9603,bdqn_naive,3.6595611572265625
9604,bdqn_naive,5.516447067260742
9605,bdqn_naive,1.678614616394043
9606,bdqn_naive,1.1632776260375977
9607,bdqn_naive,2.94185733795166
9608,bdqn_naive,1.342961311340332
9609,bdqn_naive,3.009408950805664
9610,bdqn_naive,2.8561553955078125
9611,bdqn_naive,1.5291118621826172
9612,bdqn_naive,2.773806571960449
9613,bdqn_naive,0.09717369079589844
9614,bdqn_naive,3.1473989486694336
9615,bdqn_naive,3.905364990234375
9616,bdqn_naive,0.5171546936035156
9617,bdqn_naive,2.8413753509521484
9618,bdqn_naive,1.2824153900146484
9619,bdqn_naive,1.9599332809448242
9620,bdqn_naive,2.0779924392700195
9621,bdqn_naive,3.2941551208496094
9622,bdqn_naive,4.225377082824707
9623,bdqn_naive,2.185018539428711
9624,bdqn_naive,2.083786964416504
9625,bdqn_naive,1.5105714797973633
9626,bdqn_naive,3.6879940032958984
9627,bdqn_naive,1.935145378112793
9628,bdqn_naive,2.8388795852661133
9629,bdqn_naive,3.972628593444824
9630,bdqn_naive,2.413667678833008
9631,bdqn_naive,1.6342039108276367
9632,bdqn_naive,1.7317571640014648
9633,bdqn_naive,1.008305549621582
9634,bdqn_naive,0.18288803100585938
9635,bdqn_naive,1.1605405807495117
9636,bdqn_naive,4.481662750244141
9637,bdqn_naive,4.060878276824951
9638,bdqn_naive,3.587042808532715
9639,bdqn_naive,1.497786521911621
9640,bdqn_naive,1.312657356262207
9641,bdqn_naive,4.110997200012207
9642,bdqn_naive,1.0851516723632812
9643,bdqn_naive,1.426468849182129
9644,bdqn_naive,0.1571340560913086
9645,bdqn_naive,2.8700037002563477
9646,bdqn_naive,1.0386829376220703
9647,bdqn_naive,0.6732969284057617
9648,bdqn_naive,1.3376073837280273
9649,bdqn_naive,2.555063247680664
9650,bdqn_naive,4.0417985916137695
9651,bdqn_naive,2.474681854248047
9652,bdqn_naive,2.182708740234375
9653,bdqn_naive,3.970303535461426
9654,bdqn_naive,3.2993946075439453
9655,bdqn_naive,2.1529483795166016
9656,bdqn_naive,5.898994445800781
9657,bdqn_naive,1.774801254272461
9658,bdqn_naive,2.593578338623047
9659,bdqn_naive,1.2468271255493164
9660,bdqn_naive,1.5342521667480469
9661,bdqn_naive,2.164896011352539
9662,bdqn_naive,0.667597770690918
9663,bdqn_naive,2.005373001098633
9664,bdqn_naive,2.0410566329956055
9665,bdqn_naive,0.8961076736450195
9666,bdqn_naive,1.5584583282470703
9667,bdqn_naive,5.378314018249512
9668,bdqn_naive,4.318203926086426
9669,bdqn_naive,4.498090744018555
9670,bdqn_naive,3.253744125366211
9671,bdqn_naive,0.7878837585449219
9672,bdqn_naive,0.8734226226806641
9673,bdqn_naive,2.1318626403808594
9674,bdqn_naive,1.083505630493164
9675,bdqn_naive,1.4064359664916992
9676,bdqn_naive,2.0929317474365234
9677,bdqn_naive,-0.5436763763427734
9678,bdqn_naive,1.1102333068847656
9679,bdqn_naive,2.273540496826172
9680,bdqn_naive,1.3792314529418945
9681,bdqn_naive,2.935739517211914
9682,bdqn_naive,2.2713470458984375
9683,bdqn_naive,3.191974639892578
9684,bdqn_naive,3.015875816345215
9685,bdqn_naive,0.7266407012939453
9686,bdqn_naive,3.9323596954345703
9687,bdqn_naive,5.695241928100586
9688,bdqn_naive,5.6921234130859375
9689,bdqn_naive,1.6414031982421875
9690,bdqn_naive,2.0294342041015625
9691,bdqn_naive,2.0434417724609375
9692,bdqn_naive,0.2622642517089844
9693,bdqn_naive,1.0557241439819336
9694,bdqn_naive,3.191836357116699
9695,bdqn_naive,0.7946758270263672
9696,bdqn_naive,1.5593948364257812
9697,bdqn_naive,0.9101495742797852
9698,bdqn_naive,0.5842351913452148
9699,bdqn_naive,1.046198844909668
9700,bdqn_naive,4.300264358520508
9701,bdqn_naive,0.8381671905517578
9702,bdqn_naive,4.36859130859375
9703,bdqn_naive,1.2145442962646484
9704,bdqn_naive,0.9883604049682617
9705,bdqn_naive,3.061356544494629
9706,bdqn_naive,1.5802011489868164
9707,bdqn_naive,2.093533515930176
9708,bdqn_naive,1.6852550506591797
9709,bdqn_naive,0.7164154052734375
9710,bdqn_naive,2.3678722381591797
9711,bdqn_naive,0.05810356140136719
9712,bdqn_naive,2.0613632202148438
9713,bdqn_naive,1.4548473358154297
9714,bdqn_naive,4.2672014236450195
9715,bdqn_naive,1.2945127487182617
9716,bdqn_naive,3.169217109680176
9717,bdqn_naive,1.236159324645996
9718,bdqn_naive,1.3934812545776367
9719,bdqn_naive,5.791332244873047
9720,bdqn_naive,2.12661075592041
9721,bdqn_naive,4.828742980957031
9722,bdqn_naive,-0.3821735382080078
9723,bdqn_naive,1.214447021484375
9724,bdqn_naive,1.4695281982421875
9725,bdqn_naive,4.2124223709106445
9726,bdqn_naive,2.3907270431518555
9727,bdqn_naive,0.15804290771484375
9728,bdqn_naive,2.4720420837402344
9729,bdqn_naive,1.5840826034545898
9730,bdqn_naive,0.38539791107177734
9731,bdqn_naive,1.4340553283691406
9732,bdqn_naive,1.3123645782470703
9733,bdqn_naive,1.6759614944458008
9734,bdqn_naive,0.06918716430664062
9735,bdqn_naive,2.830465316772461
9736,bdqn_naive,1.3890867233276367
9737,bdqn_naive,2.089794158935547
9738,bdqn_naive,0.6164617538452148
9739,bdqn_naive,1.419168472290039
9740,bdqn_naive,0.3518524169921875
9741,bdqn_naive,1.5466060638427734
9742,bdqn_naive,3.2003660202026367
9743,bdqn_naive,4.626689910888672
9744,bdqn_naive,0.6996250152587891
9745,bdqn_naive,1.4461345672607422
9746,bdqn_naive,6.13702392578125
9747,bdqn_naive,1.5147972106933594
9748,bdqn_naive,2.104238510131836
9749,bdqn_naive,4.972218990325928
9750,bdqn_naive,1.3038949966430664
9751,bdqn_naive,2.859015464782715
9752,bdqn_naive,2.4211063385009766
9753,bdqn_naive,1.759836196899414
9754,bdqn_naive,2.579103469848633
9755,bdqn_naive,2.030559539794922
9756,bdqn_naive,0.9697599411010742
9757,bdqn_naive,3.7714033126831055
9758,bdqn_naive,2.6391525268554688
9759,bdqn_naive,3.732297897338867
9760,bdqn_naive,1.553640365600586
9761,bdqn_naive,2.0840444564819336
9762,bdqn_naive,-0.00466156005859375
9763,bdqn_naive,3.1707143783569336
9764,bdqn_naive,0.7224493026733398
9765,bdqn_naive,2.962752342224121
9766,bdqn_naive,2.613572120666504
9767,bdqn_naive,1.0034103393554688
9768,bdqn_naive,1.4004554748535156
9769,bdqn_naive,3.9962997436523438
9770,bdqn_naive,0.8186559677124023
9771,bdqn_naive,1.2592811584472656
9772,bdqn_naive,3.5580129623413086
9773,bdqn_naive,1.5674715042114258
9774,bdqn_naive,0.2728109359741211
9775,bdqn_naive,1.162653923034668
9776,bdqn_naive,1.1824007034301758
9777,bdqn_naive,1.969430923461914
9778,bdqn_naive,1.5851631164550781
9779,bdqn_naive,1.407567024230957
9780,bdqn_naive,2.1419219970703125
9781,bdqn_naive,0.28807735443115234
9782,bdqn_naive,1.9650917053222656
9783,bdqn_naive,1.3621091842651367
9784,bdqn_naive,-0.3968629837036133
9785,bdqn_naive,2.438810348510742
9786,bdqn_naive,1.1669025421142578
9787,bdqn_naive,-0.8508434295654297
9788,bdqn_naive,2.057840347290039
9789,bdqn_naive,5.273285865783691
9790,bdqn_naive,1.4122180938720703
9791,bdqn_naive,1.914118766784668
9792,bdqn_naive,1.2330436706542969
9793,bdqn_naive,0.44516658782958984
9794,bdqn_naive,0.45119380950927734
9795,bdqn_naive,0.8756256103515625
9796,bdqn_naive,1.276503562927246
9797,bdqn_naive,-0.09156513214111328
9798,bdqn_naive,2.768829345703125
9799,bdqn_naive,2.3052759170532227
9800,bdqn_naive,-1.1496973037719727
9801,bdqn_naive,0.2533292770385742
9802,bdqn_naive,3.171375274658203
9803,bdqn_naive,0.7785444259643555
9804,bdqn_naive,0.5723161697387695
9805,bdqn_naive,5.505176544189453
9806,bdqn_naive,3.413167953491211
9807,bdqn_naive,2.519987106323242
9808,bdqn_naive,0.08176898956298828
9809,bdqn_naive,2.4965457916259766
9810,bdqn_naive,0.6093168258666992
9811,bdqn_naive,1.781259536743164
9812,bdqn_naive,1.955881118774414
9813,bdqn_naive,4.501896858215332
9814,bdqn_naive,0.7245159149169922
9815,bdqn_naive,2.5250253677368164
9816,bdqn_naive,3.338285446166992
9817,bdqn_naive,1.898421287536621
9818,bdqn_naive,6.072044372558594
9819,bdqn_naive,2.0040388107299805
9820,bdqn_naive,1.7406892776489258
9821,bdqn_naive,1.0326738357543945
9822,bdqn_naive,2.3547401428222656
9823,bdqn_naive,0.8714609146118164
9824,bdqn_naive,3.372314453125
9825,bdqn_naive,2.928272247314453
9826,bdqn_naive,1.1215410232543945
9827,bdqn_naive,3.016267776489258
9828,bdqn_naive,0.4071035385131836
9829,bdqn_naive,3.363387107849121
9830,bdqn_naive,3.5194215774536133
9831,bdqn_naive,1.9512004852294922
9832,bdqn_naive,3.331117630004883
9833,bdqn_naive,2.681950569152832
9834,bdqn_naive,1.1946792602539062
9835,bdqn_naive,0.7019805908203125
9836,bdqn_naive,1.798497200012207
9837,bdqn_naive,4.4146223068237305
9838,bdqn_naive,2.2787275314331055
9839,bdqn_naive,0.7926597595214844
9840,bdqn_naive,1.6102046966552734
9841,bdqn_naive,2.385869026184082
9842,bdqn_naive,1.3067655563354492
9843,bdqn_naive,0.9209470748901367
9844,bdqn_naive,3.013461112976074
9845,bdqn_naive,-0.4010429382324219
9846,bdqn_naive,5.134050369262695
9847,bdqn_naive,1.5735082626342773
9848,bdqn_naive,1.4284029006958008
9849,bdqn_naive,2.502425193786621
9850,bdqn_naive,3.3923797607421875
9851,bdqn_naive,3.597034454345703
9852,bdqn_naive,0.34352874755859375
9853,bdqn_naive,-1.2055835723876953
9854,bdqn_naive,1.1593523025512695
9855,bdqn_naive,1.3709068298339844
9856,bdqn_naive,1.5199718475341797
9857,bdqn_naive,1.5221195220947266
9858,bdqn_naive,1.6601991653442383
9859,bdqn_naive,2.542957305908203
9860,bdqn_naive,0.017625808715820312
9861,bdqn_naive,0.34613609313964844
9862,bdqn_naive,1.5951404571533203
9863,bdqn_naive,1.9892158508300781
9864,bdqn_naive,2.216855049133301
9865,bdqn_naive,2.6266250610351562
9866,bdqn_naive,1.5333614349365234
9867,bdqn_naive,7.021954536437988
9868,bdqn_naive,1.235203742980957
9869,bdqn_naive,1.5568418502807617
9870,bdqn_naive,0.5093793869018555
9871,bdqn_naive,1.3907718658447266
9872,bdqn_naive,0.40542125701904297
9873,bdqn_naive,2.9180774688720703
9874,bdqn_naive,2.100468635559082
9875,bdqn_naive,1.8704862594604492
9876,bdqn_naive,2.6460447311401367
9877,bdqn_naive,1.614579200744629
9878,bdqn_naive,1.8521051406860352
9879,bdqn_naive,4.208559036254883
9880,bdqn_naive,1.0461978912353516
9881,bdqn_naive,1.2275753021240234
9882,bdqn_naive,3.2100296020507812
9883,bdqn_naive,0.8508434295654297
9884,bdqn_naive,2.5211877822875977
9885,bdqn_naive,1.2643413543701172
9886,bdqn_naive,1.398768424987793
9887,bdqn_naive,5.219326972961426
9888,bdqn_naive,2.0274105072021484
9889,bdqn_naive,1.6867456436157227
9890,bdqn_naive,2.067673683166504
9891,bdqn_naive,0.41245365142822266
9892,bdqn_naive,1.8416519165039062
9893,bdqn_naive,0.90594482421875
9894,bdqn_naive,1.5165977478027344
9895,bdqn_naive,1.078622817993164
9896,bdqn_naive,3.809830665588379
9897,bdqn_naive,1.0361108779907227
9898,bdqn_naive,0.7272300720214844
9899,bdqn_naive,3.0894432067871094
9900,bdqn_naive,0.8521337509155273
9901,bdqn_naive,3.583576202392578
9902,bdqn_naive,2.725043296813965
9903,bdqn_naive,2.224137306213379
9904,bdqn_naive,2.2828006744384766
9905,bdqn_naive,5.945209503173828
9906,bdqn_naive,1.9386682510375977
9907,bdqn_naive,4.528206825256348
9908,bdqn_naive,1.5415172576904297
9909,bdqn_naive,2.817502975463867
9910,bdqn_naive,1.6220941543579102
9911,bdqn_naive,1.5619630813598633
9912,bdqn_naive,5.115549087524414
9913,bdqn_naive,1.7922015190124512
9914,bdqn_naive,4.888483047485352
9915,bdqn_naive,1.583521842956543
9916,bdqn_naive,2.7483930587768555
9917,bdqn_naive,1.7470693588256836
9918,bdqn_naive,0.3454160690307617
9919,bdqn_naive,1.0745725631713867
9920,bdqn_naive,-0.20963096618652344
9921,bdqn_naive,3.4199256896972656
9922,bdqn_naive,2.2972421646118164
9923,bdqn_naive,0.3719320297241211
9924,bdqn_naive,-0.19918346405029297
9925,bdqn_naive,1.013784408569336
9926,bdqn_naive,0.6288309097290039
9927,bdqn_naive,2.285696029663086
9928,bdqn_naive,4.67957878112793
9929,bdqn_naive,0.16038131713867188
9930,bdqn_naive,5.170131683349609
9931,bdqn_naive,2.669400215148926
9932,bdqn_naive,2.5804386138916016
9933,bdqn_naive,1.6587867736816406
9934,bdqn_naive,0.20569992065429688
9935,bdqn_naive,3.2824268341064453
9936,bdqn_naive,2.149386405944824
9937,bdqn_naive,0.0637979507446289
9938,bdqn_naive,2.8425674438476562
9939,bdqn_naive,0.44379138946533203
9940,bdqn_naive,1.3891677856445312
9941,bdqn_naive,3.4321374893188477
9942,bdqn_naive,3.614259719848633
9943,bdqn_naive,2.0020103454589844
9944,bdqn_naive,6.029096603393555
9945,bdqn_naive,-0.2837867736816406
9946,bdqn_naive,2.9815902709960938
9947,bdqn_naive,2.025019645690918
9948,bdqn_naive,2.768798828125
9949,bdqn_naive,1.2048892974853516
9950,bdqn_naive,3.5492067337036133
9951,bdqn_naive,-0.055581092834472656
9952,bdqn_naive,1.553253173828125
9953,bdqn_naive,5.781904220581055
9954,bdqn_naive,4.149099349975586
9955,bdqn_naive,1.0814075469970703
9956,bdqn_naive,2.2549333572387695
9957,bdqn_naive,0.46630001068115234
9958,bdqn_naive,2.091403007507324
9959,bdqn_naive,1.937413215637207
9960,bdqn_naive,0.8243637084960938
9961,bdqn_naive,2.1768102645874023
9962,bdqn_naive,0.09071922302246094
9963,bdqn_naive,2.412191390991211
9964,bdqn_naive,1.0046749114990234
9965,bdqn_naive,2.9315929412841797
9966,bdqn_naive,2.4313230514526367
9967,bdqn_naive,2.485729217529297
9968,bdqn_naive,2.505314826965332
9969,bdqn_naive,3.273848533630371
9970,bdqn_naive,1.97967529296875
9971,bdqn_naive,-2.3161792755126953
9972,bdqn_naive,1.5076560974121094
9973,bdqn_naive,2.376162528991699
9974,bdqn_naive,1.1035776138305664
9975,bdqn_naive,2.0098257064819336
9976,bdqn_naive,0.7500429153442383
9977,bdqn_naive,3.816377639770508
9978,bdqn_naive,4.321893692016602
9979,bdqn_naive,0.2391672134399414
9980,bdqn_naive,0.5237407684326172
9981,bdqn_naive,1.9351396560668945
9982,bdqn_naive,3.8783016204833984
9983,bdqn_naive,-0.849858283996582
9984,bdqn_naive,2.772756576538086
9985,bdqn_naive,2.058842658996582
9986,bdqn_naive,0.33089542388916016
9987,bdqn_naive,2.2275924682617188
9988,bdqn_naive,2.377060890197754
9989,bdqn_naive,6.412295341491699
9990,bdqn_naive,3.187106132507324
9991,bdqn_naive,1.2571220397949219
9992,bdqn_naive,1.2867259979248047
9993,bdqn_naive,2.050042152404785
9994,bdqn_naive,0.4817171096801758
9995,bdqn_naive,1.8842477798461914
9996,bdqn_naive,3.3898305892944336
9997,bdqn_naive,3.0444717407226562
9998,bdqn_naive,1.3894071578979492
9999,bdqn_naive,4.165040969848633
10000,bdqn_naive,1.471853256225586
