episode,algo,episode_return
1,saint_sac_tok3,0.7216482162475586
2,saint_sac_tok3,0.07486152648925781
3,saint_sac_tok3,0.10840606689453125
4,saint_sac_tok3,-0.7084035873413086
5,saint_sac_tok3,0.4865884780883789
6,saint_sac_tok3,-0.05838203430175781
7,saint_sac_tok3,-0.14968109130859375
8,saint_sac_tok3,-0.5827255249023438
9,saint_sac_tok3,-0.43305110931396484
10,saint_sac_tok3,-0.4392356872558594
11,saint_sac_tok3,0.7299470901489258
12,saint_sac_tok3,-0.07981204986572266
13,saint_sac_tok3,-1.0659542083740234
14,saint_sac_tok3,-1.3515758514404297
15,saint_sac_tok3,-0.40062427520751953
16,saint_sac_tok3,0.16775894165039062
17,saint_sac_tok3,-0.07339859008789062
18,saint_sac_tok3,-0.39769840240478516
19,saint_sac_tok3,0.5653896331787109
20,saint_sac_tok3,-0.1960906982421875
21,saint_sac_tok3,-1.424504280090332
22,saint_sac_tok3,-0.34264087677001953
23,saint_sac_tok3,-0.5097436904907227
24,saint_sac_tok3,-0.4461050033569336
25,saint_sac_tok3,-0.4399127960205078
26,saint_sac_tok3,0.15256690979003906
27,saint_sac_tok3,-0.9200067520141602
28,saint_sac_tok3,-0.1369638442993164
29,saint_sac_tok3,-0.21109962463378906
30,saint_sac_tok3,-1.5603790283203125
31,saint_sac_tok3,0.30982112884521484
32,saint_sac_tok3,-1.0472373962402344
33,saint_sac_tok3,0.1516132354736328
34,saint_sac_tok3,0.04283618927001953
35,saint_sac_tok3,-0.8401422500610352
36,saint_sac_tok3,-1.2195281982421875
37,saint_sac_tok3,-0.3392295837402344
38,saint_sac_tok3,0.16660118103027344
39,saint_sac_tok3,0.1958169937133789
40,saint_sac_tok3,0.28130149841308594
41,saint_sac_tok3,0.41258907318115234
42,saint_sac_tok3,-0.16763782501220703
43,saint_sac_tok3,-0.06393909454345703
44,saint_sac_tok3,0.22827625274658203
45,saint_sac_tok3,-0.5775718688964844
46,saint_sac_tok3,-0.5452203750610352
47,saint_sac_tok3,0.11230278015136719
48,saint_sac_tok3,-0.19156265258789062
49,saint_sac_tok3,0.43837738037109375
50,saint_sac_tok3,-0.1858654022216797
51,saint_sac_tok3,-0.1667337417602539
52,saint_sac_tok3,0.6024160385131836
53,saint_sac_tok3,2.1354503631591797
54,saint_sac_tok3,1.4742183685302734
55,saint_sac_tok3,0.8070507049560547
56,saint_sac_tok3,0.5604801177978516
57,saint_sac_tok3,-1.1255035400390625
58,saint_sac_tok3,0.6904439926147461
59,saint_sac_tok3,1.1285181045532227
60,saint_sac_tok3,1.5102424621582031
61,saint_sac_tok3,0.7770071029663086
62,saint_sac_tok3,1.0558605194091797
63,saint_sac_tok3,0.5399627685546875
64,saint_sac_tok3,1.474822998046875
65,saint_sac_tok3,1.9963674545288086
66,saint_sac_tok3,2.0132694244384766
67,saint_sac_tok3,2.5740156173706055
68,saint_sac_tok3,-0.9081039428710938
69,saint_sac_tok3,0.3462095260620117
70,saint_sac_tok3,-0.07256126403808594
71,saint_sac_tok3,1.304819107055664
72,saint_sac_tok3,1.0622005462646484
73,saint_sac_tok3,0.3864755630493164
74,saint_sac_tok3,-0.9652366638183594
75,saint_sac_tok3,0.34140872955322266
76,saint_sac_tok3,2.1443395614624023
77,saint_sac_tok3,1.016036033630371
78,saint_sac_tok3,0.8282003402709961
79,saint_sac_tok3,1.9192390441894531
80,saint_sac_tok3,-0.9329767227172852
81,saint_sac_tok3,0.192108154296875
82,saint_sac_tok3,0.5165729522705078
83,saint_sac_tok3,0.04640960693359375
84,saint_sac_tok3,1.3088254928588867
85,saint_sac_tok3,-0.9122829437255859
86,saint_sac_tok3,2.480215072631836
87,saint_sac_tok3,-0.26105499267578125
88,saint_sac_tok3,-0.5862789154052734
89,saint_sac_tok3,-0.2109394073486328
90,saint_sac_tok3,0.5530662536621094
91,saint_sac_tok3,0.5754842758178711
92,saint_sac_tok3,-0.7891721725463867
93,saint_sac_tok3,1.7254619598388672
94,saint_sac_tok3,2.073040008544922
95,saint_sac_tok3,0.8227338790893555
96,saint_sac_tok3,1.9992303848266602
97,saint_sac_tok3,0.8502607345581055
98,saint_sac_tok3,0.38207149505615234
99,saint_sac_tok3,0.6383523941040039
100,saint_sac_tok3,2.6574878692626953
101,saint_sac_tok3,0.41428375244140625
102,saint_sac_tok3,0.6707296371459961
103,saint_sac_tok3,2.964113235473633
104,saint_sac_tok3,1.4258203506469727
105,saint_sac_tok3,0.19144535064697266
106,saint_sac_tok3,2.147066116333008
107,saint_sac_tok3,1.3923759460449219
108,saint_sac_tok3,1.5284738540649414
109,saint_sac_tok3,-0.9027538299560547
110,saint_sac_tok3,0.3883695602416992
111,saint_sac_tok3,1.9586105346679688
112,saint_sac_tok3,2.7776174545288086
113,saint_sac_tok3,-0.8723440170288086
114,saint_sac_tok3,0.5226631164550781
115,saint_sac_tok3,2.2214136123657227
116,saint_sac_tok3,0.44565582275390625
117,saint_sac_tok3,1.0791893005371094
118,saint_sac_tok3,-0.15598011016845703
119,saint_sac_tok3,2.3749423027038574
120,saint_sac_tok3,0.752324104309082
121,saint_sac_tok3,0.7387247085571289
122,saint_sac_tok3,-0.29487133026123047
123,saint_sac_tok3,1.934652328491211
124,saint_sac_tok3,5.667045593261719
125,saint_sac_tok3,0.947260856628418
126,saint_sac_tok3,0.22410964965820312
127,saint_sac_tok3,0.6796512603759766
128,saint_sac_tok3,2.3587141036987305
129,saint_sac_tok3,1.4852628707885742
130,saint_sac_tok3,0.34582996368408203
131,saint_sac_tok3,2.9069862365722656
132,saint_sac_tok3,1.5601825714111328
133,saint_sac_tok3,-1.5026345252990723
134,saint_sac_tok3,3.529829978942871
135,saint_sac_tok3,1.6026849746704102
136,saint_sac_tok3,0.4984245300292969
137,saint_sac_tok3,0.44971466064453125
138,saint_sac_tok3,0.36690425872802734
139,saint_sac_tok3,2.2560787200927734
140,saint_sac_tok3,1.1187248229980469
141,saint_sac_tok3,2.113466262817383
142,saint_sac_tok3,-0.13061046600341797
143,saint_sac_tok3,0.697962760925293
144,saint_sac_tok3,0.8555374145507812
145,saint_sac_tok3,3.1061229705810547
146,saint_sac_tok3,0.30406761169433594
147,saint_sac_tok3,2.162555694580078
148,saint_sac_tok3,1.0884780883789062
149,saint_sac_tok3,0.2214517593383789
150,saint_sac_tok3,1.5981712341308594
151,saint_sac_tok3,1.166001319885254
152,saint_sac_tok3,0.37989044189453125
153,saint_sac_tok3,0.6558141708374023
154,saint_sac_tok3,2.8384923934936523
155,saint_sac_tok3,1.4232778549194336
156,saint_sac_tok3,1.8360109329223633
157,saint_sac_tok3,1.9222116470336914
158,saint_sac_tok3,0.8681344985961914
159,saint_sac_tok3,1.1596879959106445
160,saint_sac_tok3,1.1959657669067383
161,saint_sac_tok3,0.30420970916748047
162,saint_sac_tok3,2.745828628540039
163,saint_sac_tok3,1.4972610473632812
164,saint_sac_tok3,2.19455623626709
165,saint_sac_tok3,0.3394460678100586
166,saint_sac_tok3,0.17346572875976562
167,saint_sac_tok3,0.8271760940551758
168,saint_sac_tok3,0.5805339813232422
169,saint_sac_tok3,0.31627845764160156
170,saint_sac_tok3,0.08359146118164062
171,saint_sac_tok3,1.9674758911132812
172,saint_sac_tok3,0.6891088485717773
173,saint_sac_tok3,0.6612167358398438
174,saint_sac_tok3,0.1556081771850586
175,saint_sac_tok3,4.482821464538574
176,saint_sac_tok3,1.354482650756836
177,saint_sac_tok3,0.060616493225097656
178,saint_sac_tok3,0.6958856582641602
179,saint_sac_tok3,3.4430627822875977
180,saint_sac_tok3,2.040557861328125
181,saint_sac_tok3,0.7740364074707031
182,saint_sac_tok3,1.5538349151611328
183,saint_sac_tok3,1.3498401641845703
184,saint_sac_tok3,1.6272573471069336
185,saint_sac_tok3,1.6165084838867188
186,saint_sac_tok3,0.4239616394042969
187,saint_sac_tok3,0.05681037902832031
188,saint_sac_tok3,1.0590848922729492
189,saint_sac_tok3,3.160243034362793
190,saint_sac_tok3,1.1250314712524414
191,saint_sac_tok3,0.3298463821411133
192,saint_sac_tok3,0.7157211303710938
193,saint_sac_tok3,1.6751012802124023
194,saint_sac_tok3,2.2873334884643555
195,saint_sac_tok3,1.3419532775878906
196,saint_sac_tok3,0.4206533432006836
197,saint_sac_tok3,0.7194919586181641
198,saint_sac_tok3,1.0414447784423828
199,saint_sac_tok3,0.3284311294555664
200,saint_sac_tok3,2.1845874786376953
201,saint_sac_tok3,-0.0787506103515625
202,saint_sac_tok3,-0.7895851135253906
203,saint_sac_tok3,0.9176931381225586
204,saint_sac_tok3,3.041836738586426
205,saint_sac_tok3,1.6768474578857422
206,saint_sac_tok3,1.0960636138916016
207,saint_sac_tok3,0.10335254669189453
208,saint_sac_tok3,0.8557233810424805
209,saint_sac_tok3,1.740835189819336
210,saint_sac_tok3,1.4055747985839844
211,saint_sac_tok3,1.635986328125
212,saint_sac_tok3,1.1601505279541016
213,saint_sac_tok3,0.9718799591064453
214,saint_sac_tok3,0.8767604827880859
215,saint_sac_tok3,5.197836399078369
216,saint_sac_tok3,1.1769742965698242
217,saint_sac_tok3,1.8684988021850586
218,saint_sac_tok3,0.13704299926757812
219,saint_sac_tok3,2.2795705795288086
220,saint_sac_tok3,3.321016311645508
221,saint_sac_tok3,0.34145164489746094
222,saint_sac_tok3,-0.987788200378418
223,saint_sac_tok3,4.092220306396484
224,saint_sac_tok3,3.6313838958740234
225,saint_sac_tok3,0.8661184310913086
226,saint_sac_tok3,1.0205402374267578
227,saint_sac_tok3,2.0793161392211914
228,saint_sac_tok3,1.658156394958496
229,saint_sac_tok3,2.0845813751220703
230,saint_sac_tok3,1.8631162643432617
231,saint_sac_tok3,1.7873954772949219
232,saint_sac_tok3,2.6391830444335938
233,saint_sac_tok3,1.2018871307373047
234,saint_sac_tok3,-0.8349533081054688
235,saint_sac_tok3,1.2191200256347656
236,saint_sac_tok3,-0.2752418518066406
237,saint_sac_tok3,1.0244741439819336
238,saint_sac_tok3,0.3829154968261719
239,saint_sac_tok3,0.6100730895996094
240,saint_sac_tok3,1.7334508895874023
241,saint_sac_tok3,0.2509145736694336
242,saint_sac_tok3,-0.26829051971435547
243,saint_sac_tok3,0.69622802734375
244,saint_sac_tok3,5.263402938842773
245,saint_sac_tok3,0.27307796478271484
246,saint_sac_tok3,-0.13955116271972656
247,saint_sac_tok3,2.404552459716797
248,saint_sac_tok3,2.1584744453430176
249,saint_sac_tok3,-0.05487537384033203
250,saint_sac_tok3,0.15449905395507812
251,saint_sac_tok3,-0.19585037231445312
252,saint_sac_tok3,0.12268733978271484
253,saint_sac_tok3,-0.44482421875
254,saint_sac_tok3,-0.2456655502319336
255,saint_sac_tok3,2.2414398193359375
256,saint_sac_tok3,1.5543556213378906
257,saint_sac_tok3,-0.7186479568481445
258,saint_sac_tok3,1.1710987091064453
259,saint_sac_tok3,0.7587051391601562
260,saint_sac_tok3,1.2103166580200195
261,saint_sac_tok3,0.030826568603515625
262,saint_sac_tok3,0.2673463821411133
263,saint_sac_tok3,-0.24165916442871094
264,saint_sac_tok3,2.183810234069824
265,saint_sac_tok3,0.6831188201904297
266,saint_sac_tok3,2.6658735275268555
267,saint_sac_tok3,-1.7203178405761719
268,saint_sac_tok3,-0.027273178100585938
269,saint_sac_tok3,1.0286760330200195
270,saint_sac_tok3,0.14889049530029297
271,saint_sac_tok3,2.9239253997802734
272,saint_sac_tok3,0.8841190338134766
273,saint_sac_tok3,2.2382898330688477
274,saint_sac_tok3,0.8997049331665039
275,saint_sac_tok3,1.4885997772216797
276,saint_sac_tok3,2.1378231048583984
277,saint_sac_tok3,0.8147029876708984
278,saint_sac_tok3,0.7795944213867188
279,saint_sac_tok3,0.8674001693725586
280,saint_sac_tok3,0.2757444381713867
281,saint_sac_tok3,1.2532739639282227
282,saint_sac_tok3,1.6112756729125977
283,saint_sac_tok3,-0.39769840240478516
284,saint_sac_tok3,0.6923065185546875
285,saint_sac_tok3,0.9834480285644531
286,saint_sac_tok3,2.184842109680176
287,saint_sac_tok3,0.1214895248413086
288,saint_sac_tok3,1.8074312210083008
289,saint_sac_tok3,0.26870059967041016
290,saint_sac_tok3,1.106083869934082
291,saint_sac_tok3,1.6046714782714844
292,saint_sac_tok3,0.9845237731933594
293,saint_sac_tok3,2.0206308364868164
294,saint_sac_tok3,0.7977218627929688
295,saint_sac_tok3,1.113882064819336
296,saint_sac_tok3,0.18819046020507812
297,saint_sac_tok3,2.375758171081543
298,saint_sac_tok3,2.2905588150024414
299,saint_sac_tok3,1.8113842010498047
300,saint_sac_tok3,0.9909858703613281
301,saint_sac_tok3,1.2598371505737305
302,saint_sac_tok3,3.9946975708007812
303,saint_sac_tok3,2.93880558013916
304,saint_sac_tok3,1.4570837020874023
305,saint_sac_tok3,0.9327611923217773
306,saint_sac_tok3,2.7140798568725586
307,saint_sac_tok3,0.7400932312011719
308,saint_sac_tok3,0.7590770721435547
309,saint_sac_tok3,0.09184646606445312
310,saint_sac_tok3,0.9153537750244141
311,saint_sac_tok3,3.1430845260620117
312,saint_sac_tok3,2.482670783996582
313,saint_sac_tok3,2.971212387084961
314,saint_sac_tok3,1.843142032623291
315,saint_sac_tok3,0.5586032867431641
316,saint_sac_tok3,-0.07059192657470703
317,saint_sac_tok3,3.674989700317383
318,saint_sac_tok3,-0.1574850082397461
319,saint_sac_tok3,3.257831573486328
320,saint_sac_tok3,0.936701774597168
321,saint_sac_tok3,2.499988555908203
322,saint_sac_tok3,1.1022014617919922
323,saint_sac_tok3,0.15525341033935547
324,saint_sac_tok3,4.369589805603027
325,saint_sac_tok3,-0.2881031036376953
326,saint_sac_tok3,1.5980720520019531
327,saint_sac_tok3,1.3294134140014648
328,saint_sac_tok3,4.425642967224121
329,saint_sac_tok3,0.7448863983154297
330,saint_sac_tok3,2.1099109649658203
331,saint_sac_tok3,1.5353279113769531
332,saint_sac_tok3,1.3431081771850586
333,saint_sac_tok3,1.309615135192871
334,saint_sac_tok3,1.2295961380004883
335,saint_sac_tok3,0.9027824401855469
336,saint_sac_tok3,0.13300132751464844
337,saint_sac_tok3,0.20180988311767578
338,saint_sac_tok3,0.5740833282470703
339,saint_sac_tok3,3.541983127593994
340,saint_sac_tok3,0.2531909942626953
341,saint_sac_tok3,1.0151548385620117
342,saint_sac_tok3,1.6207275390625
343,saint_sac_tok3,3.4994630813598633
344,saint_sac_tok3,1.9966440200805664
345,saint_sac_tok3,1.2628049850463867
346,saint_sac_tok3,1.6903676986694336
347,saint_sac_tok3,1.2420158386230469
348,saint_sac_tok3,0.3901023864746094
349,saint_sac_tok3,3.6348094940185547
350,saint_sac_tok3,1.1151914596557617
351,saint_sac_tok3,2.108914375305176
352,saint_sac_tok3,1.2307701110839844
353,saint_sac_tok3,2.5272016525268555
354,saint_sac_tok3,0.12503433227539062
355,saint_sac_tok3,0.27260589599609375
356,saint_sac_tok3,1.3095989227294922
357,saint_sac_tok3,0.32981109619140625
358,saint_sac_tok3,0.9191093444824219
359,saint_sac_tok3,0.5194845199584961
360,saint_sac_tok3,-0.7010879516601562
361,saint_sac_tok3,1.3339319229125977
362,saint_sac_tok3,0.07890510559082031
363,saint_sac_tok3,2.1869583129882812
364,saint_sac_tok3,-0.41599464416503906
365,saint_sac_tok3,0.6271190643310547
366,saint_sac_tok3,2.140218734741211
367,saint_sac_tok3,3.419102668762207
368,saint_sac_tok3,0.6183547973632812
369,saint_sac_tok3,1.3958492279052734
370,saint_sac_tok3,1.2386798858642578
371,saint_sac_tok3,0.35083770751953125
372,saint_sac_tok3,0.7181816101074219
373,saint_sac_tok3,0.5115680694580078
374,saint_sac_tok3,3.5199413299560547
375,saint_sac_tok3,2.101095199584961
376,saint_sac_tok3,1.6952033042907715
377,saint_sac_tok3,1.3304462432861328
378,saint_sac_tok3,-0.019306182861328125
379,saint_sac_tok3,0.3897581100463867
380,saint_sac_tok3,0.20986270904541016
381,saint_sac_tok3,2.0853567123413086
382,saint_sac_tok3,1.5381851196289062
383,saint_sac_tok3,-0.5626468658447266
384,saint_sac_tok3,1.3464202880859375
385,saint_sac_tok3,1.6241035461425781
386,saint_sac_tok3,1.1726531982421875
387,saint_sac_tok3,2.6407852172851562
388,saint_sac_tok3,1.9696950912475586
389,saint_sac_tok3,0.5115213394165039
390,saint_sac_tok3,0.5988521575927734
391,saint_sac_tok3,1.4758052825927734
392,saint_sac_tok3,0.5090732574462891
393,saint_sac_tok3,0.4882335662841797
394,saint_sac_tok3,1.3220605850219727
395,saint_sac_tok3,1.1543798446655273
396,saint_sac_tok3,2.1104679107666016
397,saint_sac_tok3,0.924769401550293
398,saint_sac_tok3,2.0286731719970703
399,saint_sac_tok3,-0.49199771881103516
400,saint_sac_tok3,0.6602821350097656
401,saint_sac_tok3,0.2552013397216797
402,saint_sac_tok3,0.5164775848388672
403,saint_sac_tok3,0.9005012512207031
404,saint_sac_tok3,0.4450216293334961
405,saint_sac_tok3,0.33827781677246094
406,saint_sac_tok3,0.9298381805419922
407,saint_sac_tok3,1.9732189178466797
408,saint_sac_tok3,2.535252571105957
409,saint_sac_tok3,-0.8121509552001953
410,saint_sac_tok3,2.636026382446289
411,saint_sac_tok3,2.46059513092041
412,saint_sac_tok3,-0.20782756805419922
413,saint_sac_tok3,1.8590984344482422
414,saint_sac_tok3,0.7155351638793945
415,saint_sac_tok3,0.42820167541503906
416,saint_sac_tok3,3.1225194931030273
417,saint_sac_tok3,1.963979721069336
418,saint_sac_tok3,3.958127021789551
419,saint_sac_tok3,2.768678665161133
420,saint_sac_tok3,1.4321489334106445
421,saint_sac_tok3,-0.47048187255859375
422,saint_sac_tok3,2.600299835205078
423,saint_sac_tok3,1.487283706665039
424,saint_sac_tok3,2.0429306030273438
425,saint_sac_tok3,0.12228679656982422
426,saint_sac_tok3,3.751051425933838
427,saint_sac_tok3,0.4135866165161133
428,saint_sac_tok3,0.2841320037841797
429,saint_sac_tok3,4.579015731811523
430,saint_sac_tok3,1.130253791809082
431,saint_sac_tok3,0.700098991394043
432,saint_sac_tok3,1.8886537551879883
433,saint_sac_tok3,2.146700859069824
434,saint_sac_tok3,2.874018669128418
435,saint_sac_tok3,1.2167539596557617
436,saint_sac_tok3,2.1741981506347656
437,saint_sac_tok3,1.0494108200073242
438,saint_sac_tok3,1.3674182891845703
439,saint_sac_tok3,0.9566707611083984
440,saint_sac_tok3,0.8461313247680664
441,saint_sac_tok3,0.4120750427246094
442,saint_sac_tok3,-0.6348819732666016
443,saint_sac_tok3,0.32080078125
444,saint_sac_tok3,0.8364429473876953
445,saint_sac_tok3,0.4823112487792969
446,saint_sac_tok3,1.591583251953125
447,saint_sac_tok3,0.9134483337402344
448,saint_sac_tok3,0.5411462783813477
449,saint_sac_tok3,0.1971273422241211
450,saint_sac_tok3,0.9831304550170898
451,saint_sac_tok3,1.229766845703125
452,saint_sac_tok3,0.9143266677856445
453,saint_sac_tok3,2.623135566711426
454,saint_sac_tok3,1.3770761489868164
455,saint_sac_tok3,0.6072292327880859
456,saint_sac_tok3,1.0282506942749023
457,saint_sac_tok3,1.657918930053711
458,saint_sac_tok3,0.8758411407470703
459,saint_sac_tok3,0.248291015625
460,saint_sac_tok3,1.202096939086914
461,saint_sac_tok3,0.45928192138671875
462,saint_sac_tok3,1.1432266235351562
463,saint_sac_tok3,0.7983188629150391
464,saint_sac_tok3,1.6177215576171875
465,saint_sac_tok3,1.034377098083496
466,saint_sac_tok3,0.9946870803833008
467,saint_sac_tok3,6.4967732429504395
468,saint_sac_tok3,1.9591856002807617
469,saint_sac_tok3,2.33768367767334
470,saint_sac_tok3,1.4868106842041016
471,saint_sac_tok3,-0.3822488784790039
472,saint_sac_tok3,1.1558809280395508
473,saint_sac_tok3,1.0680837631225586
474,saint_sac_tok3,1.6876811981201172
475,saint_sac_tok3,0.5581779479980469
476,saint_sac_tok3,-0.5241107940673828
477,saint_sac_tok3,0.9875850677490234
478,saint_sac_tok3,2.0515289306640625
479,saint_sac_tok3,0.5685548782348633
480,saint_sac_tok3,-1.1178932189941406
481,saint_sac_tok3,1.1940946578979492
482,saint_sac_tok3,2.3009424209594727
483,saint_sac_tok3,0.6644010543823242
484,saint_sac_tok3,1.6837272644042969
485,saint_sac_tok3,0.9277658462524414
486,saint_sac_tok3,2.3002395629882812
487,saint_sac_tok3,0.7136373519897461
488,saint_sac_tok3,1.979264259338379
489,saint_sac_tok3,0.9310970306396484
490,saint_sac_tok3,0.8560943603515625
491,saint_sac_tok3,2.168804168701172
492,saint_sac_tok3,3.1049747467041016
493,saint_sac_tok3,2.979985237121582
494,saint_sac_tok3,0.04448413848876953
495,saint_sac_tok3,0.9263391494750977
496,saint_sac_tok3,2.3344907760620117
497,saint_sac_tok3,1.9667997360229492
498,saint_sac_tok3,2.493175506591797
499,saint_sac_tok3,1.0402650833129883
500,saint_sac_tok3,0.46167755126953125
501,saint_sac_tok3,1.9593982696533203
502,saint_sac_tok3,1.0357227325439453
503,saint_sac_tok3,2.648015022277832
504,saint_sac_tok3,1.0459651947021484
505,saint_sac_tok3,1.9038562774658203
506,saint_sac_tok3,1.2832908630371094
507,saint_sac_tok3,2.1359195709228516
508,saint_sac_tok3,1.6136703491210938
509,saint_sac_tok3,1.079545021057129
510,saint_sac_tok3,0.6571645736694336
511,saint_sac_tok3,1.0227899551391602
512,saint_sac_tok3,0.7687358856201172
513,saint_sac_tok3,5.5796685218811035
514,saint_sac_tok3,1.9774951934814453
515,saint_sac_tok3,0.45055484771728516
516,saint_sac_tok3,0.5344438552856445
517,saint_sac_tok3,0.6495361328125
518,saint_sac_tok3,0.540654182434082
519,saint_sac_tok3,-0.4342031478881836
520,saint_sac_tok3,0.8914918899536133
521,saint_sac_tok3,2.548276901245117
522,saint_sac_tok3,0.7507247924804688
523,saint_sac_tok3,0.17986583709716797
524,saint_sac_tok3,0.8330535888671875
525,saint_sac_tok3,0.8694629669189453
526,saint_sac_tok3,0.9054546356201172
527,saint_sac_tok3,0.4456748962402344
528,saint_sac_tok3,1.0590333938598633
529,saint_sac_tok3,0.3590526580810547
530,saint_sac_tok3,0.4020500183105469
531,saint_sac_tok3,0.6410436630249023
532,saint_sac_tok3,2.080717086791992
533,saint_sac_tok3,2.89473819732666
534,saint_sac_tok3,0.948298454284668
535,saint_sac_tok3,3.8076467514038086
536,saint_sac_tok3,0.2599763870239258
537,saint_sac_tok3,3.200211524963379
538,saint_sac_tok3,2.123126983642578
539,saint_sac_tok3,0.8068504333496094
540,saint_sac_tok3,2.296750068664551
541,saint_sac_tok3,1.0587921142578125
542,saint_sac_tok3,1.3008956909179688
543,saint_sac_tok3,1.2329187393188477
544,saint_sac_tok3,1.495650291442871
545,saint_sac_tok3,0.8341856002807617
546,saint_sac_tok3,1.5887374877929688
547,saint_sac_tok3,2.1952013969421387
548,saint_sac_tok3,1.4862289428710938
549,saint_sac_tok3,1.2602357864379883
550,saint_sac_tok3,1.0991706848144531
551,saint_sac_tok3,-0.7319526672363281
552,saint_sac_tok3,2.055767059326172
553,saint_sac_tok3,1.987757682800293
554,saint_sac_tok3,0.2217416763305664
555,saint_sac_tok3,0.6623086929321289
556,saint_sac_tok3,1.9590606689453125
557,saint_sac_tok3,0.5124721527099609
558,saint_sac_tok3,3.06564998626709
559,saint_sac_tok3,-1.3666963577270508
560,saint_sac_tok3,3.356060028076172
561,saint_sac_tok3,1.8382434844970703
562,saint_sac_tok3,-0.22125816345214844
563,saint_sac_tok3,-0.1948556900024414
564,saint_sac_tok3,-0.26062965393066406
565,saint_sac_tok3,0.1622447967529297
566,saint_sac_tok3,4.051998138427734
567,saint_sac_tok3,3.3901638984680176
568,saint_sac_tok3,3.035393714904785
569,saint_sac_tok3,1.100214958190918
570,saint_sac_tok3,-0.1961040496826172
571,saint_sac_tok3,0.3567037582397461
572,saint_sac_tok3,0.9628219604492188
573,saint_sac_tok3,0.35676097869873047
574,saint_sac_tok3,1.7791328430175781
575,saint_sac_tok3,0.8655500411987305
576,saint_sac_tok3,1.6095867156982422
577,saint_sac_tok3,-0.4324045181274414
578,saint_sac_tok3,0.8608903884887695
579,saint_sac_tok3,0.9467620849609375
580,saint_sac_tok3,1.6062278747558594
581,saint_sac_tok3,-0.037186622619628906
582,saint_sac_tok3,2.4296321868896484
583,saint_sac_tok3,3.3826122283935547
584,saint_sac_tok3,0.15804004669189453
585,saint_sac_tok3,0.3786802291870117
586,saint_sac_tok3,1.4382123947143555
587,saint_sac_tok3,3.942127227783203
588,saint_sac_tok3,-0.1914825439453125
589,saint_sac_tok3,-1.0178985595703125
590,saint_sac_tok3,0.3887777328491211
591,saint_sac_tok3,-0.33202552795410156
592,saint_sac_tok3,0.9391517639160156
593,saint_sac_tok3,0.15865230560302734
594,saint_sac_tok3,1.8350543975830078
595,saint_sac_tok3,0.4382181167602539
596,saint_sac_tok3,2.9555206298828125
597,saint_sac_tok3,0.734858512878418
598,saint_sac_tok3,1.4042167663574219
599,saint_sac_tok3,0.4503135681152344
600,saint_sac_tok3,0.9638404846191406
601,saint_sac_tok3,1.9295215606689453
602,saint_sac_tok3,1.3555679321289062
603,saint_sac_tok3,0.1328725814819336
604,saint_sac_tok3,2.5343313217163086
605,saint_sac_tok3,0.2948036193847656
606,saint_sac_tok3,1.9340095520019531
607,saint_sac_tok3,0.7966766357421875
608,saint_sac_tok3,1.4024581909179688
609,saint_sac_tok3,0.8794450759887695
610,saint_sac_tok3,0.5092849731445312
611,saint_sac_tok3,-0.3634147644042969
612,saint_sac_tok3,-0.2652873992919922
613,saint_sac_tok3,2.33148193359375
614,saint_sac_tok3,-0.19687461853027344
615,saint_sac_tok3,1.5090465545654297
616,saint_sac_tok3,1.1931838989257812
617,saint_sac_tok3,3.6827049255371094
618,saint_sac_tok3,0.053623199462890625
619,saint_sac_tok3,1.560739517211914
620,saint_sac_tok3,1.5800046920776367
621,saint_sac_tok3,1.743494987487793
622,saint_sac_tok3,0.8085641860961914
623,saint_sac_tok3,1.0274438858032227
624,saint_sac_tok3,0.8102016448974609
625,saint_sac_tok3,0.5132274627685547
626,saint_sac_tok3,2.2553062438964844
627,saint_sac_tok3,1.411850929260254
628,saint_sac_tok3,0.5718660354614258
629,saint_sac_tok3,0.3398275375366211
630,saint_sac_tok3,1.1689825057983398
631,saint_sac_tok3,2.121932029724121
632,saint_sac_tok3,-0.8593549728393555
633,saint_sac_tok3,0.7264375686645508
634,saint_sac_tok3,1.5116682052612305
635,saint_sac_tok3,1.4877910614013672
636,saint_sac_tok3,0.7617483139038086
637,saint_sac_tok3,2.017134666442871
638,saint_sac_tok3,2.812483787536621
639,saint_sac_tok3,0.0005903244018554688
640,saint_sac_tok3,1.9140329360961914
641,saint_sac_tok3,1.5823144912719727
642,saint_sac_tok3,0.47482872009277344
643,saint_sac_tok3,1.051041603088379
644,saint_sac_tok3,1.7527685165405273
645,saint_sac_tok3,0.8469161987304688
646,saint_sac_tok3,0.8887920379638672
647,saint_sac_tok3,0.4627656936645508
648,saint_sac_tok3,4.5951948165893555
649,saint_sac_tok3,0.14029407501220703
650,saint_sac_tok3,1.7575111389160156
651,saint_sac_tok3,-0.0340118408203125
652,saint_sac_tok3,0.9928646087646484
653,saint_sac_tok3,0.1979827880859375
654,saint_sac_tok3,1.3615703582763672
655,saint_sac_tok3,5.115114212036133
656,saint_sac_tok3,2.2603025436401367
657,saint_sac_tok3,0.6611394882202148
658,saint_sac_tok3,1.3905830383300781
659,saint_sac_tok3,0.9913616180419922
660,saint_sac_tok3,2.148591995239258
661,saint_sac_tok3,4.493752479553223
662,saint_sac_tok3,-0.11218452453613281
663,saint_sac_tok3,2.680288314819336
664,saint_sac_tok3,0.32619762420654297
665,saint_sac_tok3,1.9207382202148438
666,saint_sac_tok3,0.9332380294799805
667,saint_sac_tok3,0.6206207275390625
668,saint_sac_tok3,2.9322590827941895
669,saint_sac_tok3,1.0852384567260742
670,saint_sac_tok3,-0.04007244110107422
671,saint_sac_tok3,0.64019775390625
672,saint_sac_tok3,2.21903133392334
673,saint_sac_tok3,0.8223686218261719
674,saint_sac_tok3,0.5097694396972656
675,saint_sac_tok3,2.5433826446533203
676,saint_sac_tok3,0.8856821060180664
677,saint_sac_tok3,1.42181396484375
678,saint_sac_tok3,1.0632266998291016
679,saint_sac_tok3,-2.051576614379883
680,saint_sac_tok3,0.9642324447631836
681,saint_sac_tok3,0.5905847549438477
682,saint_sac_tok3,1.6109137535095215
683,saint_sac_tok3,2.0320520401000977
684,saint_sac_tok3,0.3397207260131836
685,saint_sac_tok3,2.2964696884155273
686,saint_sac_tok3,1.679610252380371
687,saint_sac_tok3,3.7255373001098633
688,saint_sac_tok3,1.3208541870117188
689,saint_sac_tok3,1.5014963150024414
690,saint_sac_tok3,0.9457120895385742
691,saint_sac_tok3,0.1823101043701172
692,saint_sac_tok3,3.032608985900879
693,saint_sac_tok3,-0.4217510223388672
694,saint_sac_tok3,1.4496650695800781
695,saint_sac_tok3,1.8757209777832031
696,saint_sac_tok3,0.28908824920654297
697,saint_sac_tok3,3.302243232727051
698,saint_sac_tok3,1.2963199615478516
699,saint_sac_tok3,1.756770133972168
700,saint_sac_tok3,0.2124776840209961
701,saint_sac_tok3,1.8877239227294922
702,saint_sac_tok3,1.7373905181884766
703,saint_sac_tok3,2.0176830291748047
704,saint_sac_tok3,3.812255859375
705,saint_sac_tok3,1.3363676071166992
706,saint_sac_tok3,0.6078319549560547
707,saint_sac_tok3,4.423209190368652
708,saint_sac_tok3,1.462350845336914
709,saint_sac_tok3,1.5610332489013672
710,saint_sac_tok3,1.1258172988891602
711,saint_sac_tok3,2.27734375
712,saint_sac_tok3,0.5445499420166016
713,saint_sac_tok3,1.8813714981079102
714,saint_sac_tok3,1.9424142837524414
715,saint_sac_tok3,2.86330509185791
716,saint_sac_tok3,-0.08832359313964844
717,saint_sac_tok3,0.3465757369995117
718,saint_sac_tok3,0.8362588882446289
719,saint_sac_tok3,1.4684791564941406
720,saint_sac_tok3,1.117929458618164
721,saint_sac_tok3,1.147294044494629
722,saint_sac_tok3,2.4643898010253906
723,saint_sac_tok3,2.7211179733276367
724,saint_sac_tok3,0.31089019775390625
725,saint_sac_tok3,1.7394161224365234
726,saint_sac_tok3,0.37670040130615234
727,saint_sac_tok3,0.7576274871826172
728,saint_sac_tok3,0.9085006713867188
729,saint_sac_tok3,2.455333709716797
730,saint_sac_tok3,4.0329132080078125
731,saint_sac_tok3,3.726207733154297
732,saint_sac_tok3,1.207789421081543
733,saint_sac_tok3,2.1285934448242188
734,saint_sac_tok3,1.558516502380371
735,saint_sac_tok3,1.046478271484375
736,saint_sac_tok3,1.6879138946533203
737,saint_sac_tok3,0.37131214141845703
738,saint_sac_tok3,4.07794189453125
739,saint_sac_tok3,0.6152658462524414
740,saint_sac_tok3,0.20517921447753906
741,saint_sac_tok3,1.067556381225586
742,saint_sac_tok3,0.10910797119140625
743,saint_sac_tok3,-0.034572601318359375
744,saint_sac_tok3,2.262742042541504
745,saint_sac_tok3,3.1409921646118164
746,saint_sac_tok3,3.2000789642333984
747,saint_sac_tok3,0.8704805374145508
748,saint_sac_tok3,2.273853302001953
749,saint_sac_tok3,1.288346290588379
750,saint_sac_tok3,1.0582962036132812
751,saint_sac_tok3,0.048607826232910156
752,saint_sac_tok3,1.579655647277832
753,saint_sac_tok3,-0.2651386260986328
754,saint_sac_tok3,0.4259929656982422
755,saint_sac_tok3,1.0302085876464844
756,saint_sac_tok3,1.493269920349121
757,saint_sac_tok3,2.356930732727051
758,saint_sac_tok3,0.7357826232910156
759,saint_sac_tok3,1.1939258575439453
760,saint_sac_tok3,0.737269401550293
761,saint_sac_tok3,0.8538608551025391
762,saint_sac_tok3,2.078494071960449
763,saint_sac_tok3,3.37674617767334
764,saint_sac_tok3,1.4392127990722656
765,saint_sac_tok3,0.3151874542236328
766,saint_sac_tok3,-0.11284828186035156
767,saint_sac_tok3,3.0479373931884766
768,saint_sac_tok3,0.5398521423339844
769,saint_sac_tok3,1.0383625030517578
770,saint_sac_tok3,1.2431268692016602
771,saint_sac_tok3,0.23125076293945312
772,saint_sac_tok3,0.8131933212280273
773,saint_sac_tok3,1.3252792358398438
774,saint_sac_tok3,1.423318862915039
775,saint_sac_tok3,3.3049612045288086
776,saint_sac_tok3,1.7856197357177734
777,saint_sac_tok3,1.9676799774169922
778,saint_sac_tok3,0.6260108947753906
779,saint_sac_tok3,0.3169269561767578
780,saint_sac_tok3,3.6710987091064453
781,saint_sac_tok3,0.03560829162597656
782,saint_sac_tok3,0.41614723205566406
783,saint_sac_tok3,3.5498294830322266
784,saint_sac_tok3,0.08376502990722656
785,saint_sac_tok3,1.2002229690551758
786,saint_sac_tok3,1.6835613250732422
787,saint_sac_tok3,0.5835809707641602
788,saint_sac_tok3,0.9330081939697266
789,saint_sac_tok3,1.997920036315918
790,saint_sac_tok3,1.4602317810058594
791,saint_sac_tok3,1.1979122161865234
792,saint_sac_tok3,2.639402389526367
793,saint_sac_tok3,0.5978279113769531
794,saint_sac_tok3,0.7899131774902344
795,saint_sac_tok3,1.3045177459716797
796,saint_sac_tok3,-0.36795520782470703
797,saint_sac_tok3,1.5294208526611328
798,saint_sac_tok3,1.2112579345703125
799,saint_sac_tok3,1.0929183959960938
800,saint_sac_tok3,1.9636011123657227
801,saint_sac_tok3,3.7715578079223633
802,saint_sac_tok3,1.8771944046020508
803,saint_sac_tok3,0.7315874099731445
804,saint_sac_tok3,2.0542783737182617
805,saint_sac_tok3,0.7235851287841797
806,saint_sac_tok3,2.877431869506836
807,saint_sac_tok3,1.4487857818603516
808,saint_sac_tok3,-0.24118518829345703
809,saint_sac_tok3,2.754673957824707
810,saint_sac_tok3,-0.408111572265625
811,saint_sac_tok3,1.3180980682373047
812,saint_sac_tok3,0.8081474304199219
813,saint_sac_tok3,2.614993095397949
814,saint_sac_tok3,1.2736320495605469
815,saint_sac_tok3,2.595536231994629
816,saint_sac_tok3,4.727226257324219
817,saint_sac_tok3,1.1522588729858398
818,saint_sac_tok3,1.7322053909301758
819,saint_sac_tok3,4.171672821044922
820,saint_sac_tok3,-1.0191535949707031
821,saint_sac_tok3,1.7231149673461914
822,saint_sac_tok3,0.47255802154541016
823,saint_sac_tok3,4.066985130310059
824,saint_sac_tok3,0.14821910858154297
825,saint_sac_tok3,1.1897001266479492
826,saint_sac_tok3,1.2793827056884766
827,saint_sac_tok3,0.7570171356201172
828,saint_sac_tok3,1.263371467590332
829,saint_sac_tok3,1.943338394165039
830,saint_sac_tok3,4.5144243240356445
831,saint_sac_tok3,0.10093879699707031
832,saint_sac_tok3,1.7800827026367188
833,saint_sac_tok3,1.3540048599243164
834,saint_sac_tok3,0.05775165557861328
835,saint_sac_tok3,0.49327659606933594
836,saint_sac_tok3,1.2839698791503906
837,saint_sac_tok3,4.7499284744262695
838,saint_sac_tok3,0.3811922073364258
839,saint_sac_tok3,5.4671525955200195
840,saint_sac_tok3,3.6325511932373047
841,saint_sac_tok3,0.7122468948364258
842,saint_sac_tok3,1.976759910583496
843,saint_sac_tok3,1.479243278503418
844,saint_sac_tok3,0.5458507537841797
845,saint_sac_tok3,3.477044105529785
846,saint_sac_tok3,3.403374671936035
847,saint_sac_tok3,0.6067876815795898
848,saint_sac_tok3,-0.8092241287231445
849,saint_sac_tok3,0.7375411987304688
850,saint_sac_tok3,2.2390823364257812
851,saint_sac_tok3,1.0907564163208008
852,saint_sac_tok3,-1.1593494415283203
853,saint_sac_tok3,6.692691326141357
854,saint_sac_tok3,2.6158056259155273
855,saint_sac_tok3,0.7802639007568359
856,saint_sac_tok3,0.8641386032104492
857,saint_sac_tok3,1.4013957977294922
858,saint_sac_tok3,2.398805618286133
859,saint_sac_tok3,0.43686866760253906
860,saint_sac_tok3,2.870452880859375
861,saint_sac_tok3,0.6769533157348633
862,saint_sac_tok3,0.2209482192993164
863,saint_sac_tok3,0.9589290618896484
864,saint_sac_tok3,0.9838237762451172
865,saint_sac_tok3,0.8615846633911133
866,saint_sac_tok3,-0.8075237274169922
867,saint_sac_tok3,0.9423236846923828
868,saint_sac_tok3,2.029801368713379
869,saint_sac_tok3,-0.47186756134033203
870,saint_sac_tok3,1.9193801879882812
871,saint_sac_tok3,2.2104787826538086
872,saint_sac_tok3,0.5312023162841797
873,saint_sac_tok3,1.0490188598632812
874,saint_sac_tok3,0.7921028137207031
875,saint_sac_tok3,2.050919532775879
876,saint_sac_tok3,0.8052253723144531
877,saint_sac_tok3,1.8872804641723633
878,saint_sac_tok3,1.3761892318725586
879,saint_sac_tok3,1.331648826599121
880,saint_sac_tok3,2.285524368286133
881,saint_sac_tok3,0.08472919464111328
882,saint_sac_tok3,0.6298770904541016
883,saint_sac_tok3,1.965463638305664
884,saint_sac_tok3,3.9660844802856445
885,saint_sac_tok3,0.3407430648803711
886,saint_sac_tok3,1.2537126541137695
887,saint_sac_tok3,4.874526023864746
888,saint_sac_tok3,0.6226339340209961
889,saint_sac_tok3,0.4921903610229492
890,saint_sac_tok3,0.7283573150634766
891,saint_sac_tok3,2.1573619842529297
892,saint_sac_tok3,1.9710988998413086
893,saint_sac_tok3,1.2493391036987305
894,saint_sac_tok3,0.42146873474121094
895,saint_sac_tok3,1.4103631973266602
896,saint_sac_tok3,1.334416389465332
897,saint_sac_tok3,1.8820009231567383
898,saint_sac_tok3,3.246400833129883
899,saint_sac_tok3,1.1658439636230469
900,saint_sac_tok3,0.513850212097168
901,saint_sac_tok3,0.6025304794311523
902,saint_sac_tok3,3.6077938079833984
903,saint_sac_tok3,0.8831729888916016
904,saint_sac_tok3,2.8357343673706055
905,saint_sac_tok3,2.1183948516845703
906,saint_sac_tok3,2.353116989135742
907,saint_sac_tok3,1.1199274063110352
908,saint_sac_tok3,-0.020033836364746094
909,saint_sac_tok3,1.002549171447754
910,saint_sac_tok3,2.4371509552001953
911,saint_sac_tok3,2.3014135360717773
912,saint_sac_tok3,2.920260429382324
913,saint_sac_tok3,0.10338401794433594
914,saint_sac_tok3,2.022576332092285
915,saint_sac_tok3,0.5073966979980469
916,saint_sac_tok3,2.376009941101074
917,saint_sac_tok3,0.8816070556640625
918,saint_sac_tok3,0.6444597244262695
919,saint_sac_tok3,0.3171844482421875
920,saint_sac_tok3,3.501774787902832
921,saint_sac_tok3,1.4135971069335938
922,saint_sac_tok3,0.4352130889892578
923,saint_sac_tok3,1.3978261947631836
924,saint_sac_tok3,1.4856157302856445
925,saint_sac_tok3,-0.2939167022705078
926,saint_sac_tok3,1.1527929306030273
927,saint_sac_tok3,0.17568302154541016
928,saint_sac_tok3,1.1884441375732422
929,saint_sac_tok3,-0.016786575317382812
930,saint_sac_tok3,1.0955743789672852
931,saint_sac_tok3,2.2796735763549805
932,saint_sac_tok3,2.434302806854248
933,saint_sac_tok3,2.8675708770751953
934,saint_sac_tok3,1.6318931579589844
935,saint_sac_tok3,1.1428279876708984
936,saint_sac_tok3,0.6391277313232422
937,saint_sac_tok3,2.3293685913085938
938,saint_sac_tok3,0.4505014419555664
939,saint_sac_tok3,0.993809700012207
940,saint_sac_tok3,1.1802129745483398
941,saint_sac_tok3,1.2428131103515625
942,saint_sac_tok3,1.9080924987792969
943,saint_sac_tok3,0.3112764358520508
944,saint_sac_tok3,1.026937484741211
945,saint_sac_tok3,1.5315332412719727
946,saint_sac_tok3,4.570195198059082
947,saint_sac_tok3,0.4537944793701172
948,saint_sac_tok3,0.9667177200317383
949,saint_sac_tok3,1.9255781173706055
950,saint_sac_tok3,0.14647769927978516
951,saint_sac_tok3,0.5529775619506836
952,saint_sac_tok3,2.3615827560424805
953,saint_sac_tok3,2.3512449264526367
954,saint_sac_tok3,1.2727174758911133
955,saint_sac_tok3,1.479766845703125
956,saint_sac_tok3,0.3305330276489258
957,saint_sac_tok3,4.063379287719727
958,saint_sac_tok3,2.2251505851745605
959,saint_sac_tok3,0.9565038681030273
960,saint_sac_tok3,4.820140838623047
961,saint_sac_tok3,0.7722301483154297
962,saint_sac_tok3,0.41107845306396484
963,saint_sac_tok3,0.19581890106201172
964,saint_sac_tok3,0.23806381225585938
965,saint_sac_tok3,1.455108642578125
966,saint_sac_tok3,9.552520751953125
967,saint_sac_tok3,0.2709846496582031
968,saint_sac_tok3,1.7987689971923828
969,saint_sac_tok3,3.3757100105285645
970,saint_sac_tok3,2.2383294105529785
971,saint_sac_tok3,0.4415559768676758
972,saint_sac_tok3,1.085153579711914
973,saint_sac_tok3,2.3013172149658203
974,saint_sac_tok3,0.36350250244140625
975,saint_sac_tok3,1.46844482421875
976,saint_sac_tok3,2.151289939880371
977,saint_sac_tok3,0.8622140884399414
978,saint_sac_tok3,0.2073202133178711
979,saint_sac_tok3,1.1295051574707031
980,saint_sac_tok3,0.3918590545654297
981,saint_sac_tok3,0.8939313888549805
982,saint_sac_tok3,2.344479560852051
983,saint_sac_tok3,0.8600864410400391
984,saint_sac_tok3,0.5852622985839844
985,saint_sac_tok3,2.4074935913085938
986,saint_sac_tok3,1.997014045715332
987,saint_sac_tok3,2.1546802520751953
988,saint_sac_tok3,1.013941764831543
989,saint_sac_tok3,0.06285667419433594
990,saint_sac_tok3,0.16159820556640625
991,saint_sac_tok3,0.5550241470336914
992,saint_sac_tok3,1.0054473876953125
993,saint_sac_tok3,2.2037105560302734
994,saint_sac_tok3,0.8235702514648438
995,saint_sac_tok3,0.2092113494873047
996,saint_sac_tok3,0.19878101348876953
997,saint_sac_tok3,-0.23726272583007812
998,saint_sac_tok3,1.0169429779052734
999,saint_sac_tok3,1.1927947998046875
1000,saint_sac_tok3,1.3938932418823242
1001,saint_sac_tok3,-0.561279296875
1002,saint_sac_tok3,1.39630126953125
1003,saint_sac_tok3,1.1708335876464844
1004,saint_sac_tok3,-0.13199329376220703
1005,saint_sac_tok3,4.136360168457031
1006,saint_sac_tok3,1.7760162353515625
1007,saint_sac_tok3,1.6829586029052734
1008,saint_sac_tok3,0.2500896453857422
1009,saint_sac_tok3,1.9320287704467773
1010,saint_sac_tok3,1.6640186309814453
1011,saint_sac_tok3,2.277803421020508
1012,saint_sac_tok3,2.6380271911621094
1013,saint_sac_tok3,0.6887683868408203
1014,saint_sac_tok3,1.0150213241577148
1015,saint_sac_tok3,1.2041120529174805
1016,saint_sac_tok3,2.356801986694336
1017,saint_sac_tok3,1.8039169311523438
1018,saint_sac_tok3,1.4100008010864258
1019,saint_sac_tok3,1.5431499481201172
1020,saint_sac_tok3,2.6742210388183594
1021,saint_sac_tok3,0.30910778045654297
1022,saint_sac_tok3,0.6750240325927734
1023,saint_sac_tok3,-0.032965660095214844
1024,saint_sac_tok3,1.285186767578125
1025,saint_sac_tok3,-0.05272865295410156
1026,saint_sac_tok3,2.320688247680664
1027,saint_sac_tok3,1.3652114868164062
1028,saint_sac_tok3,4.439447402954102
1029,saint_sac_tok3,0.8272619247436523
1030,saint_sac_tok3,-0.14331817626953125
1031,saint_sac_tok3,0.8095340728759766
1032,saint_sac_tok3,-0.689453125
1033,saint_sac_tok3,2.6136369705200195
1034,saint_sac_tok3,1.537428855895996
1035,saint_sac_tok3,-0.21681785583496094
1036,saint_sac_tok3,1.300969123840332
1037,saint_sac_tok3,1.4815311431884766
1038,saint_sac_tok3,0.9822120666503906
1039,saint_sac_tok3,1.4940829277038574
1040,saint_sac_tok3,0.7434186935424805
1041,saint_sac_tok3,-0.2612342834472656
1042,saint_sac_tok3,0.7505970001220703
1043,saint_sac_tok3,-0.5543956756591797
1044,saint_sac_tok3,2.730044364929199
1045,saint_sac_tok3,0.45882606506347656
1046,saint_sac_tok3,1.6855134963989258
1047,saint_sac_tok3,0.4271221160888672
1048,saint_sac_tok3,1.2455253601074219
1049,saint_sac_tok3,0.3845806121826172
1050,saint_sac_tok3,1.6572084426879883
1051,saint_sac_tok3,1.3822369575500488
1052,saint_sac_tok3,1.6215171813964844
1053,saint_sac_tok3,2.720025062561035
1054,saint_sac_tok3,1.2336664199829102
1055,saint_sac_tok3,1.8017711639404297
1056,saint_sac_tok3,0.43702030181884766
1057,saint_sac_tok3,1.9731712341308594
1058,saint_sac_tok3,1.3329458236694336
1059,saint_sac_tok3,-0.010691642761230469
1060,saint_sac_tok3,-0.32846736907958984
1061,saint_sac_tok3,2.2305355072021484
1062,saint_sac_tok3,0.62646484375
1063,saint_sac_tok3,1.153707504272461
1064,saint_sac_tok3,5.557875633239746
1065,saint_sac_tok3,0.5751943588256836
1066,saint_sac_tok3,2.247957229614258
1067,saint_sac_tok3,1.6801948547363281
1068,saint_sac_tok3,0.9708461761474609
1069,saint_sac_tok3,-0.10492420196533203
1070,saint_sac_tok3,0.2816505432128906
1071,saint_sac_tok3,1.8137083053588867
1072,saint_sac_tok3,-0.5698795318603516
1073,saint_sac_tok3,1.0852241516113281
1074,saint_sac_tok3,3.3004989624023438
1075,saint_sac_tok3,0.054862022399902344
1076,saint_sac_tok3,0.5596179962158203
1077,saint_sac_tok3,0.828831672668457
1078,saint_sac_tok3,1.9882192611694336
1079,saint_sac_tok3,-0.19764041900634766
1080,saint_sac_tok3,2.666261672973633
1081,saint_sac_tok3,3.100174903869629
1082,saint_sac_tok3,-0.6364803314208984
1083,saint_sac_tok3,5.34447717666626
1084,saint_sac_tok3,0.5982379913330078
1085,saint_sac_tok3,0.11520671844482422
1086,saint_sac_tok3,0.9908761978149414
1087,saint_sac_tok3,1.0454864501953125
1088,saint_sac_tok3,1.8931217193603516
1089,saint_sac_tok3,0.2167072296142578
1090,saint_sac_tok3,-0.6789131164550781
1091,saint_sac_tok3,0.2626304626464844
1092,saint_sac_tok3,-0.18808650970458984
1093,saint_sac_tok3,0.9148006439208984
1094,saint_sac_tok3,0.10261058807373047
1095,saint_sac_tok3,-1.2350349426269531
1096,saint_sac_tok3,0.33609485626220703
1097,saint_sac_tok3,3.061227798461914
1098,saint_sac_tok3,0.6248302459716797
1099,saint_sac_tok3,1.128732681274414
1100,saint_sac_tok3,-0.6005458831787109
1101,saint_sac_tok3,2.7131786346435547
1102,saint_sac_tok3,3.565852165222168
1103,saint_sac_tok3,-0.9941482543945312
1104,saint_sac_tok3,1.353489875793457
1105,saint_sac_tok3,0.43071651458740234
1106,saint_sac_tok3,1.4884843826293945
1107,saint_sac_tok3,1.2519044876098633
1108,saint_sac_tok3,1.1856508255004883
1109,saint_sac_tok3,0.4071063995361328
1110,saint_sac_tok3,2.544698715209961
1111,saint_sac_tok3,1.166025161743164
1112,saint_sac_tok3,1.5857744216918945
1113,saint_sac_tok3,0.6256628036499023
1114,saint_sac_tok3,3.0438480377197266
1115,saint_sac_tok3,-0.997920036315918
1116,saint_sac_tok3,3.068265914916992
1117,saint_sac_tok3,0.711883544921875
1118,saint_sac_tok3,3.7054786682128906
1119,saint_sac_tok3,-0.17320537567138672
1120,saint_sac_tok3,1.1327266693115234
1121,saint_sac_tok3,0.6327543258666992
1122,saint_sac_tok3,0.5104494094848633
1123,saint_sac_tok3,1.0502204895019531
1124,saint_sac_tok3,0.9942035675048828
1125,saint_sac_tok3,0.6882524490356445
1126,saint_sac_tok3,6.070045471191406
1127,saint_sac_tok3,2.2781248092651367
1128,saint_sac_tok3,1.8759613037109375
1129,saint_sac_tok3,0.3837928771972656
1130,saint_sac_tok3,1.130697250366211
1131,saint_sac_tok3,0.7515630722045898
1132,saint_sac_tok3,0.20866680145263672
1133,saint_sac_tok3,2.647275447845459
1134,saint_sac_tok3,0.24185466766357422
1135,saint_sac_tok3,0.7801494598388672
1136,saint_sac_tok3,3.2864794731140137
1137,saint_sac_tok3,-0.1589679718017578
1138,saint_sac_tok3,3.527437210083008
1139,saint_sac_tok3,1.2659845352172852
1140,saint_sac_tok3,0.6975908279418945
1141,saint_sac_tok3,0.39242076873779297
1142,saint_sac_tok3,2.0548157691955566
1143,saint_sac_tok3,0.20998096466064453
1144,saint_sac_tok3,3.8382530212402344
1145,saint_sac_tok3,1.0010223388671875
1146,saint_sac_tok3,4.549949645996094
1147,saint_sac_tok3,1.3936882019042969
1148,saint_sac_tok3,0.17138290405273438
1149,saint_sac_tok3,1.3261651992797852
1150,saint_sac_tok3,0.6381921768188477
1151,saint_sac_tok3,0.8887853622436523
1152,saint_sac_tok3,1.3409814834594727
1153,saint_sac_tok3,2.287504196166992
1154,saint_sac_tok3,4.275343894958496
1155,saint_sac_tok3,1.4776105880737305
1156,saint_sac_tok3,1.6692924499511719
1157,saint_sac_tok3,0.28201961517333984
1158,saint_sac_tok3,4.852934837341309
1159,saint_sac_tok3,1.1799564361572266
1160,saint_sac_tok3,3.4886064529418945
1161,saint_sac_tok3,1.7849721908569336
1162,saint_sac_tok3,0.7405548095703125
1163,saint_sac_tok3,-0.32843589782714844
1164,saint_sac_tok3,2.9935226440429688
1165,saint_sac_tok3,-0.26145458221435547
1166,saint_sac_tok3,3.4286460876464844
1167,saint_sac_tok3,0.7731914520263672
1168,saint_sac_tok3,1.1245555877685547
1169,saint_sac_tok3,2.1198959350585938
1170,saint_sac_tok3,1.7548494338989258
1171,saint_sac_tok3,2.4827470779418945
1172,saint_sac_tok3,2.4562387466430664
1173,saint_sac_tok3,-0.017103195190429688
1174,saint_sac_tok3,2.809495449066162
1175,saint_sac_tok3,0.48003387451171875
1176,saint_sac_tok3,-0.5720787048339844
1177,saint_sac_tok3,1.1097183227539062
1178,saint_sac_tok3,2.0507850646972656
1179,saint_sac_tok3,1.2906990051269531
1180,saint_sac_tok3,1.8022632598876953
1181,saint_sac_tok3,0.911677360534668
1182,saint_sac_tok3,1.5494804382324219
1183,saint_sac_tok3,0.3254222869873047
1184,saint_sac_tok3,3.8294763565063477
1185,saint_sac_tok3,1.302398681640625
1186,saint_sac_tok3,2.8081655502319336
1187,saint_sac_tok3,1.3604040145874023
1188,saint_sac_tok3,2.774017333984375
1189,saint_sac_tok3,1.2611351013183594
1190,saint_sac_tok3,2.8549795150756836
1191,saint_sac_tok3,1.4781265258789062
1192,saint_sac_tok3,0.45499610900878906
1193,saint_sac_tok3,3.8918447494506836
1194,saint_sac_tok3,-0.05791282653808594
1195,saint_sac_tok3,0.228973388671875
1196,saint_sac_tok3,1.0283050537109375
1197,saint_sac_tok3,0.4776649475097656
1198,saint_sac_tok3,1.4285755157470703
1199,saint_sac_tok3,2.1231136322021484
1200,saint_sac_tok3,0.4456348419189453
1201,saint_sac_tok3,1.0518980026245117
1202,saint_sac_tok3,0.14019775390625
1203,saint_sac_tok3,1.6321477890014648
1204,saint_sac_tok3,0.22334671020507812
1205,saint_sac_tok3,0.7939739227294922
1206,saint_sac_tok3,1.5507259368896484
1207,saint_sac_tok3,-0.45673465728759766
1208,saint_sac_tok3,0.1508331298828125
1209,saint_sac_tok3,0.12591266632080078
1210,saint_sac_tok3,1.5280141830444336
1211,saint_sac_tok3,0.45122528076171875
1212,saint_sac_tok3,1.187037467956543
1213,saint_sac_tok3,3.311568260192871
1214,saint_sac_tok3,1.5503644943237305
1215,saint_sac_tok3,0.3400907516479492
1216,saint_sac_tok3,1.202946662902832
1217,saint_sac_tok3,-1.0663433074951172
1218,saint_sac_tok3,-0.08546161651611328
1219,saint_sac_tok3,0.4089813232421875
1220,saint_sac_tok3,3.491119384765625
1221,saint_sac_tok3,0.7496166229248047
1222,saint_sac_tok3,3.245377540588379
1223,saint_sac_tok3,-0.01345062255859375
1224,saint_sac_tok3,0.8242712020874023
1225,saint_sac_tok3,3.4550676345825195
1226,saint_sac_tok3,1.8131122589111328
1227,saint_sac_tok3,0.22142314910888672
1228,saint_sac_tok3,1.8457183837890625
1229,saint_sac_tok3,4.8308000564575195
1230,saint_sac_tok3,0.5056610107421875
1231,saint_sac_tok3,0.8325386047363281
1232,saint_sac_tok3,0.8809432983398438
1233,saint_sac_tok3,0.40195274353027344
1234,saint_sac_tok3,3.973857879638672
1235,saint_sac_tok3,2.3218393325805664
1236,saint_sac_tok3,0.9936723709106445
1237,saint_sac_tok3,-0.7959251403808594
1238,saint_sac_tok3,2.6462039947509766
1239,saint_sac_tok3,0.6417531967163086
1240,saint_sac_tok3,1.805832862854004
1241,saint_sac_tok3,5.934863090515137
1242,saint_sac_tok3,2.4350357055664062
1243,saint_sac_tok3,1.6512279510498047
1244,saint_sac_tok3,1.9907150268554688
1245,saint_sac_tok3,1.7664031982421875
1246,saint_sac_tok3,1.059523582458496
1247,saint_sac_tok3,1.9525728225708008
1248,saint_sac_tok3,1.4698829650878906
1249,saint_sac_tok3,1.806513786315918
1250,saint_sac_tok3,-1.0608177185058594
1251,saint_sac_tok3,1.5799989700317383
1252,saint_sac_tok3,1.1937551498413086
1253,saint_sac_tok3,2.884589195251465
1254,saint_sac_tok3,2.1260604858398438
1255,saint_sac_tok3,0.41385936737060547
1256,saint_sac_tok3,-0.1069631576538086
1257,saint_sac_tok3,-0.10703468322753906
1258,saint_sac_tok3,3.658723831176758
1259,saint_sac_tok3,0.9832801818847656
1260,saint_sac_tok3,0.6603240966796875
1261,saint_sac_tok3,-0.053679466247558594
1262,saint_sac_tok3,-0.20948314666748047
1263,saint_sac_tok3,3.93770694732666
1264,saint_sac_tok3,1.3639469146728516
1265,saint_sac_tok3,0.7477760314941406
1266,saint_sac_tok3,3.6730194091796875
1267,saint_sac_tok3,2.534609794616699
1268,saint_sac_tok3,1.8596763610839844
1269,saint_sac_tok3,1.3250274658203125
1270,saint_sac_tok3,1.4106521606445312
1271,saint_sac_tok3,0.3523073196411133
1272,saint_sac_tok3,0.9249038696289062
1273,saint_sac_tok3,3.090235710144043
1274,saint_sac_tok3,0.3325004577636719
1275,saint_sac_tok3,2.3094472885131836
1276,saint_sac_tok3,0.9491653442382812
1277,saint_sac_tok3,3.7584943771362305
1278,saint_sac_tok3,2.0674686431884766
1279,saint_sac_tok3,2.389653205871582
1280,saint_sac_tok3,1.490732192993164
1281,saint_sac_tok3,0.4339485168457031
1282,saint_sac_tok3,1.0009946823120117
1283,saint_sac_tok3,-0.2003631591796875
1284,saint_sac_tok3,1.7849273681640625
1285,saint_sac_tok3,1.162705421447754
1286,saint_sac_tok3,1.180227279663086
1287,saint_sac_tok3,2.0673484802246094
1288,saint_sac_tok3,0.48780345916748047
1289,saint_sac_tok3,1.9310235977172852
1290,saint_sac_tok3,2.0985794067382812
1291,saint_sac_tok3,6.596566200256348
1292,saint_sac_tok3,1.8858060836791992
1293,saint_sac_tok3,0.6292076110839844
1294,saint_sac_tok3,0.4641761779785156
1295,saint_sac_tok3,2.5774688720703125
1296,saint_sac_tok3,1.691253662109375
1297,saint_sac_tok3,1.146897315979004
1298,saint_sac_tok3,3.321211338043213
1299,saint_sac_tok3,3.114537239074707
1300,saint_sac_tok3,0.7332353591918945
1301,saint_sac_tok3,2.9609546661376953
1302,saint_sac_tok3,0.7551412582397461
1303,saint_sac_tok3,2.5883216857910156
1304,saint_sac_tok3,0.6407928466796875
1305,saint_sac_tok3,0.9542617797851562
1306,saint_sac_tok3,2.6504783630371094
1307,saint_sac_tok3,2.858285427093506
1308,saint_sac_tok3,0.9546365737915039
1309,saint_sac_tok3,0.5222978591918945
1310,saint_sac_tok3,-0.034049034118652344
1311,saint_sac_tok3,1.7584686279296875
1312,saint_sac_tok3,3.1424450874328613
1313,saint_sac_tok3,1.1182241439819336
1314,saint_sac_tok3,1.8900718688964844
1315,saint_sac_tok3,1.1334428787231445
1316,saint_sac_tok3,0.4753456115722656
1317,saint_sac_tok3,1.747415542602539
1318,saint_sac_tok3,4.344432830810547
1319,saint_sac_tok3,0.6467971801757812
1320,saint_sac_tok3,2.8097400665283203
1321,saint_sac_tok3,4.716128349304199
1322,saint_sac_tok3,-0.03789043426513672
1323,saint_sac_tok3,0.43457603454589844
1324,saint_sac_tok3,0.9499711990356445
1325,saint_sac_tok3,2.8944454193115234
1326,saint_sac_tok3,3.3030967712402344
1327,saint_sac_tok3,0.45332813262939453
1328,saint_sac_tok3,0.5130290985107422
1329,saint_sac_tok3,2.007725715637207
1330,saint_sac_tok3,0.1459217071533203
1331,saint_sac_tok3,-0.9741544723510742
1332,saint_sac_tok3,0.7016258239746094
1333,saint_sac_tok3,0.9089164733886719
1334,saint_sac_tok3,1.1140098571777344
1335,saint_sac_tok3,2.7023115158081055
1336,saint_sac_tok3,0.22269248962402344
1337,saint_sac_tok3,0.7022686004638672
1338,saint_sac_tok3,1.7138786315917969
1339,saint_sac_tok3,1.1686897277832031
1340,saint_sac_tok3,0.7038230895996094
1341,saint_sac_tok3,0.5283517837524414
1342,saint_sac_tok3,0.22470474243164062
1343,saint_sac_tok3,1.555863380432129
1344,saint_sac_tok3,-0.2949037551879883
1345,saint_sac_tok3,3.044241428375244
1346,saint_sac_tok3,1.0793046951293945
1347,saint_sac_tok3,2.196748733520508
1348,saint_sac_tok3,3.1885948181152344
1349,saint_sac_tok3,0.8244476318359375
1350,saint_sac_tok3,1.633498191833496
1351,saint_sac_tok3,1.4038591384887695
1352,saint_sac_tok3,0.5758609771728516
1353,saint_sac_tok3,0.6658105850219727
1354,saint_sac_tok3,-0.48398876190185547
1355,saint_sac_tok3,0.7547483444213867
1356,saint_sac_tok3,0.9560909271240234
1357,saint_sac_tok3,1.06268310546875
1358,saint_sac_tok3,0.7989263534545898
1359,saint_sac_tok3,1.83612060546875
1360,saint_sac_tok3,4.309380531311035
1361,saint_sac_tok3,2.1978206634521484
1362,saint_sac_tok3,-0.26540374755859375
1363,saint_sac_tok3,0.4647712707519531
1364,saint_sac_tok3,1.0288581848144531
1365,saint_sac_tok3,1.2101554870605469
1366,saint_sac_tok3,1.7205009460449219
1367,saint_sac_tok3,2.817258834838867
1368,saint_sac_tok3,1.4518842697143555
1369,saint_sac_tok3,2.13877010345459
1370,saint_sac_tok3,1.759317398071289
1371,saint_sac_tok3,-0.14913463592529297
1372,saint_sac_tok3,1.0462408065795898
1373,saint_sac_tok3,1.0021839141845703
1374,saint_sac_tok3,1.7828006744384766
1375,saint_sac_tok3,0.4366912841796875
1376,saint_sac_tok3,0.9066648483276367
1377,saint_sac_tok3,3.5744991302490234
1378,saint_sac_tok3,0.8842554092407227
1379,saint_sac_tok3,1.1255226135253906
1380,saint_sac_tok3,0.4727048873901367
1381,saint_sac_tok3,2.9403390884399414
1382,saint_sac_tok3,0.778350830078125
1383,saint_sac_tok3,1.262211799621582
1384,saint_sac_tok3,1.6793632507324219
1385,saint_sac_tok3,2.638477325439453
1386,saint_sac_tok3,2.4248809814453125
1387,saint_sac_tok3,2.0014238357543945
1388,saint_sac_tok3,0.15716838836669922
1389,saint_sac_tok3,3.4142112731933594
1390,saint_sac_tok3,2.034536361694336
1391,saint_sac_tok3,1.3800430297851562
1392,saint_sac_tok3,1.2234697341918945
1393,saint_sac_tok3,0.54608154296875
1394,saint_sac_tok3,0.4441385269165039
1395,saint_sac_tok3,2.6563100814819336
1396,saint_sac_tok3,4.215470314025879
1397,saint_sac_tok3,0.8062419891357422
1398,saint_sac_tok3,2.561452865600586
1399,saint_sac_tok3,1.8055782318115234
1400,saint_sac_tok3,0.7494344711303711
1401,saint_sac_tok3,0.4294109344482422
1402,saint_sac_tok3,1.8611412048339844
1403,saint_sac_tok3,0.3317718505859375
1404,saint_sac_tok3,0.5451679229736328
1405,saint_sac_tok3,0.8996200561523438
1406,saint_sac_tok3,0.6236953735351562
1407,saint_sac_tok3,0.42012691497802734
1408,saint_sac_tok3,3.031397819519043
1409,saint_sac_tok3,1.204681396484375
1410,saint_sac_tok3,0.49706363677978516
1411,saint_sac_tok3,2.5317773818969727
1412,saint_sac_tok3,0.8239402770996094
1413,saint_sac_tok3,2.7333621978759766
1414,saint_sac_tok3,0.6597728729248047
1415,saint_sac_tok3,0.3575782775878906
1416,saint_sac_tok3,0.47011375427246094
1417,saint_sac_tok3,2.3125391006469727
1418,saint_sac_tok3,2.472230911254883
1419,saint_sac_tok3,1.3767404556274414
1420,saint_sac_tok3,0.23092174530029297
1421,saint_sac_tok3,0.04679584503173828
1422,saint_sac_tok3,3.9137372970581055
1423,saint_sac_tok3,0.697052001953125
1424,saint_sac_tok3,5.150485992431641
1425,saint_sac_tok3,1.43328857421875
1426,saint_sac_tok3,0.6690597534179688
1427,saint_sac_tok3,0.46549224853515625
1428,saint_sac_tok3,1.6549911499023438
1429,saint_sac_tok3,1.2821569442749023
1430,saint_sac_tok3,2.5488157272338867
1431,saint_sac_tok3,0.58563232421875
1432,saint_sac_tok3,1.7779741287231445
1433,saint_sac_tok3,0.08932209014892578
1434,saint_sac_tok3,1.1706867218017578
1435,saint_sac_tok3,0.1317739486694336
1436,saint_sac_tok3,0.11954498291015625
1437,saint_sac_tok3,0.3747119903564453
1438,saint_sac_tok3,2.278019905090332
1439,saint_sac_tok3,0.28427791595458984
1440,saint_sac_tok3,2.970895767211914
1441,saint_sac_tok3,-0.5632009506225586
1442,saint_sac_tok3,0.09262943267822266
1443,saint_sac_tok3,0.6187982559204102
1444,saint_sac_tok3,0.7726364135742188
1445,saint_sac_tok3,6.000229835510254
1446,saint_sac_tok3,1.2015056610107422
1447,saint_sac_tok3,1.2782068252563477
1448,saint_sac_tok3,-0.045172691345214844
1449,saint_sac_tok3,0.5596113204956055
1450,saint_sac_tok3,0.6224346160888672
1451,saint_sac_tok3,2.394918441772461
1452,saint_sac_tok3,-0.4455299377441406
1453,saint_sac_tok3,0.4992361068725586
1454,saint_sac_tok3,2.653942108154297
1455,saint_sac_tok3,0.6884565353393555
1456,saint_sac_tok3,0.3348226547241211
1457,saint_sac_tok3,1.8141775131225586
1458,saint_sac_tok3,1.6673479080200195
1459,saint_sac_tok3,0.8497514724731445
1460,saint_sac_tok3,1.844233512878418
1461,saint_sac_tok3,1.3735857009887695
1462,saint_sac_tok3,3.147554397583008
1463,saint_sac_tok3,3.6115288734436035
1464,saint_sac_tok3,0.8479757308959961
1465,saint_sac_tok3,1.6781282424926758
1466,saint_sac_tok3,0.452178955078125
1467,saint_sac_tok3,0.44840240478515625
1468,saint_sac_tok3,0.5646753311157227
1469,saint_sac_tok3,1.2971792221069336
1470,saint_sac_tok3,1.0826101303100586
1471,saint_sac_tok3,-0.4307985305786133
1472,saint_sac_tok3,1.2857866287231445
1473,saint_sac_tok3,1.6689729690551758
1474,saint_sac_tok3,1.034454345703125
1475,saint_sac_tok3,0.2607917785644531
1476,saint_sac_tok3,1.810765266418457
1477,saint_sac_tok3,-0.013286590576171875
1478,saint_sac_tok3,0.5503406524658203
1479,saint_sac_tok3,1.0875434875488281
1480,saint_sac_tok3,1.4928178787231445
1481,saint_sac_tok3,2.4922895431518555
1482,saint_sac_tok3,0.6559085845947266
1483,saint_sac_tok3,3.244295120239258
1484,saint_sac_tok3,0.7447843551635742
1485,saint_sac_tok3,0.3004436492919922
1486,saint_sac_tok3,2.806492805480957
1487,saint_sac_tok3,5.367606163024902
1488,saint_sac_tok3,0.18822002410888672
1489,saint_sac_tok3,1.160649299621582
1490,saint_sac_tok3,2.146800994873047
1491,saint_sac_tok3,2.9575023651123047
1492,saint_sac_tok3,2.1481285095214844
1493,saint_sac_tok3,3.521857261657715
1494,saint_sac_tok3,1.6313295364379883
1495,saint_sac_tok3,1.3712234497070312
1496,saint_sac_tok3,2.6444997787475586
1497,saint_sac_tok3,1.9004087448120117
1498,saint_sac_tok3,0.3023691177368164
1499,saint_sac_tok3,0.804072380065918
1500,saint_sac_tok3,2.1907424926757812
1501,saint_sac_tok3,0.23593616485595703
1502,saint_sac_tok3,3.740302085876465
1503,saint_sac_tok3,1.1529054641723633
1504,saint_sac_tok3,1.3580656051635742
1505,saint_sac_tok3,0.2979564666748047
1506,saint_sac_tok3,0.31635570526123047
1507,saint_sac_tok3,1.7305021286010742
1508,saint_sac_tok3,4.600826263427734
1509,saint_sac_tok3,2.454239845275879
1510,saint_sac_tok3,1.361623764038086
1511,saint_sac_tok3,0.8970651626586914
1512,saint_sac_tok3,1.6101293563842773
1513,saint_sac_tok3,2.4927515983581543
1514,saint_sac_tok3,-1.2806682586669922
1515,saint_sac_tok3,1.4919443130493164
1516,saint_sac_tok3,-0.3925132751464844
1517,saint_sac_tok3,1.1586484909057617
1518,saint_sac_tok3,0.680211067199707
1519,saint_sac_tok3,3.0150132179260254
1520,saint_sac_tok3,1.8392810821533203
1521,saint_sac_tok3,1.0033836364746094
1522,saint_sac_tok3,0.09751129150390625
1523,saint_sac_tok3,0.4961433410644531
1524,saint_sac_tok3,0.45568275451660156
1525,saint_sac_tok3,2.870377540588379
1526,saint_sac_tok3,0.025864601135253906
1527,saint_sac_tok3,3.2935047149658203
1528,saint_sac_tok3,0.9876699447631836
1529,saint_sac_tok3,1.7029953002929688
1530,saint_sac_tok3,2.8711929321289062
1531,saint_sac_tok3,2.997690200805664
1532,saint_sac_tok3,0.07344818115234375
1533,saint_sac_tok3,2.679281234741211
1534,saint_sac_tok3,1.2189264297485352
1535,saint_sac_tok3,-0.7155838012695312
1536,saint_sac_tok3,-0.35077476501464844
1537,saint_sac_tok3,1.706777572631836
1538,saint_sac_tok3,1.7195968627929688
1539,saint_sac_tok3,0.5484647750854492
1540,saint_sac_tok3,2.1943273544311523
1541,saint_sac_tok3,0.8936519622802734
1542,saint_sac_tok3,1.8157358169555664
1543,saint_sac_tok3,0.5849504470825195
1544,saint_sac_tok3,0.6118545532226562
1545,saint_sac_tok3,2.5416526794433594
1546,saint_sac_tok3,1.9444236755371094
1547,saint_sac_tok3,-0.1620769500732422
1548,saint_sac_tok3,0.09907245635986328
1549,saint_sac_tok3,0.8099145889282227
1550,saint_sac_tok3,2.7971630096435547
1551,saint_sac_tok3,0.8404655456542969
1552,saint_sac_tok3,0.6333045959472656
1553,saint_sac_tok3,2.2055463790893555
1554,saint_sac_tok3,0.9265556335449219
1555,saint_sac_tok3,-0.5552501678466797
1556,saint_sac_tok3,2.0838451385498047
1557,saint_sac_tok3,1.6412687301635742
1558,saint_sac_tok3,0.8623695373535156
1559,saint_sac_tok3,2.457167148590088
1560,saint_sac_tok3,2.227290153503418
1561,saint_sac_tok3,0.14622974395751953
1562,saint_sac_tok3,-0.021552085876464844
1563,saint_sac_tok3,0.6677627563476562
1564,saint_sac_tok3,0.3001689910888672
1565,saint_sac_tok3,0.8217849731445312
1566,saint_sac_tok3,1.3179492950439453
1567,saint_sac_tok3,-0.09380435943603516
1568,saint_sac_tok3,0.7534713745117188
1569,saint_sac_tok3,1.4407567977905273
1570,saint_sac_tok3,1.571054458618164
1571,saint_sac_tok3,2.227569580078125
1572,saint_sac_tok3,0.9504299163818359
1573,saint_sac_tok3,1.3058977127075195
1574,saint_sac_tok3,0.694056510925293
1575,saint_sac_tok3,1.6527042388916016
1576,saint_sac_tok3,1.893301010131836
1577,saint_sac_tok3,0.9309186935424805
1578,saint_sac_tok3,1.309351921081543
1579,saint_sac_tok3,0.43682289123535156
1580,saint_sac_tok3,3.927276611328125
1581,saint_sac_tok3,1.3103294372558594
1582,saint_sac_tok3,1.5347118377685547
1583,saint_sac_tok3,1.263169288635254
1584,saint_sac_tok3,1.4100456237792969
1585,saint_sac_tok3,2.3392887115478516
1586,saint_sac_tok3,1.9903144836425781
1587,saint_sac_tok3,1.3115205764770508
1588,saint_sac_tok3,0.8479719161987305
1589,saint_sac_tok3,4.089011192321777
1590,saint_sac_tok3,1.3136377334594727
1591,saint_sac_tok3,0.7107791900634766
1592,saint_sac_tok3,2.2189178466796875
1593,saint_sac_tok3,2.136347770690918
1594,saint_sac_tok3,1.2968111038208008
1595,saint_sac_tok3,0.026946067810058594
1596,saint_sac_tok3,0.6446962356567383
1597,saint_sac_tok3,0.2352437973022461
1598,saint_sac_tok3,1.1052169799804688
1599,saint_sac_tok3,0.5214080810546875
1600,saint_sac_tok3,1.244490623474121
1601,saint_sac_tok3,1.6309566497802734
1602,saint_sac_tok3,1.4738826751708984
1603,saint_sac_tok3,-0.014678001403808594
1604,saint_sac_tok3,1.3249311447143555
1605,saint_sac_tok3,0.4302034378051758
1606,saint_sac_tok3,1.611684799194336
1607,saint_sac_tok3,2.297879219055176
1608,saint_sac_tok3,1.9480514526367188
1609,saint_sac_tok3,0.3899660110473633
1610,saint_sac_tok3,0.3597402572631836
1611,saint_sac_tok3,0.8940353393554688
1612,saint_sac_tok3,0.6464033126831055
1613,saint_sac_tok3,-0.14835453033447266
1614,saint_sac_tok3,0.9552888870239258
1615,saint_sac_tok3,1.47796630859375
1616,saint_sac_tok3,0.320068359375
1617,saint_sac_tok3,1.3024711608886719
1618,saint_sac_tok3,0.8620977401733398
1619,saint_sac_tok3,0.5141849517822266
1620,saint_sac_tok3,0.2337665557861328
1621,saint_sac_tok3,1.107253074645996
1622,saint_sac_tok3,0.06221580505371094
1623,saint_sac_tok3,1.12139892578125
1624,saint_sac_tok3,0.24137210845947266
1625,saint_sac_tok3,-0.6199073791503906
1626,saint_sac_tok3,0.36005306243896484
1627,saint_sac_tok3,0.1563873291015625
1628,saint_sac_tok3,1.2937040328979492
1629,saint_sac_tok3,1.8611316680908203
1630,saint_sac_tok3,0.7483711242675781
1631,saint_sac_tok3,0.8822546005249023
1632,saint_sac_tok3,2.132200241088867
1633,saint_sac_tok3,0.5301427841186523
1634,saint_sac_tok3,3.8363265991210938
1635,saint_sac_tok3,0.5834827423095703
1636,saint_sac_tok3,1.5440549850463867
1637,saint_sac_tok3,1.4883203506469727
1638,saint_sac_tok3,1.9800682067871094
1639,saint_sac_tok3,0.22568511962890625
1640,saint_sac_tok3,1.3409433364868164
1641,saint_sac_tok3,2.737820625305176
1642,saint_sac_tok3,0.7784423828125
1643,saint_sac_tok3,2.1011343002319336
1644,saint_sac_tok3,4.108220100402832
1645,saint_sac_tok3,0.2702369689941406
1646,saint_sac_tok3,1.1867246627807617
1647,saint_sac_tok3,1.924586296081543
1648,saint_sac_tok3,1.2887935638427734
1649,saint_sac_tok3,0.7809200286865234
1650,saint_sac_tok3,5.750455856323242
1651,saint_sac_tok3,2.0082855224609375
1652,saint_sac_tok3,1.186849594116211
1653,saint_sac_tok3,0.9005460739135742
1654,saint_sac_tok3,0.7822170257568359
1655,saint_sac_tok3,0.7071380615234375
1656,saint_sac_tok3,0.5833921432495117
1657,saint_sac_tok3,1.7360572814941406
1658,saint_sac_tok3,1.4967527389526367
1659,saint_sac_tok3,0.9774112701416016
1660,saint_sac_tok3,0.5980253219604492
1661,saint_sac_tok3,-0.08965015411376953
1662,saint_sac_tok3,2.0641870498657227
1663,saint_sac_tok3,1.8666515350341797
1664,saint_sac_tok3,1.11102294921875
1665,saint_sac_tok3,0.7696189880371094
1666,saint_sac_tok3,1.8704299926757812
1667,saint_sac_tok3,0.3806171417236328
1668,saint_sac_tok3,1.1268444061279297
1669,saint_sac_tok3,2.6067962646484375
1670,saint_sac_tok3,3.436868667602539
1671,saint_sac_tok3,0.44417762756347656
1672,saint_sac_tok3,2.2436161041259766
1673,saint_sac_tok3,-2.165707588195801
1674,saint_sac_tok3,0.9751186370849609
1675,saint_sac_tok3,0.03049755096435547
1676,saint_sac_tok3,1.631185531616211
1677,saint_sac_tok3,1.117706298828125
1678,saint_sac_tok3,2.3440752029418945
1679,saint_sac_tok3,2.916463851928711
1680,saint_sac_tok3,0.7757606506347656
1681,saint_sac_tok3,-0.3487129211425781
1682,saint_sac_tok3,2.1009674072265625
1683,saint_sac_tok3,-1.1811418533325195
1684,saint_sac_tok3,1.676945686340332
1685,saint_sac_tok3,1.8446569442749023
1686,saint_sac_tok3,1.2481756210327148
1687,saint_sac_tok3,0.009733200073242188
1688,saint_sac_tok3,0.44662952423095703
1689,saint_sac_tok3,0.21568012237548828
1690,saint_sac_tok3,0.8811740875244141
1691,saint_sac_tok3,1.9197807312011719
1692,saint_sac_tok3,0.9871625900268555
1693,saint_sac_tok3,0.06502914428710938
1694,saint_sac_tok3,2.09468936920166
1695,saint_sac_tok3,2.3303728103637695
1696,saint_sac_tok3,1.9991884231567383
1697,saint_sac_tok3,0.7305850982666016
1698,saint_sac_tok3,0.9181661605834961
1699,saint_sac_tok3,0.9225397109985352
1700,saint_sac_tok3,0.6236753463745117
1701,saint_sac_tok3,1.1682090759277344
1702,saint_sac_tok3,4.033175468444824
1703,saint_sac_tok3,3.225116729736328
1704,saint_sac_tok3,1.0403451919555664
1705,saint_sac_tok3,1.2112159729003906
1706,saint_sac_tok3,2.8455400466918945
1707,saint_sac_tok3,1.1004314422607422
1708,saint_sac_tok3,5.220350742340088
1709,saint_sac_tok3,0.623927116394043
1710,saint_sac_tok3,5.024231910705566
1711,saint_sac_tok3,0.9091053009033203
1712,saint_sac_tok3,1.481454849243164
1713,saint_sac_tok3,0.947422981262207
1714,saint_sac_tok3,3.244626998901367
1715,saint_sac_tok3,1.839376449584961
1716,saint_sac_tok3,5.262964248657227
1717,saint_sac_tok3,0.9589557647705078
1718,saint_sac_tok3,0.003765106201171875
1719,saint_sac_tok3,-0.4730186462402344
1720,saint_sac_tok3,0.959162712097168
1721,saint_sac_tok3,0.7004833221435547
1722,saint_sac_tok3,1.7708148956298828
1723,saint_sac_tok3,0.5627174377441406
1724,saint_sac_tok3,1.4061508178710938
1725,saint_sac_tok3,0.10347938537597656
1726,saint_sac_tok3,1.3591442108154297
1727,saint_sac_tok3,0.11537933349609375
1728,saint_sac_tok3,4.035154342651367
1729,saint_sac_tok3,3.464841842651367
1730,saint_sac_tok3,1.0225028991699219
1731,saint_sac_tok3,0.6172409057617188
1732,saint_sac_tok3,0.7939014434814453
1733,saint_sac_tok3,-0.3511190414428711
1734,saint_sac_tok3,1.4857549667358398
1735,saint_sac_tok3,2.601125717163086
1736,saint_sac_tok3,3.5829391479492188
1737,saint_sac_tok3,0.6721315383911133
1738,saint_sac_tok3,1.3856573104858398
1739,saint_sac_tok3,1.8713512420654297
1740,saint_sac_tok3,-1.247884750366211
1741,saint_sac_tok3,1.09405517578125
1742,saint_sac_tok3,0.44062232971191406
1743,saint_sac_tok3,1.589864730834961
1744,saint_sac_tok3,0.5107889175415039
1745,saint_sac_tok3,3.8122758865356445
1746,saint_sac_tok3,3.0463991165161133
1747,saint_sac_tok3,2.427715301513672
1748,saint_sac_tok3,2.049872398376465
1749,saint_sac_tok3,1.4905757904052734
1750,saint_sac_tok3,-0.005084991455078125
1751,saint_sac_tok3,1.577193260192871
1752,saint_sac_tok3,1.008997917175293
1753,saint_sac_tok3,0.74493408203125
1754,saint_sac_tok3,0.4967842102050781
1755,saint_sac_tok3,1.2490482330322266
1756,saint_sac_tok3,1.7206649780273438
1757,saint_sac_tok3,1.7348718643188477
1758,saint_sac_tok3,-1.103825569152832
1759,saint_sac_tok3,0.6800155639648438
1760,saint_sac_tok3,1.967391014099121
1761,saint_sac_tok3,-0.820831298828125
1762,saint_sac_tok3,1.4507780075073242
1763,saint_sac_tok3,2.0811777114868164
1764,saint_sac_tok3,0.9234580993652344
1765,saint_sac_tok3,1.7584466934204102
1766,saint_sac_tok3,2.7084007263183594
1767,saint_sac_tok3,0.8507204055786133
1768,saint_sac_tok3,1.2721977233886719
1769,saint_sac_tok3,0.6743478775024414
1770,saint_sac_tok3,0.8893089294433594
1771,saint_sac_tok3,7.481849670410156
1772,saint_sac_tok3,0.5315008163452148
1773,saint_sac_tok3,0.5742969512939453
1774,saint_sac_tok3,1.4303159713745117
1775,saint_sac_tok3,3.2618465423583984
1776,saint_sac_tok3,0.1148529052734375
1777,saint_sac_tok3,0.6281747817993164
1778,saint_sac_tok3,1.2347888946533203
1779,saint_sac_tok3,0.6130790710449219
1780,saint_sac_tok3,1.3077154159545898
1781,saint_sac_tok3,3.7909507751464844
1782,saint_sac_tok3,1.2397708892822266
1783,saint_sac_tok3,2.1870908737182617
1784,saint_sac_tok3,2.544144630432129
1785,saint_sac_tok3,4.078367233276367
1786,saint_sac_tok3,0.35854244232177734
1787,saint_sac_tok3,-0.24493980407714844
1788,saint_sac_tok3,1.4053936004638672
1789,saint_sac_tok3,0.19449710845947266
1790,saint_sac_tok3,1.6381759643554688
1791,saint_sac_tok3,0.3345823287963867
1792,saint_sac_tok3,1.4621305465698242
1793,saint_sac_tok3,1.4181632995605469
1794,saint_sac_tok3,4.139564514160156
1795,saint_sac_tok3,1.367086410522461
1796,saint_sac_tok3,0.7797660827636719
1797,saint_sac_tok3,2.563142776489258
1798,saint_sac_tok3,1.595510482788086
1799,saint_sac_tok3,0.4852619171142578
1800,saint_sac_tok3,3.977259635925293
1801,saint_sac_tok3,1.657578468322754
1802,saint_sac_tok3,2.3747119903564453
1803,saint_sac_tok3,1.289301872253418
1804,saint_sac_tok3,1.542119026184082
1805,saint_sac_tok3,5.407358169555664
1806,saint_sac_tok3,2.7770681381225586
1807,saint_sac_tok3,1.305027961730957
1808,saint_sac_tok3,0.7744064331054688
1809,saint_sac_tok3,2.4433183670043945
1810,saint_sac_tok3,1.9483757019042969
1811,saint_sac_tok3,2.328372001647949
1812,saint_sac_tok3,3.647226333618164
1813,saint_sac_tok3,-0.5532827377319336
1814,saint_sac_tok3,1.9924449920654297
1815,saint_sac_tok3,-0.5312767028808594
1816,saint_sac_tok3,1.4572315216064453
1817,saint_sac_tok3,0.4181537628173828
1818,saint_sac_tok3,0.613032341003418
1819,saint_sac_tok3,3.9113874435424805
1820,saint_sac_tok3,1.8929986953735352
1821,saint_sac_tok3,1.5686988830566406
1822,saint_sac_tok3,5.650246620178223
1823,saint_sac_tok3,2.7289838790893555
1824,saint_sac_tok3,-0.0777425765991211
1825,saint_sac_tok3,3.6642227172851562
1826,saint_sac_tok3,1.3007993698120117
1827,saint_sac_tok3,1.4389419555664062
1828,saint_sac_tok3,2.846456527709961
1829,saint_sac_tok3,1.6995391845703125
1830,saint_sac_tok3,1.9641952514648438
1831,saint_sac_tok3,2.0872955322265625
1832,saint_sac_tok3,2.2974624633789062
1833,saint_sac_tok3,0.16000938415527344
1834,saint_sac_tok3,3.389796257019043
1835,saint_sac_tok3,0.6519794464111328
1836,saint_sac_tok3,0.8311405181884766
1837,saint_sac_tok3,0.4163360595703125
1838,saint_sac_tok3,1.0815925598144531
1839,saint_sac_tok3,-0.14838409423828125
1840,saint_sac_tok3,2.533757209777832
1841,saint_sac_tok3,2.992351531982422
1842,saint_sac_tok3,1.0110931396484375
1843,saint_sac_tok3,1.4024620056152344
1844,saint_sac_tok3,2.1731643676757812
1845,saint_sac_tok3,1.0071372985839844
1846,saint_sac_tok3,3.561284065246582
1847,saint_sac_tok3,1.3314123153686523
1848,saint_sac_tok3,1.0794572830200195
1849,saint_sac_tok3,0.5458097457885742
1850,saint_sac_tok3,1.0526447296142578
1851,saint_sac_tok3,-0.19293212890625
1852,saint_sac_tok3,0.4383220672607422
1853,saint_sac_tok3,1.5446157455444336
1854,saint_sac_tok3,1.4151134490966797
1855,saint_sac_tok3,1.667078971862793
1856,saint_sac_tok3,1.3670463562011719
1857,saint_sac_tok3,0.5459880828857422
1858,saint_sac_tok3,1.214935302734375
1859,saint_sac_tok3,-0.896881103515625
1860,saint_sac_tok3,2.0354156494140625
1861,saint_sac_tok3,-0.3366537094116211
1862,saint_sac_tok3,0.5594949722290039
1863,saint_sac_tok3,3.973642349243164
1864,saint_sac_tok3,5.841775894165039
1865,saint_sac_tok3,0.10434818267822266
1866,saint_sac_tok3,1.3660888671875
1867,saint_sac_tok3,6.348565101623535
1868,saint_sac_tok3,2.1738624572753906
1869,saint_sac_tok3,0.9692878723144531
1870,saint_sac_tok3,0.40982723236083984
1871,saint_sac_tok3,3.7898073196411133
1872,saint_sac_tok3,1.3679218292236328
1873,saint_sac_tok3,2.181039810180664
1874,saint_sac_tok3,1.2190113067626953
1875,saint_sac_tok3,2.8992919921875
1876,saint_sac_tok3,1.0356760025024414
1877,saint_sac_tok3,1.8503293991088867
1878,saint_sac_tok3,3.3630943298339844
1879,saint_sac_tok3,1.247640609741211
1880,saint_sac_tok3,0.40268802642822266
1881,saint_sac_tok3,1.3017339706420898
1882,saint_sac_tok3,1.548898696899414
1883,saint_sac_tok3,2.4346532821655273
1884,saint_sac_tok3,2.108766555786133
1885,saint_sac_tok3,1.629439353942871
1886,saint_sac_tok3,1.1230010986328125
1887,saint_sac_tok3,0.31461334228515625
1888,saint_sac_tok3,-0.21303653717041016
1889,saint_sac_tok3,1.6380119323730469
1890,saint_sac_tok3,1.2462148666381836
1891,saint_sac_tok3,1.9067134857177734
1892,saint_sac_tok3,3.4542922973632812
1893,saint_sac_tok3,1.5431766510009766
1894,saint_sac_tok3,1.0716915130615234
1895,saint_sac_tok3,1.6042308807373047
1896,saint_sac_tok3,1.5345001220703125
1897,saint_sac_tok3,2.244338035583496
1898,saint_sac_tok3,0.6910600662231445
1899,saint_sac_tok3,0.4400959014892578
1900,saint_sac_tok3,1.1921195983886719
1901,saint_sac_tok3,0.6051521301269531
1902,saint_sac_tok3,2.7618255615234375
1903,saint_sac_tok3,2.696563720703125
1904,saint_sac_tok3,-0.17514896392822266
1905,saint_sac_tok3,1.0839166641235352
1906,saint_sac_tok3,1.902658462524414
1907,saint_sac_tok3,3.6716575622558594
1908,saint_sac_tok3,3.8978872299194336
1909,saint_sac_tok3,1.2391777038574219
1910,saint_sac_tok3,1.2296714782714844
1911,saint_sac_tok3,0.2813253402709961
1912,saint_sac_tok3,1.7339763641357422
1913,saint_sac_tok3,1.7469491958618164
1914,saint_sac_tok3,0.30306148529052734
1915,saint_sac_tok3,0.9146528244018555
1916,saint_sac_tok3,1.0827875137329102
1917,saint_sac_tok3,3.3946409225463867
1918,saint_sac_tok3,1.250605583190918
1919,saint_sac_tok3,1.4097537994384766
1920,saint_sac_tok3,2.8734874725341797
1921,saint_sac_tok3,0.7489147186279297
1922,saint_sac_tok3,-0.632349967956543
1923,saint_sac_tok3,1.052048683166504
1924,saint_sac_tok3,4.728440284729004
1925,saint_sac_tok3,1.417459487915039
1926,saint_sac_tok3,0.6796140670776367
1927,saint_sac_tok3,1.3567142486572266
1928,saint_sac_tok3,0.09487342834472656
1929,saint_sac_tok3,2.62479305267334
1930,saint_sac_tok3,0.8037023544311523
1931,saint_sac_tok3,1.1274833679199219
1932,saint_sac_tok3,1.729416847229004
1933,saint_sac_tok3,0.9024753570556641
1934,saint_sac_tok3,0.6722927093505859
1935,saint_sac_tok3,-0.5668582916259766
1936,saint_sac_tok3,-0.016849517822265625
1937,saint_sac_tok3,1.7526865005493164
1938,saint_sac_tok3,-0.3459014892578125
1939,saint_sac_tok3,1.5938501358032227
1940,saint_sac_tok3,2.9097723960876465
1941,saint_sac_tok3,2.501420021057129
1942,saint_sac_tok3,3.4215383529663086
1943,saint_sac_tok3,0.7116985321044922
1944,saint_sac_tok3,1.1628332138061523
1945,saint_sac_tok3,2.4953184127807617
1946,saint_sac_tok3,1.8005504608154297
1947,saint_sac_tok3,2.0834197998046875
1948,saint_sac_tok3,0.5524444580078125
1949,saint_sac_tok3,3.3693485260009766
1950,saint_sac_tok3,-0.27006053924560547
1951,saint_sac_tok3,3.176342010498047
1952,saint_sac_tok3,1.5681095123291016
1953,saint_sac_tok3,0.3684349060058594
1954,saint_sac_tok3,1.9891643524169922
1955,saint_sac_tok3,1.8585586547851562
1956,saint_sac_tok3,0.8761272430419922
1957,saint_sac_tok3,0.0159912109375
1958,saint_sac_tok3,0.05010223388671875
1959,saint_sac_tok3,0.6427335739135742
1960,saint_sac_tok3,0.08393287658691406
1961,saint_sac_tok3,1.7048101425170898
1962,saint_sac_tok3,-0.589818000793457
1963,saint_sac_tok3,1.036900520324707
1964,saint_sac_tok3,0.6724796295166016
1965,saint_sac_tok3,1.5295352935791016
1966,saint_sac_tok3,2.0349903106689453
1967,saint_sac_tok3,1.5960874557495117
1968,saint_sac_tok3,2.3747215270996094
1969,saint_sac_tok3,2.175018310546875
1970,saint_sac_tok3,0.11674690246582031
1971,saint_sac_tok3,1.5585813522338867
1972,saint_sac_tok3,1.9289684295654297
1973,saint_sac_tok3,0.5077953338623047
1974,saint_sac_tok3,1.7974348068237305
1975,saint_sac_tok3,0.3460979461669922
1976,saint_sac_tok3,0.8831062316894531
1977,saint_sac_tok3,-0.5902624130249023
1978,saint_sac_tok3,1.8001365661621094
1979,saint_sac_tok3,1.1855249404907227
1980,saint_sac_tok3,1.6248340606689453
1981,saint_sac_tok3,1.6999177932739258
1982,saint_sac_tok3,1.2918586730957031
1983,saint_sac_tok3,1.3625812530517578
1984,saint_sac_tok3,0.19782352447509766
1985,saint_sac_tok3,-0.14492225646972656
1986,saint_sac_tok3,4.118425369262695
1987,saint_sac_tok3,1.765233039855957
1988,saint_sac_tok3,2.5231781005859375
1989,saint_sac_tok3,0.4877309799194336
1990,saint_sac_tok3,1.5815191268920898
1991,saint_sac_tok3,1.9212512969970703
1992,saint_sac_tok3,0.7782735824584961
1993,saint_sac_tok3,-0.16562843322753906
1994,saint_sac_tok3,0.8064718246459961
1995,saint_sac_tok3,3.0880517959594727
1996,saint_sac_tok3,2.7026538848876953
1997,saint_sac_tok3,1.1511049270629883
1998,saint_sac_tok3,1.1564226150512695
1999,saint_sac_tok3,1.4156255722045898
2000,saint_sac_tok3,1.1120996475219727
2001,saint_sac_tok3,-0.7436256408691406
2002,saint_sac_tok3,0.6953716278076172
2003,saint_sac_tok3,3.203340530395508
2004,saint_sac_tok3,2.700284004211426
2005,saint_sac_tok3,1.5063676834106445
2006,saint_sac_tok3,1.515610694885254
2007,saint_sac_tok3,1.168564796447754
2008,saint_sac_tok3,1.53216552734375
2009,saint_sac_tok3,1.2821874618530273
2010,saint_sac_tok3,1.3097047805786133
2011,saint_sac_tok3,1.4239425659179688
2012,saint_sac_tok3,1.9104042053222656
2013,saint_sac_tok3,0.5332822799682617
2014,saint_sac_tok3,1.7999801635742188
2015,saint_sac_tok3,0.7159595489501953
2016,saint_sac_tok3,0.38878726959228516
2017,saint_sac_tok3,0.008783340454101562
2018,saint_sac_tok3,0.9947662353515625
2019,saint_sac_tok3,6.466299057006836
2020,saint_sac_tok3,0.717620849609375
2021,saint_sac_tok3,0.7473430633544922
2022,saint_sac_tok3,1.2186040878295898
2023,saint_sac_tok3,1.9587030410766602
2024,saint_sac_tok3,2.9446401596069336
2025,saint_sac_tok3,2.907687187194824
2026,saint_sac_tok3,2.761350631713867
2027,saint_sac_tok3,2.5985641479492188
2028,saint_sac_tok3,1.3694953918457031
2029,saint_sac_tok3,2.360200881958008
2030,saint_sac_tok3,3.3616466522216797
2031,saint_sac_tok3,1.3224124908447266
2032,saint_sac_tok3,2.1622514724731445
2033,saint_sac_tok3,2.3150558471679688
2034,saint_sac_tok3,1.3883085250854492
2035,saint_sac_tok3,0.5936985015869141
2036,saint_sac_tok3,1.3669071197509766
2037,saint_sac_tok3,2.858175277709961
2038,saint_sac_tok3,0.3977088928222656
2039,saint_sac_tok3,1.5545406341552734
2040,saint_sac_tok3,5.369169235229492
2041,saint_sac_tok3,1.8406734466552734
2042,saint_sac_tok3,1.0998315811157227
2043,saint_sac_tok3,-0.027868270874023438
2044,saint_sac_tok3,0.48822498321533203
2045,saint_sac_tok3,1.9196863174438477
2046,saint_sac_tok3,0.7328472137451172
2047,saint_sac_tok3,2.0435104370117188
2048,saint_sac_tok3,2.0243568420410156
2049,saint_sac_tok3,2.278696060180664
2050,saint_sac_tok3,1.4144668579101562
2051,saint_sac_tok3,2.189098358154297
2052,saint_sac_tok3,1.3071794509887695
2053,saint_sac_tok3,-0.19290447235107422
2054,saint_sac_tok3,1.8361587524414062
2055,saint_sac_tok3,0.4203147888183594
2056,saint_sac_tok3,0.5149288177490234
2057,saint_sac_tok3,0.6063308715820312
2058,saint_sac_tok3,4.310467720031738
2059,saint_sac_tok3,1.8456544876098633
2060,saint_sac_tok3,1.6188182830810547
2061,saint_sac_tok3,0.47679710388183594
2062,saint_sac_tok3,4.13683557510376
2063,saint_sac_tok3,1.3828697204589844
2064,saint_sac_tok3,0.3483390808105469
2065,saint_sac_tok3,1.460310935974121
2066,saint_sac_tok3,3.058286666870117
2067,saint_sac_tok3,1.951913833618164
2068,saint_sac_tok3,0.25922584533691406
2069,saint_sac_tok3,0.3165731430053711
2070,saint_sac_tok3,2.500013828277588
2071,saint_sac_tok3,1.4965553283691406
2072,saint_sac_tok3,1.1725654602050781
2073,saint_sac_tok3,0.6592311859130859
2074,saint_sac_tok3,2.5510826110839844
2075,saint_sac_tok3,0.4259662628173828
2076,saint_sac_tok3,1.459630012512207
2077,saint_sac_tok3,0.8770236968994141
2078,saint_sac_tok3,2.643712043762207
2079,saint_sac_tok3,1.6058292388916016
2080,saint_sac_tok3,0.01647186279296875
2081,saint_sac_tok3,3.7646484375
2082,saint_sac_tok3,-0.2408151626586914
2083,saint_sac_tok3,0.24837017059326172
2084,saint_sac_tok3,0.5001335144042969
2085,saint_sac_tok3,1.9555673599243164
2086,saint_sac_tok3,4.457751274108887
2087,saint_sac_tok3,0.34900379180908203
2088,saint_sac_tok3,1.1049280166625977
2089,saint_sac_tok3,2.4796180725097656
2090,saint_sac_tok3,0.6235113143920898
2091,saint_sac_tok3,1.9168729782104492
2092,saint_sac_tok3,1.5615644454956055
2093,saint_sac_tok3,1.3957958221435547
2094,saint_sac_tok3,1.873600959777832
2095,saint_sac_tok3,0.7349567413330078
2096,saint_sac_tok3,1.647303581237793
2097,saint_sac_tok3,1.417708396911621
2098,saint_sac_tok3,1.4377803802490234
2099,saint_sac_tok3,1.7045869827270508
2100,saint_sac_tok3,1.4253568649291992
2101,saint_sac_tok3,1.3674602508544922
2102,saint_sac_tok3,1.6222572326660156
2103,saint_sac_tok3,0.650904655456543
2104,saint_sac_tok3,2.0063343048095703
2105,saint_sac_tok3,-0.07843017578125
2106,saint_sac_tok3,0.7713088989257812
2107,saint_sac_tok3,3.4313182830810547
2108,saint_sac_tok3,0.41352081298828125
2109,saint_sac_tok3,0.47597217559814453
2110,saint_sac_tok3,3.385209083557129
2111,saint_sac_tok3,3.9159536361694336
2112,saint_sac_tok3,1.9886474609375
2113,saint_sac_tok3,1.6440811157226562
2114,saint_sac_tok3,4.525129318237305
2115,saint_sac_tok3,1.3720073699951172
2116,saint_sac_tok3,2.171232223510742
2117,saint_sac_tok3,1.1874513626098633
2118,saint_sac_tok3,1.0648555755615234
2119,saint_sac_tok3,1.564737319946289
2120,saint_sac_tok3,0.5515346527099609
2121,saint_sac_tok3,1.1059913635253906
2122,saint_sac_tok3,0.5169363021850586
2123,saint_sac_tok3,2.892627716064453
2124,saint_sac_tok3,0.7992181777954102
2125,saint_sac_tok3,0.08019351959228516
2126,saint_sac_tok3,0.39726924896240234
2127,saint_sac_tok3,4.024989128112793
2128,saint_sac_tok3,1.912104606628418
2129,saint_sac_tok3,0.6237401962280273
2130,saint_sac_tok3,0.4722328186035156
2131,saint_sac_tok3,0.7840442657470703
2132,saint_sac_tok3,2.43972110748291
2133,saint_sac_tok3,1.4140644073486328
2134,saint_sac_tok3,-0.08697128295898438
2135,saint_sac_tok3,1.8587627410888672
2136,saint_sac_tok3,-0.3708629608154297
2137,saint_sac_tok3,1.9972209930419922
2138,saint_sac_tok3,1.0647716522216797
2139,saint_sac_tok3,1.8314695358276367
2140,saint_sac_tok3,1.6267976760864258
2141,saint_sac_tok3,2.5412588119506836
2142,saint_sac_tok3,0.9986667633056641
2143,saint_sac_tok3,4.720111846923828
2144,saint_sac_tok3,5.487943649291992
2145,saint_sac_tok3,1.9579381942749023
2146,saint_sac_tok3,1.4949045181274414
2147,saint_sac_tok3,1.74530029296875
2148,saint_sac_tok3,0.4715099334716797
2149,saint_sac_tok3,1.2870569229125977
2150,saint_sac_tok3,2.483698844909668
2151,saint_sac_tok3,3.1263227462768555
2152,saint_sac_tok3,1.8282623291015625
2153,saint_sac_tok3,1.2688627243041992
2154,saint_sac_tok3,0.7573585510253906
2155,saint_sac_tok3,1.2851333618164062
2156,saint_sac_tok3,3.6161136627197266
2157,saint_sac_tok3,0.8140468597412109
2158,saint_sac_tok3,0.20760536193847656
2159,saint_sac_tok3,5.207913398742676
2160,saint_sac_tok3,3.891995429992676
2161,saint_sac_tok3,3.890867233276367
2162,saint_sac_tok3,3.6495275497436523
2163,saint_sac_tok3,3.4959049224853516
2164,saint_sac_tok3,0.9362869262695312
2165,saint_sac_tok3,2.672060966491699
2166,saint_sac_tok3,1.435211181640625
2167,saint_sac_tok3,1.7250308990478516
2168,saint_sac_tok3,2.930781364440918
2169,saint_sac_tok3,-1.0628728866577148
2170,saint_sac_tok3,1.4256324768066406
2171,saint_sac_tok3,2.3140363693237305
2172,saint_sac_tok3,1.2144222259521484
2173,saint_sac_tok3,0.5091896057128906
2174,saint_sac_tok3,0.6397590637207031
2175,saint_sac_tok3,-0.38881397247314453
2176,saint_sac_tok3,1.8381853103637695
2177,saint_sac_tok3,1.5797100067138672
2178,saint_sac_tok3,0.6261625289916992
2179,saint_sac_tok3,2.345804214477539
2180,saint_sac_tok3,1.2281513214111328
2181,saint_sac_tok3,2.397796630859375
2182,saint_sac_tok3,0.8147373199462891
2183,saint_sac_tok3,1.5632247924804688
2184,saint_sac_tok3,-0.1862659454345703
2185,saint_sac_tok3,3.352747917175293
2186,saint_sac_tok3,1.6395454406738281
2187,saint_sac_tok3,1.913604736328125
2188,saint_sac_tok3,2.5269641876220703
2189,saint_sac_tok3,4.474403381347656
2190,saint_sac_tok3,2.8825817108154297
2191,saint_sac_tok3,0.7011594772338867
2192,saint_sac_tok3,1.792729377746582
2193,saint_sac_tok3,0.9523887634277344
2194,saint_sac_tok3,0.32083702087402344
2195,saint_sac_tok3,3.778104782104492
2196,saint_sac_tok3,2.5429391860961914
2197,saint_sac_tok3,3.8765087127685547
2198,saint_sac_tok3,0.9154081344604492
2199,saint_sac_tok3,1.95440673828125
2200,saint_sac_tok3,2.5352306365966797
2201,saint_sac_tok3,1.2806453704833984
2202,saint_sac_tok3,1.752589225769043
2203,saint_sac_tok3,2.7754573822021484
2204,saint_sac_tok3,2.288999557495117
2205,saint_sac_tok3,1.412149429321289
2206,saint_sac_tok3,3.974607467651367
2207,saint_sac_tok3,2.246596336364746
2208,saint_sac_tok3,0.188446044921875
2209,saint_sac_tok3,1.6579170227050781
2210,saint_sac_tok3,2.108731269836426
2211,saint_sac_tok3,-0.6710033416748047
2212,saint_sac_tok3,-0.7842588424682617
2213,saint_sac_tok3,0.29114437103271484
2214,saint_sac_tok3,1.3947362899780273
2215,saint_sac_tok3,1.2675056457519531
2216,saint_sac_tok3,1.1317367553710938
2217,saint_sac_tok3,1.9624242782592773
2218,saint_sac_tok3,2.4307289123535156
2219,saint_sac_tok3,1.5825729370117188
2220,saint_sac_tok3,1.4327144622802734
2221,saint_sac_tok3,3.0582008361816406
2222,saint_sac_tok3,2.7480688095092773
2223,saint_sac_tok3,1.6953105926513672
2224,saint_sac_tok3,3.534398078918457
2225,saint_sac_tok3,1.8686771392822266
2226,saint_sac_tok3,0.5775260925292969
2227,saint_sac_tok3,-0.5481672286987305
2228,saint_sac_tok3,0.21460437774658203
2229,saint_sac_tok3,0.25635242462158203
2230,saint_sac_tok3,3.0379257202148438
2231,saint_sac_tok3,0.7215490341186523
2232,saint_sac_tok3,0.4853944778442383
2233,saint_sac_tok3,1.806243896484375
2234,saint_sac_tok3,0.3452768325805664
2235,saint_sac_tok3,0.6174125671386719
2236,saint_sac_tok3,1.8614921569824219
2237,saint_sac_tok3,0.3276700973510742
2238,saint_sac_tok3,1.4071578979492188
2239,saint_sac_tok3,4.420839309692383
2240,saint_sac_tok3,1.160909652709961
2241,saint_sac_tok3,-0.9516611099243164
2242,saint_sac_tok3,0.5382137298583984
2243,saint_sac_tok3,1.220285415649414
2244,saint_sac_tok3,0.6225347518920898
2245,saint_sac_tok3,-0.09633541107177734
2246,saint_sac_tok3,0.9969520568847656
2247,saint_sac_tok3,3.6756038665771484
2248,saint_sac_tok3,2.006744384765625
2249,saint_sac_tok3,0.8346719741821289
2250,saint_sac_tok3,1.7739696502685547
2251,saint_sac_tok3,2.966806411743164
2252,saint_sac_tok3,0.7848997116088867
2253,saint_sac_tok3,0.2728700637817383
2254,saint_sac_tok3,1.020437240600586
2255,saint_sac_tok3,3.887279510498047
2256,saint_sac_tok3,2.407428741455078
2257,saint_sac_tok3,2.0000810623168945
2258,saint_sac_tok3,0.5015678405761719
2259,saint_sac_tok3,4.112390518188477
2260,saint_sac_tok3,1.6288909912109375
2261,saint_sac_tok3,0.7418203353881836
2262,saint_sac_tok3,2.262643814086914
2263,saint_sac_tok3,3.4605493545532227
2264,saint_sac_tok3,0.9296846389770508
2265,saint_sac_tok3,0.8808231353759766
2266,saint_sac_tok3,1.3978042602539062
2267,saint_sac_tok3,0.7889595031738281
2268,saint_sac_tok3,1.3248910903930664
2269,saint_sac_tok3,4.584532737731934
2270,saint_sac_tok3,4.735907554626465
2271,saint_sac_tok3,0.9863176345825195
2272,saint_sac_tok3,0.667811393737793
2273,saint_sac_tok3,1.266261100769043
2274,saint_sac_tok3,2.077373504638672
2275,saint_sac_tok3,3.6252384185791016
2276,saint_sac_tok3,2.5148067474365234
2277,saint_sac_tok3,2.9560556411743164
2278,saint_sac_tok3,0.3871440887451172
2279,saint_sac_tok3,2.1951894760131836
2280,saint_sac_tok3,2.279788017272949
2281,saint_sac_tok3,-0.5337181091308594
2282,saint_sac_tok3,2.105055809020996
2283,saint_sac_tok3,1.147542953491211
2284,saint_sac_tok3,1.5711135864257812
2285,saint_sac_tok3,3.765409469604492
2286,saint_sac_tok3,1.0913734436035156
2287,saint_sac_tok3,2.5570430755615234
2288,saint_sac_tok3,4.542545318603516
2289,saint_sac_tok3,0.4887113571166992
2290,saint_sac_tok3,2.3634796142578125
2291,saint_sac_tok3,0.2512664794921875
2292,saint_sac_tok3,0.7943105697631836
2293,saint_sac_tok3,0.952366828918457
2294,saint_sac_tok3,1.9051876068115234
2295,saint_sac_tok3,1.421173095703125
2296,saint_sac_tok3,1.1711349487304688
2297,saint_sac_tok3,0.07107067108154297
2298,saint_sac_tok3,0.9522371292114258
2299,saint_sac_tok3,1.237166404724121
2300,saint_sac_tok3,0.5189495086669922
2301,saint_sac_tok3,0.9806995391845703
2302,saint_sac_tok3,2.45523738861084
2303,saint_sac_tok3,0.27617454528808594
2304,saint_sac_tok3,1.3711299896240234
2305,saint_sac_tok3,1.3887395858764648
2306,saint_sac_tok3,0.14612102508544922
2307,saint_sac_tok3,0.7804708480834961
2308,saint_sac_tok3,3.1711416244506836
2309,saint_sac_tok3,1.9287023544311523
2310,saint_sac_tok3,1.0840301513671875
2311,saint_sac_tok3,-0.9378299713134766
2312,saint_sac_tok3,3.157947540283203
2313,saint_sac_tok3,1.1066503524780273
2314,saint_sac_tok3,2.985833168029785
2315,saint_sac_tok3,1.393575668334961
2316,saint_sac_tok3,0.3658895492553711
2317,saint_sac_tok3,2.4591188430786133
2318,saint_sac_tok3,0.7250299453735352
2319,saint_sac_tok3,0.5801973342895508
2320,saint_sac_tok3,3.171022415161133
2321,saint_sac_tok3,3.133758068084717
2322,saint_sac_tok3,1.6411333084106445
2323,saint_sac_tok3,1.0909309387207031
2324,saint_sac_tok3,0.6736793518066406
2325,saint_sac_tok3,-0.46920204162597656
2326,saint_sac_tok3,1.1801948547363281
2327,saint_sac_tok3,3.0472335815429688
2328,saint_sac_tok3,2.2176218032836914
2329,saint_sac_tok3,0.3229808807373047
2330,saint_sac_tok3,0.4362325668334961
2331,saint_sac_tok3,1.0279350280761719
2332,saint_sac_tok3,0.6126089096069336
2333,saint_sac_tok3,1.374847412109375
2334,saint_sac_tok3,4.10460090637207
2335,saint_sac_tok3,1.167398452758789
2336,saint_sac_tok3,2.5767717361450195
2337,saint_sac_tok3,1.2415714263916016
2338,saint_sac_tok3,0.8421173095703125
2339,saint_sac_tok3,3.6516408920288086
2340,saint_sac_tok3,0.7376337051391602
2341,saint_sac_tok3,-0.16455650329589844
2342,saint_sac_tok3,1.7385530471801758
2343,saint_sac_tok3,1.664407730102539
2344,saint_sac_tok3,0.6939382553100586
2345,saint_sac_tok3,4.955985069274902
2346,saint_sac_tok3,5.792337417602539
2347,saint_sac_tok3,4.128808975219727
2348,saint_sac_tok3,4.937300682067871
2349,saint_sac_tok3,1.2604970932006836
2350,saint_sac_tok3,0.6401338577270508
2351,saint_sac_tok3,-0.4556112289428711
2352,saint_sac_tok3,0.9734487533569336
2353,saint_sac_tok3,1.3702526092529297
2354,saint_sac_tok3,-0.3831748962402344
2355,saint_sac_tok3,2.5265655517578125
2356,saint_sac_tok3,3.7555809020996094
2357,saint_sac_tok3,0.8385591506958008
2358,saint_sac_tok3,0.7961244583129883
2359,saint_sac_tok3,-0.24543190002441406
2360,saint_sac_tok3,0.7648353576660156
2361,saint_sac_tok3,2.058018684387207
2362,saint_sac_tok3,0.4308614730834961
2363,saint_sac_tok3,1.301600456237793
2364,saint_sac_tok3,0.601531982421875
2365,saint_sac_tok3,1.3484973907470703
2366,saint_sac_tok3,1.7494573593139648
2367,saint_sac_tok3,0.8457527160644531
2368,saint_sac_tok3,0.3538212776184082
2369,saint_sac_tok3,1.5673904418945312
2370,saint_sac_tok3,2.194699287414551
2371,saint_sac_tok3,2.163637161254883
2372,saint_sac_tok3,0.6319847106933594
2373,saint_sac_tok3,0.15543174743652344
2374,saint_sac_tok3,1.4889469146728516
2375,saint_sac_tok3,2.4880008697509766
2376,saint_sac_tok3,0.0529327392578125
2377,saint_sac_tok3,1.5412445068359375
2378,saint_sac_tok3,1.00677490234375
2379,saint_sac_tok3,1.7287874221801758
2380,saint_sac_tok3,0.47257232666015625
2381,saint_sac_tok3,2.3895206451416016
2382,saint_sac_tok3,0.05984973907470703
2383,saint_sac_tok3,1.0890140533447266
2384,saint_sac_tok3,0.5109338760375977
2385,saint_sac_tok3,2.1638050079345703
2386,saint_sac_tok3,2.662748336791992
2387,saint_sac_tok3,1.9951725006103516
2388,saint_sac_tok3,-0.5471153259277344
2389,saint_sac_tok3,1.8131904602050781
2390,saint_sac_tok3,0.10280132293701172
2391,saint_sac_tok3,2.412491798400879
2392,saint_sac_tok3,3.6387948989868164
2393,saint_sac_tok3,1.408456802368164
2394,saint_sac_tok3,0.7854042053222656
2395,saint_sac_tok3,1.9630870819091797
2396,saint_sac_tok3,2.267868995666504
2397,saint_sac_tok3,1.583608627319336
2398,saint_sac_tok3,3.9453516006469727
2399,saint_sac_tok3,0.6014919281005859
2400,saint_sac_tok3,2.8621597290039062
2401,saint_sac_tok3,0.6729001998901367
2402,saint_sac_tok3,1.7471046447753906
2403,saint_sac_tok3,1.2937870025634766
2404,saint_sac_tok3,1.9774370193481445
2405,saint_sac_tok3,3.0175323486328125
2406,saint_sac_tok3,1.5743188858032227
2407,saint_sac_tok3,2.942178726196289
2408,saint_sac_tok3,1.5661849975585938
2409,saint_sac_tok3,1.2983970642089844
2410,saint_sac_tok3,2.403289794921875
2411,saint_sac_tok3,2.4667978286743164
2412,saint_sac_tok3,3.1372928619384766
2413,saint_sac_tok3,3.0687875747680664
2414,saint_sac_tok3,3.6766281127929688
2415,saint_sac_tok3,1.956033706665039
2416,saint_sac_tok3,1.595789909362793
2417,saint_sac_tok3,2.7084312438964844
2418,saint_sac_tok3,4.010942459106445
2419,saint_sac_tok3,1.1420974731445312
2420,saint_sac_tok3,6.677722930908203
2421,saint_sac_tok3,2.8100147247314453
2422,saint_sac_tok3,0.8622493743896484
2423,saint_sac_tok3,2.4385719299316406
2424,saint_sac_tok3,1.4909076690673828
2425,saint_sac_tok3,1.7473831176757812
2426,saint_sac_tok3,0.08856582641601562
2427,saint_sac_tok3,3.307398796081543
2428,saint_sac_tok3,0.5547037124633789
2429,saint_sac_tok3,3.002163887023926
2430,saint_sac_tok3,3.3431472778320312
2431,saint_sac_tok3,1.7936515808105469
2432,saint_sac_tok3,1.7038087844848633
2433,saint_sac_tok3,1.7027416229248047
2434,saint_sac_tok3,-0.21064376831054688
2435,saint_sac_tok3,2.0716171264648438
2436,saint_sac_tok3,1.0849552154541016
2437,saint_sac_tok3,3.71807861328125
2438,saint_sac_tok3,1.186600685119629
2439,saint_sac_tok3,1.048227310180664
2440,saint_sac_tok3,2.486313819885254
2441,saint_sac_tok3,0.9589519500732422
2442,saint_sac_tok3,3.3140716552734375
2443,saint_sac_tok3,0.31860923767089844
2444,saint_sac_tok3,-0.5269346237182617
2445,saint_sac_tok3,1.1555156707763672
2446,saint_sac_tok3,0.39918041229248047
2447,saint_sac_tok3,1.1582021713256836
2448,saint_sac_tok3,1.1949577331542969
2449,saint_sac_tok3,1.4690322875976562
2450,saint_sac_tok3,0.6608600616455078
2451,saint_sac_tok3,-0.44705772399902344
2452,saint_sac_tok3,1.8780097961425781
2453,saint_sac_tok3,0.9867887496948242
2454,saint_sac_tok3,3.1801815032958984
2455,saint_sac_tok3,1.0305204391479492
2456,saint_sac_tok3,1.6152172088623047
2457,saint_sac_tok3,-1.087641716003418
2458,saint_sac_tok3,2.229611396789551
2459,saint_sac_tok3,1.6535472869873047
2460,saint_sac_tok3,3.3714752197265625
2461,saint_sac_tok3,1.761636734008789
2462,saint_sac_tok3,1.1826438903808594
2463,saint_sac_tok3,2.59628963470459
2464,saint_sac_tok3,1.307448387145996
2465,saint_sac_tok3,2.302370071411133
2466,saint_sac_tok3,1.8867950439453125
2467,saint_sac_tok3,2.13417911529541
2468,saint_sac_tok3,0.8663434982299805
2469,saint_sac_tok3,4.2546234130859375
2470,saint_sac_tok3,-0.4315967559814453
2471,saint_sac_tok3,4.224327087402344
2472,saint_sac_tok3,3.0700979232788086
2473,saint_sac_tok3,0.371429443359375
2474,saint_sac_tok3,1.830946922302246
2475,saint_sac_tok3,0.7277936935424805
2476,saint_sac_tok3,1.1960878372192383
2477,saint_sac_tok3,-0.44481849670410156
2478,saint_sac_tok3,1.287520408630371
2479,saint_sac_tok3,2.417085647583008
2480,saint_sac_tok3,2.103351593017578
2481,saint_sac_tok3,7.187755584716797
2482,saint_sac_tok3,1.0303096771240234
2483,saint_sac_tok3,2.616347312927246
2484,saint_sac_tok3,0.7914743423461914
2485,saint_sac_tok3,4.113691329956055
2486,saint_sac_tok3,0.610224723815918
2487,saint_sac_tok3,1.8272075653076172
2488,saint_sac_tok3,1.8952093124389648
2489,saint_sac_tok3,0.8018560409545898
2490,saint_sac_tok3,1.6358270645141602
2491,saint_sac_tok3,0.4019145965576172
2492,saint_sac_tok3,1.4867515563964844
2493,saint_sac_tok3,1.7124576568603516
2494,saint_sac_tok3,2.4458847045898438
2495,saint_sac_tok3,4.9681715965271
2496,saint_sac_tok3,1.7160186767578125
2497,saint_sac_tok3,3.349275588989258
2498,saint_sac_tok3,2.3135833740234375
2499,saint_sac_tok3,7.44615364074707
2500,saint_sac_tok3,2.723666191101074
2501,saint_sac_tok3,3.0989723205566406
2502,saint_sac_tok3,-0.4442481994628906
2503,saint_sac_tok3,4.49125862121582
2504,saint_sac_tok3,1.1533069610595703
2505,saint_sac_tok3,2.5109310150146484
2506,saint_sac_tok3,0.4855155944824219
2507,saint_sac_tok3,0.9607553482055664
2508,saint_sac_tok3,3.1748123168945312
2509,saint_sac_tok3,1.8680171966552734
2510,saint_sac_tok3,-0.5115289688110352
2511,saint_sac_tok3,1.4464473724365234
2512,saint_sac_tok3,0.18831443786621094
2513,saint_sac_tok3,1.8960294723510742
2514,saint_sac_tok3,0.34803009033203125
2515,saint_sac_tok3,1.0202760696411133
2516,saint_sac_tok3,0.7933340072631836
2517,saint_sac_tok3,1.099289894104004
2518,saint_sac_tok3,2.0171632766723633
2519,saint_sac_tok3,1.3885421752929688
2520,saint_sac_tok3,1.593963623046875
2521,saint_sac_tok3,2.2554264068603516
2522,saint_sac_tok3,3.57855224609375
2523,saint_sac_tok3,2.046823501586914
2524,saint_sac_tok3,1.248147964477539
2525,saint_sac_tok3,1.317591667175293
2526,saint_sac_tok3,0.5532798767089844
2527,saint_sac_tok3,1.5127105712890625
2528,saint_sac_tok3,0.666468620300293
2529,saint_sac_tok3,2.0111618041992188
2530,saint_sac_tok3,4.106697082519531
2531,saint_sac_tok3,1.9905977249145508
2532,saint_sac_tok3,1.4278783798217773
2533,saint_sac_tok3,1.1015119552612305
2534,saint_sac_tok3,-0.004950523376464844
2535,saint_sac_tok3,1.1358108520507812
2536,saint_sac_tok3,3.9818592071533203
2537,saint_sac_tok3,6.222318649291992
2538,saint_sac_tok3,2.2041282653808594
2539,saint_sac_tok3,1.5958356857299805
2540,saint_sac_tok3,0.2896747589111328
2541,saint_sac_tok3,1.1629409790039062
2542,saint_sac_tok3,2.413271903991699
2543,saint_sac_tok3,3.0588226318359375
2544,saint_sac_tok3,0.6501235961914062
2545,saint_sac_tok3,1.7696666717529297
2546,saint_sac_tok3,1.568319320678711
2547,saint_sac_tok3,0.651123046875
2548,saint_sac_tok3,1.8861360549926758
2549,saint_sac_tok3,0.8355712890625
2550,saint_sac_tok3,2.864147186279297
2551,saint_sac_tok3,0.4565105438232422
2552,saint_sac_tok3,0.6324663162231445
2553,saint_sac_tok3,2.417644500732422
2554,saint_sac_tok3,0.8381166458129883
2555,saint_sac_tok3,1.2518596649169922
2556,saint_sac_tok3,2.5940656661987305
2557,saint_sac_tok3,4.187485694885254
2558,saint_sac_tok3,2.2650413513183594
2559,saint_sac_tok3,1.4729318618774414
2560,saint_sac_tok3,1.5891780853271484
2561,saint_sac_tok3,1.1061906814575195
2562,saint_sac_tok3,5.488154411315918
2563,saint_sac_tok3,1.0711116790771484
2564,saint_sac_tok3,1.8265647888183594
2565,saint_sac_tok3,3.182619094848633
2566,saint_sac_tok3,1.3333711624145508
2567,saint_sac_tok3,1.749222755432129
2568,saint_sac_tok3,0.8542251586914062
2569,saint_sac_tok3,2.8771581649780273
2570,saint_sac_tok3,0.4495048522949219
2571,saint_sac_tok3,1.6414566040039062
2572,saint_sac_tok3,1.7620658874511719
2573,saint_sac_tok3,0.3301868438720703
2574,saint_sac_tok3,2.6236772537231445
2575,saint_sac_tok3,0.14533329010009766
2576,saint_sac_tok3,2.2447805404663086
2577,saint_sac_tok3,3.6580886840820312
2578,saint_sac_tok3,-1.3867807388305664
2579,saint_sac_tok3,2.6988515853881836
2580,saint_sac_tok3,3.3333864212036133
2581,saint_sac_tok3,6.294873237609863
2582,saint_sac_tok3,1.3260259628295898
2583,saint_sac_tok3,3.230825424194336
2584,saint_sac_tok3,0.8681583404541016
2585,saint_sac_tok3,4.210319519042969
2586,saint_sac_tok3,1.9036121368408203
2587,saint_sac_tok3,2.6829442977905273
2588,saint_sac_tok3,4.2680559158325195
2589,saint_sac_tok3,0.47010231018066406
2590,saint_sac_tok3,0.6935653686523438
2591,saint_sac_tok3,3.7516555786132812
2592,saint_sac_tok3,1.5162601470947266
2593,saint_sac_tok3,2.673686981201172
2594,saint_sac_tok3,1.297926902770996
2595,saint_sac_tok3,1.6113262176513672
2596,saint_sac_tok3,1.7551860809326172
2597,saint_sac_tok3,0.8305463790893555
2598,saint_sac_tok3,4.83052921295166
2599,saint_sac_tok3,1.820932388305664
2600,saint_sac_tok3,-0.5002613067626953
2601,saint_sac_tok3,1.32257080078125
2602,saint_sac_tok3,0.8041362762451172
2603,saint_sac_tok3,5.814019203186035
2604,saint_sac_tok3,0.6453437805175781
2605,saint_sac_tok3,1.1720104217529297
2606,saint_sac_tok3,2.390411376953125
2607,saint_sac_tok3,0.23825359344482422
2608,saint_sac_tok3,1.285186767578125
2609,saint_sac_tok3,0.31766319274902344
2610,saint_sac_tok3,2.07022762298584
2611,saint_sac_tok3,0.4410429000854492
2612,saint_sac_tok3,2.147571563720703
2613,saint_sac_tok3,1.9006767272949219
2614,saint_sac_tok3,3.3309316635131836
2615,saint_sac_tok3,2.9242401123046875
2616,saint_sac_tok3,2.869434356689453
2617,saint_sac_tok3,0.9467067718505859
2618,saint_sac_tok3,1.9414024353027344
2619,saint_sac_tok3,0.24373912811279297
2620,saint_sac_tok3,2.1695680618286133
2621,saint_sac_tok3,4.355157852172852
2622,saint_sac_tok3,1.900040626525879
2623,saint_sac_tok3,2.301258087158203
2624,saint_sac_tok3,2.319164276123047
2625,saint_sac_tok3,1.241124153137207
2626,saint_sac_tok3,2.0846853256225586
2627,saint_sac_tok3,1.0956573486328125
2628,saint_sac_tok3,0.5985498428344727
2629,saint_sac_tok3,1.0329933166503906
2630,saint_sac_tok3,1.648961067199707
2631,saint_sac_tok3,1.500563621520996
2632,saint_sac_tok3,0.4385843276977539
2633,saint_sac_tok3,1.0849437713623047
2634,saint_sac_tok3,3.2987184524536133
2635,saint_sac_tok3,0.28838157653808594
2636,saint_sac_tok3,0.7754449844360352
2637,saint_sac_tok3,5.807622909545898
2638,saint_sac_tok3,1.6261491775512695
2639,saint_sac_tok3,0.6002588272094727
2640,saint_sac_tok3,1.2036685943603516
2641,saint_sac_tok3,0.8722801208496094
2642,saint_sac_tok3,0.4799060821533203
2643,saint_sac_tok3,4.054143905639648
2644,saint_sac_tok3,2.109267234802246
2645,saint_sac_tok3,0.5103206634521484
2646,saint_sac_tok3,2.973067283630371
2647,saint_sac_tok3,1.654561996459961
2648,saint_sac_tok3,0.14467716217041016
2649,saint_sac_tok3,0.2574949264526367
2650,saint_sac_tok3,1.1000146865844727
2651,saint_sac_tok3,1.4602699279785156
2652,saint_sac_tok3,1.3318099975585938
2653,saint_sac_tok3,1.2323341369628906
2654,saint_sac_tok3,2.883516311645508
2655,saint_sac_tok3,-1.1036815643310547
2656,saint_sac_tok3,-0.5621023178100586
2657,saint_sac_tok3,3.154827117919922
2658,saint_sac_tok3,3.137881278991699
2659,saint_sac_tok3,3.047152519226074
2660,saint_sac_tok3,2.268740653991699
2661,saint_sac_tok3,1.4488744735717773
2662,saint_sac_tok3,3.475510597229004
2663,saint_sac_tok3,2.1089630126953125
2664,saint_sac_tok3,1.9274263381958008
2665,saint_sac_tok3,5.814172744750977
2666,saint_sac_tok3,-0.4580230712890625
2667,saint_sac_tok3,2.0090579986572266
2668,saint_sac_tok3,2.1623382568359375
2669,saint_sac_tok3,0.32802677154541016
2670,saint_sac_tok3,5.447179794311523
2671,saint_sac_tok3,1.3571062088012695
2672,saint_sac_tok3,0.788966178894043
2673,saint_sac_tok3,2.043290138244629
2674,saint_sac_tok3,3.0879011154174805
2675,saint_sac_tok3,2.6136550903320312
2676,saint_sac_tok3,2.313624382019043
2677,saint_sac_tok3,1.8245277404785156
2678,saint_sac_tok3,2.638688087463379
2679,saint_sac_tok3,0.6705427169799805
2680,saint_sac_tok3,0.7090835571289062
2681,saint_sac_tok3,1.9937810897827148
2682,saint_sac_tok3,-0.5049667358398438
2683,saint_sac_tok3,2.1577749252319336
2684,saint_sac_tok3,3.186666488647461
2685,saint_sac_tok3,1.4950847625732422
2686,saint_sac_tok3,1.3240861892700195
2687,saint_sac_tok3,1.3986616134643555
2688,saint_sac_tok3,1.139632225036621
2689,saint_sac_tok3,0.4837627410888672
2690,saint_sac_tok3,1.4046602249145508
2691,saint_sac_tok3,2.269110679626465
2692,saint_sac_tok3,-0.4235982894897461
2693,saint_sac_tok3,2.325058937072754
2694,saint_sac_tok3,1.7222900390625
2695,saint_sac_tok3,1.989095687866211
2696,saint_sac_tok3,1.2858591079711914
2697,saint_sac_tok3,0.8179597854614258
2698,saint_sac_tok3,0.38808155059814453
2699,saint_sac_tok3,3.016615867614746
2700,saint_sac_tok3,3.114431381225586
2701,saint_sac_tok3,-0.00737762451171875
2702,saint_sac_tok3,5.196267127990723
2703,saint_sac_tok3,2.4509973526000977
2704,saint_sac_tok3,1.5569391250610352
2705,saint_sac_tok3,1.4307689666748047
2706,saint_sac_tok3,1.1709585189819336
2707,saint_sac_tok3,1.9600553512573242
2708,saint_sac_tok3,1.0658979415893555
2709,saint_sac_tok3,3.5464935302734375
2710,saint_sac_tok3,1.514714241027832
2711,saint_sac_tok3,0.3921985626220703
2712,saint_sac_tok3,4.632070541381836
2713,saint_sac_tok3,2.168084144592285
2714,saint_sac_tok3,1.3092355728149414
2715,saint_sac_tok3,3.4200992584228516
2716,saint_sac_tok3,0.6846685409545898
2717,saint_sac_tok3,1.0353403091430664
2718,saint_sac_tok3,0.051372528076171875
2719,saint_sac_tok3,1.8424715995788574
2720,saint_sac_tok3,2.811964988708496
2721,saint_sac_tok3,1.084914207458496
2722,saint_sac_tok3,2.021977424621582
2723,saint_sac_tok3,1.0505075454711914
2724,saint_sac_tok3,0.6351823806762695
2725,saint_sac_tok3,2.5753774642944336
2726,saint_sac_tok3,-0.2539243698120117
2727,saint_sac_tok3,1.8326482772827148
2728,saint_sac_tok3,2.2296876907348633
2729,saint_sac_tok3,0.9373807907104492
2730,saint_sac_tok3,0.2913961410522461
2731,saint_sac_tok3,2.5304832458496094
2732,saint_sac_tok3,3.313631057739258
2733,saint_sac_tok3,0.610774040222168
2734,saint_sac_tok3,1.1145172119140625
2735,saint_sac_tok3,1.6009254455566406
2736,saint_sac_tok3,0.08913040161132812
2737,saint_sac_tok3,2.773225784301758
2738,saint_sac_tok3,0.9032258987426758
2739,saint_sac_tok3,7.795663356781006
2740,saint_sac_tok3,0.2245168685913086
2741,saint_sac_tok3,-0.8887977600097656
2742,saint_sac_tok3,1.947007179260254
2743,saint_sac_tok3,3.3458547592163086
2744,saint_sac_tok3,1.2491636276245117
2745,saint_sac_tok3,1.0137691497802734
2746,saint_sac_tok3,2.5403480529785156
2747,saint_sac_tok3,0.6564178466796875
2748,saint_sac_tok3,1.1093549728393555
2749,saint_sac_tok3,0.7337474822998047
2750,saint_sac_tok3,4.613796234130859
2751,saint_sac_tok3,1.160202980041504
2752,saint_sac_tok3,0.8404216766357422
2753,saint_sac_tok3,4.496896743774414
2754,saint_sac_tok3,2.7415294647216797
2755,saint_sac_tok3,5.361793518066406
2756,saint_sac_tok3,0.2407207489013672
2757,saint_sac_tok3,5.696089267730713
2758,saint_sac_tok3,0.8006763458251953
2759,saint_sac_tok3,1.7096452713012695
2760,saint_sac_tok3,1.4082574844360352
2761,saint_sac_tok3,1.4614591598510742
2762,saint_sac_tok3,3.914011001586914
2763,saint_sac_tok3,0.13207340240478516
2764,saint_sac_tok3,1.3717985153198242
2765,saint_sac_tok3,1.547072410583496
2766,saint_sac_tok3,0.7196331024169922
2767,saint_sac_tok3,1.6141633987426758
2768,saint_sac_tok3,3.417447090148926
2769,saint_sac_tok3,4.258822441101074
2770,saint_sac_tok3,1.6974191665649414
2771,saint_sac_tok3,1.748976707458496
2772,saint_sac_tok3,3.0693626403808594
2773,saint_sac_tok3,3.6187448501586914
2774,saint_sac_tok3,2.7589731216430664
2775,saint_sac_tok3,0.4206686019897461
2776,saint_sac_tok3,1.2297334671020508
2777,saint_sac_tok3,1.825113296508789
2778,saint_sac_tok3,1.8924388885498047
2779,saint_sac_tok3,0.7624950408935547
2780,saint_sac_tok3,0.7149219512939453
2781,saint_sac_tok3,4.410696029663086
2782,saint_sac_tok3,2.434605598449707
2783,saint_sac_tok3,0.6526679992675781
2784,saint_sac_tok3,0.7205734252929688
2785,saint_sac_tok3,2.1782665252685547
2786,saint_sac_tok3,1.6142024993896484
2787,saint_sac_tok3,1.8260984420776367
2788,saint_sac_tok3,2.0894527435302734
2789,saint_sac_tok3,3.5985755920410156
2790,saint_sac_tok3,3.1392078399658203
2791,saint_sac_tok3,3.0559539794921875
2792,saint_sac_tok3,1.5806379318237305
2793,saint_sac_tok3,3.212888717651367
2794,saint_sac_tok3,2.7497692108154297
2795,saint_sac_tok3,1.4259347915649414
2796,saint_sac_tok3,1.053889274597168
2797,saint_sac_tok3,0.6556301116943359
2798,saint_sac_tok3,1.3163948059082031
2799,saint_sac_tok3,5.447325706481934
2800,saint_sac_tok3,0.542851448059082
2801,saint_sac_tok3,4.824637413024902
2802,saint_sac_tok3,1.9388418197631836
2803,saint_sac_tok3,1.2249088287353516
2804,saint_sac_tok3,4.588345527648926
2805,saint_sac_tok3,4.867116928100586
2806,saint_sac_tok3,1.3197383880615234
2807,saint_sac_tok3,0.6940183639526367
2808,saint_sac_tok3,0.7535457611083984
2809,saint_sac_tok3,2.3138465881347656
2810,saint_sac_tok3,2.2707815170288086
2811,saint_sac_tok3,1.5031871795654297
2812,saint_sac_tok3,3.2975425720214844
2813,saint_sac_tok3,-0.3916158676147461
2814,saint_sac_tok3,2.6007890701293945
2815,saint_sac_tok3,0.8654861450195312
2816,saint_sac_tok3,0.24923992156982422
2817,saint_sac_tok3,3.8593292236328125
2818,saint_sac_tok3,2.3600311279296875
2819,saint_sac_tok3,2.780646324157715
2820,saint_sac_tok3,2.0879459381103516
2821,saint_sac_tok3,1.0559043884277344
2822,saint_sac_tok3,-0.005504608154296875
2823,saint_sac_tok3,1.2142744064331055
2824,saint_sac_tok3,1.212362289428711
2825,saint_sac_tok3,0.05173492431640625
2826,saint_sac_tok3,2.7734127044677734
2827,saint_sac_tok3,3.053140640258789
2828,saint_sac_tok3,1.5275096893310547
2829,saint_sac_tok3,2.5827102661132812
2830,saint_sac_tok3,4.533447265625
2831,saint_sac_tok3,1.9964256286621094
2832,saint_sac_tok3,1.3018836975097656
2833,saint_sac_tok3,0.6293973922729492
2834,saint_sac_tok3,2.4808406829833984
2835,saint_sac_tok3,1.4987545013427734
2836,saint_sac_tok3,0.9492473602294922
2837,saint_sac_tok3,0.46626758575439453
2838,saint_sac_tok3,0.35578441619873047
2839,saint_sac_tok3,2.239013671875
2840,saint_sac_tok3,2.943826675415039
2841,saint_sac_tok3,1.8543024063110352
2842,saint_sac_tok3,0.4283771514892578
2843,saint_sac_tok3,-0.3288288116455078
2844,saint_sac_tok3,3.804966926574707
2845,saint_sac_tok3,3.451017379760742
2846,saint_sac_tok3,3.0833311080932617
2847,saint_sac_tok3,2.0681467056274414
2848,saint_sac_tok3,1.3938579559326172
2849,saint_sac_tok3,2.0997142791748047
2850,saint_sac_tok3,1.5242509841918945
2851,saint_sac_tok3,2.049689292907715
2852,saint_sac_tok3,2.568410873413086
2853,saint_sac_tok3,2.0594120025634766
2854,saint_sac_tok3,1.2440671920776367
2855,saint_sac_tok3,2.1285905838012695
2856,saint_sac_tok3,3.320052146911621
2857,saint_sac_tok3,2.7588672637939453
2858,saint_sac_tok3,2.7809057235717773
2859,saint_sac_tok3,1.465832233428955
2860,saint_sac_tok3,4.035242080688477
2861,saint_sac_tok3,0.28198909759521484
2862,saint_sac_tok3,1.465010643005371
2863,saint_sac_tok3,0.49141502380371094
2864,saint_sac_tok3,2.1217041015625
2865,saint_sac_tok3,1.1825628280639648
2866,saint_sac_tok3,1.3852691650390625
2867,saint_sac_tok3,1.3192377090454102
2868,saint_sac_tok3,3.064472198486328
2869,saint_sac_tok3,0.8339376449584961
2870,saint_sac_tok3,0.9868812561035156
2871,saint_sac_tok3,1.7303171157836914
2872,saint_sac_tok3,-0.48316383361816406
2873,saint_sac_tok3,1.7132673263549805
2874,saint_sac_tok3,2.1017818450927734
2875,saint_sac_tok3,2.141561508178711
2876,saint_sac_tok3,3.733602523803711
2877,saint_sac_tok3,3.0568456649780273
2878,saint_sac_tok3,0.8156948089599609
2879,saint_sac_tok3,2.3907432556152344
2880,saint_sac_tok3,2.668733596801758
2881,saint_sac_tok3,0.7825803756713867
2882,saint_sac_tok3,1.2662639617919922
2883,saint_sac_tok3,0.28377532958984375
2884,saint_sac_tok3,1.3997507095336914
2885,saint_sac_tok3,1.165740966796875
2886,saint_sac_tok3,0.38100433349609375
2887,saint_sac_tok3,1.5201177597045898
2888,saint_sac_tok3,4.60339879989624
2889,saint_sac_tok3,0.9725837707519531
2890,saint_sac_tok3,2.296875
2891,saint_sac_tok3,0.8128452301025391
2892,saint_sac_tok3,0.40837669372558594
2893,saint_sac_tok3,1.9128332138061523
2894,saint_sac_tok3,7.1760406494140625
2895,saint_sac_tok3,3.828982353210449
2896,saint_sac_tok3,1.892435073852539
2897,saint_sac_tok3,1.2105789184570312
2898,saint_sac_tok3,1.615797996520996
2899,saint_sac_tok3,2.7253456115722656
2900,saint_sac_tok3,-0.04480457305908203
2901,saint_sac_tok3,2.6991958618164062
2902,saint_sac_tok3,1.8736858367919922
2903,saint_sac_tok3,1.9564647674560547
2904,saint_sac_tok3,4.412992477416992
2905,saint_sac_tok3,2.1545562744140625
2906,saint_sac_tok3,0.3101644515991211
2907,saint_sac_tok3,2.8843374252319336
2908,saint_sac_tok3,0.70501708984375
2909,saint_sac_tok3,4.789588928222656
2910,saint_sac_tok3,2.3972034454345703
2911,saint_sac_tok3,0.13646602630615234
2912,saint_sac_tok3,2.8857622146606445
2913,saint_sac_tok3,1.9258909225463867
2914,saint_sac_tok3,-0.20819377899169922
2915,saint_sac_tok3,2.526749610900879
2916,saint_sac_tok3,2.0232324600219727
2917,saint_sac_tok3,2.8408336639404297
2918,saint_sac_tok3,1.5115041732788086
2919,saint_sac_tok3,1.9762535095214844
2920,saint_sac_tok3,3.6270017623901367
2921,saint_sac_tok3,3.136225700378418
2922,saint_sac_tok3,2.344296455383301
2923,saint_sac_tok3,2.203533172607422
2924,saint_sac_tok3,1.5246391296386719
2925,saint_sac_tok3,1.4735116958618164
2926,saint_sac_tok3,6.40208625793457
2927,saint_sac_tok3,2.169857978820801
2928,saint_sac_tok3,1.3950090408325195
2929,saint_sac_tok3,1.581883430480957
2930,saint_sac_tok3,3.3539247512817383
2931,saint_sac_tok3,3.5020837783813477
2932,saint_sac_tok3,1.9288206100463867
2933,saint_sac_tok3,-0.5788249969482422
2934,saint_sac_tok3,4.119403839111328
2935,saint_sac_tok3,5.123773574829102
2936,saint_sac_tok3,5.494353294372559
2937,saint_sac_tok3,0.6893777847290039
2938,saint_sac_tok3,0.7280063629150391
2939,saint_sac_tok3,0.6049365997314453
2940,saint_sac_tok3,1.321746826171875
2941,saint_sac_tok3,0.04864978790283203
2942,saint_sac_tok3,1.633439064025879
2943,saint_sac_tok3,2.4117226600646973
2944,saint_sac_tok3,3.2478208541870117
2945,saint_sac_tok3,-0.04027843475341797
2946,saint_sac_tok3,2.0115442276000977
2947,saint_sac_tok3,1.6334247589111328
2948,saint_sac_tok3,-0.03322315216064453
2949,saint_sac_tok3,2.766063690185547
2950,saint_sac_tok3,3.209866523742676
2951,saint_sac_tok3,4.176313400268555
2952,saint_sac_tok3,1.4177017211914062
2953,saint_sac_tok3,2.211681365966797
2954,saint_sac_tok3,1.690500259399414
2955,saint_sac_tok3,3.8059253692626953
2956,saint_sac_tok3,0.5317173004150391
2957,saint_sac_tok3,2.6114139556884766
2958,saint_sac_tok3,3.317066192626953
2959,saint_sac_tok3,2.761474609375
2960,saint_sac_tok3,1.7384796142578125
2961,saint_sac_tok3,2.4016904830932617
2962,saint_sac_tok3,2.098470687866211
2963,saint_sac_tok3,2.8332252502441406
2964,saint_sac_tok3,-0.12436580657958984
2965,saint_sac_tok3,0.969085693359375
2966,saint_sac_tok3,-0.17339706420898438
2967,saint_sac_tok3,4.37701416015625
2968,saint_sac_tok3,2.3433260917663574
2969,saint_sac_tok3,3.3727211952209473
2970,saint_sac_tok3,1.6934432983398438
2971,saint_sac_tok3,5.018685340881348
2972,saint_sac_tok3,0.8730258941650391
2973,saint_sac_tok3,1.3618440628051758
2974,saint_sac_tok3,3.4718313217163086
2975,saint_sac_tok3,0.9421939849853516
2976,saint_sac_tok3,1.6530160903930664
2977,saint_sac_tok3,2.2680978775024414
2978,saint_sac_tok3,0.9145164489746094
2979,saint_sac_tok3,4.181815147399902
2980,saint_sac_tok3,0.7622756958007812
2981,saint_sac_tok3,2.104543685913086
2982,saint_sac_tok3,1.4811601638793945
2983,saint_sac_tok3,1.4789619445800781
2984,saint_sac_tok3,3.8807945251464844
2985,saint_sac_tok3,1.8203458786010742
2986,saint_sac_tok3,1.7098617553710938
2987,saint_sac_tok3,1.0630388259887695
2988,saint_sac_tok3,0.9883127212524414
2989,saint_sac_tok3,1.3607378005981445
2990,saint_sac_tok3,1.5953903198242188
2991,saint_sac_tok3,3.9315929412841797
2992,saint_sac_tok3,3.348402976989746
2993,saint_sac_tok3,1.7818784713745117
2994,saint_sac_tok3,2.981450080871582
2995,saint_sac_tok3,0.8936328887939453
2996,saint_sac_tok3,2.35629940032959
2997,saint_sac_tok3,0.925811767578125
2998,saint_sac_tok3,0.8526077270507812
2999,saint_sac_tok3,0.07001972198486328
3000,saint_sac_tok3,1.8946752548217773
3001,saint_sac_tok3,2.9207849502563477
3002,saint_sac_tok3,0.8456592559814453
3003,saint_sac_tok3,1.1597900390625
3004,saint_sac_tok3,0.6960391998291016
3005,saint_sac_tok3,1.7088308334350586
3006,saint_sac_tok3,1.5442543029785156
3007,saint_sac_tok3,2.2703189849853516
3008,saint_sac_tok3,1.2525768280029297
3009,saint_sac_tok3,0.5739164352416992
3010,saint_sac_tok3,0.9374990463256836
3011,saint_sac_tok3,1.9738397598266602
3012,saint_sac_tok3,4.276782989501953
3013,saint_sac_tok3,1.365560531616211
3014,saint_sac_tok3,1.970693588256836
3015,saint_sac_tok3,3.730463981628418
3016,saint_sac_tok3,5.323939323425293
3017,saint_sac_tok3,3.275416374206543
3018,saint_sac_tok3,0.2506990432739258
3019,saint_sac_tok3,2.132925033569336
3020,saint_sac_tok3,0.9143085479736328
3021,saint_sac_tok3,4.450589179992676
3022,saint_sac_tok3,4.693453788757324
3023,saint_sac_tok3,3.474109649658203
3024,saint_sac_tok3,6.571463584899902
3025,saint_sac_tok3,1.2255849838256836
3026,saint_sac_tok3,1.2748680114746094
3027,saint_sac_tok3,1.7317819595336914
3028,saint_sac_tok3,1.8927078247070312
3029,saint_sac_tok3,1.1310176849365234
3030,saint_sac_tok3,1.4728431701660156
3031,saint_sac_tok3,1.0000991821289062
3032,saint_sac_tok3,4.952096939086914
3033,saint_sac_tok3,2.562037467956543
3034,saint_sac_tok3,4.646817207336426
3035,saint_sac_tok3,1.9231958389282227
3036,saint_sac_tok3,1.012955665588379
3037,saint_sac_tok3,7.468798637390137
3038,saint_sac_tok3,1.3342399597167969
3039,saint_sac_tok3,3.0585241317749023
3040,saint_sac_tok3,5.716998100280762
3041,saint_sac_tok3,1.8399677276611328
3042,saint_sac_tok3,0.3401660919189453
3043,saint_sac_tok3,1.297450065612793
3044,saint_sac_tok3,0.7953939437866211
3045,saint_sac_tok3,1.7057256698608398
3046,saint_sac_tok3,1.8494329452514648
3047,saint_sac_tok3,1.0791473388671875
3048,saint_sac_tok3,2.7393083572387695
3049,saint_sac_tok3,1.814560890197754
3050,saint_sac_tok3,0.8517074584960938
3051,saint_sac_tok3,1.0048274993896484
3052,saint_sac_tok3,2.2533884048461914
3053,saint_sac_tok3,0.899200439453125
3054,saint_sac_tok3,1.7161588668823242
3055,saint_sac_tok3,-0.7204265594482422
3056,saint_sac_tok3,1.5237951278686523
3057,saint_sac_tok3,1.1040935516357422
3058,saint_sac_tok3,1.359004020690918
3059,saint_sac_tok3,3.1472349166870117
3060,saint_sac_tok3,2.938852310180664
3061,saint_sac_tok3,1.930185317993164
3062,saint_sac_tok3,1.051168441772461
3063,saint_sac_tok3,-0.18001937866210938
3064,saint_sac_tok3,0.6943988800048828
3065,saint_sac_tok3,4.496942520141602
3066,saint_sac_tok3,1.354684829711914
3067,saint_sac_tok3,5.854127883911133
3068,saint_sac_tok3,1.9210634231567383
3069,saint_sac_tok3,2.151963233947754
3070,saint_sac_tok3,3.9703521728515625
3071,saint_sac_tok3,1.332479476928711
3072,saint_sac_tok3,1.4154386520385742
3073,saint_sac_tok3,2.119694709777832
3074,saint_sac_tok3,3.4353294372558594
3075,saint_sac_tok3,0.36333751678466797
3076,saint_sac_tok3,2.8607492446899414
3077,saint_sac_tok3,2.047305107116699
3078,saint_sac_tok3,2.3773632049560547
3079,saint_sac_tok3,2.2794857025146484
3080,saint_sac_tok3,1.224863052368164
3081,saint_sac_tok3,3.0253067016601562
3082,saint_sac_tok3,0.2595024108886719
3083,saint_sac_tok3,2.605870246887207
3084,saint_sac_tok3,0.7015495300292969
3085,saint_sac_tok3,1.8066625595092773
3086,saint_sac_tok3,1.2085809707641602
3087,saint_sac_tok3,2.450242042541504
3088,saint_sac_tok3,-0.17574787139892578
3089,saint_sac_tok3,6.3251190185546875
3090,saint_sac_tok3,3.8659439086914062
3091,saint_sac_tok3,2.222956657409668
3092,saint_sac_tok3,1.0365142822265625
3093,saint_sac_tok3,3.089996337890625
3094,saint_sac_tok3,1.4656009674072266
3095,saint_sac_tok3,2.6117563247680664
3096,saint_sac_tok3,0.9874582290649414
3097,saint_sac_tok3,-0.4398031234741211
3098,saint_sac_tok3,2.208102226257324
3099,saint_sac_tok3,0.42296314239501953
3100,saint_sac_tok3,1.8109626770019531
3101,saint_sac_tok3,0.8651561737060547
3102,saint_sac_tok3,2.691478729248047
3103,saint_sac_tok3,0.9755644798278809
3104,saint_sac_tok3,0.3628692626953125
3105,saint_sac_tok3,2.0785436630249023
3106,saint_sac_tok3,0.21163463592529297
3107,saint_sac_tok3,1.8129549026489258
3108,saint_sac_tok3,0.9108991622924805
3109,saint_sac_tok3,-1.1818675994873047
3110,saint_sac_tok3,0.47679901123046875
3111,saint_sac_tok3,1.6187610626220703
3112,saint_sac_tok3,-0.9685764312744141
3113,saint_sac_tok3,1.3919992446899414
3114,saint_sac_tok3,1.897216796875
3115,saint_sac_tok3,1.4793176651000977
3116,saint_sac_tok3,1.7451972961425781
3117,saint_sac_tok3,2.192152976989746
3118,saint_sac_tok3,3.361800193786621
3119,saint_sac_tok3,0.4621906280517578
3120,saint_sac_tok3,1.4395456314086914
3121,saint_sac_tok3,2.8909807205200195
3122,saint_sac_tok3,3.45914363861084
3123,saint_sac_tok3,1.1373558044433594
3124,saint_sac_tok3,1.2418231964111328
3125,saint_sac_tok3,1.0955638885498047
3126,saint_sac_tok3,0.7837257385253906
3127,saint_sac_tok3,2.274923324584961
3128,saint_sac_tok3,1.1085615158081055
3129,saint_sac_tok3,4.708769798278809
3130,saint_sac_tok3,2.4306631088256836
3131,saint_sac_tok3,3.0911941528320312
3132,saint_sac_tok3,0.10127925872802734
3133,saint_sac_tok3,0.6458578109741211
3134,saint_sac_tok3,1.1338586807250977
3135,saint_sac_tok3,2.2169694900512695
3136,saint_sac_tok3,0.006438255310058594
3137,saint_sac_tok3,1.8140192031860352
3138,saint_sac_tok3,1.325129508972168
3139,saint_sac_tok3,0.7665996551513672
3140,saint_sac_tok3,4.048578262329102
3141,saint_sac_tok3,1.751997947692871
3142,saint_sac_tok3,2.0473241806030273
3143,saint_sac_tok3,3.129176139831543
3144,saint_sac_tok3,0.8764829635620117
3145,saint_sac_tok3,2.7847328186035156
3146,saint_sac_tok3,3.7140979766845703
3147,saint_sac_tok3,1.1753711700439453
3148,saint_sac_tok3,1.2166481018066406
3149,saint_sac_tok3,1.2655258178710938
3150,saint_sac_tok3,1.335418701171875
3151,saint_sac_tok3,1.3629264831542969
3152,saint_sac_tok3,2.033132553100586
3153,saint_sac_tok3,3.4813003540039062
3154,saint_sac_tok3,1.9723529815673828
3155,saint_sac_tok3,3.1788949966430664
3156,saint_sac_tok3,0.8393478393554688
3157,saint_sac_tok3,2.453777313232422
3158,saint_sac_tok3,0.5999841690063477
3159,saint_sac_tok3,2.2417030334472656
3160,saint_sac_tok3,1.750340461730957
3161,saint_sac_tok3,1.1506280899047852
3162,saint_sac_tok3,0.14093780517578125
3163,saint_sac_tok3,1.3904523849487305
3164,saint_sac_tok3,3.702547073364258
3165,saint_sac_tok3,1.269510269165039
3166,saint_sac_tok3,2.5830955505371094
3167,saint_sac_tok3,1.8131322860717773
3168,saint_sac_tok3,2.6125545501708984
3169,saint_sac_tok3,1.580148696899414
3170,saint_sac_tok3,1.3440217971801758
3171,saint_sac_tok3,1.4122533798217773
3172,saint_sac_tok3,1.3350133895874023
3173,saint_sac_tok3,0.2375192642211914
3174,saint_sac_tok3,2.0725011825561523
3175,saint_sac_tok3,1.7480430603027344
3176,saint_sac_tok3,0.3455162048339844
3177,saint_sac_tok3,2.23561954498291
3178,saint_sac_tok3,0.22266292572021484
3179,saint_sac_tok3,1.6776838302612305
3180,saint_sac_tok3,4.262207508087158
3181,saint_sac_tok3,2.582076072692871
3182,saint_sac_tok3,3.651702880859375
3183,saint_sac_tok3,1.7992029190063477
3184,saint_sac_tok3,2.2323989868164062
3185,saint_sac_tok3,2.5649538040161133
3186,saint_sac_tok3,3.081873893737793
3187,saint_sac_tok3,1.208308219909668
3188,saint_sac_tok3,2.30039119720459
3189,saint_sac_tok3,1.918203353881836
3190,saint_sac_tok3,1.0308685302734375
3191,saint_sac_tok3,1.5444974899291992
3192,saint_sac_tok3,0.6181478500366211
3193,saint_sac_tok3,0.570836067199707
3194,saint_sac_tok3,1.2806968688964844
3195,saint_sac_tok3,0.30135345458984375
3196,saint_sac_tok3,1.1978187561035156
3197,saint_sac_tok3,-0.23671913146972656
3198,saint_sac_tok3,0.9294395446777344
3199,saint_sac_tok3,0.9835271835327148
3200,saint_sac_tok3,1.525620460510254
3201,saint_sac_tok3,1.1134042739868164
3202,saint_sac_tok3,0.5914115905761719
3203,saint_sac_tok3,2.4011125564575195
3204,saint_sac_tok3,0.050087928771972656
3205,saint_sac_tok3,1.0376510620117188
3206,saint_sac_tok3,1.2507686614990234
3207,saint_sac_tok3,4.551229476928711
3208,saint_sac_tok3,1.1485891342163086
3209,saint_sac_tok3,2.007488250732422
3210,saint_sac_tok3,3.5751113891601562
3211,saint_sac_tok3,1.279397964477539
3212,saint_sac_tok3,2.4567975997924805
3213,saint_sac_tok3,2.7281970977783203
3214,saint_sac_tok3,0.4163694381713867
3215,saint_sac_tok3,0.49390411376953125
3216,saint_sac_tok3,6.148631572723389
3217,saint_sac_tok3,2.025941848754883
3218,saint_sac_tok3,2.991727828979492
3219,saint_sac_tok3,1.4968557357788086
3220,saint_sac_tok3,2.2412452697753906
3221,saint_sac_tok3,1.5073957443237305
3222,saint_sac_tok3,1.9391727447509766
3223,saint_sac_tok3,0.30408382415771484
3224,saint_sac_tok3,1.5802326202392578
3225,saint_sac_tok3,2.37213134765625
3226,saint_sac_tok3,6.371461868286133
3227,saint_sac_tok3,1.6532878875732422
3228,saint_sac_tok3,2.6287355422973633
3229,saint_sac_tok3,3.513976573944092
3230,saint_sac_tok3,2.596803665161133
3231,saint_sac_tok3,2.5239524841308594
3232,saint_sac_tok3,1.6890983581542969
3233,saint_sac_tok3,0.6137466430664062
3234,saint_sac_tok3,-0.02922344207763672
3235,saint_sac_tok3,0.8575849533081055
3236,saint_sac_tok3,3.032468795776367
3237,saint_sac_tok3,2.6953115463256836
3238,saint_sac_tok3,-0.4031944274902344
3239,saint_sac_tok3,3.310159683227539
3240,saint_sac_tok3,4.208256721496582
3241,saint_sac_tok3,2.5912818908691406
3242,saint_sac_tok3,1.9184608459472656
3243,saint_sac_tok3,2.1158905029296875
3244,saint_sac_tok3,3.1830759048461914
3245,saint_sac_tok3,1.5132246017456055
3246,saint_sac_tok3,1.0832586288452148
3247,saint_sac_tok3,3.1679039001464844
3248,saint_sac_tok3,2.6468429565429688
3249,saint_sac_tok3,5.244712829589844
3250,saint_sac_tok3,1.7987337112426758
3251,saint_sac_tok3,3.415797233581543
3252,saint_sac_tok3,-0.1497507095336914
3253,saint_sac_tok3,0.2840461730957031
3254,saint_sac_tok3,4.572868347167969
3255,saint_sac_tok3,0.7430267333984375
3256,saint_sac_tok3,1.3720531463623047
3257,saint_sac_tok3,6.569730758666992
3258,saint_sac_tok3,2.1440792083740234
3259,saint_sac_tok3,1.5220508575439453
3260,saint_sac_tok3,0.5046329498291016
3261,saint_sac_tok3,0.6993808746337891
3262,saint_sac_tok3,5.893528938293457
3263,saint_sac_tok3,1.9809417724609375
3264,saint_sac_tok3,1.6438941955566406
3265,saint_sac_tok3,0.8612957000732422
3266,saint_sac_tok3,0.7601766586303711
3267,saint_sac_tok3,2.1896677017211914
3268,saint_sac_tok3,8.416097640991211
3269,saint_sac_tok3,0.9504384994506836
3270,saint_sac_tok3,0.48242664337158203
3271,saint_sac_tok3,0.9715747833251953
3272,saint_sac_tok3,0.8383092880249023
3273,saint_sac_tok3,1.288991928100586
3274,saint_sac_tok3,2.490009307861328
3275,saint_sac_tok3,1.6423397064208984
3276,saint_sac_tok3,4.781106948852539
3277,saint_sac_tok3,2.222076416015625
3278,saint_sac_tok3,1.7794666290283203
3279,saint_sac_tok3,5.505991458892822
3280,saint_sac_tok3,1.2703933715820312
3281,saint_sac_tok3,1.311553955078125
3282,saint_sac_tok3,1.9737186431884766
3283,saint_sac_tok3,2.5726490020751953
3284,saint_sac_tok3,1.623098373413086
3285,saint_sac_tok3,2.845505714416504
3286,saint_sac_tok3,1.3527345657348633
3287,saint_sac_tok3,2.297353744506836
3288,saint_sac_tok3,4.204700469970703
3289,saint_sac_tok3,4.374329566955566
3290,saint_sac_tok3,0.44705867767333984
3291,saint_sac_tok3,1.7257347106933594
3292,saint_sac_tok3,1.5428953170776367
3293,saint_sac_tok3,0.8565692901611328
3294,saint_sac_tok3,1.7860336303710938
3295,saint_sac_tok3,3.4238786697387695
3296,saint_sac_tok3,1.563277244567871
3297,saint_sac_tok3,1.7796869277954102
3298,saint_sac_tok3,5.593624114990234
3299,saint_sac_tok3,2.9090309143066406
3300,saint_sac_tok3,4.618982315063477
3301,saint_sac_tok3,1.1972999572753906
3302,saint_sac_tok3,1.6367425918579102
3303,saint_sac_tok3,6.4231414794921875
3304,saint_sac_tok3,3.5271120071411133
3305,saint_sac_tok3,0.8956747055053711
3306,saint_sac_tok3,-0.48183250427246094
3307,saint_sac_tok3,-0.6415786743164062
3308,saint_sac_tok3,-0.19402790069580078
3309,saint_sac_tok3,3.6706485748291016
3310,saint_sac_tok3,1.2007036209106445
3311,saint_sac_tok3,0.9503345489501953
3312,saint_sac_tok3,2.4120731353759766
3313,saint_sac_tok3,1.378194808959961
3314,saint_sac_tok3,2.3124828338623047
3315,saint_sac_tok3,2.865907669067383
3316,saint_sac_tok3,3.753157138824463
3317,saint_sac_tok3,0.3936271667480469
3318,saint_sac_tok3,2.7268524169921875
3319,saint_sac_tok3,1.2117443084716797
3320,saint_sac_tok3,2.1852827072143555
3321,saint_sac_tok3,5.505086898803711
3322,saint_sac_tok3,3.8702774047851562
3323,saint_sac_tok3,1.8816308975219727
3324,saint_sac_tok3,1.6281938552856445
3325,saint_sac_tok3,0.6631593704223633
3326,saint_sac_tok3,3.5797672271728516
3327,saint_sac_tok3,0.7513256072998047
3328,saint_sac_tok3,0.7765388488769531
3329,saint_sac_tok3,2.4536285400390625
3330,saint_sac_tok3,3.6867551803588867
3331,saint_sac_tok3,1.9775981903076172
3332,saint_sac_tok3,3.7735910415649414
3333,saint_sac_tok3,1.5286188125610352
3334,saint_sac_tok3,0.3972330093383789
3335,saint_sac_tok3,1.7563037872314453
3336,saint_sac_tok3,3.203176498413086
3337,saint_sac_tok3,1.2548351287841797
3338,saint_sac_tok3,1.5290889739990234
3339,saint_sac_tok3,3.603120803833008
3340,saint_sac_tok3,0.744450569152832
3341,saint_sac_tok3,0.6578807830810547
3342,saint_sac_tok3,1.4893770217895508
3343,saint_sac_tok3,0.7249259948730469
3344,saint_sac_tok3,1.5844955444335938
3345,saint_sac_tok3,2.9690113067626953
3346,saint_sac_tok3,1.3301267623901367
3347,saint_sac_tok3,4.417591094970703
3348,saint_sac_tok3,2.5596485137939453
3349,saint_sac_tok3,1.4451465606689453
3350,saint_sac_tok3,0.9552860260009766
3351,saint_sac_tok3,1.1334733963012695
3352,saint_sac_tok3,0.7524423599243164
3353,saint_sac_tok3,0.6540966033935547
3354,saint_sac_tok3,1.1129436492919922
3355,saint_sac_tok3,4.622873306274414
3356,saint_sac_tok3,0.7254095077514648
3357,saint_sac_tok3,0.08892154693603516
3358,saint_sac_tok3,0.5907278060913086
3359,saint_sac_tok3,1.4009819030761719
3360,saint_sac_tok3,1.5067014694213867
3361,saint_sac_tok3,0.670323371887207
3362,saint_sac_tok3,0.8152360916137695
3363,saint_sac_tok3,1.3490238189697266
3364,saint_sac_tok3,2.3089141845703125
3365,saint_sac_tok3,2.620868682861328
3366,saint_sac_tok3,3.427579879760742
3367,saint_sac_tok3,1.1976194381713867
3368,saint_sac_tok3,2.712164878845215
3369,saint_sac_tok3,3.3071393966674805
3370,saint_sac_tok3,3.1609840393066406
3371,saint_sac_tok3,2.2906322479248047
3372,saint_sac_tok3,0.8568572998046875
3373,saint_sac_tok3,0.5513448715209961
3374,saint_sac_tok3,0.7796211242675781
3375,saint_sac_tok3,0.5651168823242188
3376,saint_sac_tok3,2.0759401321411133
3377,saint_sac_tok3,1.6368236541748047
3378,saint_sac_tok3,1.3713312149047852
3379,saint_sac_tok3,0.8804807662963867
3380,saint_sac_tok3,0.5663423538208008
3381,saint_sac_tok3,1.299149513244629
3382,saint_sac_tok3,4.100192070007324
3383,saint_sac_tok3,0.8748588562011719
3384,saint_sac_tok3,1.245553970336914
3385,saint_sac_tok3,2.8329334259033203
3386,saint_sac_tok3,0.5647182464599609
3387,saint_sac_tok3,2.754164695739746
3388,saint_sac_tok3,0.8348045349121094
3389,saint_sac_tok3,1.233510971069336
3390,saint_sac_tok3,1.0637645721435547
3391,saint_sac_tok3,1.729583740234375
3392,saint_sac_tok3,1.1144886016845703
3393,saint_sac_tok3,3.950516700744629
3394,saint_sac_tok3,1.5377140045166016
3395,saint_sac_tok3,1.3851079940795898
3396,saint_sac_tok3,0.39139747619628906
3397,saint_sac_tok3,1.6637506484985352
3398,saint_sac_tok3,0.7266874313354492
3399,saint_sac_tok3,0.6340770721435547
3400,saint_sac_tok3,0.21726608276367188
3401,saint_sac_tok3,2.15781307220459
3402,saint_sac_tok3,5.636863708496094
3403,saint_sac_tok3,1.5150699615478516
3404,saint_sac_tok3,2.7204341888427734
3405,saint_sac_tok3,0.8009510040283203
3406,saint_sac_tok3,1.6382265090942383
3407,saint_sac_tok3,1.426778793334961
3408,saint_sac_tok3,1.5840692520141602
3409,saint_sac_tok3,0.8658065795898438
3410,saint_sac_tok3,0.6361484527587891
3411,saint_sac_tok3,1.8153343200683594
3412,saint_sac_tok3,3.7160396575927734
3413,saint_sac_tok3,4.035886764526367
3414,saint_sac_tok3,1.3296928405761719
3415,saint_sac_tok3,1.984511375427246
3416,saint_sac_tok3,0.6909170150756836
3417,saint_sac_tok3,1.4906444549560547
3418,saint_sac_tok3,1.5955801010131836
3419,saint_sac_tok3,3.2946081161499023
3420,saint_sac_tok3,1.4462575912475586
3421,saint_sac_tok3,1.540053367614746
3422,saint_sac_tok3,6.306933403015137
3423,saint_sac_tok3,3.4479942321777344
3424,saint_sac_tok3,1.5466480255126953
3425,saint_sac_tok3,0.9842662811279297
3426,saint_sac_tok3,1.3972244262695312
3427,saint_sac_tok3,2.347646713256836
3428,saint_sac_tok3,1.6542625427246094
3429,saint_sac_tok3,2.4006423950195312
3430,saint_sac_tok3,0.033817291259765625
3431,saint_sac_tok3,2.5731773376464844
3432,saint_sac_tok3,3.21743106842041
3433,saint_sac_tok3,1.796701431274414
3434,saint_sac_tok3,2.222598075866699
3435,saint_sac_tok3,1.517655372619629
3436,saint_sac_tok3,-0.021411895751953125
3437,saint_sac_tok3,5.048272132873535
3438,saint_sac_tok3,2.9631242752075195
3439,saint_sac_tok3,5.133284568786621
3440,saint_sac_tok3,0.5213871002197266
3441,saint_sac_tok3,-0.013943672180175781
3442,saint_sac_tok3,2.645322799682617
3443,saint_sac_tok3,1.0074424743652344
3444,saint_sac_tok3,3.7935237884521484
3445,saint_sac_tok3,0.5580110549926758
3446,saint_sac_tok3,2.607913017272949
3447,saint_sac_tok3,4.125812530517578
3448,saint_sac_tok3,0.4706306457519531
3449,saint_sac_tok3,0.657867431640625
3450,saint_sac_tok3,1.3991947174072266
3451,saint_sac_tok3,0.41173458099365234
3452,saint_sac_tok3,2.13232421875
3453,saint_sac_tok3,0.6850299835205078
3454,saint_sac_tok3,0.845820426940918
3455,saint_sac_tok3,0.2158660888671875
3456,saint_sac_tok3,1.9753847122192383
3457,saint_sac_tok3,0.25411415100097656
3458,saint_sac_tok3,1.9317913055419922
3459,saint_sac_tok3,1.5810527801513672
3460,saint_sac_tok3,0.6746902465820312
3461,saint_sac_tok3,2.793476104736328
3462,saint_sac_tok3,1.1410179138183594
3463,saint_sac_tok3,3.7780914306640625
3464,saint_sac_tok3,0.9937820434570312
3465,saint_sac_tok3,1.2284517288208008
3466,saint_sac_tok3,0.9986734390258789
3467,saint_sac_tok3,2.0103721618652344
3468,saint_sac_tok3,0.6156911849975586
3469,saint_sac_tok3,2.0516223907470703
3470,saint_sac_tok3,2.4720077514648438
3471,saint_sac_tok3,0.4128684997558594
3472,saint_sac_tok3,1.480539321899414
3473,saint_sac_tok3,0.14257144927978516
3474,saint_sac_tok3,0.39901065826416016
3475,saint_sac_tok3,1.1426563262939453
3476,saint_sac_tok3,4.759664535522461
3477,saint_sac_tok3,6.029356956481934
3478,saint_sac_tok3,4.510756969451904
3479,saint_sac_tok3,1.3293952941894531
3480,saint_sac_tok3,0.12692642211914062
3481,saint_sac_tok3,1.9195785522460938
3482,saint_sac_tok3,1.4196348190307617
3483,saint_sac_tok3,-0.11736679077148438
3484,saint_sac_tok3,1.1885433197021484
3485,saint_sac_tok3,0.9086065292358398
3486,saint_sac_tok3,0.35796451568603516
3487,saint_sac_tok3,-0.40466785430908203
3488,saint_sac_tok3,1.4741992950439453
3489,saint_sac_tok3,4.244050025939941
3490,saint_sac_tok3,-0.48308753967285156
3491,saint_sac_tok3,0.7816257476806641
3492,saint_sac_tok3,0.9624252319335938
3493,saint_sac_tok3,3.094869613647461
3494,saint_sac_tok3,2.5360536575317383
3495,saint_sac_tok3,1.6696853637695312
3496,saint_sac_tok3,1.3672161102294922
3497,saint_sac_tok3,1.7586688995361328
3498,saint_sac_tok3,3.3190793991088867
3499,saint_sac_tok3,0.2017498016357422
3500,saint_sac_tok3,5.1605329513549805
3501,saint_sac_tok3,1.5404443740844727
3502,saint_sac_tok3,2.4520139694213867
3503,saint_sac_tok3,1.8229875564575195
3504,saint_sac_tok3,-0.3801231384277344
3505,saint_sac_tok3,2.624464988708496
3506,saint_sac_tok3,1.083115577697754
3507,saint_sac_tok3,1.3864870071411133
3508,saint_sac_tok3,2.827768325805664
3509,saint_sac_tok3,1.096623420715332
3510,saint_sac_tok3,0.649876594543457
3511,saint_sac_tok3,0.7355575561523438
3512,saint_sac_tok3,0.6361780166625977
3513,saint_sac_tok3,1.0600557327270508
3514,saint_sac_tok3,5.032591819763184
3515,saint_sac_tok3,3.5660314559936523
3516,saint_sac_tok3,2.023212432861328
3517,saint_sac_tok3,3.6566953659057617
3518,saint_sac_tok3,1.9819469451904297
3519,saint_sac_tok3,4.070774078369141
3520,saint_sac_tok3,2.1679840087890625
3521,saint_sac_tok3,0.23126506805419922
3522,saint_sac_tok3,1.2752504348754883
3523,saint_sac_tok3,1.8651399612426758
3524,saint_sac_tok3,1.2697057723999023
3525,saint_sac_tok3,0.4934883117675781
3526,saint_sac_tok3,0.3942718505859375
3527,saint_sac_tok3,1.0474662780761719
3528,saint_sac_tok3,2.773296356201172
3529,saint_sac_tok3,0.3852815628051758
3530,saint_sac_tok3,0.8061313629150391
3531,saint_sac_tok3,0.08393287658691406
3532,saint_sac_tok3,0.9423379898071289
3533,saint_sac_tok3,3.572368621826172
3534,saint_sac_tok3,2.1558384895324707
3535,saint_sac_tok3,8.500072002410889
3536,saint_sac_tok3,6.806632995605469
3537,saint_sac_tok3,1.6467761993408203
3538,saint_sac_tok3,0.8867206573486328
3539,saint_sac_tok3,2.600513458251953
3540,saint_sac_tok3,1.6433849334716797
3541,saint_sac_tok3,5.5270185470581055
3542,saint_sac_tok3,0.8242731094360352
3543,saint_sac_tok3,1.6878623962402344
3544,saint_sac_tok3,4.306306838989258
3545,saint_sac_tok3,5.374822616577148
3546,saint_sac_tok3,4.137907981872559
3547,saint_sac_tok3,6.381120681762695
3548,saint_sac_tok3,1.7965106964111328
3549,saint_sac_tok3,0.6051244735717773
3550,saint_sac_tok3,3.481146812438965
3551,saint_sac_tok3,4.372871398925781
3552,saint_sac_tok3,0.0804147720336914
3553,saint_sac_tok3,3.837482452392578
3554,saint_sac_tok3,1.7902288436889648
3555,saint_sac_tok3,0.3481903076171875
3556,saint_sac_tok3,3.244400978088379
3557,saint_sac_tok3,2.2593231201171875
3558,saint_sac_tok3,3.811276435852051
3559,saint_sac_tok3,1.7940177917480469
3560,saint_sac_tok3,1.1346845626831055
3561,saint_sac_tok3,1.7131242752075195
3562,saint_sac_tok3,1.2159967422485352
3563,saint_sac_tok3,1.1946277618408203
3564,saint_sac_tok3,1.3272476196289062
3565,saint_sac_tok3,1.3161249160766602
3566,saint_sac_tok3,3.7465124130249023
3567,saint_sac_tok3,4.813488006591797
3568,saint_sac_tok3,0.898655891418457
3569,saint_sac_tok3,3.555598258972168
3570,saint_sac_tok3,1.0154743194580078
3571,saint_sac_tok3,2.32511043548584
3572,saint_sac_tok3,3.404391288757324
3573,saint_sac_tok3,0.3912019729614258
3574,saint_sac_tok3,4.9140424728393555
3575,saint_sac_tok3,2.7749128341674805
3576,saint_sac_tok3,0.7384176254272461
3577,saint_sac_tok3,2.4652137756347656
3578,saint_sac_tok3,3.7502737045288086
3579,saint_sac_tok3,1.5064277648925781
3580,saint_sac_tok3,0.9852819442749023
3581,saint_sac_tok3,2.297504425048828
3582,saint_sac_tok3,3.262080192565918
3583,saint_sac_tok3,1.601888656616211
3584,saint_sac_tok3,1.558955192565918
3585,saint_sac_tok3,2.7068262100219727
3586,saint_sac_tok3,3.610772132873535
3587,saint_sac_tok3,4.846932411193848
3588,saint_sac_tok3,0.9596056938171387
3589,saint_sac_tok3,2.2546472549438477
3590,saint_sac_tok3,2.532987594604492
3591,saint_sac_tok3,0.48073577880859375
3592,saint_sac_tok3,2.067084312438965
3593,saint_sac_tok3,2.2593936920166016
3594,saint_sac_tok3,7.324373245239258
3595,saint_sac_tok3,2.7427244186401367
3596,saint_sac_tok3,3.109926223754883
3597,saint_sac_tok3,1.7037229537963867
3598,saint_sac_tok3,2.4696617126464844
3599,saint_sac_tok3,2.644742965698242
3600,saint_sac_tok3,1.0292320251464844
3601,saint_sac_tok3,1.6855621337890625
3602,saint_sac_tok3,2.935502052307129
3603,saint_sac_tok3,3.735574722290039
3604,saint_sac_tok3,1.6176977157592773
3605,saint_sac_tok3,1.7339668273925781
3606,saint_sac_tok3,0.23917007446289062
3607,saint_sac_tok3,1.3524274826049805
3608,saint_sac_tok3,2.5150184631347656
3609,saint_sac_tok3,1.370492935180664
3610,saint_sac_tok3,3.316408157348633
3611,saint_sac_tok3,1.0880451202392578
3612,saint_sac_tok3,4.7991485595703125
3613,saint_sac_tok3,1.3053789138793945
3614,saint_sac_tok3,1.0730781555175781
3615,saint_sac_tok3,2.6843433380126953
3616,saint_sac_tok3,5.342562675476074
3617,saint_sac_tok3,1.0026626586914062
3618,saint_sac_tok3,2.058795928955078
3619,saint_sac_tok3,3.6924219131469727
3620,saint_sac_tok3,3.1088333129882812
3621,saint_sac_tok3,0.5786600112915039
3622,saint_sac_tok3,0.9955072402954102
3623,saint_sac_tok3,-0.06079292297363281
3624,saint_sac_tok3,2.2139577865600586
3625,saint_sac_tok3,2.7400407791137695
3626,saint_sac_tok3,1.379622459411621
3627,saint_sac_tok3,0.6753482818603516
3628,saint_sac_tok3,2.8015756607055664
3629,saint_sac_tok3,0.9439411163330078
3630,saint_sac_tok3,-1.3868112564086914
3631,saint_sac_tok3,1.3758459091186523
3632,saint_sac_tok3,3.6938648223876953
3633,saint_sac_tok3,0.633087158203125
3634,saint_sac_tok3,2.1671266555786133
3635,saint_sac_tok3,3.3748550415039062
3636,saint_sac_tok3,4.59605598449707
3637,saint_sac_tok3,0.9494171142578125
3638,saint_sac_tok3,2.488144874572754
3639,saint_sac_tok3,5.825065612792969
3640,saint_sac_tok3,1.1500205993652344
3641,saint_sac_tok3,4.844252586364746
3642,saint_sac_tok3,2.0789222717285156
3643,saint_sac_tok3,0.17745399475097656
3644,saint_sac_tok3,1.947418212890625
3645,saint_sac_tok3,1.0722284317016602
3646,saint_sac_tok3,1.8162212371826172
3647,saint_sac_tok3,0.6402463912963867
3648,saint_sac_tok3,4.51898193359375
3649,saint_sac_tok3,2.8815011978149414
3650,saint_sac_tok3,1.624894142150879
3651,saint_sac_tok3,1.5492277145385742
3652,saint_sac_tok3,1.488358497619629
3653,saint_sac_tok3,2.3159637451171875
3654,saint_sac_tok3,0.41454124450683594
3655,saint_sac_tok3,0.7604808807373047
3656,saint_sac_tok3,-0.17922019958496094
3657,saint_sac_tok3,2.9586563110351562
3658,saint_sac_tok3,4.899551868438721
3659,saint_sac_tok3,4.815830230712891
3660,saint_sac_tok3,2.4774208068847656
3661,saint_sac_tok3,3.0753793716430664
3662,saint_sac_tok3,1.1115875244140625
3663,saint_sac_tok3,2.5621109008789062
3664,saint_sac_tok3,4.4246506690979
3665,saint_sac_tok3,1.3043460845947266
3666,saint_sac_tok3,0.9293603897094727
3667,saint_sac_tok3,0.9089412689208984
3668,saint_sac_tok3,1.8652639389038086
3669,saint_sac_tok3,2.3022613525390625
3670,saint_sac_tok3,4.363678932189941
3671,saint_sac_tok3,0.9124898910522461
3672,saint_sac_tok3,-0.09712600708007812
3673,saint_sac_tok3,2.884028434753418
3674,saint_sac_tok3,1.6327896118164062
3675,saint_sac_tok3,0.28249263763427734
3676,saint_sac_tok3,0.18291473388671875
3677,saint_sac_tok3,1.159071922302246
3678,saint_sac_tok3,0.7768974304199219
3679,saint_sac_tok3,0.7792110443115234
3680,saint_sac_tok3,0.8704652786254883
3681,saint_sac_tok3,4.061978340148926
3682,saint_sac_tok3,-0.48172950744628906
3683,saint_sac_tok3,3.0245113372802734
3684,saint_sac_tok3,2.5708742141723633
3685,saint_sac_tok3,0.5074605941772461
3686,saint_sac_tok3,5.038370132446289
3687,saint_sac_tok3,0.6002836227416992
3688,saint_sac_tok3,1.283111572265625
3689,saint_sac_tok3,0.6088733673095703
3690,saint_sac_tok3,4.020790100097656
3691,saint_sac_tok3,0.30573081970214844
3692,saint_sac_tok3,1.0066967010498047
3693,saint_sac_tok3,1.2670154571533203
3694,saint_sac_tok3,4.52738094329834
3695,saint_sac_tok3,5.228699684143066
3696,saint_sac_tok3,1.740300178527832
3697,saint_sac_tok3,1.587712287902832
3698,saint_sac_tok3,3.618699073791504
3699,saint_sac_tok3,1.3341188430786133
3700,saint_sac_tok3,0.9525318145751953
3701,saint_sac_tok3,2.409290313720703
3702,saint_sac_tok3,1.29229736328125
3703,saint_sac_tok3,0.5897369384765625
3704,saint_sac_tok3,0.4861011505126953
3705,saint_sac_tok3,2.702120780944824
3706,saint_sac_tok3,2.3084659576416016
3707,saint_sac_tok3,1.122746467590332
3708,saint_sac_tok3,3.1751489639282227
3709,saint_sac_tok3,0.37148380279541016
3710,saint_sac_tok3,1.7247943878173828
3711,saint_sac_tok3,3.5244388580322266
3712,saint_sac_tok3,0.1625041961669922
3713,saint_sac_tok3,0.7664098739624023
3714,saint_sac_tok3,0.78009033203125
3715,saint_sac_tok3,2.2079639434814453
3716,saint_sac_tok3,2.615703582763672
3717,saint_sac_tok3,-0.028044700622558594
3718,saint_sac_tok3,4.664032936096191
3719,saint_sac_tok3,0.13312911987304688
3720,saint_sac_tok3,2.0432844161987305
3721,saint_sac_tok3,4.166516304016113
3722,saint_sac_tok3,2.5333251953125
3723,saint_sac_tok3,4.517704963684082
3724,saint_sac_tok3,1.9688796997070312
3725,saint_sac_tok3,8.304378509521484
3726,saint_sac_tok3,0.22033977508544922
3727,saint_sac_tok3,1.8391590118408203
3728,saint_sac_tok3,1.2082157135009766
3729,saint_sac_tok3,2.5121755599975586
3730,saint_sac_tok3,0.24016857147216797
3731,saint_sac_tok3,3.648125648498535
3732,saint_sac_tok3,1.3295679092407227
3733,saint_sac_tok3,4.624642372131348
3734,saint_sac_tok3,1.5450077056884766
3735,saint_sac_tok3,1.9387006759643555
3736,saint_sac_tok3,3.433465003967285
3737,saint_sac_tok3,0.7123088836669922
3738,saint_sac_tok3,1.163259506225586
3739,saint_sac_tok3,0.5491199493408203
3740,saint_sac_tok3,1.8307018280029297
3741,saint_sac_tok3,2.2621049880981445
3742,saint_sac_tok3,1.4082698822021484
3743,saint_sac_tok3,5.890867233276367
3744,saint_sac_tok3,1.6620359420776367
3745,saint_sac_tok3,3.242508888244629
3746,saint_sac_tok3,3.673211097717285
3747,saint_sac_tok3,4.931824207305908
3748,saint_sac_tok3,5.448539733886719
3749,saint_sac_tok3,2.442610740661621
3750,saint_sac_tok3,0.4040212631225586
3751,saint_sac_tok3,0.9095754623413086
3752,saint_sac_tok3,-0.5103359222412109
3753,saint_sac_tok3,1.8081903457641602
3754,saint_sac_tok3,1.6460609436035156
3755,saint_sac_tok3,1.8412961959838867
3756,saint_sac_tok3,6.878485679626465
3757,saint_sac_tok3,4.225955963134766
3758,saint_sac_tok3,3.7991981506347656
3759,saint_sac_tok3,2.947634696960449
3760,saint_sac_tok3,5.330714225769043
3761,saint_sac_tok3,0.7200965881347656
3762,saint_sac_tok3,0.6574411392211914
3763,saint_sac_tok3,4.70549201965332
3764,saint_sac_tok3,1.4194908142089844
3765,saint_sac_tok3,5.72428035736084
3766,saint_sac_tok3,6.183872222900391
3767,saint_sac_tok3,0.42264842987060547
3768,saint_sac_tok3,0.45322418212890625
3769,saint_sac_tok3,1.1354856491088867
3770,saint_sac_tok3,1.6235618591308594
3771,saint_sac_tok3,1.2087135314941406
3772,saint_sac_tok3,2.1259212493896484
3773,saint_sac_tok3,1.8090553283691406
3774,saint_sac_tok3,1.1839771270751953
3775,saint_sac_tok3,3.8020687103271484
3776,saint_sac_tok3,3.9243717193603516
3777,saint_sac_tok3,3.216970443725586
3778,saint_sac_tok3,1.1822071075439453
3779,saint_sac_tok3,1.2669153213500977
3780,saint_sac_tok3,0.5813388824462891
3781,saint_sac_tok3,4.253170013427734
3782,saint_sac_tok3,3.3418712615966797
3783,saint_sac_tok3,0.9174060821533203
3784,saint_sac_tok3,2.107670783996582
3785,saint_sac_tok3,0.5007352828979492
3786,saint_sac_tok3,1.7104616165161133
3787,saint_sac_tok3,-0.2656745910644531
3788,saint_sac_tok3,1.6495122909545898
3789,saint_sac_tok3,2.902155876159668
3790,saint_sac_tok3,1.0197525024414062
3791,saint_sac_tok3,2.328166961669922
3792,saint_sac_tok3,0.694580078125
3793,saint_sac_tok3,4.179856300354004
3794,saint_sac_tok3,1.1073322296142578
3795,saint_sac_tok3,1.858205795288086
3796,saint_sac_tok3,1.0213851928710938
3797,saint_sac_tok3,-0.18412017822265625
3798,saint_sac_tok3,1.105757713317871
3799,saint_sac_tok3,4.804648399353027
3800,saint_sac_tok3,2.8314905166625977
3801,saint_sac_tok3,0.974574089050293
3802,saint_sac_tok3,4.364348411560059
3803,saint_sac_tok3,2.193619728088379
3804,saint_sac_tok3,1.867844581604004
3805,saint_sac_tok3,0.16696453094482422
3806,saint_sac_tok3,1.8162879943847656
3807,saint_sac_tok3,0.8100128173828125
3808,saint_sac_tok3,1.9103984832763672
3809,saint_sac_tok3,1.6590442657470703
3810,saint_sac_tok3,2.5277347564697266
3811,saint_sac_tok3,0.6314897537231445
3812,saint_sac_tok3,1.7956504821777344
3813,saint_sac_tok3,2.311091423034668
3814,saint_sac_tok3,0.6789474487304688
3815,saint_sac_tok3,5.013257026672363
3816,saint_sac_tok3,1.124751091003418
3817,saint_sac_tok3,3.8731203079223633
3818,saint_sac_tok3,5.582624912261963
3819,saint_sac_tok3,1.797323226928711
3820,saint_sac_tok3,2.936673164367676
3821,saint_sac_tok3,1.3907594680786133
3822,saint_sac_tok3,1.0273332595825195
3823,saint_sac_tok3,0.5028171539306641
3824,saint_sac_tok3,0.5239953994750977
3825,saint_sac_tok3,0.45447731018066406
3826,saint_sac_tok3,1.667668342590332
3827,saint_sac_tok3,1.8635005950927734
3828,saint_sac_tok3,1.6174230575561523
3829,saint_sac_tok3,0.8994293212890625
3830,saint_sac_tok3,3.1043453216552734
3831,saint_sac_tok3,1.281163215637207
3832,saint_sac_tok3,0.26346588134765625
3833,saint_sac_tok3,1.8768339157104492
3834,saint_sac_tok3,3.157245635986328
3835,saint_sac_tok3,1.6768388748168945
3836,saint_sac_tok3,0.7850656509399414
3837,saint_sac_tok3,2.4427566528320312
3838,saint_sac_tok3,5.017148971557617
3839,saint_sac_tok3,4.9473724365234375
3840,saint_sac_tok3,2.3674869537353516
3841,saint_sac_tok3,1.3203239440917969
3842,saint_sac_tok3,4.974016189575195
3843,saint_sac_tok3,4.335672378540039
3844,saint_sac_tok3,3.1107959747314453
3845,saint_sac_tok3,0.8537778854370117
3846,saint_sac_tok3,4.616984844207764
3847,saint_sac_tok3,6.055576324462891
3848,saint_sac_tok3,0.7375431060791016
3849,saint_sac_tok3,1.193979263305664
3850,saint_sac_tok3,3.5749330520629883
3851,saint_sac_tok3,1.220383644104004
3852,saint_sac_tok3,1.153477668762207
3853,saint_sac_tok3,3.7942113876342773
3854,saint_sac_tok3,3.0968198776245117
3855,saint_sac_tok3,1.3253889083862305
3856,saint_sac_tok3,4.857659339904785
3857,saint_sac_tok3,1.9286870956420898
3858,saint_sac_tok3,1.358759880065918
3859,saint_sac_tok3,5.578668594360352
3860,saint_sac_tok3,0.7586135864257812
3861,saint_sac_tok3,1.750356674194336
3862,saint_sac_tok3,3.4179983139038086
3863,saint_sac_tok3,3.0718488693237305
3864,saint_sac_tok3,4.454220771789551
3865,saint_sac_tok3,1.92041015625
3866,saint_sac_tok3,1.510009765625
3867,saint_sac_tok3,1.688572883605957
3868,saint_sac_tok3,3.7067270278930664
3869,saint_sac_tok3,1.017129898071289
3870,saint_sac_tok3,1.2862119674682617
3871,saint_sac_tok3,0.4079904556274414
3872,saint_sac_tok3,4.774568557739258
3873,saint_sac_tok3,1.326406478881836
3874,saint_sac_tok3,4.637773513793945
3875,saint_sac_tok3,3.427638053894043
3876,saint_sac_tok3,1.6857357025146484
3877,saint_sac_tok3,2.2508344650268555
3878,saint_sac_tok3,1.3471336364746094
3879,saint_sac_tok3,1.4288597106933594
3880,saint_sac_tok3,0.9914884567260742
3881,saint_sac_tok3,0.0020112991333007812
3882,saint_sac_tok3,3.5974159240722656
3883,saint_sac_tok3,0.27313899993896484
3884,saint_sac_tok3,1.3741216659545898
3885,saint_sac_tok3,1.8535785675048828
3886,saint_sac_tok3,0.032288551330566406
3887,saint_sac_tok3,0.6419467926025391
3888,saint_sac_tok3,0.9633159637451172
3889,saint_sac_tok3,0.8405284881591797
3890,saint_sac_tok3,4.2275776863098145
3891,saint_sac_tok3,5.096696853637695
3892,saint_sac_tok3,7.026920318603516
3893,saint_sac_tok3,1.746048927307129
3894,saint_sac_tok3,3.403919219970703
3895,saint_sac_tok3,1.7233266830444336
3896,saint_sac_tok3,2.583298683166504
3897,saint_sac_tok3,0.8720531463623047
3898,saint_sac_tok3,3.0738449096679688
3899,saint_sac_tok3,1.881692886352539
3900,saint_sac_tok3,3.843555450439453
3901,saint_sac_tok3,2.066967010498047
3902,saint_sac_tok3,0.5078449249267578
3903,saint_sac_tok3,0.8743486404418945
3904,saint_sac_tok3,1.2906866073608398
3905,saint_sac_tok3,-0.07633781433105469
3906,saint_sac_tok3,7.118913650512695
3907,saint_sac_tok3,1.9495658874511719
3908,saint_sac_tok3,1.7073631286621094
3909,saint_sac_tok3,1.4159202575683594
3910,saint_sac_tok3,0.06942462921142578
3911,saint_sac_tok3,1.5678863525390625
3912,saint_sac_tok3,1.3403692245483398
3913,saint_sac_tok3,1.026930809020996
3914,saint_sac_tok3,0.9120063781738281
3915,saint_sac_tok3,3.586671829223633
3916,saint_sac_tok3,1.060929298400879
3917,saint_sac_tok3,-0.7278814315795898
3918,saint_sac_tok3,1.891012191772461
3919,saint_sac_tok3,1.4865989685058594
3920,saint_sac_tok3,1.794398307800293
3921,saint_sac_tok3,0.7614917755126953
3922,saint_sac_tok3,2.51430606842041
3923,saint_sac_tok3,2.479673385620117
3924,saint_sac_tok3,0.9324779510498047
3925,saint_sac_tok3,1.0176010131835938
3926,saint_sac_tok3,1.2658519744873047
3927,saint_sac_tok3,1.0141897201538086
3928,saint_sac_tok3,1.1093511581420898
3929,saint_sac_tok3,0.39852046966552734
3930,saint_sac_tok3,2.798048973083496
3931,saint_sac_tok3,2.287104606628418
3932,saint_sac_tok3,1.5834379196166992
3933,saint_sac_tok3,0.47935009002685547
3934,saint_sac_tok3,1.4461908340454102
3935,saint_sac_tok3,3.5648040771484375
3936,saint_sac_tok3,2.6326560974121094
3937,saint_sac_tok3,0.6643905639648438
3938,saint_sac_tok3,0.7643070220947266
3939,saint_sac_tok3,1.0426740646362305
3940,saint_sac_tok3,0.7175045013427734
3941,saint_sac_tok3,0.3899250030517578
3942,saint_sac_tok3,2.4028873443603516
3943,saint_sac_tok3,1.173039436340332
3944,saint_sac_tok3,3.066305160522461
3945,saint_sac_tok3,5.727527618408203
3946,saint_sac_tok3,5.743481636047363
3947,saint_sac_tok3,2.025362014770508
3948,saint_sac_tok3,0.3795604705810547
3949,saint_sac_tok3,1.780416488647461
3950,saint_sac_tok3,4.017329216003418
3951,saint_sac_tok3,0.4006805419921875
3952,saint_sac_tok3,-0.040268898010253906
3953,saint_sac_tok3,0.7375984191894531
3954,saint_sac_tok3,5.128183364868164
3955,saint_sac_tok3,1.4677581787109375
3956,saint_sac_tok3,1.6725540161132812
3957,saint_sac_tok3,1.676814079284668
3958,saint_sac_tok3,3.8171005249023438
3959,saint_sac_tok3,2.182713508605957
3960,saint_sac_tok3,3.31976318359375
3961,saint_sac_tok3,0.6680889129638672
3962,saint_sac_tok3,-0.17972946166992188
3963,saint_sac_tok3,7.126792907714844
3964,saint_sac_tok3,0.4509239196777344
3965,saint_sac_tok3,-0.5150413513183594
3966,saint_sac_tok3,2.695812225341797
3967,saint_sac_tok3,3.448113441467285
3968,saint_sac_tok3,0.6638269424438477
3969,saint_sac_tok3,2.689927101135254
3970,saint_sac_tok3,1.6925621032714844
3971,saint_sac_tok3,2.725677490234375
3972,saint_sac_tok3,0.7098016738891602
3973,saint_sac_tok3,1.089797019958496
3974,saint_sac_tok3,1.7084388732910156
3975,saint_sac_tok3,3.523406982421875
3976,saint_sac_tok3,1.884481430053711
3977,saint_sac_tok3,1.8314704895019531
3978,saint_sac_tok3,0.09507942199707031
3979,saint_sac_tok3,0.4673175811767578
3980,saint_sac_tok3,0.6291313171386719
3981,saint_sac_tok3,2.1523237228393555
3982,saint_sac_tok3,3.4151153564453125
3983,saint_sac_tok3,2.441192626953125
3984,saint_sac_tok3,0.7934074401855469
3985,saint_sac_tok3,1.1354198455810547
3986,saint_sac_tok3,0.3632354736328125
3987,saint_sac_tok3,1.3863525390625
3988,saint_sac_tok3,3.809295654296875
3989,saint_sac_tok3,2.2942991256713867
3990,saint_sac_tok3,2.1836700439453125
3991,saint_sac_tok3,1.6229772567749023
3992,saint_sac_tok3,0.3226165771484375
3993,saint_sac_tok3,8.091150283813477
3994,saint_sac_tok3,1.6530609130859375
3995,saint_sac_tok3,2.6826248168945312
3996,saint_sac_tok3,3.571902275085449
3997,saint_sac_tok3,1.3930912017822266
3998,saint_sac_tok3,0.35683250427246094
3999,saint_sac_tok3,1.4464244842529297
4000,saint_sac_tok3,4.931877136230469
4001,saint_sac_tok3,2.487107276916504
4002,saint_sac_tok3,1.9332609176635742
4003,saint_sac_tok3,1.1465911865234375
4004,saint_sac_tok3,1.5809087753295898
4005,saint_sac_tok3,1.2754526138305664
4006,saint_sac_tok3,6.781482696533203
4007,saint_sac_tok3,2.515109062194824
4008,saint_sac_tok3,2.3414649963378906
4009,saint_sac_tok3,2.8030128479003906
4010,saint_sac_tok3,1.5334234237670898
4011,saint_sac_tok3,1.5750818252563477
4012,saint_sac_tok3,1.749551773071289
4013,saint_sac_tok3,2.9167909622192383
4014,saint_sac_tok3,1.9554080963134766
4015,saint_sac_tok3,7.819949150085449
4016,saint_sac_tok3,2.480666160583496
4017,saint_sac_tok3,2.4455366134643555
4018,saint_sac_tok3,3.0914554595947266
4019,saint_sac_tok3,1.076991081237793
4020,saint_sac_tok3,4.751217365264893
4021,saint_sac_tok3,2.139479637145996
4022,saint_sac_tok3,1.1001911163330078
4023,saint_sac_tok3,2.1045303344726562
4024,saint_sac_tok3,3.50528621673584
4025,saint_sac_tok3,2.1638975143432617
4026,saint_sac_tok3,2.2530317306518555
4027,saint_sac_tok3,1.4686717987060547
4028,saint_sac_tok3,3.495088577270508
4029,saint_sac_tok3,1.9485034942626953
4030,saint_sac_tok3,0.6944456100463867
4031,saint_sac_tok3,4.224199295043945
4032,saint_sac_tok3,3.9542694091796875
4033,saint_sac_tok3,4.115422248840332
4034,saint_sac_tok3,1.9756603240966797
4035,saint_sac_tok3,2.8312578201293945
4036,saint_sac_tok3,0.9368658065795898
4037,saint_sac_tok3,3.182003974914551
4038,saint_sac_tok3,1.8970699310302734
4039,saint_sac_tok3,1.1766176223754883
4040,saint_sac_tok3,3.2578506469726562
4041,saint_sac_tok3,1.8472480773925781
4042,saint_sac_tok3,0.8999423980712891
4043,saint_sac_tok3,2.564671516418457
4044,saint_sac_tok3,1.0914297103881836
4045,saint_sac_tok3,0.33794689178466797
4046,saint_sac_tok3,1.0452289581298828
4047,saint_sac_tok3,5.523869514465332
4048,saint_sac_tok3,2.3008413314819336
4049,saint_sac_tok3,2.8955249786376953
4050,saint_sac_tok3,3.5172958374023438
4051,saint_sac_tok3,3.6044888496398926
4052,saint_sac_tok3,1.5038261413574219
4053,saint_sac_tok3,2.504241943359375
4054,saint_sac_tok3,1.5863494873046875
4055,saint_sac_tok3,4.213187217712402
4056,saint_sac_tok3,2.2341976165771484
4057,saint_sac_tok3,0.3195486068725586
4058,saint_sac_tok3,0.30417823791503906
4059,saint_sac_tok3,0.8106307983398438
4060,saint_sac_tok3,4.672699928283691
4061,saint_sac_tok3,0.5288572311401367
4062,saint_sac_tok3,4.032756805419922
4063,saint_sac_tok3,0.8227291107177734
4064,saint_sac_tok3,0.554412841796875
4065,saint_sac_tok3,1.857762336730957
4066,saint_sac_tok3,3.771121025085449
4067,saint_sac_tok3,0.1488933563232422
4068,saint_sac_tok3,1.7244195938110352
4069,saint_sac_tok3,0.5253734588623047
4070,saint_sac_tok3,0.41073036193847656
4071,saint_sac_tok3,0.7480678558349609
4072,saint_sac_tok3,3.591618537902832
4073,saint_sac_tok3,2.341395378112793
4074,saint_sac_tok3,2.1512060165405273
4075,saint_sac_tok3,1.484269142150879
4076,saint_sac_tok3,4.782023906707764
4077,saint_sac_tok3,2.1547508239746094
4078,saint_sac_tok3,2.018709182739258
4079,saint_sac_tok3,4.079919338226318
4080,saint_sac_tok3,1.6675386428833008
4081,saint_sac_tok3,3.4245243072509766
4082,saint_sac_tok3,0.6791744232177734
4083,saint_sac_tok3,1.6325626373291016
4084,saint_sac_tok3,1.7304344177246094
4085,saint_sac_tok3,1.4007673263549805
4086,saint_sac_tok3,2.9966068267822266
4087,saint_sac_tok3,1.0438785552978516
4088,saint_sac_tok3,3.7845096588134766
4089,saint_sac_tok3,3.089599609375
4090,saint_sac_tok3,1.4052181243896484
4091,saint_sac_tok3,2.2619876861572266
4092,saint_sac_tok3,2.3287696838378906
4093,saint_sac_tok3,4.353753089904785
4094,saint_sac_tok3,1.6326684951782227
4095,saint_sac_tok3,6.8634033203125
4096,saint_sac_tok3,1.9705610275268555
4097,saint_sac_tok3,1.2799444198608398
4098,saint_sac_tok3,3.6334829330444336
4099,saint_sac_tok3,4.849386215209961
4100,saint_sac_tok3,-0.25876808166503906
4101,saint_sac_tok3,2.3038883209228516
4102,saint_sac_tok3,2.507993698120117
4103,saint_sac_tok3,0.7939767837524414
4104,saint_sac_tok3,2.0613718032836914
4105,saint_sac_tok3,1.2941818237304688
4106,saint_sac_tok3,-0.2740163803100586
4107,saint_sac_tok3,1.2923574447631836
4108,saint_sac_tok3,4.642261505126953
4109,saint_sac_tok3,1.5960702896118164
4110,saint_sac_tok3,4.946979522705078
4111,saint_sac_tok3,0.7300786972045898
4112,saint_sac_tok3,3.0069942474365234
4113,saint_sac_tok3,2.821481704711914
4114,saint_sac_tok3,0.3500213623046875
4115,saint_sac_tok3,1.7011175155639648
4116,saint_sac_tok3,3.865790367126465
4117,saint_sac_tok3,1.5574254989624023
4118,saint_sac_tok3,-0.32908058166503906
4119,saint_sac_tok3,1.9063329696655273
4120,saint_sac_tok3,1.585540771484375
4121,saint_sac_tok3,4.706262588500977
4122,saint_sac_tok3,3.604480743408203
4123,saint_sac_tok3,2.442416191101074
4124,saint_sac_tok3,4.098806381225586
4125,saint_sac_tok3,2.1242446899414062
4126,saint_sac_tok3,1.6266298294067383
4127,saint_sac_tok3,1.2191028594970703
4128,saint_sac_tok3,1.6844167709350586
4129,saint_sac_tok3,5.525753021240234
4130,saint_sac_tok3,3.608607769012451
4131,saint_sac_tok3,1.8921499252319336
4132,saint_sac_tok3,2.863527297973633
4133,saint_sac_tok3,2.4886159896850586
4134,saint_sac_tok3,1.3053207397460938
4135,saint_sac_tok3,2.0982913970947266
4136,saint_sac_tok3,1.0243606567382812
4137,saint_sac_tok3,1.0911445617675781
4138,saint_sac_tok3,3.7930335998535156
4139,saint_sac_tok3,2.36653995513916
4140,saint_sac_tok3,2.3127994537353516
4141,saint_sac_tok3,0.6779098510742188
4142,saint_sac_tok3,1.5493497848510742
4143,saint_sac_tok3,1.1149530410766602
4144,saint_sac_tok3,2.00600528717041
4145,saint_sac_tok3,2.431783676147461
4146,saint_sac_tok3,1.9566688537597656
4147,saint_sac_tok3,3.653583526611328
4148,saint_sac_tok3,0.37633800506591797
4149,saint_sac_tok3,0.6571521759033203
4150,saint_sac_tok3,2.6574296951293945
4151,saint_sac_tok3,1.0716943740844727
4152,saint_sac_tok3,4.679909706115723
4153,saint_sac_tok3,3.4628114700317383
4154,saint_sac_tok3,3.389932632446289
4155,saint_sac_tok3,0.7083549499511719
4156,saint_sac_tok3,4.190598487854004
4157,saint_sac_tok3,3.889439582824707
4158,saint_sac_tok3,7.15251350402832
4159,saint_sac_tok3,0.9893503189086914
4160,saint_sac_tok3,2.073976516723633
4161,saint_sac_tok3,2.5874547958374023
4162,saint_sac_tok3,1.3245649337768555
4163,saint_sac_tok3,0.8645801544189453
4164,saint_sac_tok3,0.7621536254882812
4165,saint_sac_tok3,1.4355268478393555
4166,saint_sac_tok3,3.1003007888793945
4167,saint_sac_tok3,3.1222124099731445
4168,saint_sac_tok3,2.5300512313842773
4169,saint_sac_tok3,0.91510009765625
4170,saint_sac_tok3,3.699185371398926
4171,saint_sac_tok3,0.4168558120727539
4172,saint_sac_tok3,3.7493276596069336
4173,saint_sac_tok3,0.891505241394043
4174,saint_sac_tok3,1.4605207443237305
4175,saint_sac_tok3,0.5347862243652344
4176,saint_sac_tok3,1.684645652770996
4177,saint_sac_tok3,1.351491928100586
4178,saint_sac_tok3,1.4765405654907227
4179,saint_sac_tok3,0.49008655548095703
4180,saint_sac_tok3,1.671243667602539
4181,saint_sac_tok3,7.231390953063965
4182,saint_sac_tok3,3.8394203186035156
4183,saint_sac_tok3,1.7562503814697266
4184,saint_sac_tok3,1.627481460571289
4185,saint_sac_tok3,-0.3323678970336914
4186,saint_sac_tok3,7.023468971252441
4187,saint_sac_tok3,2.061136245727539
4188,saint_sac_tok3,0.7907743453979492
4189,saint_sac_tok3,1.5617265701293945
4190,saint_sac_tok3,1.9631948471069336
4191,saint_sac_tok3,4.252065658569336
4192,saint_sac_tok3,0.59893798828125
4193,saint_sac_tok3,0.6685676574707031
4194,saint_sac_tok3,2.2601871490478516
4195,saint_sac_tok3,1.5938777923583984
4196,saint_sac_tok3,3.2290592193603516
4197,saint_sac_tok3,0.5857744216918945
4198,saint_sac_tok3,1.4766740798950195
4199,saint_sac_tok3,2.0948362350463867
4200,saint_sac_tok3,1.5010366439819336
4201,saint_sac_tok3,0.40922069549560547
4202,saint_sac_tok3,4.852389335632324
4203,saint_sac_tok3,0.7682228088378906
4204,saint_sac_tok3,-0.7166986465454102
4205,saint_sac_tok3,0.8725109100341797
4206,saint_sac_tok3,0.16921424865722656
4207,saint_sac_tok3,1.6684637069702148
4208,saint_sac_tok3,4.442155838012695
4209,saint_sac_tok3,1.337294578552246
4210,saint_sac_tok3,2.950211524963379
4211,saint_sac_tok3,1.4256162643432617
4212,saint_sac_tok3,0.5591669082641602
4213,saint_sac_tok3,1.402608871459961
4214,saint_sac_tok3,2.2209854125976562
4215,saint_sac_tok3,0.6707639694213867
4216,saint_sac_tok3,4.499974250793457
4217,saint_sac_tok3,2.0043277740478516
4218,saint_sac_tok3,1.5824527740478516
4219,saint_sac_tok3,1.4788875579833984
4220,saint_sac_tok3,2.9637250900268555
4221,saint_sac_tok3,0.9082221984863281
4222,saint_sac_tok3,1.0741682052612305
4223,saint_sac_tok3,0.44545841217041016
4224,saint_sac_tok3,-0.32223033905029297
4225,saint_sac_tok3,5.080402374267578
4226,saint_sac_tok3,5.39119815826416
4227,saint_sac_tok3,3.773512840270996
4228,saint_sac_tok3,0.854853630065918
4229,saint_sac_tok3,2.054779052734375
4230,saint_sac_tok3,2.2254209518432617
4231,saint_sac_tok3,2.009415626525879
4232,saint_sac_tok3,1.832366943359375
4233,saint_sac_tok3,1.9434871673583984
4234,saint_sac_tok3,1.6132307052612305
4235,saint_sac_tok3,1.7614803314208984
4236,saint_sac_tok3,1.8190422058105469
4237,saint_sac_tok3,2.69827938079834
4238,saint_sac_tok3,1.0582656860351562
4239,saint_sac_tok3,2.0339784622192383
4240,saint_sac_tok3,2.8792362213134766
4241,saint_sac_tok3,0.8730812072753906
4242,saint_sac_tok3,2.7400283813476562
4243,saint_sac_tok3,2.093153953552246
4244,saint_sac_tok3,0.8639116287231445
4245,saint_sac_tok3,2.3338851928710938
4246,saint_sac_tok3,0.9516878128051758
4247,saint_sac_tok3,7.867720603942871
4248,saint_sac_tok3,1.4565010070800781
4249,saint_sac_tok3,1.052480697631836
4250,saint_sac_tok3,-0.607574462890625
4251,saint_sac_tok3,0.8889083862304688
4252,saint_sac_tok3,1.5426301956176758
4253,saint_sac_tok3,4.735078811645508
4254,saint_sac_tok3,2.060063362121582
4255,saint_sac_tok3,1.6789798736572266
4256,saint_sac_tok3,1.7643060684204102
4257,saint_sac_tok3,1.1157150268554688
4258,saint_sac_tok3,0.6413497924804688
4259,saint_sac_tok3,1.2708568572998047
4260,saint_sac_tok3,1.3578033447265625
4261,saint_sac_tok3,1.2783870697021484
4262,saint_sac_tok3,5.7862548828125
4263,saint_sac_tok3,2.7365550994873047
4264,saint_sac_tok3,3.094231605529785
4265,saint_sac_tok3,1.0911293029785156
4266,saint_sac_tok3,3.128237724304199
4267,saint_sac_tok3,4.312902450561523
4268,saint_sac_tok3,1.4465398788452148
4269,saint_sac_tok3,1.4948005676269531
4270,saint_sac_tok3,0.15470123291015625
4271,saint_sac_tok3,3.741598129272461
4272,saint_sac_tok3,2.503056526184082
4273,saint_sac_tok3,2.3968706130981445
4274,saint_sac_tok3,1.5413017272949219
4275,saint_sac_tok3,2.5526628494262695
4276,saint_sac_tok3,1.8069438934326172
4277,saint_sac_tok3,2.4933643341064453
4278,saint_sac_tok3,1.618988037109375
4279,saint_sac_tok3,1.0370540618896484
4280,saint_sac_tok3,1.7568635940551758
4281,saint_sac_tok3,4.894285202026367
4282,saint_sac_tok3,2.289454460144043
4283,saint_sac_tok3,1.3700237274169922
4284,saint_sac_tok3,0.3926677703857422
4285,saint_sac_tok3,3.2201433181762695
4286,saint_sac_tok3,2.6486167907714844
4287,saint_sac_tok3,2.011563301086426
4288,saint_sac_tok3,4.0087785720825195
4289,saint_sac_tok3,0.6554479598999023
4290,saint_sac_tok3,2.7127857208251953
4291,saint_sac_tok3,0.550872802734375
4292,saint_sac_tok3,5.415901184082031
4293,saint_sac_tok3,1.6317243576049805
4294,saint_sac_tok3,3.9205265045166016
4295,saint_sac_tok3,2.1065196990966797
4296,saint_sac_tok3,1.6469001770019531
4297,saint_sac_tok3,0.679926872253418
4298,saint_sac_tok3,4.963278770446777
4299,saint_sac_tok3,2.6444034576416016
4300,saint_sac_tok3,4.444877624511719
4301,saint_sac_tok3,0.9421482086181641
4302,saint_sac_tok3,0.48773860931396484
4303,saint_sac_tok3,1.4503822326660156
4304,saint_sac_tok3,2.0642566680908203
4305,saint_sac_tok3,1.3918237686157227
4306,saint_sac_tok3,0.8782234191894531
4307,saint_sac_tok3,1.3465862274169922
4308,saint_sac_tok3,1.3615684509277344
4309,saint_sac_tok3,3.3354644775390625
4310,saint_sac_tok3,3.769883155822754
4311,saint_sac_tok3,1.5321168899536133
4312,saint_sac_tok3,1.017618179321289
4313,saint_sac_tok3,1.4653806686401367
4314,saint_sac_tok3,2.114020347595215
4315,saint_sac_tok3,3.219554901123047
4316,saint_sac_tok3,2.9203720092773438
4317,saint_sac_tok3,1.7337932586669922
4318,saint_sac_tok3,2.8688621520996094
4319,saint_sac_tok3,-0.20327091217041016
4320,saint_sac_tok3,0.9465465545654297
4321,saint_sac_tok3,2.371204376220703
4322,saint_sac_tok3,1.0703392028808594
4323,saint_sac_tok3,2.1494369506835938
4324,saint_sac_tok3,1.3092412948608398
4325,saint_sac_tok3,1.0935916900634766
4326,saint_sac_tok3,1.4431791305541992
4327,saint_sac_tok3,2.746098518371582
4328,saint_sac_tok3,2.265157699584961
4329,saint_sac_tok3,1.0986127853393555
4330,saint_sac_tok3,0.34652042388916016
4331,saint_sac_tok3,3.270345687866211
4332,saint_sac_tok3,0.9658069610595703
4333,saint_sac_tok3,2.9239673614501953
4334,saint_sac_tok3,1.0532302856445312
4335,saint_sac_tok3,0.8630580902099609
4336,saint_sac_tok3,3.813800811767578
4337,saint_sac_tok3,0.6229009628295898
4338,saint_sac_tok3,2.8825063705444336
4339,saint_sac_tok3,0.974553108215332
4340,saint_sac_tok3,4.039083480834961
4341,saint_sac_tok3,4.764154434204102
4342,saint_sac_tok3,2.7302026748657227
4343,saint_sac_tok3,1.397252082824707
4344,saint_sac_tok3,1.5205821990966797
4345,saint_sac_tok3,4.50167179107666
4346,saint_sac_tok3,1.8301897048950195
4347,saint_sac_tok3,2.294957160949707
4348,saint_sac_tok3,2.959432601928711
4349,saint_sac_tok3,2.700495719909668
4350,saint_sac_tok3,2.122429847717285
4351,saint_sac_tok3,1.2126846313476562
4352,saint_sac_tok3,1.1008987426757812
4353,saint_sac_tok3,1.310293197631836
4354,saint_sac_tok3,2.387371063232422
4355,saint_sac_tok3,0.6512594223022461
4356,saint_sac_tok3,3.1372337341308594
4357,saint_sac_tok3,3.811727523803711
4358,saint_sac_tok3,1.3245372772216797
4359,saint_sac_tok3,0.5059499740600586
4360,saint_sac_tok3,1.8732881546020508
4361,saint_sac_tok3,7.093778610229492
4362,saint_sac_tok3,1.1423320770263672
4363,saint_sac_tok3,1.5148048400878906
4364,saint_sac_tok3,1.8874797821044922
4365,saint_sac_tok3,0.5697202682495117
4366,saint_sac_tok3,1.4887304306030273
4367,saint_sac_tok3,2.7594919204711914
4368,saint_sac_tok3,0.9627256393432617
4369,saint_sac_tok3,1.9075851440429688
4370,saint_sac_tok3,2.1755809783935547
4371,saint_sac_tok3,2.251605987548828
4372,saint_sac_tok3,2.7494544982910156
4373,saint_sac_tok3,2.3626785278320312
4374,saint_sac_tok3,2.3063125610351562
4375,saint_sac_tok3,4.370500564575195
4376,saint_sac_tok3,2.9877681732177734
4377,saint_sac_tok3,1.6708917617797852
4378,saint_sac_tok3,1.6685009002685547
4379,saint_sac_tok3,1.8905572891235352
4380,saint_sac_tok3,4.124702453613281
4381,saint_sac_tok3,1.3943023681640625
4382,saint_sac_tok3,4.869789123535156
4383,saint_sac_tok3,0.9085397720336914
4384,saint_sac_tok3,2.602161407470703
4385,saint_sac_tok3,3.908198356628418
4386,saint_sac_tok3,2.346125602722168
4387,saint_sac_tok3,4.1260175704956055
4388,saint_sac_tok3,0.1908092498779297
4389,saint_sac_tok3,0.888066291809082
4390,saint_sac_tok3,1.3007755279541016
4391,saint_sac_tok3,2.4957456588745117
4392,saint_sac_tok3,3.8915557861328125
4393,saint_sac_tok3,3.2006492614746094
4394,saint_sac_tok3,0.8809566497802734
4395,saint_sac_tok3,3.4687814712524414
4396,saint_sac_tok3,1.6714668273925781
4397,saint_sac_tok3,5.59620475769043
4398,saint_sac_tok3,3.3635549545288086
4399,saint_sac_tok3,3.1087026596069336
4400,saint_sac_tok3,3.010443687438965
4401,saint_sac_tok3,3.5079565048217773
4402,saint_sac_tok3,0.8671894073486328
4403,saint_sac_tok3,0.8893766403198242
4404,saint_sac_tok3,2.6911048889160156
4405,saint_sac_tok3,1.2800846099853516
4406,saint_sac_tok3,5.70364236831665
4407,saint_sac_tok3,3.562741279602051
4408,saint_sac_tok3,4.058599472045898
4409,saint_sac_tok3,1.4572725296020508
4410,saint_sac_tok3,0.5117034912109375
4411,saint_sac_tok3,-0.4308319091796875
4412,saint_sac_tok3,1.6492242813110352
4413,saint_sac_tok3,3.688155174255371
4414,saint_sac_tok3,3.327834129333496
4415,saint_sac_tok3,1.299713134765625
4416,saint_sac_tok3,-0.0756683349609375
4417,saint_sac_tok3,1.8997869491577148
4418,saint_sac_tok3,2.266678810119629
4419,saint_sac_tok3,3.7349910736083984
4420,saint_sac_tok3,0.8017644882202148
4421,saint_sac_tok3,3.655475616455078
4422,saint_sac_tok3,2.0886411666870117
4423,saint_sac_tok3,1.589940071105957
4424,saint_sac_tok3,4.349952220916748
4425,saint_sac_tok3,4.14838981628418
4426,saint_sac_tok3,3.3958301544189453
4427,saint_sac_tok3,1.909719467163086
4428,saint_sac_tok3,1.1716995239257812
4429,saint_sac_tok3,7.452169418334961
4430,saint_sac_tok3,1.7635822296142578
4431,saint_sac_tok3,0.16408348083496094
4432,saint_sac_tok3,1.035421371459961
4433,saint_sac_tok3,1.6517419815063477
4434,saint_sac_tok3,0.8622913360595703
4435,saint_sac_tok3,2.1480445861816406
4436,saint_sac_tok3,0.40950870513916016
4437,saint_sac_tok3,2.1139516830444336
4438,saint_sac_tok3,0.9089555740356445
4439,saint_sac_tok3,2.5017805099487305
4440,saint_sac_tok3,1.5702190399169922
4441,saint_sac_tok3,0.6546878814697266
4442,saint_sac_tok3,1.064748764038086
4443,saint_sac_tok3,1.5175151824951172
4444,saint_sac_tok3,1.6588611602783203
4445,saint_sac_tok3,1.9382734298706055
4446,saint_sac_tok3,0.7371797561645508
4447,saint_sac_tok3,4.461793899536133
4448,saint_sac_tok3,0.8116283416748047
4449,saint_sac_tok3,1.5131206512451172
4450,saint_sac_tok3,4.195711135864258
4451,saint_sac_tok3,3.989288330078125
4452,saint_sac_tok3,1.8716068267822266
4453,saint_sac_tok3,1.5044231414794922
4454,saint_sac_tok3,0.7037754058837891
4455,saint_sac_tok3,3.8693056106567383
4456,saint_sac_tok3,3.0105018615722656
4457,saint_sac_tok3,2.8578853607177734
4458,saint_sac_tok3,1.2527618408203125
4459,saint_sac_tok3,0.09719085693359375
4460,saint_sac_tok3,1.8842859268188477
4461,saint_sac_tok3,4.105429649353027
4462,saint_sac_tok3,1.8576221466064453
4463,saint_sac_tok3,0.6153144836425781
4464,saint_sac_tok3,2.3300180435180664
4465,saint_sac_tok3,2.538712501525879
4466,saint_sac_tok3,1.9949960708618164
4467,saint_sac_tok3,2.227212905883789
4468,saint_sac_tok3,0.8049116134643555
4469,saint_sac_tok3,1.171269416809082
4470,saint_sac_tok3,4.222142696380615
4471,saint_sac_tok3,1.8522119522094727
4472,saint_sac_tok3,1.3910207748413086
4473,saint_sac_tok3,2.908336639404297
4474,saint_sac_tok3,5.76099967956543
4475,saint_sac_tok3,4.319846153259277
4476,saint_sac_tok3,2.97318172454834
4477,saint_sac_tok3,1.5583562850952148
4478,saint_sac_tok3,3.894918441772461
4479,saint_sac_tok3,3.9308547973632812
4480,saint_sac_tok3,1.7649993896484375
4481,saint_sac_tok3,1.2744436264038086
4482,saint_sac_tok3,4.115597724914551
4483,saint_sac_tok3,3.9303550720214844
4484,saint_sac_tok3,2.4664392471313477
4485,saint_sac_tok3,1.3988618850708008
4486,saint_sac_tok3,1.8038482666015625
4487,saint_sac_tok3,4.358367919921875
4488,saint_sac_tok3,2.925373077392578
4489,saint_sac_tok3,2.771068572998047
4490,saint_sac_tok3,1.800912857055664
4491,saint_sac_tok3,0.1372547149658203
4492,saint_sac_tok3,2.5502452850341797
4493,saint_sac_tok3,2.9034500122070312
4494,saint_sac_tok3,4.405295372009277
4495,saint_sac_tok3,3.8733367919921875
4496,saint_sac_tok3,0.682307243347168
4497,saint_sac_tok3,2.9526567459106445
4498,saint_sac_tok3,3.639439582824707
4499,saint_sac_tok3,0.7236099243164062
4500,saint_sac_tok3,0.033417701721191406
4501,saint_sac_tok3,1.8423738479614258
4502,saint_sac_tok3,1.7952451705932617
4503,saint_sac_tok3,1.326249122619629
4504,saint_sac_tok3,7.204442024230957
4505,saint_sac_tok3,3.672488212585449
4506,saint_sac_tok3,1.615443229675293
4507,saint_sac_tok3,1.3728723526000977
4508,saint_sac_tok3,1.0374031066894531
4509,saint_sac_tok3,0.9355068206787109
4510,saint_sac_tok3,1.3052740097045898
4511,saint_sac_tok3,2.188746452331543
4512,saint_sac_tok3,6.4526214599609375
4513,saint_sac_tok3,1.461771011352539
4514,saint_sac_tok3,1.5484485626220703
4515,saint_sac_tok3,2.0229053497314453
4516,saint_sac_tok3,0.5986309051513672
4517,saint_sac_tok3,1.5102863311767578
4518,saint_sac_tok3,1.8816766738891602
4519,saint_sac_tok3,3.7073135375976562
4520,saint_sac_tok3,6.664216995239258
4521,saint_sac_tok3,1.3760814666748047
4522,saint_sac_tok3,1.6925029754638672
4523,saint_sac_tok3,0.5155935287475586
4524,saint_sac_tok3,0.2611980438232422
4525,saint_sac_tok3,3.331376075744629
4526,saint_sac_tok3,3.7711524963378906
4527,saint_sac_tok3,1.5886287689208984
4528,saint_sac_tok3,2.473341941833496
4529,saint_sac_tok3,0.6602859497070312
4530,saint_sac_tok3,2.524722099304199
4531,saint_sac_tok3,2.8095455169677734
4532,saint_sac_tok3,-0.4013357162475586
4533,saint_sac_tok3,1.159012794494629
4534,saint_sac_tok3,2.923480987548828
4535,saint_sac_tok3,3.9777674674987793
4536,saint_sac_tok3,0.9165105819702148
4537,saint_sac_tok3,0.5361337661743164
4538,saint_sac_tok3,4.334527015686035
4539,saint_sac_tok3,4.129156112670898
4540,saint_sac_tok3,0.8363094329833984
4541,saint_sac_tok3,1.9434614181518555
4542,saint_sac_tok3,1.4501609802246094
4543,saint_sac_tok3,1.2755498886108398
4544,saint_sac_tok3,1.094930648803711
4545,saint_sac_tok3,2.2782325744628906
4546,saint_sac_tok3,0.6870899200439453
4547,saint_sac_tok3,3.3991003036499023
4548,saint_sac_tok3,4.787149429321289
4549,saint_sac_tok3,0.35890960693359375
4550,saint_sac_tok3,1.4295234680175781
4551,saint_sac_tok3,7.40611457824707
4552,saint_sac_tok3,0.33877086639404297
4553,saint_sac_tok3,2.945929527282715
4554,saint_sac_tok3,0.3199806213378906
4555,saint_sac_tok3,2.0553455352783203
4556,saint_sac_tok3,3.562957763671875
4557,saint_sac_tok3,1.9240150451660156
4558,saint_sac_tok3,0.6055202484130859
4559,saint_sac_tok3,3.332566738128662
4560,saint_sac_tok3,1.3156518936157227
4561,saint_sac_tok3,1.772787094116211
4562,saint_sac_tok3,4.034426212310791
4563,saint_sac_tok3,3.993800163269043
4564,saint_sac_tok3,2.4895830154418945
4565,saint_sac_tok3,2.4674625396728516
4566,saint_sac_tok3,1.9397668838500977
4567,saint_sac_tok3,2.1601104736328125
4568,saint_sac_tok3,2.2618703842163086
4569,saint_sac_tok3,1.277608871459961
4570,saint_sac_tok3,7.501118183135986
4571,saint_sac_tok3,2.4839601516723633
4572,saint_sac_tok3,0.41275787353515625
4573,saint_sac_tok3,0.6535491943359375
4574,saint_sac_tok3,2.608745574951172
4575,saint_sac_tok3,1.7410755157470703
4576,saint_sac_tok3,3.0682363510131836
4577,saint_sac_tok3,1.4056482315063477
4578,saint_sac_tok3,3.210721015930176
4579,saint_sac_tok3,5.39312744140625
4580,saint_sac_tok3,0.32487964630126953
4581,saint_sac_tok3,1.1958198547363281
4582,saint_sac_tok3,1.1193456649780273
4583,saint_sac_tok3,2.568675994873047
4584,saint_sac_tok3,4.059013366699219
4585,saint_sac_tok3,3.3700618743896484
4586,saint_sac_tok3,1.33953857421875
4587,saint_sac_tok3,5.766702651977539
4588,saint_sac_tok3,1.2954473495483398
4589,saint_sac_tok3,0.7989091873168945
4590,saint_sac_tok3,0.6716279983520508
4591,saint_sac_tok3,-0.28663063049316406
4592,saint_sac_tok3,1.503556251525879
4593,saint_sac_tok3,0.8383369445800781
4594,saint_sac_tok3,2.3776369094848633
4595,saint_sac_tok3,1.6359529495239258
4596,saint_sac_tok3,2.892026901245117
4597,saint_sac_tok3,1.753769874572754
4598,saint_sac_tok3,0.014262199401855469
4599,saint_sac_tok3,1.5505752563476562
4600,saint_sac_tok3,1.3997430801391602
4601,saint_sac_tok3,2.7715835571289062
4602,saint_sac_tok3,1.8951072692871094
4603,saint_sac_tok3,7.351321220397949
4604,saint_sac_tok3,2.393098831176758
4605,saint_sac_tok3,0.6515645980834961
4606,saint_sac_tok3,1.1113510131835938
4607,saint_sac_tok3,3.336587905883789
4608,saint_sac_tok3,2.1948013305664062
4609,saint_sac_tok3,-0.32855796813964844
4610,saint_sac_tok3,2.298577308654785
4611,saint_sac_tok3,2.6657848358154297
4612,saint_sac_tok3,1.2996025085449219
4613,saint_sac_tok3,1.136469841003418
4614,saint_sac_tok3,2.015745162963867
4615,saint_sac_tok3,4.0259294509887695
4616,saint_sac_tok3,0.6406793594360352
4617,saint_sac_tok3,1.0174379348754883
4618,saint_sac_tok3,2.1266374588012695
4619,saint_sac_tok3,3.785501480102539
4620,saint_sac_tok3,2.663118362426758
4621,saint_sac_tok3,1.2729263305664062
4622,saint_sac_tok3,0.7450246810913086
4623,saint_sac_tok3,2.975155830383301
4624,saint_sac_tok3,3.7008237838745117
4625,saint_sac_tok3,1.2438669204711914
4626,saint_sac_tok3,0.8850946426391602
4627,saint_sac_tok3,3.439821243286133
4628,saint_sac_tok3,0.8664617538452148
4629,saint_sac_tok3,2.4413490295410156
4630,saint_sac_tok3,2.7429580688476562
4631,saint_sac_tok3,1.810338020324707
4632,saint_sac_tok3,4.158890724182129
4633,saint_sac_tok3,0.8115072250366211
4634,saint_sac_tok3,1.5831165313720703
4635,saint_sac_tok3,3.5044422149658203
4636,saint_sac_tok3,2.4391279220581055
4637,saint_sac_tok3,1.245865821838379
4638,saint_sac_tok3,3.034496307373047
4639,saint_sac_tok3,1.806879997253418
4640,saint_sac_tok3,2.807003974914551
4641,saint_sac_tok3,1.3747844696044922
4642,saint_sac_tok3,1.7427558898925781
4643,saint_sac_tok3,1.193242073059082
4644,saint_sac_tok3,1.1741647720336914
4645,saint_sac_tok3,0.35176658630371094
4646,saint_sac_tok3,4.708531379699707
4647,saint_sac_tok3,2.8830718994140625
4648,saint_sac_tok3,1.4446897506713867
4649,saint_sac_tok3,3.7275876998901367
4650,saint_sac_tok3,1.0279474258422852
4651,saint_sac_tok3,0.9316482543945312
4652,saint_sac_tok3,1.330322265625
4653,saint_sac_tok3,2.4605045318603516
4654,saint_sac_tok3,5.202082633972168
4655,saint_sac_tok3,2.2936153411865234
4656,saint_sac_tok3,1.9090309143066406
4657,saint_sac_tok3,-0.1117105484008789
4658,saint_sac_tok3,0.6165494918823242
4659,saint_sac_tok3,2.5351686477661133
4660,saint_sac_tok3,1.6468133926391602
4661,saint_sac_tok3,2.087991714477539
4662,saint_sac_tok3,4.1490068435668945
4663,saint_sac_tok3,5.916377067565918
4664,saint_sac_tok3,1.4522895812988281
4665,saint_sac_tok3,2.126948356628418
4666,saint_sac_tok3,1.6636877059936523
4667,saint_sac_tok3,2.592775344848633
4668,saint_sac_tok3,1.5851316452026367
4669,saint_sac_tok3,2.2147722244262695
4670,saint_sac_tok3,-0.08722686767578125
4671,saint_sac_tok3,3.31125545501709
4672,saint_sac_tok3,1.5558147430419922
4673,saint_sac_tok3,1.3808164596557617
4674,saint_sac_tok3,1.6892776489257812
4675,saint_sac_tok3,3.4769248962402344
4676,saint_sac_tok3,-0.2928018569946289
4677,saint_sac_tok3,-0.02182769775390625
4678,saint_sac_tok3,0.6010446548461914
4679,saint_sac_tok3,0.8095321655273438
4680,saint_sac_tok3,2.57619571685791
4681,saint_sac_tok3,2.648862838745117
4682,saint_sac_tok3,2.6933841705322266
4683,saint_sac_tok3,1.2315645217895508
4684,saint_sac_tok3,1.202601432800293
4685,saint_sac_tok3,1.450296401977539
4686,saint_sac_tok3,0.4006500244140625
4687,saint_sac_tok3,0.1984691619873047
4688,saint_sac_tok3,2.52017879486084
4689,saint_sac_tok3,3.485222816467285
4690,saint_sac_tok3,0.7988643646240234
4691,saint_sac_tok3,7.640100479125977
4692,saint_sac_tok3,3.8531546592712402
4693,saint_sac_tok3,0.2513618469238281
4694,saint_sac_tok3,0.5428972244262695
4695,saint_sac_tok3,2.425513744354248
4696,saint_sac_tok3,0.8838090896606445
4697,saint_sac_tok3,5.219152450561523
4698,saint_sac_tok3,0.9278430938720703
4699,saint_sac_tok3,2.1314620971679688
4700,saint_sac_tok3,2.120791435241699
4701,saint_sac_tok3,1.6552200317382812
4702,saint_sac_tok3,0.08603382110595703
4703,saint_sac_tok3,3.734516143798828
4704,saint_sac_tok3,0.5786380767822266
4705,saint_sac_tok3,0.09463024139404297
4706,saint_sac_tok3,2.7064332962036133
4707,saint_sac_tok3,1.8118572235107422
4708,saint_sac_tok3,1.22113037109375
4709,saint_sac_tok3,4.880768775939941
4710,saint_sac_tok3,2.622666358947754
4711,saint_sac_tok3,2.7983694076538086
4712,saint_sac_tok3,0.5151968002319336
4713,saint_sac_tok3,0.0020732879638671875
4714,saint_sac_tok3,0.22992610931396484
4715,saint_sac_tok3,5.478545188903809
4716,saint_sac_tok3,0.6377315521240234
4717,saint_sac_tok3,1.2481498718261719
4718,saint_sac_tok3,6.976836204528809
4719,saint_sac_tok3,0.9773693084716797
4720,saint_sac_tok3,3.530733108520508
4721,saint_sac_tok3,1.5443944931030273
4722,saint_sac_tok3,0.14928913116455078
4723,saint_sac_tok3,5.341721534729004
4724,saint_sac_tok3,1.1717519760131836
4725,saint_sac_tok3,2.8416147232055664
4726,saint_sac_tok3,0.9789485931396484
4727,saint_sac_tok3,1.5896759033203125
4728,saint_sac_tok3,2.0578784942626953
4729,saint_sac_tok3,1.6323175430297852
4730,saint_sac_tok3,1.9583206176757812
4731,saint_sac_tok3,4.318473815917969
4732,saint_sac_tok3,0.7151670455932617
4733,saint_sac_tok3,7.481533050537109
4734,saint_sac_tok3,3.116697311401367
4735,saint_sac_tok3,0.6033334732055664
4736,saint_sac_tok3,1.5125446319580078
4737,saint_sac_tok3,1.489058494567871
4738,saint_sac_tok3,0.9814291000366211
4739,saint_sac_tok3,4.993440628051758
4740,saint_sac_tok3,0.7218856811523438
4741,saint_sac_tok3,0.29816150665283203
4742,saint_sac_tok3,3.952338218688965
4743,saint_sac_tok3,1.9336843490600586
4744,saint_sac_tok3,1.9623279571533203
4745,saint_sac_tok3,1.2757291793823242
4746,saint_sac_tok3,1.4203481674194336
4747,saint_sac_tok3,1.2192726135253906
4748,saint_sac_tok3,0.5913181304931641
4749,saint_sac_tok3,3.2003517150878906
4750,saint_sac_tok3,1.057948112487793
4751,saint_sac_tok3,1.8405218124389648
4752,saint_sac_tok3,2.013127326965332
4753,saint_sac_tok3,3.2714805603027344
4754,saint_sac_tok3,1.5358037948608398
4755,saint_sac_tok3,4.070428848266602
4756,saint_sac_tok3,2.5655651092529297
4757,saint_sac_tok3,0.6617441177368164
4758,saint_sac_tok3,0.8261022567749023
4759,saint_sac_tok3,2.813385009765625
4760,saint_sac_tok3,0.767216682434082
4761,saint_sac_tok3,2.819997787475586
4762,saint_sac_tok3,1.224313735961914
4763,saint_sac_tok3,6.1094160079956055
4764,saint_sac_tok3,0.01929950714111328
4765,saint_sac_tok3,2.395465850830078
4766,saint_sac_tok3,0.8138179779052734
4767,saint_sac_tok3,4.983172416687012
4768,saint_sac_tok3,3.81337833404541
4769,saint_sac_tok3,1.2817020416259766
4770,saint_sac_tok3,5.361358642578125
4771,saint_sac_tok3,2.937957763671875
4772,saint_sac_tok3,2.186337471008301
4773,saint_sac_tok3,4.04240608215332
4774,saint_sac_tok3,1.9713525772094727
4775,saint_sac_tok3,2.26834774017334
4776,saint_sac_tok3,1.7601728439331055
4777,saint_sac_tok3,1.207137107849121
4778,saint_sac_tok3,2.0114002227783203
4779,saint_sac_tok3,1.2772207260131836
4780,saint_sac_tok3,1.8358945846557617
4781,saint_sac_tok3,1.232773780822754
4782,saint_sac_tok3,2.5775699615478516
4783,saint_sac_tok3,2.7384605407714844
4784,saint_sac_tok3,4.065216064453125
4785,saint_sac_tok3,0.19994354248046875
4786,saint_sac_tok3,1.7945518493652344
4787,saint_sac_tok3,2.422165870666504
4788,saint_sac_tok3,0.6713285446166992
4789,saint_sac_tok3,2.5976829528808594
4790,saint_sac_tok3,1.48956298828125
4791,saint_sac_tok3,4.717977523803711
4792,saint_sac_tok3,0.5798435211181641
4793,saint_sac_tok3,0.48500633239746094
4794,saint_sac_tok3,0.8673868179321289
4795,saint_sac_tok3,0.2209606170654297
4796,saint_sac_tok3,3.4996166229248047
4797,saint_sac_tok3,0.9534215927124023
4798,saint_sac_tok3,3.3763513565063477
4799,saint_sac_tok3,3.18963623046875
4800,saint_sac_tok3,1.6149044036865234
4801,saint_sac_tok3,0.6544332504272461
4802,saint_sac_tok3,1.9715070724487305
4803,saint_sac_tok3,4.862983703613281
4804,saint_sac_tok3,1.694901466369629
4805,saint_sac_tok3,1.3072443008422852
4806,saint_sac_tok3,0.3024148941040039
4807,saint_sac_tok3,1.7551603317260742
4808,saint_sac_tok3,2.8234548568725586
4809,saint_sac_tok3,1.5612077713012695
4810,saint_sac_tok3,0.2048053741455078
4811,saint_sac_tok3,0.991002082824707
4812,saint_sac_tok3,1.1481456756591797
4813,saint_sac_tok3,1.7227611541748047
4814,saint_sac_tok3,0.787379264831543
4815,saint_sac_tok3,2.505892753601074
4816,saint_sac_tok3,1.1705560684204102
4817,saint_sac_tok3,0.8547201156616211
4818,saint_sac_tok3,2.089177131652832
4819,saint_sac_tok3,4.319252014160156
4820,saint_sac_tok3,0.5659255981445312
4821,saint_sac_tok3,1.5687284469604492
4822,saint_sac_tok3,2.604391098022461
4823,saint_sac_tok3,2.2564401626586914
4824,saint_sac_tok3,1.8087644577026367
4825,saint_sac_tok3,2.303621292114258
4826,saint_sac_tok3,0.9975090026855469
4827,saint_sac_tok3,5.0331525802612305
4828,saint_sac_tok3,2.329983711242676
4829,saint_sac_tok3,2.946560859680176
4830,saint_sac_tok3,2.7226524353027344
4831,saint_sac_tok3,1.3332414627075195
4832,saint_sac_tok3,1.3519048690795898
4833,saint_sac_tok3,-0.9395694732666016
4834,saint_sac_tok3,5.872140884399414
4835,saint_sac_tok3,1.1873712539672852
4836,saint_sac_tok3,1.7016105651855469
4837,saint_sac_tok3,2.024324417114258
4838,saint_sac_tok3,1.4336528778076172
4839,saint_sac_tok3,3.9339370727539062
4840,saint_sac_tok3,1.9422941207885742
4841,saint_sac_tok3,2.3919639587402344
4842,saint_sac_tok3,1.7078123092651367
4843,saint_sac_tok3,1.9890632629394531
4844,saint_sac_tok3,0.3344850540161133
4845,saint_sac_tok3,2.184185028076172
4846,saint_sac_tok3,3.2768592834472656
4847,saint_sac_tok3,1.4780330657958984
4848,saint_sac_tok3,0.06842994689941406
4849,saint_sac_tok3,4.248987197875977
4850,saint_sac_tok3,0.028717041015625
4851,saint_sac_tok3,3.4625959396362305
4852,saint_sac_tok3,0.8360719680786133
4853,saint_sac_tok3,2.339700698852539
4854,saint_sac_tok3,0.9589357376098633
4855,saint_sac_tok3,-0.3559093475341797
4856,saint_sac_tok3,1.3530950546264648
4857,saint_sac_tok3,2.003650665283203
4858,saint_sac_tok3,2.691326141357422
4859,saint_sac_tok3,-0.10116863250732422
4860,saint_sac_tok3,0.5191783905029297
4861,saint_sac_tok3,0.8771762847900391
4862,saint_sac_tok3,4.042038917541504
4863,saint_sac_tok3,1.7981719970703125
4864,saint_sac_tok3,1.1740665435791016
4865,saint_sac_tok3,0.9504804611206055
4866,saint_sac_tok3,2.6876425743103027
4867,saint_sac_tok3,3.5664844512939453
4868,saint_sac_tok3,0.9644088745117188
4869,saint_sac_tok3,2.7096385955810547
4870,saint_sac_tok3,7.450685501098633
4871,saint_sac_tok3,2.0100111961364746
4872,saint_sac_tok3,2.477386474609375
4873,saint_sac_tok3,1.5314264297485352
4874,saint_sac_tok3,3.8308534622192383
4875,saint_sac_tok3,2.0369577407836914
4876,saint_sac_tok3,1.0236310958862305
4877,saint_sac_tok3,1.7466669082641602
4878,saint_sac_tok3,3.39656925201416
4879,saint_sac_tok3,0.3166217803955078
4880,saint_sac_tok3,1.701547622680664
4881,saint_sac_tok3,2.965804100036621
4882,saint_sac_tok3,3.5351667404174805
4883,saint_sac_tok3,2.7182321548461914
4884,saint_sac_tok3,3.563778877258301
4885,saint_sac_tok3,0.6597194671630859
4886,saint_sac_tok3,1.6313371658325195
4887,saint_sac_tok3,2.164579391479492
4888,saint_sac_tok3,2.3186044692993164
4889,saint_sac_tok3,4.142945289611816
4890,saint_sac_tok3,1.2523040771484375
4891,saint_sac_tok3,1.8891897201538086
4892,saint_sac_tok3,3.620952606201172
4893,saint_sac_tok3,3.901845932006836
4894,saint_sac_tok3,1.195591926574707
4895,saint_sac_tok3,1.5241565704345703
4896,saint_sac_tok3,1.9124555587768555
4897,saint_sac_tok3,1.144373893737793
4898,saint_sac_tok3,0.1574716567993164
4899,saint_sac_tok3,1.100271224975586
4900,saint_sac_tok3,0.6080770492553711
4901,saint_sac_tok3,3.223794937133789
4902,saint_sac_tok3,2.6881799697875977
4903,saint_sac_tok3,1.3643817901611328
4904,saint_sac_tok3,4.445728302001953
4905,saint_sac_tok3,1.9449167251586914
4906,saint_sac_tok3,2.3874025344848633
4907,saint_sac_tok3,2.352121353149414
4908,saint_sac_tok3,0.5571422576904297
4909,saint_sac_tok3,0.08174514770507812
4910,saint_sac_tok3,0.47037696838378906
4911,saint_sac_tok3,2.7249507904052734
4912,saint_sac_tok3,1.3893184661865234
4913,saint_sac_tok3,3.6667613983154297
4914,saint_sac_tok3,1.7688703536987305
4915,saint_sac_tok3,2.8181467056274414
4916,saint_sac_tok3,3.849226951599121
4917,saint_sac_tok3,1.3235931396484375
4918,saint_sac_tok3,4.667535781860352
4919,saint_sac_tok3,1.240647315979004
4920,saint_sac_tok3,3.2923851013183594
4921,saint_sac_tok3,1.6539592742919922
4922,saint_sac_tok3,1.6106109619140625
4923,saint_sac_tok3,4.047093391418457
4924,saint_sac_tok3,2.1288137435913086
4925,saint_sac_tok3,4.951334476470947
4926,saint_sac_tok3,1.8067312240600586
4927,saint_sac_tok3,1.0529451370239258
4928,saint_sac_tok3,2.2694969177246094
4929,saint_sac_tok3,1.6960163116455078
4930,saint_sac_tok3,3.8487443923950195
4931,saint_sac_tok3,5.7646379470825195
4932,saint_sac_tok3,2.2723989486694336
4933,saint_sac_tok3,1.7099227905273438
4934,saint_sac_tok3,1.1588773727416992
4935,saint_sac_tok3,1.8312311172485352
4936,saint_sac_tok3,1.0592193603515625
4937,saint_sac_tok3,6.337581634521484
4938,saint_sac_tok3,1.4369440078735352
4939,saint_sac_tok3,0.7405004501342773
4940,saint_sac_tok3,1.4982900619506836
4941,saint_sac_tok3,-0.0048065185546875
4942,saint_sac_tok3,3.1500978469848633
4943,saint_sac_tok3,2.4059295654296875
4944,saint_sac_tok3,4.862575531005859
4945,saint_sac_tok3,-0.17592716217041016
4946,saint_sac_tok3,1.4300689697265625
4947,saint_sac_tok3,0.9269285202026367
4948,saint_sac_tok3,1.230708122253418
4949,saint_sac_tok3,1.2423429489135742
4950,saint_sac_tok3,1.300572395324707
4951,saint_sac_tok3,1.9818477630615234
4952,saint_sac_tok3,1.4007129669189453
4953,saint_sac_tok3,3.631692886352539
4954,saint_sac_tok3,0.518223762512207
4955,saint_sac_tok3,2.1986007690429688
4956,saint_sac_tok3,1.2531051635742188
4957,saint_sac_tok3,5.756031036376953
4958,saint_sac_tok3,0.8432903289794922
4959,saint_sac_tok3,0.21616554260253906
4960,saint_sac_tok3,1.1297988891601562
4961,saint_sac_tok3,2.369007110595703
4962,saint_sac_tok3,2.783230781555176
4963,saint_sac_tok3,1.796823501586914
4964,saint_sac_tok3,1.5257549285888672
4965,saint_sac_tok3,4.054018020629883
4966,saint_sac_tok3,0.662994384765625
4967,saint_sac_tok3,1.8404922485351562
4968,saint_sac_tok3,1.7256498336791992
4969,saint_sac_tok3,1.5807209014892578
4970,saint_sac_tok3,2.632993221282959
4971,saint_sac_tok3,1.4725637435913086
4972,saint_sac_tok3,0.89898681640625
4973,saint_sac_tok3,0.4750967025756836
4974,saint_sac_tok3,5.865119934082031
4975,saint_sac_tok3,2.5290985107421875
4976,saint_sac_tok3,1.1978387832641602
4977,saint_sac_tok3,1.9431953430175781
4978,saint_sac_tok3,2.659958839416504
4979,saint_sac_tok3,0.1922445297241211
4980,saint_sac_tok3,2.1415634155273438
4981,saint_sac_tok3,1.5753421783447266
4982,saint_sac_tok3,2.581965446472168
4983,saint_sac_tok3,1.8419733047485352
4984,saint_sac_tok3,2.5577144622802734
4985,saint_sac_tok3,1.4307231903076172
4986,saint_sac_tok3,0.8094978332519531
4987,saint_sac_tok3,1.556767463684082
4988,saint_sac_tok3,3.0335798263549805
4989,saint_sac_tok3,4.583889007568359
4990,saint_sac_tok3,2.8522510528564453
4991,saint_sac_tok3,8.624887466430664
4992,saint_sac_tok3,2.052332878112793
4993,saint_sac_tok3,1.096278190612793
4994,saint_sac_tok3,1.9604501724243164
4995,saint_sac_tok3,6.4607648849487305
4996,saint_sac_tok3,1.5015230178833008
4997,saint_sac_tok3,2.1178369522094727
4998,saint_sac_tok3,4.124725341796875
4999,saint_sac_tok3,1.2402305603027344
5000,saint_sac_tok3,0.6870527267456055
5001,saint_sac_tok3,2.1384096145629883
5002,saint_sac_tok3,0.8465480804443359
5003,saint_sac_tok3,1.8917045593261719
5004,saint_sac_tok3,1.3362178802490234
5005,saint_sac_tok3,0.5944042205810547
5006,saint_sac_tok3,1.9910545349121094
5007,saint_sac_tok3,1.778961181640625
5008,saint_sac_tok3,1.9531774520874023
5009,saint_sac_tok3,2.867969512939453
5010,saint_sac_tok3,2.6199073791503906
5011,saint_sac_tok3,3.094161033630371
5012,saint_sac_tok3,0.9202165603637695
5013,saint_sac_tok3,1.4183588027954102
5014,saint_sac_tok3,2.7571563720703125
5015,saint_sac_tok3,1.645522117614746
5016,saint_sac_tok3,4.022319793701172
5017,saint_sac_tok3,3.785944938659668
5018,saint_sac_tok3,1.5125560760498047
5019,saint_sac_tok3,1.2736892700195312
5020,saint_sac_tok3,1.906041145324707
5021,saint_sac_tok3,3.103970527648926
5022,saint_sac_tok3,4.759456634521484
5023,saint_sac_tok3,3.1489734649658203
5024,saint_sac_tok3,2.1711854934692383
5025,saint_sac_tok3,4.803696632385254
5026,saint_sac_tok3,1.931117057800293
5027,saint_sac_tok3,1.9352006912231445
5028,saint_sac_tok3,2.7190752029418945
5029,saint_sac_tok3,2.538850784301758
5030,saint_sac_tok3,2.693234443664551
5031,saint_sac_tok3,1.5267086029052734
5032,saint_sac_tok3,1.2141733169555664
5033,saint_sac_tok3,4.361315727233887
5034,saint_sac_tok3,1.8662586212158203
5035,saint_sac_tok3,1.7236270904541016
5036,saint_sac_tok3,0.9677867889404297
5037,saint_sac_tok3,3.3372297286987305
5038,saint_sac_tok3,5.906120300292969
5039,saint_sac_tok3,1.4276227951049805
5040,saint_sac_tok3,3.3669939041137695
5041,saint_sac_tok3,1.6622142791748047
5042,saint_sac_tok3,1.889235496520996
5043,saint_sac_tok3,2.729161262512207
5044,saint_sac_tok3,3.8475723266601562
5045,saint_sac_tok3,4.466487884521484
5046,saint_sac_tok3,3.013731002807617
5047,saint_sac_tok3,2.504039764404297
5048,saint_sac_tok3,0.37411975860595703
5049,saint_sac_tok3,2.2025861740112305
5050,saint_sac_tok3,1.8532066345214844
5051,saint_sac_tok3,5.106424331665039
5052,saint_sac_tok3,2.048921585083008
5053,saint_sac_tok3,2.353137969970703
5054,saint_sac_tok3,2.889937400817871
5055,saint_sac_tok3,8.140972137451172
5056,saint_sac_tok3,1.142378807067871
5057,saint_sac_tok3,5.708288669586182
5058,saint_sac_tok3,1.5774412155151367
5059,saint_sac_tok3,2.9917068481445312
5060,saint_sac_tok3,0.6818656921386719
5061,saint_sac_tok3,0.4206371307373047
5062,saint_sac_tok3,-0.047943115234375
5063,saint_sac_tok3,2.633885383605957
5064,saint_sac_tok3,2.9560585021972656
5065,saint_sac_tok3,2.267263412475586
5066,saint_sac_tok3,2.328824996948242
5067,saint_sac_tok3,2.1368579864501953
5068,saint_sac_tok3,3.1934852600097656
5069,saint_sac_tok3,2.810063362121582
5070,saint_sac_tok3,3.9208993911743164
5071,saint_sac_tok3,1.333592414855957
5072,saint_sac_tok3,2.1801013946533203
5073,saint_sac_tok3,5.258323669433594
5074,saint_sac_tok3,2.594156265258789
5075,saint_sac_tok3,3.0455198287963867
5076,saint_sac_tok3,1.475067138671875
5077,saint_sac_tok3,4.515397071838379
5078,saint_sac_tok3,1.2299938201904297
5079,saint_sac_tok3,0.5877771377563477
5080,saint_sac_tok3,2.595813751220703
5081,saint_sac_tok3,3.612071990966797
5082,saint_sac_tok3,1.254775047302246
5083,saint_sac_tok3,1.6337900161743164
5084,saint_sac_tok3,4.091939926147461
5085,saint_sac_tok3,7.775602340698242
5086,saint_sac_tok3,1.0397882461547852
5087,saint_sac_tok3,2.1243762969970703
5088,saint_sac_tok3,1.4264049530029297
5089,saint_sac_tok3,3.5822267532348633
5090,saint_sac_tok3,1.7435131072998047
5091,saint_sac_tok3,-0.5272674560546875
5092,saint_sac_tok3,1.1565876007080078
5093,saint_sac_tok3,1.317209243774414
5094,saint_sac_tok3,2.453061103820801
5095,saint_sac_tok3,1.7462387084960938
5096,saint_sac_tok3,1.1723089218139648
5097,saint_sac_tok3,2.4365081787109375
5098,saint_sac_tok3,2.1279373168945312
5099,saint_sac_tok3,0.047336578369140625
5100,saint_sac_tok3,0.28461360931396484
5101,saint_sac_tok3,4.926015853881836
5102,saint_sac_tok3,-0.4679584503173828
5103,saint_sac_tok3,3.3082942962646484
5104,saint_sac_tok3,2.5738277435302734
5105,saint_sac_tok3,3.159656524658203
5106,saint_sac_tok3,2.899935722351074
5107,saint_sac_tok3,2.064474105834961
5108,saint_sac_tok3,9.09099292755127
5109,saint_sac_tok3,0.8700428009033203
5110,saint_sac_tok3,1.2399425506591797
5111,saint_sac_tok3,0.7891817092895508
5112,saint_sac_tok3,3.397876739501953
5113,saint_sac_tok3,0.32842063903808594
5114,saint_sac_tok3,0.18717002868652344
5115,saint_sac_tok3,0.45449066162109375
5116,saint_sac_tok3,1.0466938018798828
5117,saint_sac_tok3,0.7601604461669922
5118,saint_sac_tok3,4.086255073547363
5119,saint_sac_tok3,1.2098894119262695
5120,saint_sac_tok3,3.2396068572998047
5121,saint_sac_tok3,2.586236000061035
5122,saint_sac_tok3,1.0485973358154297
5123,saint_sac_tok3,1.9252357482910156
5124,saint_sac_tok3,4.602121353149414
5125,saint_sac_tok3,3.5389442443847656
5126,saint_sac_tok3,1.5124187469482422
5127,saint_sac_tok3,3.7269697189331055
5128,saint_sac_tok3,-0.8441677093505859
5129,saint_sac_tok3,5.601696014404297
5130,saint_sac_tok3,1.4840507507324219
5131,saint_sac_tok3,5.497842788696289
5132,saint_sac_tok3,6.257781982421875
5133,saint_sac_tok3,4.79788875579834
5134,saint_sac_tok3,1.0778789520263672
5135,saint_sac_tok3,5.753626823425293
5136,saint_sac_tok3,3.7027645111083984
5137,saint_sac_tok3,1.8157548904418945
5138,saint_sac_tok3,1.0170021057128906
5139,saint_sac_tok3,1.0784072875976562
5140,saint_sac_tok3,2.289395332336426
5141,saint_sac_tok3,1.2982397079467773
5142,saint_sac_tok3,1.481039047241211
5143,saint_sac_tok3,1.5960884094238281
5144,saint_sac_tok3,1.2783269882202148
5145,saint_sac_tok3,3.5570526123046875
5146,saint_sac_tok3,0.8168144226074219
5147,saint_sac_tok3,2.723015785217285
5148,saint_sac_tok3,0.9313983917236328
5149,saint_sac_tok3,2.185140609741211
5150,saint_sac_tok3,2.0144309997558594
5151,saint_sac_tok3,2.250758171081543
5152,saint_sac_tok3,0.6403961181640625
5153,saint_sac_tok3,1.4413337707519531
5154,saint_sac_tok3,4.064228057861328
5155,saint_sac_tok3,1.9793872833251953
5156,saint_sac_tok3,4.5534210205078125
5157,saint_sac_tok3,1.9675722122192383
5158,saint_sac_tok3,1.6930437088012695
5159,saint_sac_tok3,2.8676462173461914
5160,saint_sac_tok3,2.326688766479492
5161,saint_sac_tok3,3.0642290115356445
5162,saint_sac_tok3,1.5529289245605469
5163,saint_sac_tok3,1.7276525497436523
5164,saint_sac_tok3,2.0015220642089844
5165,saint_sac_tok3,4.434055328369141
5166,saint_sac_tok3,3.0981807708740234
5167,saint_sac_tok3,2.660623550415039
5168,saint_sac_tok3,1.4825944900512695
5169,saint_sac_tok3,2.3743505477905273
5170,saint_sac_tok3,3.266510009765625
5171,saint_sac_tok3,1.0618000030517578
5172,saint_sac_tok3,4.592001914978027
5173,saint_sac_tok3,4.192989349365234
5174,saint_sac_tok3,2.965243339538574
5175,saint_sac_tok3,1.4359931945800781
5176,saint_sac_tok3,4.885786056518555
5177,saint_sac_tok3,1.7345142364501953
5178,saint_sac_tok3,-0.0069179534912109375
5179,saint_sac_tok3,5.1524858474731445
5180,saint_sac_tok3,0.6308841705322266
5181,saint_sac_tok3,1.689809799194336
5182,saint_sac_tok3,1.7629289627075195
5183,saint_sac_tok3,1.2976179122924805
5184,saint_sac_tok3,1.6356439590454102
5185,saint_sac_tok3,1.7590703964233398
5186,saint_sac_tok3,2.151017189025879
5187,saint_sac_tok3,0.3260078430175781
5188,saint_sac_tok3,2.7941112518310547
5189,saint_sac_tok3,1.1456594467163086
5190,saint_sac_tok3,1.2633295059204102
5191,saint_sac_tok3,1.6972980499267578
5192,saint_sac_tok3,1.0394172668457031
5193,saint_sac_tok3,1.510244369506836
5194,saint_sac_tok3,2.245455741882324
5195,saint_sac_tok3,5.379988670349121
5196,saint_sac_tok3,2.3263168334960938
5197,saint_sac_tok3,3.8320398330688477
5198,saint_sac_tok3,4.437751770019531
5199,saint_sac_tok3,1.9322385787963867
5200,saint_sac_tok3,4.008538246154785
5201,saint_sac_tok3,0.8357620239257812
5202,saint_sac_tok3,4.247799873352051
5203,saint_sac_tok3,0.34401893615722656
5204,saint_sac_tok3,1.1569890975952148
5205,saint_sac_tok3,3.9044504165649414
5206,saint_sac_tok3,4.687093734741211
5207,saint_sac_tok3,1.5966367721557617
5208,saint_sac_tok3,5.284096717834473
5209,saint_sac_tok3,1.585775375366211
5210,saint_sac_tok3,2.6420059204101562
5211,saint_sac_tok3,1.5875091552734375
5212,saint_sac_tok3,3.0907516479492188
5213,saint_sac_tok3,0.38961124420166016
5214,saint_sac_tok3,1.3401985168457031
5215,saint_sac_tok3,3.534979820251465
5216,saint_sac_tok3,3.985849380493164
5217,saint_sac_tok3,1.2201175689697266
5218,saint_sac_tok3,3.255009651184082
5219,saint_sac_tok3,1.546584129333496
5220,saint_sac_tok3,1.556772232055664
5221,saint_sac_tok3,1.925424575805664
5222,saint_sac_tok3,1.2109184265136719
5223,saint_sac_tok3,5.1345977783203125
5224,saint_sac_tok3,3.365176200866699
5225,saint_sac_tok3,1.9403586387634277
5226,saint_sac_tok3,2.805959701538086
5227,saint_sac_tok3,1.5530681610107422
5228,saint_sac_tok3,1.0905914306640625
5229,saint_sac_tok3,4.58725643157959
5230,saint_sac_tok3,0.9754190444946289
5231,saint_sac_tok3,2.862788200378418
5232,saint_sac_tok3,2.0984888076782227
5233,saint_sac_tok3,0.3003997802734375
5234,saint_sac_tok3,1.8420610427856445
5235,saint_sac_tok3,1.4940605163574219
5236,saint_sac_tok3,2.109365463256836
5237,saint_sac_tok3,-0.08656120300292969
5238,saint_sac_tok3,1.8184785842895508
5239,saint_sac_tok3,1.798431396484375
5240,saint_sac_tok3,1.6021900177001953
5241,saint_sac_tok3,4.640503406524658
5242,saint_sac_tok3,1.4410629272460938
5243,saint_sac_tok3,0.7832460403442383
5244,saint_sac_tok3,1.227224349975586
5245,saint_sac_tok3,3.17508602142334
5246,saint_sac_tok3,2.817511558532715
5247,saint_sac_tok3,3.3549118041992188
5248,saint_sac_tok3,-0.317474365234375
5249,saint_sac_tok3,1.1289291381835938
5250,saint_sac_tok3,1.5784549713134766
5251,saint_sac_tok3,3.3181324005126953
5252,saint_sac_tok3,0.3451385498046875
5253,saint_sac_tok3,-0.5783290863037109
5254,saint_sac_tok3,1.6679964065551758
5255,saint_sac_tok3,0.8278217315673828
5256,saint_sac_tok3,7.668544769287109
5257,saint_sac_tok3,2.852545738220215
5258,saint_sac_tok3,1.996272087097168
5259,saint_sac_tok3,2.99700927734375
5260,saint_sac_tok3,2.671377182006836
5261,saint_sac_tok3,3.1707229614257812
5262,saint_sac_tok3,1.6096458435058594
5263,saint_sac_tok3,2.8514585494995117
5264,saint_sac_tok3,1.3285160064697266
5265,saint_sac_tok3,1.9673500061035156
5266,saint_sac_tok3,1.3205995559692383
5267,saint_sac_tok3,1.025874137878418
5268,saint_sac_tok3,2.505208969116211
5269,saint_sac_tok3,1.258408546447754
5270,saint_sac_tok3,2.0436325073242188
5271,saint_sac_tok3,2.3385305404663086
5272,saint_sac_tok3,0.8880271911621094
5273,saint_sac_tok3,2.9797229766845703
5274,saint_sac_tok3,1.828866958618164
5275,saint_sac_tok3,3.218486785888672
5276,saint_sac_tok3,1.3323440551757812
5277,saint_sac_tok3,2.1706185340881348
5278,saint_sac_tok3,3.646237373352051
5279,saint_sac_tok3,1.2220458984375
5280,saint_sac_tok3,3.637993812561035
5281,saint_sac_tok3,1.1624479293823242
5282,saint_sac_tok3,2.68121337890625
5283,saint_sac_tok3,2.453615188598633
5284,saint_sac_tok3,3.6468505859375
5285,saint_sac_tok3,1.1099529266357422
5286,saint_sac_tok3,3.299984931945801
5287,saint_sac_tok3,0.16174030303955078
5288,saint_sac_tok3,5.897582054138184
5289,saint_sac_tok3,2.2894067764282227
5290,saint_sac_tok3,1.3511953353881836
5291,saint_sac_tok3,1.7468528747558594
5292,saint_sac_tok3,0.6978816986083984
5293,saint_sac_tok3,0.6179380416870117
5294,saint_sac_tok3,2.8456287384033203
5295,saint_sac_tok3,1.7575645446777344
5296,saint_sac_tok3,2.062220573425293
5297,saint_sac_tok3,3.3626585006713867
5298,saint_sac_tok3,1.9051036834716797
5299,saint_sac_tok3,2.5363664627075195
5300,saint_sac_tok3,1.7951526641845703
5301,saint_sac_tok3,1.1958904266357422
5302,saint_sac_tok3,3.2285385131835938
5303,saint_sac_tok3,3.25101375579834
5304,saint_sac_tok3,1.2518892288208008
5305,saint_sac_tok3,1.4832897186279297
5306,saint_sac_tok3,0.6452846527099609
5307,saint_sac_tok3,1.275029182434082
5308,saint_sac_tok3,0.7597370147705078
5309,saint_sac_tok3,5.316817283630371
5310,saint_sac_tok3,1.588456153869629
5311,saint_sac_tok3,2.8909311294555664
5312,saint_sac_tok3,1.2748565673828125
5313,saint_sac_tok3,1.6576414108276367
5314,saint_sac_tok3,2.075349807739258
5315,saint_sac_tok3,2.9039249420166016
5316,saint_sac_tok3,1.224771499633789
5317,saint_sac_tok3,0.9624004364013672
5318,saint_sac_tok3,7.092893600463867
5319,saint_sac_tok3,3.6700334548950195
5320,saint_sac_tok3,5.857089042663574
5321,saint_sac_tok3,1.6141748428344727
5322,saint_sac_tok3,1.986515998840332
5323,saint_sac_tok3,2.306234359741211
5324,saint_sac_tok3,1.6920785903930664
5325,saint_sac_tok3,0.6976194381713867
5326,saint_sac_tok3,3.099884033203125
5327,saint_sac_tok3,1.2655038833618164
5328,saint_sac_tok3,5.337681770324707
5329,saint_sac_tok3,8.92302942276001
5330,saint_sac_tok3,0.15568828582763672
5331,saint_sac_tok3,0.8620357513427734
5332,saint_sac_tok3,2.200969696044922
5333,saint_sac_tok3,2.9036788940429688
5334,saint_sac_tok3,3.571439743041992
5335,saint_sac_tok3,1.850412368774414
5336,saint_sac_tok3,2.293471336364746
5337,saint_sac_tok3,2.3634214401245117
5338,saint_sac_tok3,1.5103321075439453
5339,saint_sac_tok3,3.1531600952148438
5340,saint_sac_tok3,4.788130760192871
5341,saint_sac_tok3,-0.41513919830322266
5342,saint_sac_tok3,0.9223041534423828
5343,saint_sac_tok3,2.1137924194335938
5344,saint_sac_tok3,5.129367828369141
5345,saint_sac_tok3,4.353639602661133
5346,saint_sac_tok3,3.1286096572875977
5347,saint_sac_tok3,1.9883804321289062
5348,saint_sac_tok3,1.9443445205688477
5349,saint_sac_tok3,0.7000856399536133
5350,saint_sac_tok3,1.1441383361816406
5351,saint_sac_tok3,1.8443222045898438
5352,saint_sac_tok3,7.604052543640137
5353,saint_sac_tok3,0.5115385055541992
5354,saint_sac_tok3,3.227349281311035
5355,saint_sac_tok3,0.7161989212036133
5356,saint_sac_tok3,3.6837997436523438
5357,saint_sac_tok3,5.104791641235352
5358,saint_sac_tok3,1.1710901260375977
5359,saint_sac_tok3,7.098823547363281
5360,saint_sac_tok3,3.2185420989990234
5361,saint_sac_tok3,3.141815185546875
5362,saint_sac_tok3,6.904183387756348
5363,saint_sac_tok3,2.725680351257324
5364,saint_sac_tok3,3.234142303466797
5365,saint_sac_tok3,7.299152374267578
5366,saint_sac_tok3,1.4340877532958984
5367,saint_sac_tok3,1.6918258666992188
5368,saint_sac_tok3,2.022642135620117
5369,saint_sac_tok3,3.1652259826660156
5370,saint_sac_tok3,5.59694766998291
5371,saint_sac_tok3,2.446046829223633
5372,saint_sac_tok3,1.4937591552734375
5373,saint_sac_tok3,2.3096961975097656
5374,saint_sac_tok3,1.652848243713379
5375,saint_sac_tok3,4.440479278564453
5376,saint_sac_tok3,1.9765596389770508
5377,saint_sac_tok3,0.15445995330810547
5378,saint_sac_tok3,5.6644744873046875
5379,saint_sac_tok3,1.3927583694458008
5380,saint_sac_tok3,0.8836498260498047
5381,saint_sac_tok3,1.6169099807739258
5382,saint_sac_tok3,1.9186229705810547
5383,saint_sac_tok3,3.787660598754883
5384,saint_sac_tok3,5.1574201583862305
5385,saint_sac_tok3,2.091006278991699
5386,saint_sac_tok3,2.0379114151000977
5387,saint_sac_tok3,7.0822858810424805
5388,saint_sac_tok3,2.3049440383911133
5389,saint_sac_tok3,0.4176149368286133
5390,saint_sac_tok3,1.8557453155517578
5391,saint_sac_tok3,0.3885030746459961
5392,saint_sac_tok3,1.8839187622070312
5393,saint_sac_tok3,3.996434211730957
5394,saint_sac_tok3,2.631035804748535
5395,saint_sac_tok3,0.5255212783813477
5396,saint_sac_tok3,1.2056465148925781
5397,saint_sac_tok3,0.18419742584228516
5398,saint_sac_tok3,1.0539054870605469
5399,saint_sac_tok3,3.1742496490478516
5400,saint_sac_tok3,1.286041259765625
5401,saint_sac_tok3,0.41454315185546875
5402,saint_sac_tok3,1.9818410873413086
5403,saint_sac_tok3,1.0501432418823242
5404,saint_sac_tok3,3.292064666748047
5405,saint_sac_tok3,2.4947404861450195
5406,saint_sac_tok3,1.2217864990234375
5407,saint_sac_tok3,2.7218542098999023
5408,saint_sac_tok3,1.8179759979248047
5409,saint_sac_tok3,3.7464370727539062
5410,saint_sac_tok3,2.9410934448242188
5411,saint_sac_tok3,2.3943052291870117
5412,saint_sac_tok3,2.6531496047973633
5413,saint_sac_tok3,2.1297121047973633
5414,saint_sac_tok3,1.1513500213623047
5415,saint_sac_tok3,2.7027034759521484
5416,saint_sac_tok3,1.832697868347168
5417,saint_sac_tok3,4.19921875
5418,saint_sac_tok3,2.867044448852539
5419,saint_sac_tok3,1.753270149230957
5420,saint_sac_tok3,0.5734119415283203
5421,saint_sac_tok3,0.22100067138671875
5422,saint_sac_tok3,1.08758544921875
5423,saint_sac_tok3,2.194943428039551
5424,saint_sac_tok3,0.3125324249267578
5425,saint_sac_tok3,6.290618896484375
5426,saint_sac_tok3,2.201066017150879
5427,saint_sac_tok3,2.4180355072021484
5428,saint_sac_tok3,1.0891571044921875
5429,saint_sac_tok3,2.3101186752319336
5430,saint_sac_tok3,1.5841083526611328
5431,saint_sac_tok3,2.765016555786133
5432,saint_sac_tok3,8.757309436798096
5433,saint_sac_tok3,2.256711959838867
5434,saint_sac_tok3,2.5545425415039062
5435,saint_sac_tok3,1.6827802658081055
5436,saint_sac_tok3,2.3485307693481445
5437,saint_sac_tok3,2.2862958908081055
5438,saint_sac_tok3,1.6945676803588867
5439,saint_sac_tok3,2.367070198059082
5440,saint_sac_tok3,3.612607955932617
5441,saint_sac_tok3,0.7928123474121094
5442,saint_sac_tok3,0.9696168899536133
5443,saint_sac_tok3,1.831864356994629
5444,saint_sac_tok3,1.3801698684692383
5445,saint_sac_tok3,2.8157081604003906
5446,saint_sac_tok3,4.62156867980957
5447,saint_sac_tok3,2.455197334289551
5448,saint_sac_tok3,2.237107276916504
5449,saint_sac_tok3,1.6136178970336914
5450,saint_sac_tok3,2.8783035278320312
5451,saint_sac_tok3,1.5928716659545898
5452,saint_sac_tok3,0.8896713256835938
5453,saint_sac_tok3,1.2592506408691406
5454,saint_sac_tok3,0.9180908203125
5455,saint_sac_tok3,0.4800891876220703
5456,saint_sac_tok3,3.2810134887695312
5457,saint_sac_tok3,1.5482444763183594
5458,saint_sac_tok3,-0.05371284484863281
5459,saint_sac_tok3,1.6764373779296875
5460,saint_sac_tok3,3.3688125610351562
5461,saint_sac_tok3,0.19055461883544922
5462,saint_sac_tok3,1.4361419677734375
5463,saint_sac_tok3,1.555572509765625
5464,saint_sac_tok3,1.5819902420043945
5465,saint_sac_tok3,2.401297092437744
5466,saint_sac_tok3,4.53620719909668
5467,saint_sac_tok3,2.2810611724853516
5468,saint_sac_tok3,0.984684944152832
5469,saint_sac_tok3,0.829432487487793
5470,saint_sac_tok3,4.755131244659424
5471,saint_sac_tok3,2.10482120513916
5472,saint_sac_tok3,1.1275882720947266
5473,saint_sac_tok3,3.3431320190429688
5474,saint_sac_tok3,1.6892948150634766
5475,saint_sac_tok3,1.5846385955810547
5476,saint_sac_tok3,2.7463722229003906
5477,saint_sac_tok3,1.3610305786132812
5478,saint_sac_tok3,3.304920196533203
5479,saint_sac_tok3,1.2723731994628906
5480,saint_sac_tok3,6.658321380615234
5481,saint_sac_tok3,3.8420610427856445
5482,saint_sac_tok3,0.9957981109619141
5483,saint_sac_tok3,0.591151237487793
5484,saint_sac_tok3,2.670978546142578
5485,saint_sac_tok3,3.1022167205810547
5486,saint_sac_tok3,2.2318639755249023
5487,saint_sac_tok3,2.314258575439453
5488,saint_sac_tok3,1.4553041458129883
5489,saint_sac_tok3,2.1041879653930664
5490,saint_sac_tok3,1.5672006607055664
5491,saint_sac_tok3,1.9132270812988281
5492,saint_sac_tok3,1.5074424743652344
5493,saint_sac_tok3,2.427657127380371
5494,saint_sac_tok3,1.2798032760620117
5495,saint_sac_tok3,0.1612110137939453
5496,saint_sac_tok3,3.966489791870117
5497,saint_sac_tok3,0.7540302276611328
5498,saint_sac_tok3,1.7151126861572266
5499,saint_sac_tok3,1.1120433807373047
5500,saint_sac_tok3,2.330629348754883
5501,saint_sac_tok3,1.4916114807128906
5502,saint_sac_tok3,1.3482704162597656
5503,saint_sac_tok3,2.5063962936401367
5504,saint_sac_tok3,1.714254379272461
5505,saint_sac_tok3,2.120394706726074
5506,saint_sac_tok3,3.262772560119629
5507,saint_sac_tok3,2.9300642013549805
5508,saint_sac_tok3,1.7803878784179688
5509,saint_sac_tok3,3.7518186569213867
5510,saint_sac_tok3,3.8718862533569336
5511,saint_sac_tok3,5.292174339294434
5512,saint_sac_tok3,2.870882034301758
5513,saint_sac_tok3,1.8994207382202148
5514,saint_sac_tok3,2.848276138305664
5515,saint_sac_tok3,3.1364564895629883
5516,saint_sac_tok3,4.756970405578613
5517,saint_sac_tok3,3.156248092651367
5518,saint_sac_tok3,2.512479782104492
5519,saint_sac_tok3,-0.14688396453857422
5520,saint_sac_tok3,1.6740703582763672
5521,saint_sac_tok3,1.8082008361816406
5522,saint_sac_tok3,1.163487434387207
5523,saint_sac_tok3,1.5464048385620117
5524,saint_sac_tok3,4.761789321899414
5525,saint_sac_tok3,0.5145339965820312
5526,saint_sac_tok3,3.787017822265625
5527,saint_sac_tok3,1.246047019958496
5528,saint_sac_tok3,3.322598457336426
5529,saint_sac_tok3,1.7944765090942383
5530,saint_sac_tok3,6.106230735778809
5531,saint_sac_tok3,1.3572139739990234
5532,saint_sac_tok3,4.798418045043945
5533,saint_sac_tok3,2.4692459106445312
5534,saint_sac_tok3,1.015791893005371
5535,saint_sac_tok3,3.152294158935547
5536,saint_sac_tok3,3.279634475708008
5537,saint_sac_tok3,1.398747444152832
5538,saint_sac_tok3,0.8058710098266602
5539,saint_sac_tok3,3.024991989135742
5540,saint_sac_tok3,2.629343032836914
5541,saint_sac_tok3,1.6888980865478516
5542,saint_sac_tok3,3.7490100860595703
5543,saint_sac_tok3,-0.27712345123291016
5544,saint_sac_tok3,1.227665901184082
5545,saint_sac_tok3,4.954941749572754
5546,saint_sac_tok3,4.983201026916504
5547,saint_sac_tok3,2.5030336380004883
5548,saint_sac_tok3,2.2867517471313477
5549,saint_sac_tok3,1.7444190979003906
5550,saint_sac_tok3,4.250140190124512
5551,saint_sac_tok3,2.9651622772216797
5552,saint_sac_tok3,2.6951723098754883
5553,saint_sac_tok3,4.999298095703125
5554,saint_sac_tok3,1.7967653274536133
5555,saint_sac_tok3,1.406747817993164
5556,saint_sac_tok3,1.1157922744750977
5557,saint_sac_tok3,1.5812444686889648
5558,saint_sac_tok3,1.1190471649169922
5559,saint_sac_tok3,1.9107475280761719
5560,saint_sac_tok3,0.965052604675293
5561,saint_sac_tok3,2.0839357376098633
5562,saint_sac_tok3,4.163301467895508
5563,saint_sac_tok3,2.314851760864258
5564,saint_sac_tok3,2.3018674850463867
5565,saint_sac_tok3,0.46987247467041016
5566,saint_sac_tok3,1.781747817993164
5567,saint_sac_tok3,4.096368789672852
5568,saint_sac_tok3,0.7579421997070312
5569,saint_sac_tok3,-0.38118648529052734
5570,saint_sac_tok3,1.6749515533447266
5571,saint_sac_tok3,4.9985551834106445
5572,saint_sac_tok3,2.2498626708984375
5573,saint_sac_tok3,1.331049919128418
5574,saint_sac_tok3,3.5258235931396484
5575,saint_sac_tok3,1.634385108947754
5576,saint_sac_tok3,0.7406806945800781
5577,saint_sac_tok3,2.1929378509521484
5578,saint_sac_tok3,5.158425331115723
5579,saint_sac_tok3,3.6669225692749023
5580,saint_sac_tok3,3.855341911315918
5581,saint_sac_tok3,1.4526748657226562
5582,saint_sac_tok3,3.9684276580810547
5583,saint_sac_tok3,1.5093259811401367
5584,saint_sac_tok3,2.5526885986328125
5585,saint_sac_tok3,2.4194812774658203
5586,saint_sac_tok3,2.2101516723632812
5587,saint_sac_tok3,2.886631965637207
5588,saint_sac_tok3,2.328756332397461
5589,saint_sac_tok3,1.3045768737792969
5590,saint_sac_tok3,3.414278030395508
5591,saint_sac_tok3,3.089024543762207
5592,saint_sac_tok3,0.9777593612670898
5593,saint_sac_tok3,0.874445915222168
5594,saint_sac_tok3,4.985357284545898
5595,saint_sac_tok3,0.48845481872558594
5596,saint_sac_tok3,1.7072076797485352
5597,saint_sac_tok3,3.052122116088867
5598,saint_sac_tok3,0.6631908416748047
5599,saint_sac_tok3,1.3805742263793945
5600,saint_sac_tok3,2.8613462448120117
5601,saint_sac_tok3,3.392597198486328
5602,saint_sac_tok3,3.021137237548828
5603,saint_sac_tok3,1.8427581787109375
5604,saint_sac_tok3,5.025435447692871
5605,saint_sac_tok3,3.046156883239746
5606,saint_sac_tok3,0.48285961151123047
5607,saint_sac_tok3,1.53125
5608,saint_sac_tok3,2.6544103622436523
5609,saint_sac_tok3,2.3477630615234375
5610,saint_sac_tok3,2.9020156860351562
5611,saint_sac_tok3,1.025547981262207
5612,saint_sac_tok3,1.4136371612548828
5613,saint_sac_tok3,3.3999195098876953
5614,saint_sac_tok3,2.2250852584838867
5615,saint_sac_tok3,0.9306793212890625
5616,saint_sac_tok3,7.142515182495117
5617,saint_sac_tok3,1.7929964065551758
5618,saint_sac_tok3,2.774298667907715
5619,saint_sac_tok3,1.3222837448120117
5620,saint_sac_tok3,6.843310356140137
5621,saint_sac_tok3,0.7385072708129883
5622,saint_sac_tok3,2.5212278366088867
5623,saint_sac_tok3,2.857715606689453
5624,saint_sac_tok3,-0.33686065673828125
5625,saint_sac_tok3,1.2691211700439453
5626,saint_sac_tok3,2.9050674438476562
5627,saint_sac_tok3,2.6214218139648438
5628,saint_sac_tok3,0.9451150894165039
5629,saint_sac_tok3,1.61962890625
5630,saint_sac_tok3,1.3586444854736328
5631,saint_sac_tok3,3.5307745933532715
5632,saint_sac_tok3,1.9462347030639648
5633,saint_sac_tok3,1.9236021041870117
5634,saint_sac_tok3,0.5463752746582031
5635,saint_sac_tok3,1.1599302291870117
5636,saint_sac_tok3,3.1404943466186523
5637,saint_sac_tok3,2.935675621032715
5638,saint_sac_tok3,3.8539390563964844
5639,saint_sac_tok3,2.72896671295166
5640,saint_sac_tok3,4.412283897399902
5641,saint_sac_tok3,3.497126579284668
5642,saint_sac_tok3,2.4471893310546875
5643,saint_sac_tok3,0.9679851531982422
5644,saint_sac_tok3,3.2550106048583984
5645,saint_sac_tok3,2.1519155502319336
5646,saint_sac_tok3,2.2008132934570312
5647,saint_sac_tok3,4.184706687927246
5648,saint_sac_tok3,0.6471109390258789
5649,saint_sac_tok3,2.3814916610717773
5650,saint_sac_tok3,1.787785530090332
5651,saint_sac_tok3,2.5987749099731445
5652,saint_sac_tok3,1.7726469039916992
5653,saint_sac_tok3,2.4923248291015625
5654,saint_sac_tok3,0.9214153289794922
5655,saint_sac_tok3,1.6733379364013672
5656,saint_sac_tok3,2.463381767272949
5657,saint_sac_tok3,2.699892997741699
5658,saint_sac_tok3,2.080653190612793
5659,saint_sac_tok3,0.9659910202026367
5660,saint_sac_tok3,2.3639259338378906
5661,saint_sac_tok3,2.195570945739746
5662,saint_sac_tok3,0.7918844223022461
5663,saint_sac_tok3,1.280461311340332
5664,saint_sac_tok3,7.366741180419922
5665,saint_sac_tok3,7.46510124206543
5666,saint_sac_tok3,2.784876823425293
5667,saint_sac_tok3,1.4854631423950195
5668,saint_sac_tok3,0.28888416290283203
5669,saint_sac_tok3,2.3434314727783203
5670,saint_sac_tok3,6.502001762390137
5671,saint_sac_tok3,-0.44739341735839844
5672,saint_sac_tok3,6.490497589111328
5673,saint_sac_tok3,6.205951690673828
5674,saint_sac_tok3,0.5336999893188477
5675,saint_sac_tok3,1.5988178253173828
5676,saint_sac_tok3,2.020174980163574
5677,saint_sac_tok3,0.777979850769043
5678,saint_sac_tok3,1.9742660522460938
5679,saint_sac_tok3,4.773794174194336
5680,saint_sac_tok3,4.7832183837890625
5681,saint_sac_tok3,0.7788991928100586
5682,saint_sac_tok3,1.250960350036621
5683,saint_sac_tok3,2.480653762817383
5684,saint_sac_tok3,1.6099796295166016
5685,saint_sac_tok3,4.234861373901367
5686,saint_sac_tok3,0.2997283935546875
5687,saint_sac_tok3,0.47047901153564453
5688,saint_sac_tok3,1.3669757843017578
5689,saint_sac_tok3,2.2008533477783203
5690,saint_sac_tok3,4.805002212524414
5691,saint_sac_tok3,1.6672801971435547
5692,saint_sac_tok3,1.6876497268676758
5693,saint_sac_tok3,0.760188102722168
5694,saint_sac_tok3,2.0943517684936523
5695,saint_sac_tok3,2.8331689834594727
5696,saint_sac_tok3,5.337121963500977
5697,saint_sac_tok3,3.7702388763427734
5698,saint_sac_tok3,1.8332843780517578
5699,saint_sac_tok3,3.320389747619629
5700,saint_sac_tok3,2.8223133087158203
5701,saint_sac_tok3,3.7655839920043945
5702,saint_sac_tok3,3.123446464538574
5703,saint_sac_tok3,2.6806135177612305
5704,saint_sac_tok3,1.2300033569335938
5705,saint_sac_tok3,2.1574010848999023
5706,saint_sac_tok3,2.5272340774536133
5707,saint_sac_tok3,1.0211820602416992
5708,saint_sac_tok3,1.0210285186767578
5709,saint_sac_tok3,5.376595497131348
5710,saint_sac_tok3,0.7643032073974609
5711,saint_sac_tok3,4.280901908874512
5712,saint_sac_tok3,3.7724571228027344
5713,saint_sac_tok3,0.7542572021484375
5714,saint_sac_tok3,2.6279420852661133
5715,saint_sac_tok3,1.4401817321777344
5716,saint_sac_tok3,1.9553852081298828
5717,saint_sac_tok3,0.7022781372070312
5718,saint_sac_tok3,4.925044059753418
5719,saint_sac_tok3,2.689393997192383
5720,saint_sac_tok3,2.294112205505371
5721,saint_sac_tok3,2.6592721939086914
5722,saint_sac_tok3,1.968531608581543
5723,saint_sac_tok3,-0.16585826873779297
5724,saint_sac_tok3,0.6089715957641602
5725,saint_sac_tok3,2.3282976150512695
5726,saint_sac_tok3,2.74575138092041
5727,saint_sac_tok3,3.094082832336426
5728,saint_sac_tok3,4.0072736740112305
5729,saint_sac_tok3,1.6259002685546875
5730,saint_sac_tok3,1.4775371551513672
5731,saint_sac_tok3,2.052617073059082
5732,saint_sac_tok3,1.9935874938964844
5733,saint_sac_tok3,0.8318414688110352
5734,saint_sac_tok3,2.2891082763671875
5735,saint_sac_tok3,0.46657276153564453
5736,saint_sac_tok3,3.234079360961914
5737,saint_sac_tok3,7.824000358581543
5738,saint_sac_tok3,1.291168212890625
5739,saint_sac_tok3,2.9110660552978516
5740,saint_sac_tok3,3.5723628997802734
5741,saint_sac_tok3,2.8056163787841797
5742,saint_sac_tok3,1.3990325927734375
5743,saint_sac_tok3,1.9338626861572266
5744,saint_sac_tok3,4.288496017456055
5745,saint_sac_tok3,0.35587596893310547
5746,saint_sac_tok3,-0.2240009307861328
5747,saint_sac_tok3,2.9629201889038086
5748,saint_sac_tok3,3.326666831970215
5749,saint_sac_tok3,2.6660776138305664
5750,saint_sac_tok3,4.103092193603516
5751,saint_sac_tok3,2.572957992553711
5752,saint_sac_tok3,2.2495880126953125
5753,saint_sac_tok3,0.02824878692626953
5754,saint_sac_tok3,0.3288249969482422
5755,saint_sac_tok3,2.8082141876220703
5756,saint_sac_tok3,1.2365303039550781
5757,saint_sac_tok3,2.1190567016601562
5758,saint_sac_tok3,5.295658111572266
5759,saint_sac_tok3,2.5797157287597656
5760,saint_sac_tok3,2.8763885498046875
5761,saint_sac_tok3,3.42340087890625
5762,saint_sac_tok3,1.7733049392700195
5763,saint_sac_tok3,1.9218406677246094
5764,saint_sac_tok3,4.568799018859863
5765,saint_sac_tok3,1.3835258483886719
5766,saint_sac_tok3,1.9579439163208008
5767,saint_sac_tok3,4.800236701965332
5768,saint_sac_tok3,1.5549354553222656
5769,saint_sac_tok3,1.4509477615356445
5770,saint_sac_tok3,1.5321292877197266
5771,saint_sac_tok3,8.816386222839355
5772,saint_sac_tok3,1.5099678039550781
5773,saint_sac_tok3,2.1791839599609375
5774,saint_sac_tok3,1.6074542999267578
5775,saint_sac_tok3,3.973691940307617
5776,saint_sac_tok3,4.867275238037109
5777,saint_sac_tok3,4.0826311111450195
5778,saint_sac_tok3,6.324697494506836
5779,saint_sac_tok3,0.08909320831298828
5780,saint_sac_tok3,4.184218406677246
5781,saint_sac_tok3,1.1341466903686523
5782,saint_sac_tok3,1.8285608291625977
5783,saint_sac_tok3,1.402827262878418
5784,saint_sac_tok3,3.590102195739746
5785,saint_sac_tok3,2.4217615127563477
5786,saint_sac_tok3,2.790393829345703
5787,saint_sac_tok3,1.7395267486572266
5788,saint_sac_tok3,1.9189558029174805
5789,saint_sac_tok3,2.2646360397338867
5790,saint_sac_tok3,1.861617088317871
5791,saint_sac_tok3,1.2928180694580078
5792,saint_sac_tok3,1.816969871520996
5793,saint_sac_tok3,1.7341852188110352
5794,saint_sac_tok3,2.4295177459716797
5795,saint_sac_tok3,1.7015504837036133
5796,saint_sac_tok3,1.7747001647949219
5797,saint_sac_tok3,2.7527408599853516
5798,saint_sac_tok3,6.4129533767700195
5799,saint_sac_tok3,0.15176105499267578
5800,saint_sac_tok3,2.1097307205200195
5801,saint_sac_tok3,6.080803871154785
5802,saint_sac_tok3,2.153453826904297
5803,saint_sac_tok3,1.2957563400268555
5804,saint_sac_tok3,3.223933696746826
5805,saint_sac_tok3,1.3294906616210938
5806,saint_sac_tok3,2.023843765258789
5807,saint_sac_tok3,8.36988639831543
5808,saint_sac_tok3,1.7603168487548828
5809,saint_sac_tok3,1.7226991653442383
5810,saint_sac_tok3,1.6946382522583008
5811,saint_sac_tok3,2.8058900833129883
5812,saint_sac_tok3,2.399730682373047
5813,saint_sac_tok3,1.1109590530395508
5814,saint_sac_tok3,2.1159067153930664
5815,saint_sac_tok3,1.524831771850586
5816,saint_sac_tok3,3.9424057006835938
5817,saint_sac_tok3,1.5254144668579102
5818,saint_sac_tok3,3.3815746307373047
5819,saint_sac_tok3,1.5832452774047852
5820,saint_sac_tok3,2.4194955825805664
5821,saint_sac_tok3,2.0228919982910156
5822,saint_sac_tok3,1.5081548690795898
5823,saint_sac_tok3,5.4599409103393555
5824,saint_sac_tok3,1.8463001251220703
5825,saint_sac_tok3,2.762936592102051
5826,saint_sac_tok3,1.4942903518676758
5827,saint_sac_tok3,0.8202266693115234
5828,saint_sac_tok3,0.24805736541748047
5829,saint_sac_tok3,2.2033767700195312
5830,saint_sac_tok3,1.3514442443847656
5831,saint_sac_tok3,-0.07493877410888672
5832,saint_sac_tok3,2.236513137817383
5833,saint_sac_tok3,-0.05724334716796875
5834,saint_sac_tok3,1.922846794128418
5835,saint_sac_tok3,1.2394647598266602
5836,saint_sac_tok3,2.1842117309570312
5837,saint_sac_tok3,3.874325752258301
5838,saint_sac_tok3,5.251038551330566
5839,saint_sac_tok3,1.5415334701538086
5840,saint_sac_tok3,4.645612716674805
5841,saint_sac_tok3,4.160126686096191
5842,saint_sac_tok3,3.0955028533935547
5843,saint_sac_tok3,1.5718059539794922
5844,saint_sac_tok3,2.7760181427001953
5845,saint_sac_tok3,0.6770467758178711
5846,saint_sac_tok3,1.871546745300293
5847,saint_sac_tok3,2.539017677307129
5848,saint_sac_tok3,0.842193603515625
5849,saint_sac_tok3,1.803299903869629
5850,saint_sac_tok3,2.3109331130981445
5851,saint_sac_tok3,3.0291080474853516
5852,saint_sac_tok3,3.3991641998291016
5853,saint_sac_tok3,1.9434480667114258
5854,saint_sac_tok3,4.171753883361816
5855,saint_sac_tok3,0.4146270751953125
5856,saint_sac_tok3,5.120826721191406
5857,saint_sac_tok3,2.355992317199707
5858,saint_sac_tok3,2.5209569931030273
5859,saint_sac_tok3,2.7448339462280273
5860,saint_sac_tok3,2.613462448120117
5861,saint_sac_tok3,2.6174964904785156
5862,saint_sac_tok3,2.219339370727539
5863,saint_sac_tok3,1.6257076263427734
5864,saint_sac_tok3,1.8869514465332031
5865,saint_sac_tok3,1.4624700546264648
5866,saint_sac_tok3,1.7530632019042969
5867,saint_sac_tok3,1.404749870300293
5868,saint_sac_tok3,2.3341331481933594
5869,saint_sac_tok3,2.5419015884399414
5870,saint_sac_tok3,2.00058650970459
5871,saint_sac_tok3,0.6718311309814453
5872,saint_sac_tok3,1.6589336395263672
5873,saint_sac_tok3,1.9199762344360352
5874,saint_sac_tok3,1.7361726760864258
5875,saint_sac_tok3,1.476820945739746
5876,saint_sac_tok3,1.5170669555664062
5877,saint_sac_tok3,1.4071273803710938
5878,saint_sac_tok3,5.445035934448242
5879,saint_sac_tok3,0.9168739318847656
5880,saint_sac_tok3,0.9422807693481445
5881,saint_sac_tok3,0.9308834075927734
5882,saint_sac_tok3,0.6732921600341797
5883,saint_sac_tok3,1.3856010437011719
5884,saint_sac_tok3,4.601790428161621
5885,saint_sac_tok3,1.055241584777832
5886,saint_sac_tok3,3.33419132232666
5887,saint_sac_tok3,4.055812835693359
5888,saint_sac_tok3,2.0340423583984375
5889,saint_sac_tok3,2.402790069580078
5890,saint_sac_tok3,4.860443115234375
5891,saint_sac_tok3,2.077731132507324
5892,saint_sac_tok3,2.064577102661133
5893,saint_sac_tok3,1.5360898971557617
5894,saint_sac_tok3,1.8232498168945312
5895,saint_sac_tok3,3.235353469848633
5896,saint_sac_tok3,4.110108375549316
5897,saint_sac_tok3,2.891277313232422
5898,saint_sac_tok3,7.176609039306641
5899,saint_sac_tok3,2.605663299560547
5900,saint_sac_tok3,2.676497459411621
5901,saint_sac_tok3,2.530916213989258
5902,saint_sac_tok3,1.8418540954589844
5903,saint_sac_tok3,0.5985527038574219
5904,saint_sac_tok3,5.250633239746094
5905,saint_sac_tok3,4.753695487976074
5906,saint_sac_tok3,1.6074714660644531
5907,saint_sac_tok3,0.5442953109741211
5908,saint_sac_tok3,0.840601921081543
5909,saint_sac_tok3,3.291378974914551
5910,saint_sac_tok3,2.206151008605957
5911,saint_sac_tok3,1.626321792602539
5912,saint_sac_tok3,2.4183168411254883
5913,saint_sac_tok3,1.665461540222168
5914,saint_sac_tok3,2.154690742492676
5915,saint_sac_tok3,2.131612777709961
5916,saint_sac_tok3,2.996694564819336
5917,saint_sac_tok3,2.627542495727539
5918,saint_sac_tok3,4.365150451660156
5919,saint_sac_tok3,0.4450874328613281
5920,saint_sac_tok3,2.7060117721557617
5921,saint_sac_tok3,4.49365234375
5922,saint_sac_tok3,2.3720664978027344
5923,saint_sac_tok3,3.2261247634887695
5924,saint_sac_tok3,6.6218156814575195
5925,saint_sac_tok3,1.6353120803833008
5926,saint_sac_tok3,2.1644763946533203
5927,saint_sac_tok3,1.349247932434082
5928,saint_sac_tok3,0.631627082824707
5929,saint_sac_tok3,1.945547103881836
5930,saint_sac_tok3,0.841282844543457
5931,saint_sac_tok3,1.3747673034667969
5932,saint_sac_tok3,1.4790410995483398
5933,saint_sac_tok3,2.604633331298828
5934,saint_sac_tok3,1.388021469116211
5935,saint_sac_tok3,3.6154870986938477
5936,saint_sac_tok3,4.49838924407959
5937,saint_sac_tok3,6.036369323730469
5938,saint_sac_tok3,2.7168712615966797
5939,saint_sac_tok3,1.206583023071289
5940,saint_sac_tok3,4.571563720703125
5941,saint_sac_tok3,2.158815383911133
5942,saint_sac_tok3,2.434462547302246
5943,saint_sac_tok3,2.2734689712524414
5944,saint_sac_tok3,0.8100996017456055
5945,saint_sac_tok3,2.0364017486572266
5946,saint_sac_tok3,2.6077842712402344
5947,saint_sac_tok3,0.5886716842651367
5948,saint_sac_tok3,3.3778505325317383
5949,saint_sac_tok3,5.425189971923828
5950,saint_sac_tok3,1.698526382446289
5951,saint_sac_tok3,1.8264999389648438
5952,saint_sac_tok3,5.757114410400391
5953,saint_sac_tok3,1.2884483337402344
5954,saint_sac_tok3,4.602563381195068
5955,saint_sac_tok3,0.9442176818847656
5956,saint_sac_tok3,2.8539791107177734
5957,saint_sac_tok3,0.7111129760742188
5958,saint_sac_tok3,3.719161033630371
5959,saint_sac_tok3,2.462470054626465
5960,saint_sac_tok3,0.15555477142333984
5961,saint_sac_tok3,3.2809362411499023
5962,saint_sac_tok3,1.5384464263916016
5963,saint_sac_tok3,2.9507007598876953
5964,saint_sac_tok3,2.1692962646484375
5965,saint_sac_tok3,4.436098098754883
5966,saint_sac_tok3,3.4481353759765625
5967,saint_sac_tok3,2.7299556732177734
5968,saint_sac_tok3,1.8494043350219727
5969,saint_sac_tok3,3.6069631576538086
5970,saint_sac_tok3,1.7355804443359375
5971,saint_sac_tok3,6.447665214538574
5972,saint_sac_tok3,3.0250377655029297
5973,saint_sac_tok3,1.8804025650024414
5974,saint_sac_tok3,4.655671119689941
5975,saint_sac_tok3,2.269070625305176
5976,saint_sac_tok3,0.8663167953491211
5977,saint_sac_tok3,1.2421760559082031
5978,saint_sac_tok3,1.3840179443359375
5979,saint_sac_tok3,3.485074043273926
5980,saint_sac_tok3,0.6586837768554688
5981,saint_sac_tok3,1.2117624282836914
5982,saint_sac_tok3,1.0084333419799805
5983,saint_sac_tok3,2.032986640930176
5984,saint_sac_tok3,2.1761016845703125
5985,saint_sac_tok3,0.4997119903564453
5986,saint_sac_tok3,1.9417781829833984
5987,saint_sac_tok3,2.2823171615600586
5988,saint_sac_tok3,1.793111801147461
5989,saint_sac_tok3,0.5758171081542969
5990,saint_sac_tok3,1.9605960845947266
5991,saint_sac_tok3,5.790349006652832
5992,saint_sac_tok3,2.2897825241088867
5993,saint_sac_tok3,1.7901935577392578
5994,saint_sac_tok3,6.536333084106445
5995,saint_sac_tok3,1.0378589630126953
5996,saint_sac_tok3,1.7903776168823242
5997,saint_sac_tok3,5.372613906860352
5998,saint_sac_tok3,2.9210500717163086
5999,saint_sac_tok3,1.5367403030395508
6000,saint_sac_tok3,2.4763612747192383
6001,saint_sac_tok3,2.384267807006836
6002,saint_sac_tok3,1.2224855422973633
6003,saint_sac_tok3,1.3706340789794922
6004,saint_sac_tok3,6.944225311279297
6005,saint_sac_tok3,1.4821233749389648
6006,saint_sac_tok3,2.5717697143554688
6007,saint_sac_tok3,3.8770389556884766
6008,saint_sac_tok3,4.273916244506836
6009,saint_sac_tok3,3.7916908264160156
6010,saint_sac_tok3,4.636478424072266
6011,saint_sac_tok3,0.7868852615356445
6012,saint_sac_tok3,4.072475433349609
6013,saint_sac_tok3,1.0034723281860352
6014,saint_sac_tok3,2.4623451232910156
6015,saint_sac_tok3,0.5793895721435547
6016,saint_sac_tok3,1.3112802505493164
6017,saint_sac_tok3,1.5092926025390625
6018,saint_sac_tok3,1.3402605056762695
6019,saint_sac_tok3,2.1705446243286133
6020,saint_sac_tok3,3.3210954666137695
6021,saint_sac_tok3,7.76137638092041
6022,saint_sac_tok3,1.6807231903076172
6023,saint_sac_tok3,1.9386787414550781
6024,saint_sac_tok3,1.9713754653930664
6025,saint_sac_tok3,2.506103515625
6026,saint_sac_tok3,1.054269790649414
6027,saint_sac_tok3,3.3117170333862305
6028,saint_sac_tok3,1.5094280242919922
6029,saint_sac_tok3,2.2879419326782227
6030,saint_sac_tok3,3.046999931335449
6031,saint_sac_tok3,5.821981430053711
6032,saint_sac_tok3,5.641628265380859
6033,saint_sac_tok3,2.109140396118164
6034,saint_sac_tok3,3.466144561767578
6035,saint_sac_tok3,2.073404312133789
6036,saint_sac_tok3,3.375762939453125
6037,saint_sac_tok3,4.361019134521484
6038,saint_sac_tok3,1.9289436340332031
6039,saint_sac_tok3,2.467677116394043
6040,saint_sac_tok3,3.5931434631347656
6041,saint_sac_tok3,1.3088598251342773
6042,saint_sac_tok3,2.7514476776123047
6043,saint_sac_tok3,1.4700908660888672
6044,saint_sac_tok3,3.1610660552978516
6045,saint_sac_tok3,1.1444740295410156
6046,saint_sac_tok3,2.3206052780151367
6047,saint_sac_tok3,2.737889289855957
6048,saint_sac_tok3,2.8740615844726562
6049,saint_sac_tok3,1.253066062927246
6050,saint_sac_tok3,7.050538063049316
6051,saint_sac_tok3,2.7353649139404297
6052,saint_sac_tok3,2.6287593841552734
6053,saint_sac_tok3,2.3218231201171875
6054,saint_sac_tok3,1.404820442199707
6055,saint_sac_tok3,3.393150806427002
6056,saint_sac_tok3,3.3817873001098633
6057,saint_sac_tok3,2.59326171875
6058,saint_sac_tok3,0.5426788330078125
6059,saint_sac_tok3,2.997797966003418
6060,saint_sac_tok3,7.119102478027344
6061,saint_sac_tok3,6.588171005249023
6062,saint_sac_tok3,0.9588298797607422
6063,saint_sac_tok3,4.878081321716309
6064,saint_sac_tok3,2.852583885192871
6065,saint_sac_tok3,0.9174594879150391
6066,saint_sac_tok3,1.2962541580200195
6067,saint_sac_tok3,5.865536689758301
6068,saint_sac_tok3,1.9216690063476562
6069,saint_sac_tok3,1.685866355895996
6070,saint_sac_tok3,2.0473527908325195
6071,saint_sac_tok3,-0.13394737243652344
6072,saint_sac_tok3,1.3454418182373047
6073,saint_sac_tok3,1.9664850234985352
6074,saint_sac_tok3,4.811529636383057
6075,saint_sac_tok3,2.2832412719726562
6076,saint_sac_tok3,1.6184797286987305
6077,saint_sac_tok3,2.097372055053711
6078,saint_sac_tok3,1.8474998474121094
6079,saint_sac_tok3,0.6827297210693359
6080,saint_sac_tok3,1.4801607131958008
6081,saint_sac_tok3,1.4514265060424805
6082,saint_sac_tok3,1.5946121215820312
6083,saint_sac_tok3,2.844717025756836
6084,saint_sac_tok3,2.5781564712524414
6085,saint_sac_tok3,2.120168685913086
6086,saint_sac_tok3,4.228414535522461
6087,saint_sac_tok3,4.664332389831543
6088,saint_sac_tok3,1.723404884338379
6089,saint_sac_tok3,1.5983142852783203
6090,saint_sac_tok3,0.8629541397094727
6091,saint_sac_tok3,2.652287483215332
6092,saint_sac_tok3,1.8248014450073242
6093,saint_sac_tok3,4.1876630783081055
6094,saint_sac_tok3,2.866255760192871
6095,saint_sac_tok3,0.2626657485961914
6096,saint_sac_tok3,2.7784652709960938
6097,saint_sac_tok3,3.2565927505493164
6098,saint_sac_tok3,4.509627342224121
6099,saint_sac_tok3,2.135601043701172
6100,saint_sac_tok3,2.740732192993164
6101,saint_sac_tok3,1.959890365600586
6102,saint_sac_tok3,2.1916751861572266
6103,saint_sac_tok3,1.139516830444336
6104,saint_sac_tok3,3.3316593170166016
6105,saint_sac_tok3,1.6665077209472656
6106,saint_sac_tok3,2.3155899047851562
6107,saint_sac_tok3,2.9579105377197266
6108,saint_sac_tok3,3.8768653869628906
6109,saint_sac_tok3,1.9788246154785156
6110,saint_sac_tok3,1.131300926208496
6111,saint_sac_tok3,3.251575469970703
6112,saint_sac_tok3,1.4575672149658203
6113,saint_sac_tok3,2.993013381958008
6114,saint_sac_tok3,1.5363435745239258
6115,saint_sac_tok3,2.607327461242676
6116,saint_sac_tok3,1.8155336380004883
6117,saint_sac_tok3,1.2297134399414062
6118,saint_sac_tok3,3.495738983154297
6119,saint_sac_tok3,1.8286733627319336
6120,saint_sac_tok3,1.4882497787475586
6121,saint_sac_tok3,2.096615791320801
6122,saint_sac_tok3,5.831447601318359
6123,saint_sac_tok3,6.546797752380371
6124,saint_sac_tok3,1.6407222747802734
6125,saint_sac_tok3,5.490918159484863
6126,saint_sac_tok3,0.7808818817138672
6127,saint_sac_tok3,1.3024091720581055
6128,saint_sac_tok3,5.188730239868164
6129,saint_sac_tok3,2.157869338989258
6130,saint_sac_tok3,1.0647506713867188
6131,saint_sac_tok3,2.9762210845947266
6132,saint_sac_tok3,3.1260862350463867
6133,saint_sac_tok3,0.7803583145141602
6134,saint_sac_tok3,4.772381782531738
6135,saint_sac_tok3,1.3994379043579102
6136,saint_sac_tok3,1.7549848556518555
6137,saint_sac_tok3,5.098566055297852
6138,saint_sac_tok3,1.8205013275146484
6139,saint_sac_tok3,0.7748651504516602
6140,saint_sac_tok3,3.8875675201416016
6141,saint_sac_tok3,3.09414005279541
6142,saint_sac_tok3,4.623327255249023
6143,saint_sac_tok3,2.9360580444335938
6144,saint_sac_tok3,2.4330568313598633
6145,saint_sac_tok3,1.3535242080688477
6146,saint_sac_tok3,0.9050703048706055
6147,saint_sac_tok3,0.6633586883544922
6148,saint_sac_tok3,0.17537689208984375
6149,saint_sac_tok3,2.671931266784668
6150,saint_sac_tok3,2.1196203231811523
6151,saint_sac_tok3,1.4173383712768555
6152,saint_sac_tok3,0.9661779403686523
6153,saint_sac_tok3,1.3281307220458984
6154,saint_sac_tok3,5.073453903198242
6155,saint_sac_tok3,2.471001625061035
6156,saint_sac_tok3,0.28313541412353516
6157,saint_sac_tok3,2.9925222396850586
6158,saint_sac_tok3,3.2765378952026367
6159,saint_sac_tok3,2.2651233673095703
6160,saint_sac_tok3,2.620436668395996
6161,saint_sac_tok3,0.6045475006103516
6162,saint_sac_tok3,3.0686283111572266
6163,saint_sac_tok3,4.831216812133789
6164,saint_sac_tok3,2.63375186920166
6165,saint_sac_tok3,2.5893354415893555
6166,saint_sac_tok3,1.0384464263916016
6167,saint_sac_tok3,2.2608261108398438
6168,saint_sac_tok3,1.2141990661621094
6169,saint_sac_tok3,1.6338224411010742
6170,saint_sac_tok3,2.212458610534668
6171,saint_sac_tok3,4.505350112915039
6172,saint_sac_tok3,1.8611679077148438
6173,saint_sac_tok3,5.043905258178711
6174,saint_sac_tok3,1.1112785339355469
6175,saint_sac_tok3,3.083909034729004
6176,saint_sac_tok3,1.6596765518188477
6177,saint_sac_tok3,7.079797744750977
6178,saint_sac_tok3,0.6671972274780273
6179,saint_sac_tok3,1.4761714935302734
6180,saint_sac_tok3,4.6237382888793945
6181,saint_sac_tok3,1.872513771057129
6182,saint_sac_tok3,3.5111188888549805
6183,saint_sac_tok3,5.68873405456543
6184,saint_sac_tok3,4.876370429992676
6185,saint_sac_tok3,1.5952091217041016
6186,saint_sac_tok3,2.557474136352539
6187,saint_sac_tok3,2.1286802291870117
6188,saint_sac_tok3,4.663074493408203
6189,saint_sac_tok3,1.3781366348266602
6190,saint_sac_tok3,1.8122196197509766
6191,saint_sac_tok3,3.3729095458984375
6192,saint_sac_tok3,2.925386428833008
6193,saint_sac_tok3,3.0052194595336914
6194,saint_sac_tok3,-0.7555704116821289
6195,saint_sac_tok3,3.5837554931640625
6196,saint_sac_tok3,-0.37357234954833984
6197,saint_sac_tok3,2.0604629516601562
6198,saint_sac_tok3,0.6935520172119141
6199,saint_sac_tok3,4.481915473937988
6200,saint_sac_tok3,5.523414611816406
6201,saint_sac_tok3,0.9058551788330078
6202,saint_sac_tok3,1.072042465209961
6203,saint_sac_tok3,1.0481548309326172
6204,saint_sac_tok3,2.578465461730957
6205,saint_sac_tok3,2.019702911376953
6206,saint_sac_tok3,3.453749656677246
6207,saint_sac_tok3,3.5176429748535156
6208,saint_sac_tok3,0.32126617431640625
6209,saint_sac_tok3,2.04727840423584
6210,saint_sac_tok3,1.1289291381835938
6211,saint_sac_tok3,0.8798141479492188
6212,saint_sac_tok3,5.131929397583008
6213,saint_sac_tok3,2.0352420806884766
6214,saint_sac_tok3,1.1875238418579102
6215,saint_sac_tok3,1.9357595443725586
6216,saint_sac_tok3,2.155141830444336
6217,saint_sac_tok3,1.8440351486206055
6218,saint_sac_tok3,1.8604183197021484
6219,saint_sac_tok3,0.528956413269043
6220,saint_sac_tok3,4.03087043762207
6221,saint_sac_tok3,2.857973098754883
6222,saint_sac_tok3,-0.3500337600708008
6223,saint_sac_tok3,3.500471591949463
6224,saint_sac_tok3,3.7117691040039062
6225,saint_sac_tok3,3.6760787963867188
6226,saint_sac_tok3,2.277608871459961
6227,saint_sac_tok3,3.0510730743408203
6228,saint_sac_tok3,3.746514320373535
6229,saint_sac_tok3,1.7495126724243164
6230,saint_sac_tok3,5.316567420959473
6231,saint_sac_tok3,1.7129440307617188
6232,saint_sac_tok3,4.135580539703369
6233,saint_sac_tok3,0.1766958236694336
6234,saint_sac_tok3,1.5368471145629883
6235,saint_sac_tok3,5.870815277099609
6236,saint_sac_tok3,1.719614028930664
6237,saint_sac_tok3,1.770303726196289
6238,saint_sac_tok3,1.7476434707641602
6239,saint_sac_tok3,5.990847587585449
6240,saint_sac_tok3,1.1994009017944336
6241,saint_sac_tok3,3.939415454864502
6242,saint_sac_tok3,1.4630069732666016
6243,saint_sac_tok3,6.345247268676758
6244,saint_sac_tok3,2.889995574951172
6245,saint_sac_tok3,7.895990371704102
6246,saint_sac_tok3,2.851498603820801
6247,saint_sac_tok3,2.230118751525879
6248,saint_sac_tok3,2.458026885986328
6249,saint_sac_tok3,4.808255195617676
6250,saint_sac_tok3,0.16315555572509766
6251,saint_sac_tok3,1.6072425842285156
6252,saint_sac_tok3,3.017228126525879
6253,saint_sac_tok3,3.9617652893066406
6254,saint_sac_tok3,0.8298530578613281
6255,saint_sac_tok3,2.9554080963134766
6256,saint_sac_tok3,1.8122873306274414
6257,saint_sac_tok3,1.5126609802246094
6258,saint_sac_tok3,2.5399980545043945
6259,saint_sac_tok3,3.3266897201538086
6260,saint_sac_tok3,2.5068845748901367
6261,saint_sac_tok3,1.7364120483398438
6262,saint_sac_tok3,1.341104507446289
6263,saint_sac_tok3,1.5564746856689453
6264,saint_sac_tok3,4.4716339111328125
6265,saint_sac_tok3,3.1543121337890625
6266,saint_sac_tok3,2.1148738861083984
6267,saint_sac_tok3,1.1786994934082031
6268,saint_sac_tok3,1.3968191146850586
6269,saint_sac_tok3,0.7175264358520508
6270,saint_sac_tok3,1.9358291625976562
6271,saint_sac_tok3,1.6978187561035156
6272,saint_sac_tok3,0.9695873260498047
6273,saint_sac_tok3,0.6432027816772461
6274,saint_sac_tok3,2.033963203430176
6275,saint_sac_tok3,1.3261871337890625
6276,saint_sac_tok3,0.9057245254516602
6277,saint_sac_tok3,0.6644954681396484
6278,saint_sac_tok3,2.9970149993896484
6279,saint_sac_tok3,1.7913732528686523
6280,saint_sac_tok3,5.792158126831055
6281,saint_sac_tok3,4.455616474151611
6282,saint_sac_tok3,2.0714120864868164
6283,saint_sac_tok3,0.9306564331054688
6284,saint_sac_tok3,2.7023258209228516
6285,saint_sac_tok3,0.5353908538818359
6286,saint_sac_tok3,1.7000293731689453
6287,saint_sac_tok3,2.523106575012207
6288,saint_sac_tok3,3.1416730880737305
6289,saint_sac_tok3,1.388519287109375
6290,saint_sac_tok3,2.111482620239258
6291,saint_sac_tok3,2.191661834716797
6292,saint_sac_tok3,2.234969139099121
6293,saint_sac_tok3,3.216080665588379
6294,saint_sac_tok3,0.753483772277832
6295,saint_sac_tok3,1.854330062866211
6296,saint_sac_tok3,1.406270980834961
6297,saint_sac_tok3,1.0465774536132812
6298,saint_sac_tok3,1.9106664657592773
6299,saint_sac_tok3,2.4176712036132812
6300,saint_sac_tok3,-0.07484817504882812
6301,saint_sac_tok3,-0.027776718139648438
6302,saint_sac_tok3,3.0810699462890625
6303,saint_sac_tok3,3.4898252487182617
6304,saint_sac_tok3,6.492103576660156
6305,saint_sac_tok3,0.14498043060302734
6306,saint_sac_tok3,2.5545568466186523
6307,saint_sac_tok3,0.9266729354858398
6308,saint_sac_tok3,-0.6075921058654785
6309,saint_sac_tok3,6.76967716217041
6310,saint_sac_tok3,2.5582275390625
6311,saint_sac_tok3,2.5282106399536133
6312,saint_sac_tok3,0.7865657806396484
6313,saint_sac_tok3,1.5153493881225586
6314,saint_sac_tok3,3.574398994445801
6315,saint_sac_tok3,1.9829893112182617
6316,saint_sac_tok3,3.398557662963867
6317,saint_sac_tok3,1.4003772735595703
6318,saint_sac_tok3,2.398723602294922
6319,saint_sac_tok3,2.8520097732543945
6320,saint_sac_tok3,1.5327930450439453
6321,saint_sac_tok3,3.3434791564941406
6322,saint_sac_tok3,1.3303089141845703
6323,saint_sac_tok3,-0.17479419708251953
6324,saint_sac_tok3,1.6757011413574219
6325,saint_sac_tok3,0.863612174987793
6326,saint_sac_tok3,4.186237335205078
6327,saint_sac_tok3,2.0820131301879883
6328,saint_sac_tok3,1.3279647827148438
6329,saint_sac_tok3,1.4628496170043945
6330,saint_sac_tok3,3.176647186279297
6331,saint_sac_tok3,0.504429817199707
6332,saint_sac_tok3,0.9945898056030273
6333,saint_sac_tok3,0.9856386184692383
6334,saint_sac_tok3,1.3318109512329102
6335,saint_sac_tok3,3.549152374267578
6336,saint_sac_tok3,2.75009822845459
6337,saint_sac_tok3,1.7857427597045898
6338,saint_sac_tok3,1.1656684875488281
6339,saint_sac_tok3,1.8691158294677734
6340,saint_sac_tok3,0.30797481536865234
6341,saint_sac_tok3,5.026576995849609
6342,saint_sac_tok3,1.900629997253418
6343,saint_sac_tok3,0.8948659896850586
6344,saint_sac_tok3,1.0565261840820312
6345,saint_sac_tok3,2.5812149047851562
6346,saint_sac_tok3,1.9522533416748047
6347,saint_sac_tok3,4.567322731018066
6348,saint_sac_tok3,2.39768123626709
6349,saint_sac_tok3,3.077421188354492
6350,saint_sac_tok3,1.0271148681640625
6351,saint_sac_tok3,3.491997718811035
6352,saint_sac_tok3,0.06400680541992188
6353,saint_sac_tok3,5.383383750915527
6354,saint_sac_tok3,5.622318267822266
6355,saint_sac_tok3,1.836817741394043
6356,saint_sac_tok3,2.3126611709594727
6357,saint_sac_tok3,3.8869857788085938
6358,saint_sac_tok3,1.635934829711914
6359,saint_sac_tok3,2.216785430908203
6360,saint_sac_tok3,1.0513668060302734
6361,saint_sac_tok3,2.6995372772216797
6362,saint_sac_tok3,0.17377662658691406
6363,saint_sac_tok3,3.618093490600586
6364,saint_sac_tok3,5.184667587280273
6365,saint_sac_tok3,1.9624996185302734
6366,saint_sac_tok3,4.312995910644531
6367,saint_sac_tok3,5.254812240600586
6368,saint_sac_tok3,1.5824298858642578
6369,saint_sac_tok3,1.5117053985595703
6370,saint_sac_tok3,0.3570518493652344
6371,saint_sac_tok3,1.120142936706543
6372,saint_sac_tok3,5.751286506652832
6373,saint_sac_tok3,1.4890918731689453
6374,saint_sac_tok3,2.7371387481689453
6375,saint_sac_tok3,1.950425148010254
6376,saint_sac_tok3,2.0035600662231445
6377,saint_sac_tok3,1.2550954818725586
6378,saint_sac_tok3,2.823704719543457
6379,saint_sac_tok3,0.6360416412353516
6380,saint_sac_tok3,2.0362071990966797
6381,saint_sac_tok3,3.3307065963745117
6382,saint_sac_tok3,3.776869773864746
6383,saint_sac_tok3,6.338003158569336
6384,saint_sac_tok3,1.978219985961914
6385,saint_sac_tok3,7.779167175292969
6386,saint_sac_tok3,10.031199932098389
6387,saint_sac_tok3,3.7023420333862305
6388,saint_sac_tok3,1.3318719863891602
6389,saint_sac_tok3,1.4586753845214844
6390,saint_sac_tok3,2.296696662902832
6391,saint_sac_tok3,1.3655643463134766
6392,saint_sac_tok3,1.4036426544189453
6393,saint_sac_tok3,1.1220464706420898
6394,saint_sac_tok3,1.0041170120239258
6395,saint_sac_tok3,1.5494985580444336
6396,saint_sac_tok3,5.143458366394043
6397,saint_sac_tok3,2.468616485595703
6398,saint_sac_tok3,1.7874670028686523
6399,saint_sac_tok3,3.2936363220214844
6400,saint_sac_tok3,1.6006155014038086
6401,saint_sac_tok3,1.5853033065795898
6402,saint_sac_tok3,4.397943496704102
6403,saint_sac_tok3,5.479205131530762
6404,saint_sac_tok3,2.4469470977783203
6405,saint_sac_tok3,3.590609550476074
6406,saint_sac_tok3,5.240077018737793
6407,saint_sac_tok3,4.242952346801758
6408,saint_sac_tok3,5.46971321105957
6409,saint_sac_tok3,2.2787952423095703
6410,saint_sac_tok3,1.504704475402832
6411,saint_sac_tok3,1.1241111755371094
6412,saint_sac_tok3,2.036376953125
6413,saint_sac_tok3,3.1128711700439453
6414,saint_sac_tok3,3.4581336975097656
6415,saint_sac_tok3,4.241084098815918
6416,saint_sac_tok3,2.1370553970336914
6417,saint_sac_tok3,3.744137763977051
6418,saint_sac_tok3,0.5387506484985352
6419,saint_sac_tok3,1.0028648376464844
6420,saint_sac_tok3,0.5104503631591797
6421,saint_sac_tok3,1.772294044494629
6422,saint_sac_tok3,3.31195068359375
6423,saint_sac_tok3,1.6900978088378906
6424,saint_sac_tok3,5.1089372634887695
6425,saint_sac_tok3,4.612424850463867
6426,saint_sac_tok3,2.185378074645996
6427,saint_sac_tok3,2.9155502319335938
6428,saint_sac_tok3,1.6532478332519531
6429,saint_sac_tok3,4.214631080627441
6430,saint_sac_tok3,0.5171957015991211
6431,saint_sac_tok3,3.159605026245117
6432,saint_sac_tok3,2.389873504638672
6433,saint_sac_tok3,3.3067188262939453
6434,saint_sac_tok3,7.79899787902832
6435,saint_sac_tok3,2.143831253051758
6436,saint_sac_tok3,1.0918407440185547
6437,saint_sac_tok3,2.408151626586914
6438,saint_sac_tok3,2.0519962310791016
6439,saint_sac_tok3,2.9946937561035156
6440,saint_sac_tok3,1.8535470962524414
6441,saint_sac_tok3,0.8353004455566406
6442,saint_sac_tok3,1.3435335159301758
6443,saint_sac_tok3,1.3919963836669922
6444,saint_sac_tok3,0.5881738662719727
6445,saint_sac_tok3,1.4083032608032227
6446,saint_sac_tok3,0.9733514785766602
6447,saint_sac_tok3,3.723923683166504
6448,saint_sac_tok3,1.1729373931884766
6449,saint_sac_tok3,1.582331657409668
6450,saint_sac_tok3,5.3526611328125
6451,saint_sac_tok3,0.7147026062011719
6452,saint_sac_tok3,2.42464542388916
6453,saint_sac_tok3,6.847188949584961
6454,saint_sac_tok3,3.8641281127929688
6455,saint_sac_tok3,2.0486068725585938
6456,saint_sac_tok3,1.5242977142333984
6457,saint_sac_tok3,2.432530403137207
6458,saint_sac_tok3,3.260007858276367
6459,saint_sac_tok3,0.5505523681640625
6460,saint_sac_tok3,1.7728805541992188
6461,saint_sac_tok3,4.365715980529785
6462,saint_sac_tok3,2.6673431396484375
6463,saint_sac_tok3,4.434866905212402
6464,saint_sac_tok3,1.9486541748046875
6465,saint_sac_tok3,4.303167343139648
6466,saint_sac_tok3,2.1335535049438477
6467,saint_sac_tok3,4.930082321166992
6468,saint_sac_tok3,5.062636375427246
6469,saint_sac_tok3,1.6300163269042969
6470,saint_sac_tok3,5.962358474731445
6471,saint_sac_tok3,1.2693500518798828
6472,saint_sac_tok3,1.9219121932983398
6473,saint_sac_tok3,3.1972970962524414
6474,saint_sac_tok3,5.590654373168945
6475,saint_sac_tok3,4.277011394500732
6476,saint_sac_tok3,1.1104183197021484
6477,saint_sac_tok3,3.91162109375
6478,saint_sac_tok3,1.8585433959960938
6479,saint_sac_tok3,2.3451995849609375
6480,saint_sac_tok3,4.474761009216309
6481,saint_sac_tok3,1.0033760070800781
6482,saint_sac_tok3,1.256361961364746
6483,saint_sac_tok3,3.4452342987060547
6484,saint_sac_tok3,1.3513317108154297
6485,saint_sac_tok3,3.207813262939453
6486,saint_sac_tok3,3.394566535949707
6487,saint_sac_tok3,1.5590438842773438
6488,saint_sac_tok3,1.3646278381347656
6489,saint_sac_tok3,3.738713264465332
6490,saint_sac_tok3,0.1852741241455078
6491,saint_sac_tok3,1.3293089866638184
6492,saint_sac_tok3,2.708218574523926
6493,saint_sac_tok3,2.2460107803344727
6494,saint_sac_tok3,1.734457015991211
6495,saint_sac_tok3,1.0290679931640625
6496,saint_sac_tok3,2.2212600708007812
6497,saint_sac_tok3,1.9224529266357422
6498,saint_sac_tok3,5.199180603027344
6499,saint_sac_tok3,1.7035837173461914
6500,saint_sac_tok3,1.8202781677246094
6501,saint_sac_tok3,1.654435157775879
6502,saint_sac_tok3,0.8957815170288086
6503,saint_sac_tok3,1.2207002639770508
6504,saint_sac_tok3,1.2019996643066406
6505,saint_sac_tok3,2.1162233352661133
6506,saint_sac_tok3,2.2149457931518555
6507,saint_sac_tok3,1.847005844116211
6508,saint_sac_tok3,3.5202293395996094
6509,saint_sac_tok3,4.254268646240234
6510,saint_sac_tok3,2.4772253036499023
6511,saint_sac_tok3,-0.15636253356933594
6512,saint_sac_tok3,1.2898473739624023
6513,saint_sac_tok3,1.3492155075073242
6514,saint_sac_tok3,1.3857002258300781
6515,saint_sac_tok3,3.658754348754883
6516,saint_sac_tok3,0.8159875869750977
6517,saint_sac_tok3,2.168264389038086
6518,saint_sac_tok3,1.1471405029296875
6519,saint_sac_tok3,0.4511995315551758
6520,saint_sac_tok3,1.046320915222168
6521,saint_sac_tok3,6.071567535400391
6522,saint_sac_tok3,1.7116518020629883
6523,saint_sac_tok3,2.868687629699707
6524,saint_sac_tok3,5.859687805175781
6525,saint_sac_tok3,1.504786491394043
6526,saint_sac_tok3,2.334562301635742
6527,saint_sac_tok3,5.915185928344727
6528,saint_sac_tok3,3.082831382751465
6529,saint_sac_tok3,3.8153505325317383
6530,saint_sac_tok3,3.238541603088379
6531,saint_sac_tok3,3.9774131774902344
6532,saint_sac_tok3,2.126424789428711
6533,saint_sac_tok3,2.5006580352783203
6534,saint_sac_tok3,2.5558786392211914
6535,saint_sac_tok3,1.5744495391845703
6536,saint_sac_tok3,1.668086051940918
6537,saint_sac_tok3,2.49228572845459
6538,saint_sac_tok3,2.663381576538086
6539,saint_sac_tok3,1.2632684707641602
6540,saint_sac_tok3,2.5272865295410156
6541,saint_sac_tok3,2.0892457962036133
6542,saint_sac_tok3,1.3056516647338867
6543,saint_sac_tok3,1.6413965225219727
6544,saint_sac_tok3,1.9377355575561523
6545,saint_sac_tok3,2.5073776245117188
6546,saint_sac_tok3,0.6050434112548828
6547,saint_sac_tok3,1.589310646057129
6548,saint_sac_tok3,0.46835899353027344
6549,saint_sac_tok3,0.4736623764038086
6550,saint_sac_tok3,1.2640762329101562
6551,saint_sac_tok3,1.446380615234375
6552,saint_sac_tok3,1.5587472915649414
6553,saint_sac_tok3,1.818018913269043
6554,saint_sac_tok3,2.121004104614258
6555,saint_sac_tok3,1.9311027526855469
6556,saint_sac_tok3,1.761617660522461
6557,saint_sac_tok3,1.5399961471557617
6558,saint_sac_tok3,2.471796989440918
6559,saint_sac_tok3,6.332262992858887
6560,saint_sac_tok3,2.7153167724609375
6561,saint_sac_tok3,2.233798027038574
6562,saint_sac_tok3,2.1297130584716797
6563,saint_sac_tok3,1.1631689071655273
6564,saint_sac_tok3,1.4185914993286133
6565,saint_sac_tok3,2.1534652709960938
6566,saint_sac_tok3,4.321342468261719
6567,saint_sac_tok3,4.141331672668457
6568,saint_sac_tok3,1.3498516082763672
6569,saint_sac_tok3,1.854599952697754
6570,saint_sac_tok3,1.2298736572265625
6571,saint_sac_tok3,4.048467636108398
6572,saint_sac_tok3,0.05961322784423828
6573,saint_sac_tok3,2.0666627883911133
6574,saint_sac_tok3,3.430535316467285
6575,saint_sac_tok3,1.9385271072387695
6576,saint_sac_tok3,2.4735641479492188
6577,saint_sac_tok3,0.3572044372558594
6578,saint_sac_tok3,1.3740472793579102
6579,saint_sac_tok3,1.0842294692993164
6580,saint_sac_tok3,0.9302043914794922
6581,saint_sac_tok3,2.3469295501708984
6582,saint_sac_tok3,4.333243370056152
6583,saint_sac_tok3,1.4328088760375977
6584,saint_sac_tok3,3.555389404296875
6585,saint_sac_tok3,1.4317560195922852
6586,saint_sac_tok3,1.8143939971923828
6587,saint_sac_tok3,1.1124505996704102
6588,saint_sac_tok3,2.11423397064209
6589,saint_sac_tok3,1.8246545791625977
6590,saint_sac_tok3,1.5050582885742188
6591,saint_sac_tok3,3.1490163803100586
6592,saint_sac_tok3,0.8710689544677734
6593,saint_sac_tok3,1.7305221557617188
6594,saint_sac_tok3,2.323359489440918
6595,saint_sac_tok3,2.3160438537597656
6596,saint_sac_tok3,1.3596315383911133
6597,saint_sac_tok3,2.7589683532714844
6598,saint_sac_tok3,3.4931983947753906
6599,saint_sac_tok3,1.9007253646850586
6600,saint_sac_tok3,3.571343421936035
6601,saint_sac_tok3,2.1056766510009766
6602,saint_sac_tok3,1.1739749908447266
6603,saint_sac_tok3,4.781558990478516
6604,saint_sac_tok3,0.3466377258300781
6605,saint_sac_tok3,2.422915458679199
6606,saint_sac_tok3,3.55178165435791
6607,saint_sac_tok3,0.40533447265625
6608,saint_sac_tok3,2.737501621246338
6609,saint_sac_tok3,2.5771589279174805
6610,saint_sac_tok3,2.2391738891601562
6611,saint_sac_tok3,6.186737060546875
6612,saint_sac_tok3,1.0504913330078125
6613,saint_sac_tok3,0.9823808670043945
6614,saint_sac_tok3,3.605987548828125
6615,saint_sac_tok3,4.522380828857422
6616,saint_sac_tok3,0.16708755493164062
6617,saint_sac_tok3,1.1715497970581055
6618,saint_sac_tok3,0.8503608703613281
6619,saint_sac_tok3,1.9327983856201172
6620,saint_sac_tok3,3.2186689376831055
6621,saint_sac_tok3,2.2386369705200195
6622,saint_sac_tok3,2.4531917572021484
6623,saint_sac_tok3,1.152536392211914
6624,saint_sac_tok3,3.628695487976074
6625,saint_sac_tok3,0.9464082717895508
6626,saint_sac_tok3,0.6102275848388672
6627,saint_sac_tok3,1.822066307067871
6628,saint_sac_tok3,3.300370216369629
6629,saint_sac_tok3,2.3079872131347656
6630,saint_sac_tok3,2.2229232788085938
6631,saint_sac_tok3,2.134232521057129
6632,saint_sac_tok3,1.0777883529663086
6633,saint_sac_tok3,0.914698600769043
6634,saint_sac_tok3,1.327589988708496
6635,saint_sac_tok3,0.8401060104370117
6636,saint_sac_tok3,1.8846702575683594
6637,saint_sac_tok3,1.6104040145874023
6638,saint_sac_tok3,0.49176979064941406
6639,saint_sac_tok3,4.064806938171387
6640,saint_sac_tok3,1.0353822708129883
6641,saint_sac_tok3,2.604724884033203
6642,saint_sac_tok3,1.533442497253418
6643,saint_sac_tok3,4.684118270874023
6644,saint_sac_tok3,1.673264503479004
6645,saint_sac_tok3,3.819521903991699
6646,saint_sac_tok3,2.0328283309936523
6647,saint_sac_tok3,0.573512077331543
6648,saint_sac_tok3,2.4281740188598633
6649,saint_sac_tok3,6.471114158630371
6650,saint_sac_tok3,1.9998741149902344
6651,saint_sac_tok3,1.4647912979125977
6652,saint_sac_tok3,1.7785987854003906
6653,saint_sac_tok3,3.703062057495117
6654,saint_sac_tok3,2.180990219116211
6655,saint_sac_tok3,1.0500774383544922
6656,saint_sac_tok3,2.970296859741211
6657,saint_sac_tok3,1.8740882873535156
6658,saint_sac_tok3,3.680356025695801
6659,saint_sac_tok3,2.817227363586426
6660,saint_sac_tok3,1.3915777206420898
6661,saint_sac_tok3,1.1694202423095703
6662,saint_sac_tok3,1.6616973876953125
6663,saint_sac_tok3,1.513427734375
6664,saint_sac_tok3,0.9269208908081055
6665,saint_sac_tok3,1.3389158248901367
6666,saint_sac_tok3,2.3640594482421875
6667,saint_sac_tok3,3.0979690551757812
6668,saint_sac_tok3,1.2748870849609375
6669,saint_sac_tok3,2.5385169982910156
6670,saint_sac_tok3,2.912799835205078
6671,saint_sac_tok3,3.440826416015625
6672,saint_sac_tok3,2.980584144592285
6673,saint_sac_tok3,2.6084861755371094
6674,saint_sac_tok3,1.611349105834961
6675,saint_sac_tok3,2.0628185272216797
6676,saint_sac_tok3,2.0358524322509766
6677,saint_sac_tok3,1.9228687286376953
6678,saint_sac_tok3,3.5729503631591797
6679,saint_sac_tok3,4.772631645202637
6680,saint_sac_tok3,5.044210433959961
6681,saint_sac_tok3,1.1285085678100586
6682,saint_sac_tok3,0.5431594848632812
6683,saint_sac_tok3,2.4725046157836914
6684,saint_sac_tok3,1.4104900360107422
6685,saint_sac_tok3,0.44867515563964844
6686,saint_sac_tok3,0.9872951507568359
6687,saint_sac_tok3,2.2308359146118164
6688,saint_sac_tok3,2.4869699478149414
6689,saint_sac_tok3,0.8623437881469727
6690,saint_sac_tok3,1.4150352478027344
6691,saint_sac_tok3,0.5250606536865234
6692,saint_sac_tok3,0.5467185974121094
6693,saint_sac_tok3,3.5752315521240234
6694,saint_sac_tok3,2.761045455932617
6695,saint_sac_tok3,1.1580810546875
6696,saint_sac_tok3,1.82379150390625
6697,saint_sac_tok3,3.4151439666748047
6698,saint_sac_tok3,1.6408004760742188
6699,saint_sac_tok3,5.00965690612793
6700,saint_sac_tok3,1.7852840423583984
6701,saint_sac_tok3,0.3962860107421875
6702,saint_sac_tok3,4.564037322998047
6703,saint_sac_tok3,1.897995948791504
6704,saint_sac_tok3,1.8586053848266602
6705,saint_sac_tok3,2.0591888427734375
6706,saint_sac_tok3,1.0670509338378906
6707,saint_sac_tok3,4.218202590942383
6708,saint_sac_tok3,1.6823463439941406
6709,saint_sac_tok3,3.5544776916503906
6710,saint_sac_tok3,1.6266889572143555
6711,saint_sac_tok3,2.094332695007324
6712,saint_sac_tok3,2.9674272537231445
6713,saint_sac_tok3,1.7802495956420898
6714,saint_sac_tok3,2.0160207748413086
6715,saint_sac_tok3,1.7609310150146484
6716,saint_sac_tok3,1.3678102493286133
6717,saint_sac_tok3,1.320298194885254
6718,saint_sac_tok3,1.7564878463745117
6719,saint_sac_tok3,0.9757089614868164
6720,saint_sac_tok3,1.9109611511230469
6721,saint_sac_tok3,2.317699432373047
6722,saint_sac_tok3,2.840498924255371
6723,saint_sac_tok3,0.4340982437133789
6724,saint_sac_tok3,5.654530048370361
6725,saint_sac_tok3,1.512847900390625
6726,saint_sac_tok3,3.018495559692383
6727,saint_sac_tok3,2.7038393020629883
6728,saint_sac_tok3,1.3200759887695312
6729,saint_sac_tok3,1.8782596588134766
6730,saint_sac_tok3,1.6009283065795898
6731,saint_sac_tok3,2.0920028686523438
6732,saint_sac_tok3,1.829813003540039
6733,saint_sac_tok3,3.6832523345947266
6734,saint_sac_tok3,1.9249897003173828
6735,saint_sac_tok3,4.117497444152832
6736,saint_sac_tok3,1.988905906677246
6737,saint_sac_tok3,2.7410097122192383
6738,saint_sac_tok3,2.4234046936035156
6739,saint_sac_tok3,0.6729946136474609
6740,saint_sac_tok3,2.512648582458496
6741,saint_sac_tok3,6.581978797912598
6742,saint_sac_tok3,1.994318962097168
6743,saint_sac_tok3,3.968740463256836
6744,saint_sac_tok3,4.185782432556152
6745,saint_sac_tok3,1.9761581420898438
6746,saint_sac_tok3,4.094450950622559
6747,saint_sac_tok3,4.861553192138672
6748,saint_sac_tok3,3.9385452270507812
6749,saint_sac_tok3,2.3030834197998047
6750,saint_sac_tok3,3.9060630798339844
6751,saint_sac_tok3,0.2649812698364258
6752,saint_sac_tok3,1.5756845474243164
6753,saint_sac_tok3,5.344392776489258
6754,saint_sac_tok3,5.649567604064941
6755,saint_sac_tok3,1.1649999618530273
6756,saint_sac_tok3,2.3262176513671875
6757,saint_sac_tok3,0.5525665283203125
6758,saint_sac_tok3,2.0760984420776367
6759,saint_sac_tok3,4.872769355773926
6760,saint_sac_tok3,2.981766700744629
6761,saint_sac_tok3,1.6483078002929688
6762,saint_sac_tok3,1.331624984741211
6763,saint_sac_tok3,1.4067420959472656
6764,saint_sac_tok3,1.8881101608276367
6765,saint_sac_tok3,2.2730884552001953
6766,saint_sac_tok3,0.32656097412109375
6767,saint_sac_tok3,9.624720573425293
6768,saint_sac_tok3,-0.06202983856201172
6769,saint_sac_tok3,1.1972599029541016
6770,saint_sac_tok3,0.8374748229980469
6771,saint_sac_tok3,1.9177312850952148
6772,saint_sac_tok3,1.7139530181884766
6773,saint_sac_tok3,1.7590703964233398
6774,saint_sac_tok3,1.2746772766113281
6775,saint_sac_tok3,1.2107553482055664
6776,saint_sac_tok3,2.7808704376220703
6777,saint_sac_tok3,1.7696447372436523
6778,saint_sac_tok3,3.9344539642333984
6779,saint_sac_tok3,1.2593574523925781
6780,saint_sac_tok3,1.397080421447754
6781,saint_sac_tok3,2.057903289794922
6782,saint_sac_tok3,0.7720003128051758
6783,saint_sac_tok3,2.909693717956543
6784,saint_sac_tok3,0.6995449066162109
6785,saint_sac_tok3,2.538567543029785
6786,saint_sac_tok3,1.7564067840576172
6787,saint_sac_tok3,0.3606700897216797
6788,saint_sac_tok3,8.835577964782715
6789,saint_sac_tok3,4.171138763427734
6790,saint_sac_tok3,1.154245376586914
6791,saint_sac_tok3,2.687429428100586
6792,saint_sac_tok3,3.3000144958496094
6793,saint_sac_tok3,3.3360729217529297
6794,saint_sac_tok3,3.5997495651245117
6795,saint_sac_tok3,1.7120370864868164
6796,saint_sac_tok3,2.188690185546875
6797,saint_sac_tok3,1.223684310913086
6798,saint_sac_tok3,3.016204833984375
6799,saint_sac_tok3,1.9961376190185547
6800,saint_sac_tok3,0.18512535095214844
6801,saint_sac_tok3,0.9092235565185547
6802,saint_sac_tok3,1.634892463684082
6803,saint_sac_tok3,1.2802305221557617
6804,saint_sac_tok3,3.4684391021728516
6805,saint_sac_tok3,3.703221321105957
6806,saint_sac_tok3,2.727598190307617
6807,saint_sac_tok3,1.5894279479980469
6808,saint_sac_tok3,2.20977783203125
6809,saint_sac_tok3,2.080624580383301
6810,saint_sac_tok3,1.6391057968139648
6811,saint_sac_tok3,2.4936676025390625
6812,saint_sac_tok3,4.854180335998535
6813,saint_sac_tok3,3.752756118774414
6814,saint_sac_tok3,4.370108604431152
6815,saint_sac_tok3,4.337656021118164
6816,saint_sac_tok3,1.5124082565307617
6817,saint_sac_tok3,0.5107488632202148
6818,saint_sac_tok3,2.6293630599975586
6819,saint_sac_tok3,2.5133800506591797
6820,saint_sac_tok3,4.812431335449219
6821,saint_sac_tok3,1.8787870407104492
6822,saint_sac_tok3,2.453897476196289
6823,saint_sac_tok3,6.304021835327148
6824,saint_sac_tok3,4.229959487915039
6825,saint_sac_tok3,2.3208770751953125
6826,saint_sac_tok3,0.5060138702392578
6827,saint_sac_tok3,0.6502599716186523
6828,saint_sac_tok3,2.7355470657348633
6829,saint_sac_tok3,1.9895715713500977
6830,saint_sac_tok3,5.830780982971191
6831,saint_sac_tok3,1.1834001541137695
6832,saint_sac_tok3,2.033127784729004
6833,saint_sac_tok3,2.772928237915039
6834,saint_sac_tok3,1.481109619140625
6835,saint_sac_tok3,3.362462043762207
6836,saint_sac_tok3,1.2116775512695312
6837,saint_sac_tok3,2.051748275756836
6838,saint_sac_tok3,2.003673553466797
6839,saint_sac_tok3,2.3473072052001953
6840,saint_sac_tok3,2.0562572479248047
6841,saint_sac_tok3,1.7510290145874023
6842,saint_sac_tok3,1.8545923233032227
6843,saint_sac_tok3,0.6838750839233398
6844,saint_sac_tok3,2.829212188720703
6845,saint_sac_tok3,2.4703073501586914
6846,saint_sac_tok3,1.2542381286621094
6847,saint_sac_tok3,2.2344741821289062
6848,saint_sac_tok3,1.759993553161621
6849,saint_sac_tok3,0.18527793884277344
6850,saint_sac_tok3,2.5650768280029297
6851,saint_sac_tok3,2.589099884033203
6852,saint_sac_tok3,1.3194999694824219
6853,saint_sac_tok3,0.9181413650512695
6854,saint_sac_tok3,2.626978874206543
6855,saint_sac_tok3,4.451242446899414
6856,saint_sac_tok3,8.40742015838623
6857,saint_sac_tok3,1.6659231185913086
6858,saint_sac_tok3,3.331674575805664
6859,saint_sac_tok3,1.608372688293457
6860,saint_sac_tok3,2.324371337890625
6861,saint_sac_tok3,3.3908920288085938
6862,saint_sac_tok3,2.684450149536133
6863,saint_sac_tok3,2.140936851501465
6864,saint_sac_tok3,2.162014961242676
6865,saint_sac_tok3,0.1852121353149414
6866,saint_sac_tok3,4.484114646911621
6867,saint_sac_tok3,0.7211246490478516
6868,saint_sac_tok3,6.863349914550781
6869,saint_sac_tok3,1.1323070526123047
6870,saint_sac_tok3,1.3708858489990234
6871,saint_sac_tok3,3.1207151412963867
6872,saint_sac_tok3,2.6721763610839844
6873,saint_sac_tok3,5.0714616775512695
6874,saint_sac_tok3,1.2522468566894531
6875,saint_sac_tok3,2.2553558349609375
6876,saint_sac_tok3,1.826521873474121
6877,saint_sac_tok3,1.5570640563964844
6878,saint_sac_tok3,0.4430866241455078
6879,saint_sac_tok3,0.9650411605834961
6880,saint_sac_tok3,1.6589412689208984
6881,saint_sac_tok3,2.7927303314208984
6882,saint_sac_tok3,3.5234375
6883,saint_sac_tok3,2.3768997192382812
6884,saint_sac_tok3,1.2232513427734375
6885,saint_sac_tok3,1.3797845840454102
6886,saint_sac_tok3,0.4116535186767578
6887,saint_sac_tok3,1.8321027755737305
6888,saint_sac_tok3,1.386606216430664
6889,saint_sac_tok3,4.508522033691406
6890,saint_sac_tok3,1.923293113708496
6891,saint_sac_tok3,7.070426940917969
6892,saint_sac_tok3,1.0315933227539062
6893,saint_sac_tok3,2.816171646118164
6894,saint_sac_tok3,5.836494445800781
6895,saint_sac_tok3,3.610023021697998
6896,saint_sac_tok3,3.1069631576538086
6897,saint_sac_tok3,3.165262222290039
6898,saint_sac_tok3,1.7623023986816406
6899,saint_sac_tok3,0.4086570739746094
6900,saint_sac_tok3,1.6359939575195312
6901,saint_sac_tok3,2.676942825317383
6902,saint_sac_tok3,0.514124870300293
6903,saint_sac_tok3,1.5274543762207031
6904,saint_sac_tok3,1.7849597930908203
6905,saint_sac_tok3,1.7767295837402344
6906,saint_sac_tok3,3.4256515502929688
6907,saint_sac_tok3,0.6091146469116211
6908,saint_sac_tok3,0.6774320602416992
6909,saint_sac_tok3,1.0862550735473633
6910,saint_sac_tok3,2.5542678833007812
6911,saint_sac_tok3,1.874556541442871
6912,saint_sac_tok3,6.966666221618652
6913,saint_sac_tok3,7.008998870849609
6914,saint_sac_tok3,4.018830299377441
6915,saint_sac_tok3,1.042738914489746
6916,saint_sac_tok3,1.3027381896972656
6917,saint_sac_tok3,2.9865989685058594
6918,saint_sac_tok3,1.7747344970703125
6919,saint_sac_tok3,1.731302261352539
6920,saint_sac_tok3,2.072403907775879
6921,saint_sac_tok3,2.203624725341797
6922,saint_sac_tok3,1.3722572326660156
6923,saint_sac_tok3,1.4072942733764648
6924,saint_sac_tok3,0.18402099609375
6925,saint_sac_tok3,3.4170589447021484
6926,saint_sac_tok3,2.649712562561035
6927,saint_sac_tok3,0.22813796997070312
6928,saint_sac_tok3,1.5474328994750977
6929,saint_sac_tok3,2.30184268951416
6930,saint_sac_tok3,1.5366277694702148
6931,saint_sac_tok3,3.195903778076172
6932,saint_sac_tok3,2.469088554382324
6933,saint_sac_tok3,1.0011472702026367
6934,saint_sac_tok3,3.2190732955932617
6935,saint_sac_tok3,2.645017623901367
6936,saint_sac_tok3,4.565587997436523
6937,saint_sac_tok3,4.563570022583008
6938,saint_sac_tok3,2.1911306381225586
6939,saint_sac_tok3,2.029356002807617
6940,saint_sac_tok3,2.715578079223633
6941,saint_sac_tok3,2.3691349029541016
6942,saint_sac_tok3,1.823256492614746
6943,saint_sac_tok3,0.9411697387695312
6944,saint_sac_tok3,0.6442422866821289
6945,saint_sac_tok3,0.6687507629394531
6946,saint_sac_tok3,1.2601385116577148
6947,saint_sac_tok3,1.1600618362426758
6948,saint_sac_tok3,1.6303625106811523
6949,saint_sac_tok3,1.3712530136108398
6950,saint_sac_tok3,2.1862335205078125
6951,saint_sac_tok3,1.0558652877807617
6952,saint_sac_tok3,1.0556621551513672
6953,saint_sac_tok3,4.158663749694824
6954,saint_sac_tok3,2.0466766357421875
6955,saint_sac_tok3,8.658723831176758
6956,saint_sac_tok3,3.4044618606567383
6957,saint_sac_tok3,2.032461166381836
6958,saint_sac_tok3,1.4615516662597656
6959,saint_sac_tok3,1.5907316207885742
6960,saint_sac_tok3,0.7096757888793945
6961,saint_sac_tok3,1.8293142318725586
6962,saint_sac_tok3,5.780172348022461
6963,saint_sac_tok3,1.5682382583618164
6964,saint_sac_tok3,0.5797624588012695
6965,saint_sac_tok3,0.5469579696655273
6966,saint_sac_tok3,1.5062065124511719
6967,saint_sac_tok3,1.7357597351074219
6968,saint_sac_tok3,0.8561544418334961
6969,saint_sac_tok3,1.6590299606323242
6970,saint_sac_tok3,2.7117738723754883
6971,saint_sac_tok3,1.4101123809814453
6972,saint_sac_tok3,4.081367492675781
6973,saint_sac_tok3,2.904484748840332
6974,saint_sac_tok3,3.808757781982422
6975,saint_sac_tok3,0.49718284606933594
6976,saint_sac_tok3,0.2625741958618164
6977,saint_sac_tok3,1.523299217224121
6978,saint_sac_tok3,4.204367637634277
6979,saint_sac_tok3,2.3832216262817383
6980,saint_sac_tok3,2.1165857315063477
6981,saint_sac_tok3,0.8212394714355469
6982,saint_sac_tok3,1.8698549270629883
6983,saint_sac_tok3,2.4017114639282227
6984,saint_sac_tok3,3.3359298706054688
6985,saint_sac_tok3,1.4182167053222656
6986,saint_sac_tok3,1.676919937133789
6987,saint_sac_tok3,2.7722949981689453
6988,saint_sac_tok3,2.3531007766723633
6989,saint_sac_tok3,1.084609031677246
6990,saint_sac_tok3,2.5795326232910156
6991,saint_sac_tok3,3.579923629760742
6992,saint_sac_tok3,6.9264020919799805
6993,saint_sac_tok3,2.160991668701172
6994,saint_sac_tok3,1.388352394104004
6995,saint_sac_tok3,1.1929826736450195
6996,saint_sac_tok3,7.202398300170898
6997,saint_sac_tok3,1.1638975143432617
6998,saint_sac_tok3,0.7765693664550781
6999,saint_sac_tok3,2.9732418060302734
7000,saint_sac_tok3,0.5064067840576172
7001,saint_sac_tok3,0.6264934539794922
7002,saint_sac_tok3,3.069277763366699
7003,saint_sac_tok3,3.1171083450317383
7004,saint_sac_tok3,1.7508487701416016
7005,saint_sac_tok3,2.26025390625
7006,saint_sac_tok3,1.5074462890625
7007,saint_sac_tok3,1.757674217224121
7008,saint_sac_tok3,2.801532745361328
7009,saint_sac_tok3,0.9549798965454102
7010,saint_sac_tok3,0.8654041290283203
7011,saint_sac_tok3,3.3500070571899414
7012,saint_sac_tok3,2.224705696105957
7013,saint_sac_tok3,2.6767759323120117
7014,saint_sac_tok3,3.42513370513916
7015,saint_sac_tok3,0.9147253036499023
7016,saint_sac_tok3,3.1557674407958984
7017,saint_sac_tok3,1.1384859085083008
7018,saint_sac_tok3,3.58544921875
7019,saint_sac_tok3,1.3949031829833984
7020,saint_sac_tok3,1.3122987747192383
7021,saint_sac_tok3,2.1466121673583984
7022,saint_sac_tok3,3.0921754837036133
7023,saint_sac_tok3,1.7242145538330078
7024,saint_sac_tok3,3.186062812805176
7025,saint_sac_tok3,1.8956108093261719
7026,saint_sac_tok3,6.618597984313965
7027,saint_sac_tok3,2.441699981689453
7028,saint_sac_tok3,1.6567792892456055
7029,saint_sac_tok3,1.6563091278076172
7030,saint_sac_tok3,2.0082035064697266
7031,saint_sac_tok3,3.040656089782715
7032,saint_sac_tok3,2.236255645751953
7033,saint_sac_tok3,3.3634681701660156
7034,saint_sac_tok3,5.034328460693359
7035,saint_sac_tok3,1.3041296005249023
7036,saint_sac_tok3,2.635371208190918
7037,saint_sac_tok3,4.674012184143066
7038,saint_sac_tok3,2.330202102661133
7039,saint_sac_tok3,2.4460268020629883
7040,saint_sac_tok3,1.880009651184082
7041,saint_sac_tok3,1.1592903137207031
7042,saint_sac_tok3,3.0255513191223145
7043,saint_sac_tok3,1.4262027740478516
7044,saint_sac_tok3,0.7211637496948242
7045,saint_sac_tok3,1.2984161376953125
7046,saint_sac_tok3,1.6916465759277344
7047,saint_sac_tok3,3.701544761657715
7048,saint_sac_tok3,3.750469207763672
7049,saint_sac_tok3,4.111845016479492
7050,saint_sac_tok3,2.501387596130371
7051,saint_sac_tok3,0.5948638916015625
7052,saint_sac_tok3,2.033034324645996
7053,saint_sac_tok3,3.319005012512207
7054,saint_sac_tok3,1.298100471496582
7055,saint_sac_tok3,1.7081127166748047
7056,saint_sac_tok3,4.657680511474609
7057,saint_sac_tok3,0.2909717559814453
7058,saint_sac_tok3,1.7223854064941406
7059,saint_sac_tok3,0.9494285583496094
7060,saint_sac_tok3,2.2433109283447266
7061,saint_sac_tok3,2.3950891494750977
7062,saint_sac_tok3,1.9737281799316406
7063,saint_sac_tok3,1.1935300827026367
7064,saint_sac_tok3,1.4273157119750977
7065,saint_sac_tok3,3.7472476959228516
7066,saint_sac_tok3,1.961970329284668
7067,saint_sac_tok3,1.4359264373779297
7068,saint_sac_tok3,3.051520347595215
7069,saint_sac_tok3,1.6730117797851562
7070,saint_sac_tok3,2.85927677154541
7071,saint_sac_tok3,1.4654884338378906
7072,saint_sac_tok3,1.3848485946655273
7073,saint_sac_tok3,2.4521913528442383
7074,saint_sac_tok3,1.5139036178588867
7075,saint_sac_tok3,1.856842041015625
7076,saint_sac_tok3,3.4029083251953125
7077,saint_sac_tok3,1.6505651473999023
7078,saint_sac_tok3,0.9113550186157227
7079,saint_sac_tok3,3.468081474304199
7080,saint_sac_tok3,0.6061544418334961
7081,saint_sac_tok3,1.2169618606567383
7082,saint_sac_tok3,2.1190242767333984
7083,saint_sac_tok3,2.6124563217163086
7084,saint_sac_tok3,5.882974624633789
7085,saint_sac_tok3,4.735834121704102
7086,saint_sac_tok3,0.9124794006347656
7087,saint_sac_tok3,1.8306560516357422
7088,saint_sac_tok3,1.7604265213012695
7089,saint_sac_tok3,2.717710494995117
7090,saint_sac_tok3,3.115896224975586
7091,saint_sac_tok3,4.015263557434082
7092,saint_sac_tok3,1.6320466995239258
7093,saint_sac_tok3,0.93914794921875
7094,saint_sac_tok3,0.1754322052001953
7095,saint_sac_tok3,1.1095771789550781
7096,saint_sac_tok3,3.722166061401367
7097,saint_sac_tok3,2.6333742141723633
7098,saint_sac_tok3,2.2944650650024414
7099,saint_sac_tok3,2.4158802032470703
7100,saint_sac_tok3,1.5389862060546875
7101,saint_sac_tok3,1.6165189743041992
7102,saint_sac_tok3,3.0037803649902344
7103,saint_sac_tok3,1.0362091064453125
7104,saint_sac_tok3,1.175471305847168
7105,saint_sac_tok3,0.38587379455566406
7106,saint_sac_tok3,2.3317461013793945
7107,saint_sac_tok3,1.9144554138183594
7108,saint_sac_tok3,3.202108383178711
7109,saint_sac_tok3,3.12009334564209
7110,saint_sac_tok3,2.2863454818725586
7111,saint_sac_tok3,1.8805198669433594
7112,saint_sac_tok3,1.0315685272216797
7113,saint_sac_tok3,2.146304130554199
7114,saint_sac_tok3,1.6182880401611328
7115,saint_sac_tok3,2.946845054626465
7116,saint_sac_tok3,3.3848447799682617
7117,saint_sac_tok3,2.9677610397338867
7118,saint_sac_tok3,5.854352951049805
7119,saint_sac_tok3,4.487340927124023
7120,saint_sac_tok3,2.4409523010253906
7121,saint_sac_tok3,1.8831205368041992
7122,saint_sac_tok3,5.95932674407959
7123,saint_sac_tok3,1.476008415222168
7124,saint_sac_tok3,0.5330009460449219
7125,saint_sac_tok3,1.3221960067749023
7126,saint_sac_tok3,5.280572891235352
7127,saint_sac_tok3,1.7450590133666992
7128,saint_sac_tok3,1.2621088027954102
7129,saint_sac_tok3,1.1983461380004883
7130,saint_sac_tok3,4.064959526062012
7131,saint_sac_tok3,0.975529670715332
7132,saint_sac_tok3,1.4968996047973633
7133,saint_sac_tok3,2.098464012145996
7134,saint_sac_tok3,1.311182975769043
7135,saint_sac_tok3,2.5022401809692383
7136,saint_sac_tok3,1.8064517974853516
7137,saint_sac_tok3,4.640464782714844
7138,saint_sac_tok3,1.9354276657104492
7139,saint_sac_tok3,2.404484748840332
7140,saint_sac_tok3,5.751127243041992
7141,saint_sac_tok3,2.717360496520996
7142,saint_sac_tok3,2.985330581665039
7143,saint_sac_tok3,4.452414512634277
7144,saint_sac_tok3,6.669071197509766
7145,saint_sac_tok3,1.3744440078735352
7146,saint_sac_tok3,5.652002334594727
7147,saint_sac_tok3,1.8125133514404297
7148,saint_sac_tok3,1.0861215591430664
7149,saint_sac_tok3,1.6744871139526367
7150,saint_sac_tok3,4.096362113952637
7151,saint_sac_tok3,0.7051897048950195
7152,saint_sac_tok3,2.132078170776367
7153,saint_sac_tok3,0.8024396896362305
7154,saint_sac_tok3,7.046532154083252
7155,saint_sac_tok3,3.647115707397461
7156,saint_sac_tok3,1.722233772277832
7157,saint_sac_tok3,2.5638132095336914
7158,saint_sac_tok3,1.8600969314575195
7159,saint_sac_tok3,1.1951751708984375
7160,saint_sac_tok3,1.4544734954833984
7161,saint_sac_tok3,-0.36562538146972656
7162,saint_sac_tok3,1.8447914123535156
7163,saint_sac_tok3,1.2377452850341797
7164,saint_sac_tok3,1.8413991928100586
7165,saint_sac_tok3,1.7278785705566406
7166,saint_sac_tok3,1.8547248840332031
7167,saint_sac_tok3,2.4620981216430664
7168,saint_sac_tok3,3.022350788116455
7169,saint_sac_tok3,0.9791650772094727
7170,saint_sac_tok3,1.6254119873046875
7171,saint_sac_tok3,3.4274024963378906
7172,saint_sac_tok3,1.5256376266479492
7173,saint_sac_tok3,2.59222412109375
7174,saint_sac_tok3,3.5129623413085938
7175,saint_sac_tok3,5.963669776916504
7176,saint_sac_tok3,3.072299003601074
7177,saint_sac_tok3,1.007735252380371
7178,saint_sac_tok3,0.29981231689453125
7179,saint_sac_tok3,1.3531274795532227
7180,saint_sac_tok3,1.4909448623657227
7181,saint_sac_tok3,2.2324771881103516
7182,saint_sac_tok3,2.1284561157226562
7183,saint_sac_tok3,4.1741743087768555
7184,saint_sac_tok3,0.3973054885864258
7185,saint_sac_tok3,1.483780860900879
7186,saint_sac_tok3,2.91835880279541
7187,saint_sac_tok3,2.2446422576904297
7188,saint_sac_tok3,1.7857046127319336
7189,saint_sac_tok3,2.2502002716064453
7190,saint_sac_tok3,1.3895378112792969
7191,saint_sac_tok3,0.4154548645019531
7192,saint_sac_tok3,0.8269672393798828
7193,saint_sac_tok3,1.0637874603271484
7194,saint_sac_tok3,0.9718236923217773
7195,saint_sac_tok3,4.940460205078125
7196,saint_sac_tok3,2.7608890533447266
7197,saint_sac_tok3,-0.2659435272216797
7198,saint_sac_tok3,2.3351917266845703
7199,saint_sac_tok3,1.5989112854003906
7200,saint_sac_tok3,2.0572261810302734
7201,saint_sac_tok3,0.5150747299194336
7202,saint_sac_tok3,0.8528928756713867
7203,saint_sac_tok3,2.9803428649902344
7204,saint_sac_tok3,2.141768455505371
7205,saint_sac_tok3,1.8285388946533203
7206,saint_sac_tok3,3.1842727661132812
7207,saint_sac_tok3,2.1994705200195312
7208,saint_sac_tok3,3.535773277282715
7209,saint_sac_tok3,3.865168571472168
7210,saint_sac_tok3,6.8786115646362305
7211,saint_sac_tok3,5.438019752502441
7212,saint_sac_tok3,2.0842275619506836
7213,saint_sac_tok3,0.4677276611328125
7214,saint_sac_tok3,1.0507326126098633
7215,saint_sac_tok3,3.258272171020508
7216,saint_sac_tok3,1.7509002685546875
7217,saint_sac_tok3,2.535999298095703
7218,saint_sac_tok3,3.1363887786865234
7219,saint_sac_tok3,2.3690309524536133
7220,saint_sac_tok3,2.3776168823242188
7221,saint_sac_tok3,2.204286575317383
7222,saint_sac_tok3,2.334296226501465
7223,saint_sac_tok3,1.831878662109375
7224,saint_sac_tok3,4.278524398803711
7225,saint_sac_tok3,1.8316669464111328
7226,saint_sac_tok3,1.219411849975586
7227,saint_sac_tok3,2.1685380935668945
7228,saint_sac_tok3,1.35894775390625
7229,saint_sac_tok3,1.1228752136230469
7230,saint_sac_tok3,3.710354804992676
7231,saint_sac_tok3,2.0170860290527344
7232,saint_sac_tok3,2.0380115509033203
7233,saint_sac_tok3,0.6845035552978516
7234,saint_sac_tok3,2.1013927459716797
7235,saint_sac_tok3,2.1992969512939453
7236,saint_sac_tok3,0.6250715255737305
7237,saint_sac_tok3,1.2134408950805664
7238,saint_sac_tok3,0.6114597320556641
7239,saint_sac_tok3,3.617499351501465
7240,saint_sac_tok3,2.1511707305908203
7241,saint_sac_tok3,1.049203872680664
7242,saint_sac_tok3,0.6296653747558594
7243,saint_sac_tok3,2.404768943786621
7244,saint_sac_tok3,6.600419998168945
7245,saint_sac_tok3,2.3803176879882812
7246,saint_sac_tok3,2.1478271484375
7247,saint_sac_tok3,0.6442127227783203
7248,saint_sac_tok3,2.877309799194336
7249,saint_sac_tok3,1.8585443496704102
7250,saint_sac_tok3,1.1107492446899414
7251,saint_sac_tok3,0.9160366058349609
7252,saint_sac_tok3,2.214217185974121
7253,saint_sac_tok3,1.9602432250976562
7254,saint_sac_tok3,1.0554208755493164
7255,saint_sac_tok3,4.0420660972595215
7256,saint_sac_tok3,2.996124267578125
7257,saint_sac_tok3,2.3270750045776367
7258,saint_sac_tok3,2.6237916946411133
7259,saint_sac_tok3,1.0979433059692383
7260,saint_sac_tok3,4.798547744750977
7261,saint_sac_tok3,2.0553760528564453
7262,saint_sac_tok3,1.8088455200195312
7263,saint_sac_tok3,2.008049964904785
7264,saint_sac_tok3,1.5019903182983398
7265,saint_sac_tok3,2.2643566131591797
7266,saint_sac_tok3,3.626474380493164
7267,saint_sac_tok3,1.697911262512207
7268,saint_sac_tok3,1.853226661682129
7269,saint_sac_tok3,0.6008396148681641
7270,saint_sac_tok3,4.651706695556641
7271,saint_sac_tok3,2.1281089782714844
7272,saint_sac_tok3,1.6499061584472656
7273,saint_sac_tok3,3.526124954223633
7274,saint_sac_tok3,2.417252540588379
7275,saint_sac_tok3,0.9003438949584961
7276,saint_sac_tok3,0.31116199493408203
7277,saint_sac_tok3,1.6678590774536133
7278,saint_sac_tok3,2.4794397354125977
7279,saint_sac_tok3,2.6059112548828125
7280,saint_sac_tok3,2.18619441986084
7281,saint_sac_tok3,0.5245857238769531
7282,saint_sac_tok3,7.674792289733887
7283,saint_sac_tok3,2.617290496826172
7284,saint_sac_tok3,4.147674560546875
7285,saint_sac_tok3,1.896409034729004
7286,saint_sac_tok3,0.368988037109375
7287,saint_sac_tok3,2.941661834716797
7288,saint_sac_tok3,0.1506185531616211
7289,saint_sac_tok3,2.3900671005249023
7290,saint_sac_tok3,2.418720245361328
7291,saint_sac_tok3,0.49611854553222656
7292,saint_sac_tok3,3.961172103881836
7293,saint_sac_tok3,0.9982261657714844
7294,saint_sac_tok3,1.8318653106689453
7295,saint_sac_tok3,1.616964340209961
7296,saint_sac_tok3,1.2763452529907227
7297,saint_sac_tok3,1.8906126022338867
7298,saint_sac_tok3,1.989638328552246
7299,saint_sac_tok3,2.638188362121582
7300,saint_sac_tok3,2.121603012084961
7301,saint_sac_tok3,2.4861230850219727
7302,saint_sac_tok3,0.7092475891113281
7303,saint_sac_tok3,3.8298702239990234
7304,saint_sac_tok3,2.418231964111328
7305,saint_sac_tok3,2.770418167114258
7306,saint_sac_tok3,0.0644388198852539
7307,saint_sac_tok3,0.11931705474853516
7308,saint_sac_tok3,3.6571435928344727
7309,saint_sac_tok3,1.6778583526611328
7310,saint_sac_tok3,1.7404804229736328
7311,saint_sac_tok3,3.6985559463500977
7312,saint_sac_tok3,1.6541519165039062
7313,saint_sac_tok3,1.7206497192382812
7314,saint_sac_tok3,1.688568115234375
7315,saint_sac_tok3,2.360668182373047
7316,saint_sac_tok3,3.7113895416259766
7317,saint_sac_tok3,1.3467626571655273
7318,saint_sac_tok3,2.1246519088745117
7319,saint_sac_tok3,3.729678153991699
7320,saint_sac_tok3,3.759920120239258
7321,saint_sac_tok3,5.960903167724609
7322,saint_sac_tok3,4.389883995056152
7323,saint_sac_tok3,2.6902732849121094
7324,saint_sac_tok3,1.9116973876953125
7325,saint_sac_tok3,3.988377571105957
7326,saint_sac_tok3,2.0151615142822266
7327,saint_sac_tok3,-0.2877321243286133
7328,saint_sac_tok3,3.96945858001709
7329,saint_sac_tok3,0.1884613037109375
7330,saint_sac_tok3,1.239579200744629
7331,saint_sac_tok3,2.183993339538574
7332,saint_sac_tok3,2.4603452682495117
7333,saint_sac_tok3,1.4960498809814453
7334,saint_sac_tok3,2.491366386413574
7335,saint_sac_tok3,2.73006534576416
7336,saint_sac_tok3,1.2781095504760742
7337,saint_sac_tok3,1.6368026733398438
7338,saint_sac_tok3,2.708148956298828
7339,saint_sac_tok3,1.809469223022461
7340,saint_sac_tok3,2.513639450073242
7341,saint_sac_tok3,2.173398971557617
7342,saint_sac_tok3,1.9721384048461914
7343,saint_sac_tok3,2.188112258911133
7344,saint_sac_tok3,6.360934257507324
7345,saint_sac_tok3,0.7694625854492188
7346,saint_sac_tok3,2.1785173416137695
7347,saint_sac_tok3,1.0061864852905273
7348,saint_sac_tok3,3.069303512573242
7349,saint_sac_tok3,2.089357376098633
7350,saint_sac_tok3,2.684079170227051
7351,saint_sac_tok3,1.7532691955566406
7352,saint_sac_tok3,0.8231821060180664
7353,saint_sac_tok3,4.388212203979492
7354,saint_sac_tok3,4.017156600952148
7355,saint_sac_tok3,3.421595573425293
7356,saint_sac_tok3,1.5721817016601562
7357,saint_sac_tok3,2.1011857986450195
7358,saint_sac_tok3,0.7835826873779297
7359,saint_sac_tok3,1.4981689453125
7360,saint_sac_tok3,3.1179141998291016
7361,saint_sac_tok3,4.916184425354004
7362,saint_sac_tok3,2.4925851821899414
7363,saint_sac_tok3,3.5826406478881836
7364,saint_sac_tok3,2.4551944732666016
7365,saint_sac_tok3,3.8018388748168945
7366,saint_sac_tok3,3.7746458053588867
7367,saint_sac_tok3,1.840651512145996
7368,saint_sac_tok3,4.220290660858154
7369,saint_sac_tok3,2.3199148178100586
7370,saint_sac_tok3,4.89232063293457
7371,saint_sac_tok3,2.265444755554199
7372,saint_sac_tok3,1.8586454391479492
7373,saint_sac_tok3,5.308202743530273
7374,saint_sac_tok3,2.238093376159668
7375,saint_sac_tok3,3.5725412368774414
7376,saint_sac_tok3,1.4112510681152344
7377,saint_sac_tok3,1.891305923461914
7378,saint_sac_tok3,3.761066436767578
7379,saint_sac_tok3,3.622652053833008
7380,saint_sac_tok3,8.237434387207031
7381,saint_sac_tok3,2.4110984802246094
7382,saint_sac_tok3,1.856842041015625
7383,saint_sac_tok3,2.039560317993164
7384,saint_sac_tok3,5.0511064529418945
7385,saint_sac_tok3,2.7894248962402344
7386,saint_sac_tok3,2.41353702545166
7387,saint_sac_tok3,2.629458427429199
7388,saint_sac_tok3,3.7486648559570312
7389,saint_sac_tok3,0.3858928680419922
7390,saint_sac_tok3,3.013094902038574
7391,saint_sac_tok3,2.497593879699707
7392,saint_sac_tok3,1.1857261657714844
7393,saint_sac_tok3,2.363666534423828
7394,saint_sac_tok3,4.237409591674805
7395,saint_sac_tok3,-0.1179208755493164
7396,saint_sac_tok3,3.090224266052246
7397,saint_sac_tok3,1.1464204788208008
7398,saint_sac_tok3,2.39813232421875
7399,saint_sac_tok3,2.3542490005493164
7400,saint_sac_tok3,1.025710105895996
7401,saint_sac_tok3,2.662348747253418
7402,saint_sac_tok3,1.2182531356811523
7403,saint_sac_tok3,1.3085289001464844
7404,saint_sac_tok3,4.586775779724121
7405,saint_sac_tok3,1.272928237915039
7406,saint_sac_tok3,2.814502716064453
7407,saint_sac_tok3,4.940763473510742
7408,saint_sac_tok3,1.1803016662597656
7409,saint_sac_tok3,3.4363861083984375
7410,saint_sac_tok3,1.867203712463379
7411,saint_sac_tok3,4.4342851638793945
7412,saint_sac_tok3,6.107804298400879
7413,saint_sac_tok3,1.6648988723754883
7414,saint_sac_tok3,1.3589420318603516
7415,saint_sac_tok3,2.148573875427246
7416,saint_sac_tok3,1.4963531494140625
7417,saint_sac_tok3,2.1233129501342773
7418,saint_sac_tok3,4.382761001586914
7419,saint_sac_tok3,3.689424514770508
7420,saint_sac_tok3,2.087442398071289
7421,saint_sac_tok3,1.7266921997070312
7422,saint_sac_tok3,0.1283426284790039
7423,saint_sac_tok3,3.2814865112304688
7424,saint_sac_tok3,3.3869752883911133
7425,saint_sac_tok3,2.1555519104003906
7426,saint_sac_tok3,1.158712387084961
7427,saint_sac_tok3,2.853146553039551
7428,saint_sac_tok3,3.5752382278442383
7429,saint_sac_tok3,-0.3041839599609375
7430,saint_sac_tok3,2.8115673065185547
7431,saint_sac_tok3,1.6231374740600586
7432,saint_sac_tok3,2.2284908294677734
7433,saint_sac_tok3,6.0914306640625
7434,saint_sac_tok3,1.6223993301391602
7435,saint_sac_tok3,2.622079849243164
7436,saint_sac_tok3,2.8409910202026367
7437,saint_sac_tok3,0.7654762268066406
7438,saint_sac_tok3,4.166308879852295
7439,saint_sac_tok3,2.159804344177246
7440,saint_sac_tok3,-0.2710762023925781
7441,saint_sac_tok3,1.8838930130004883
7442,saint_sac_tok3,1.9480152130126953
7443,saint_sac_tok3,1.8026742935180664
7444,saint_sac_tok3,-0.28799915313720703
7445,saint_sac_tok3,2.259037971496582
7446,saint_sac_tok3,2.484633445739746
7447,saint_sac_tok3,1.3976259231567383
7448,saint_sac_tok3,0.4409465789794922
7449,saint_sac_tok3,1.6024322509765625
7450,saint_sac_tok3,2.5188798904418945
7451,saint_sac_tok3,1.9085884094238281
7452,saint_sac_tok3,1.168522834777832
7453,saint_sac_tok3,2.5097789764404297
7454,saint_sac_tok3,1.686126708984375
7455,saint_sac_tok3,5.538116455078125
7456,saint_sac_tok3,1.214432716369629
7457,saint_sac_tok3,3.761359214782715
7458,saint_sac_tok3,2.388805389404297
7459,saint_sac_tok3,2.218486785888672
7460,saint_sac_tok3,3.0900373458862305
7461,saint_sac_tok3,3.0172853469848633
7462,saint_sac_tok3,4.164214134216309
7463,saint_sac_tok3,3.6155929565429688
7464,saint_sac_tok3,1.1120538711547852
7465,saint_sac_tok3,2.4670705795288086
7466,saint_sac_tok3,3.4805908203125
7467,saint_sac_tok3,2.1507816314697266
7468,saint_sac_tok3,1.7887821197509766
7469,saint_sac_tok3,5.785358428955078
7470,saint_sac_tok3,3.6758804321289062
7471,saint_sac_tok3,1.934926986694336
7472,saint_sac_tok3,3.081294059753418
7473,saint_sac_tok3,1.812016487121582
7474,saint_sac_tok3,4.316029071807861
7475,saint_sac_tok3,2.9406185150146484
7476,saint_sac_tok3,0.5160808563232422
7477,saint_sac_tok3,2.295029640197754
7478,saint_sac_tok3,3.216470718383789
7479,saint_sac_tok3,3.2933197021484375
7480,saint_sac_tok3,2.910170555114746
7481,saint_sac_tok3,2.090656280517578
7482,saint_sac_tok3,2.5688676834106445
7483,saint_sac_tok3,2.8166589736938477
7484,saint_sac_tok3,3.4131717681884766
7485,saint_sac_tok3,2.029454231262207
7486,saint_sac_tok3,1.143864631652832
7487,saint_sac_tok3,7.590590476989746
7488,saint_sac_tok3,2.5252685546875
7489,saint_sac_tok3,0.5422086715698242
7490,saint_sac_tok3,2.5756750106811523
7491,saint_sac_tok3,2.9538068771362305
7492,saint_sac_tok3,2.3204498291015625
7493,saint_sac_tok3,1.2710161209106445
7494,saint_sac_tok3,2.9109020233154297
7495,saint_sac_tok3,3.5041542053222656
7496,saint_sac_tok3,1.9683046340942383
7497,saint_sac_tok3,2.333794593811035
7498,saint_sac_tok3,1.9461545944213867
7499,saint_sac_tok3,2.2179384231567383
7500,saint_sac_tok3,1.3082561492919922
7501,saint_sac_tok3,3.1477184295654297
7502,saint_sac_tok3,2.7752561569213867
7503,saint_sac_tok3,0.43513965606689453
7504,saint_sac_tok3,4.222708702087402
7505,saint_sac_tok3,5.025352478027344
7506,saint_sac_tok3,5.759206771850586
7507,saint_sac_tok3,2.036850929260254
7508,saint_sac_tok3,0.7747287750244141
7509,saint_sac_tok3,0.912144660949707
7510,saint_sac_tok3,7.1759538650512695
7511,saint_sac_tok3,3.5372610092163086
7512,saint_sac_tok3,4.3065009117126465
7513,saint_sac_tok3,5.619657516479492
7514,saint_sac_tok3,5.028345584869385
7515,saint_sac_tok3,2.6044797897338867
7516,saint_sac_tok3,2.2419052124023438
7517,saint_sac_tok3,1.7476081848144531
7518,saint_sac_tok3,6.460577011108398
7519,saint_sac_tok3,2.025322914123535
7520,saint_sac_tok3,3.024735450744629
7521,saint_sac_tok3,2.9415645599365234
7522,saint_sac_tok3,-0.1837015151977539
7523,saint_sac_tok3,2.1170597076416016
7524,saint_sac_tok3,2.0652008056640625
7525,saint_sac_tok3,1.4386625289916992
7526,saint_sac_tok3,1.5114288330078125
7527,saint_sac_tok3,2.546322822570801
7528,saint_sac_tok3,2.5854978561401367
7529,saint_sac_tok3,3.5992984771728516
7530,saint_sac_tok3,1.7946653366088867
7531,saint_sac_tok3,1.9833269119262695
7532,saint_sac_tok3,1.692739486694336
7533,saint_sac_tok3,4.782451629638672
7534,saint_sac_tok3,2.237579345703125
7535,saint_sac_tok3,1.7130756378173828
7536,saint_sac_tok3,2.8742218017578125
7537,saint_sac_tok3,2.9278182983398438
7538,saint_sac_tok3,3.1672983169555664
7539,saint_sac_tok3,2.1305160522460938
7540,saint_sac_tok3,2.736440658569336
7541,saint_sac_tok3,3.4121761322021484
7542,saint_sac_tok3,1.9098529815673828
7543,saint_sac_tok3,0.4233684539794922
7544,saint_sac_tok3,2.453622817993164
7545,saint_sac_tok3,2.914653778076172
7546,saint_sac_tok3,0.8267269134521484
7547,saint_sac_tok3,0.5562896728515625
7548,saint_sac_tok3,3.494943618774414
7549,saint_sac_tok3,2.8965187072753906
7550,saint_sac_tok3,2.0836658477783203
7551,saint_sac_tok3,3.7165756225585938
7552,saint_sac_tok3,3.9040966033935547
7553,saint_sac_tok3,1.3678598403930664
7554,saint_sac_tok3,1.7322778701782227
7555,saint_sac_tok3,1.549551010131836
7556,saint_sac_tok3,6.68648624420166
7557,saint_sac_tok3,2.475855827331543
7558,saint_sac_tok3,1.4178657531738281
7559,saint_sac_tok3,1.4140329360961914
7560,saint_sac_tok3,3.96148681640625
7561,saint_sac_tok3,0.13129711151123047
7562,saint_sac_tok3,-0.2354450225830078
7563,saint_sac_tok3,3.37601375579834
7564,saint_sac_tok3,1.3199939727783203
7565,saint_sac_tok3,0.5871467590332031
7566,saint_sac_tok3,0.697230339050293
7567,saint_sac_tok3,2.990525245666504
7568,saint_sac_tok3,-0.4442558288574219
7569,saint_sac_tok3,4.700690746307373
7570,saint_sac_tok3,3.6548519134521484
7571,saint_sac_tok3,6.724466323852539
7572,saint_sac_tok3,5.040632247924805
7573,saint_sac_tok3,0.6993989944458008
7574,saint_sac_tok3,2.285099983215332
7575,saint_sac_tok3,3.8124914169311523
7576,saint_sac_tok3,0.9391508102416992
7577,saint_sac_tok3,2.745746612548828
7578,saint_sac_tok3,2.367908477783203
7579,saint_sac_tok3,4.11888313293457
7580,saint_sac_tok3,3.10640811920166
7581,saint_sac_tok3,7.359273910522461
7582,saint_sac_tok3,1.835958480834961
7583,saint_sac_tok3,2.8300838470458984
7584,saint_sac_tok3,1.1967144012451172
7585,saint_sac_tok3,1.296372413635254
7586,saint_sac_tok3,1.883340835571289
7587,saint_sac_tok3,1.03948974609375
7588,saint_sac_tok3,2.3017749786376953
7589,saint_sac_tok3,6.4620513916015625
7590,saint_sac_tok3,0.8737564086914062
7591,saint_sac_tok3,1.202591896057129
7592,saint_sac_tok3,8.206212043762207
7593,saint_sac_tok3,1.5669965744018555
7594,saint_sac_tok3,2.76792049407959
7595,saint_sac_tok3,2.6996192932128906
7596,saint_sac_tok3,5.217679977416992
7597,saint_sac_tok3,1.4241704940795898
7598,saint_sac_tok3,1.2874040603637695
7599,saint_sac_tok3,2.612161636352539
7600,saint_sac_tok3,2.0727338790893555
7601,saint_sac_tok3,2.1323509216308594
7602,saint_sac_tok3,3.7038497924804688
7603,saint_sac_tok3,1.5780391693115234
7604,saint_sac_tok3,3.7081027030944824
7605,saint_sac_tok3,2.0286741256713867
7606,saint_sac_tok3,3.6274728775024414
7607,saint_sac_tok3,1.6206493377685547
7608,saint_sac_tok3,1.4512929916381836
7609,saint_sac_tok3,3.3068151473999023
7610,saint_sac_tok3,3.4755725860595703
7611,saint_sac_tok3,4.193469047546387
7612,saint_sac_tok3,3.6615705490112305
7613,saint_sac_tok3,1.8642492294311523
7614,saint_sac_tok3,1.7362680435180664
7615,saint_sac_tok3,1.611454963684082
7616,saint_sac_tok3,6.458478927612305
7617,saint_sac_tok3,4.388328552246094
7618,saint_sac_tok3,4.223785400390625
7619,saint_sac_tok3,2.1901540756225586
7620,saint_sac_tok3,1.7049942016601562
7621,saint_sac_tok3,4.977392196655273
7622,saint_sac_tok3,2.3010807037353516
7623,saint_sac_tok3,2.3428421020507812
7624,saint_sac_tok3,1.507711410522461
7625,saint_sac_tok3,1.3927154541015625
7626,saint_sac_tok3,9.147943496704102
7627,saint_sac_tok3,6.602392196655273
7628,saint_sac_tok3,1.6492376327514648
7629,saint_sac_tok3,1.649637222290039
7630,saint_sac_tok3,2.848628044128418
7631,saint_sac_tok3,3.8608531951904297
7632,saint_sac_tok3,0.6892108917236328
7633,saint_sac_tok3,1.7752714157104492
7634,saint_sac_tok3,2.0232181549072266
7635,saint_sac_tok3,1.2409391403198242
7636,saint_sac_tok3,0.9039316177368164
7637,saint_sac_tok3,-0.037792205810546875
7638,saint_sac_tok3,0.8871955871582031
7639,saint_sac_tok3,3.101144790649414
7640,saint_sac_tok3,7.386234283447266
7641,saint_sac_tok3,3.356496810913086
7642,saint_sac_tok3,2.110311508178711
7643,saint_sac_tok3,2.436502456665039
7644,saint_sac_tok3,2.3139047622680664
7645,saint_sac_tok3,1.0843935012817383
7646,saint_sac_tok3,3.8968734741210938
7647,saint_sac_tok3,2.3423171043395996
7648,saint_sac_tok3,2.1145687103271484
7649,saint_sac_tok3,4.557451248168945
7650,saint_sac_tok3,2.853902816772461
7651,saint_sac_tok3,1.5686159133911133
7652,saint_sac_tok3,1.2671642303466797
7653,saint_sac_tok3,4.770800590515137
7654,saint_sac_tok3,3.896134376525879
7655,saint_sac_tok3,1.7260017395019531
7656,saint_sac_tok3,4.695459365844727
7657,saint_sac_tok3,1.7063045501708984
7658,saint_sac_tok3,4.661100387573242
7659,saint_sac_tok3,2.832491874694824
7660,saint_sac_tok3,1.4042243957519531
7661,saint_sac_tok3,6.895109176635742
7662,saint_sac_tok3,1.5184564590454102
7663,saint_sac_tok3,4.432796001434326
7664,saint_sac_tok3,2.4247398376464844
7665,saint_sac_tok3,1.2202386856079102
7666,saint_sac_tok3,2.8570356369018555
7667,saint_sac_tok3,3.602921485900879
7668,saint_sac_tok3,2.430281639099121
7669,saint_sac_tok3,1.3137493133544922
7670,saint_sac_tok3,1.7943286895751953
7671,saint_sac_tok3,3.474087715148926
7672,saint_sac_tok3,2.877716064453125
7673,saint_sac_tok3,1.3045673370361328
7674,saint_sac_tok3,-0.03963184356689453
7675,saint_sac_tok3,3.598879814147949
7676,saint_sac_tok3,2.6122827529907227
7677,saint_sac_tok3,1.0443458557128906
7678,saint_sac_tok3,4.350571632385254
7679,saint_sac_tok3,2.3769750595092773
7680,saint_sac_tok3,1.957101821899414
7681,saint_sac_tok3,4.072216033935547
7682,saint_sac_tok3,1.8692045211791992
7683,saint_sac_tok3,7.724603652954102
7684,saint_sac_tok3,2.6228532791137695
7685,saint_sac_tok3,1.1495838165283203
7686,saint_sac_tok3,2.613058090209961
7687,saint_sac_tok3,2.325948715209961
7688,saint_sac_tok3,2.4942026138305664
7689,saint_sac_tok3,2.1074609756469727
7690,saint_sac_tok3,2.0676441192626953
7691,saint_sac_tok3,1.0160179138183594
7692,saint_sac_tok3,3.055469512939453
7693,saint_sac_tok3,1.5830249786376953
7694,saint_sac_tok3,2.6653575897216797
7695,saint_sac_tok3,1.6341962814331055
7696,saint_sac_tok3,2.251932144165039
7697,saint_sac_tok3,3.8886947631835938
7698,saint_sac_tok3,0.15392780303955078
7699,saint_sac_tok3,5.028560638427734
7700,saint_sac_tok3,1.6657733917236328
7701,saint_sac_tok3,2.849620819091797
7702,saint_sac_tok3,3.4988040924072266
7703,saint_sac_tok3,1.2981195449829102
7704,saint_sac_tok3,4.109163761138916
7705,saint_sac_tok3,4.8830437660217285
7706,saint_sac_tok3,3.6541519165039062
7707,saint_sac_tok3,2.126593589782715
7708,saint_sac_tok3,2.6657371520996094
7709,saint_sac_tok3,2.28769588470459
7710,saint_sac_tok3,2.119572639465332
7711,saint_sac_tok3,3.2652997970581055
7712,saint_sac_tok3,1.7026023864746094
7713,saint_sac_tok3,6.354011535644531
7714,saint_sac_tok3,1.3093652725219727
7715,saint_sac_tok3,1.678492546081543
7716,saint_sac_tok3,2.234395980834961
7717,saint_sac_tok3,2.4424028396606445
7718,saint_sac_tok3,2.814910888671875
7719,saint_sac_tok3,2.435863494873047
7720,saint_sac_tok3,3.300917625427246
7721,saint_sac_tok3,4.397629737854004
7722,saint_sac_tok3,1.672464370727539
7723,saint_sac_tok3,4.05494499206543
7724,saint_sac_tok3,0.9393787384033203
7725,saint_sac_tok3,1.0513830184936523
7726,saint_sac_tok3,1.4123344421386719
7727,saint_sac_tok3,3.369415283203125
7728,saint_sac_tok3,3.1471900939941406
7729,saint_sac_tok3,1.116689682006836
7730,saint_sac_tok3,1.7322111129760742
7731,saint_sac_tok3,1.5306482315063477
7732,saint_sac_tok3,3.265439987182617
7733,saint_sac_tok3,1.850428581237793
7734,saint_sac_tok3,0.7764997482299805
7735,saint_sac_tok3,0.27437400817871094
7736,saint_sac_tok3,2.636751174926758
7737,saint_sac_tok3,0.6027011871337891
7738,saint_sac_tok3,1.970458984375
7739,saint_sac_tok3,3.213174819946289
7740,saint_sac_tok3,1.5749874114990234
7741,saint_sac_tok3,0.6232128143310547
7742,saint_sac_tok3,5.207685470581055
7743,saint_sac_tok3,2.3276853561401367
7744,saint_sac_tok3,1.2897682189941406
7745,saint_sac_tok3,2.816830635070801
7746,saint_sac_tok3,2.281320571899414
7747,saint_sac_tok3,2.0354442596435547
7748,saint_sac_tok3,5.313336372375488
7749,saint_sac_tok3,0.9581165313720703
7750,saint_sac_tok3,0.3817739486694336
7751,saint_sac_tok3,0.5387039184570312
7752,saint_sac_tok3,2.511127471923828
7753,saint_sac_tok3,2.445596694946289
7754,saint_sac_tok3,0.4889850616455078
7755,saint_sac_tok3,7.544912338256836
7756,saint_sac_tok3,1.437234878540039
7757,saint_sac_tok3,3.683504104614258
7758,saint_sac_tok3,4.766715049743652
7759,saint_sac_tok3,1.0325860977172852
7760,saint_sac_tok3,1.490203857421875
7761,saint_sac_tok3,3.882779121398926
7762,saint_sac_tok3,1.972001075744629
7763,saint_sac_tok3,2.498882293701172
7764,saint_sac_tok3,3.4190359115600586
7765,saint_sac_tok3,0.7533483505249023
7766,saint_sac_tok3,2.219985008239746
7767,saint_sac_tok3,-0.040374755859375
7768,saint_sac_tok3,1.248006820678711
7769,saint_sac_tok3,0.16421222686767578
7770,saint_sac_tok3,4.448498725891113
7771,saint_sac_tok3,3.0405941009521484
7772,saint_sac_tok3,1.8960952758789062
7773,saint_sac_tok3,2.5562992095947266
7774,saint_sac_tok3,2.309647560119629
7775,saint_sac_tok3,2.358859062194824
7776,saint_sac_tok3,1.9410533905029297
7777,saint_sac_tok3,1.4727363586425781
7778,saint_sac_tok3,2.0090370178222656
7779,saint_sac_tok3,4.880025863647461
7780,saint_sac_tok3,1.8383369445800781
7781,saint_sac_tok3,1.1569795608520508
7782,saint_sac_tok3,4.000938415527344
7783,saint_sac_tok3,7.4207353591918945
7784,saint_sac_tok3,4.623653411865234
7785,saint_sac_tok3,4.269735336303711
7786,saint_sac_tok3,1.7451543807983398
7787,saint_sac_tok3,0.9074506759643555
7788,saint_sac_tok3,6.725189208984375
7789,saint_sac_tok3,1.421748161315918
7790,saint_sac_tok3,5.080996513366699
7791,saint_sac_tok3,0.6270170211791992
7792,saint_sac_tok3,1.9123620986938477
7793,saint_sac_tok3,1.689427375793457
7794,saint_sac_tok3,2.4140567779541016
7795,saint_sac_tok3,0.7643222808837891
7796,saint_sac_tok3,4.631875991821289
7797,saint_sac_tok3,2.8543596267700195
7798,saint_sac_tok3,2.4543943405151367
7799,saint_sac_tok3,3.3579177856445312
7800,saint_sac_tok3,0.41840171813964844
7801,saint_sac_tok3,2.5457515716552734
7802,saint_sac_tok3,2.4955806732177734
7803,saint_sac_tok3,3.6762332916259766
7804,saint_sac_tok3,1.7717266082763672
7805,saint_sac_tok3,2.2849550247192383
7806,saint_sac_tok3,1.567941665649414
7807,saint_sac_tok3,3.427527904510498
7808,saint_sac_tok3,1.9420785903930664
7809,saint_sac_tok3,1.4572772979736328
7810,saint_sac_tok3,1.6165962219238281
7811,saint_sac_tok3,3.2411623001098633
7812,saint_sac_tok3,0.7345695495605469
7813,saint_sac_tok3,1.4981184005737305
7814,saint_sac_tok3,0.41732025146484375
7815,saint_sac_tok3,2.3525161743164062
7816,saint_sac_tok3,3.8270673751831055
7817,saint_sac_tok3,2.014070510864258
7818,saint_sac_tok3,1.1125516891479492
7819,saint_sac_tok3,2.2426328659057617
7820,saint_sac_tok3,2.542774200439453
7821,saint_sac_tok3,1.282994270324707
7822,saint_sac_tok3,2.5209503173828125
7823,saint_sac_tok3,3.3898048400878906
7824,saint_sac_tok3,5.3485565185546875
7825,saint_sac_tok3,2.125821113586426
7826,saint_sac_tok3,2.7962331771850586
7827,saint_sac_tok3,4.462129592895508
7828,saint_sac_tok3,4.693578243255615
7829,saint_sac_tok3,1.8717842102050781
7830,saint_sac_tok3,0.3608226776123047
7831,saint_sac_tok3,0.9589624404907227
7832,saint_sac_tok3,1.2630805969238281
7833,saint_sac_tok3,3.6874828338623047
7834,saint_sac_tok3,2.5152130126953125
7835,saint_sac_tok3,3.7778568267822266
7836,saint_sac_tok3,3.0814380645751953
7837,saint_sac_tok3,3.026693344116211
7838,saint_sac_tok3,5.457979202270508
7839,saint_sac_tok3,2.2239160537719727
7840,saint_sac_tok3,1.94287109375
7841,saint_sac_tok3,7.033958435058594
7842,saint_sac_tok3,1.0027885437011719
7843,saint_sac_tok3,2.662517547607422
7844,saint_sac_tok3,1.8518199920654297
7845,saint_sac_tok3,1.3445501327514648
7846,saint_sac_tok3,2.0777244567871094
7847,saint_sac_tok3,5.023506164550781
7848,saint_sac_tok3,1.6548805236816406
7849,saint_sac_tok3,7.024239540100098
7850,saint_sac_tok3,1.052842140197754
7851,saint_sac_tok3,2.2876977920532227
7852,saint_sac_tok3,2.954218864440918
7853,saint_sac_tok3,1.0841827392578125
7854,saint_sac_tok3,4.543515205383301
7855,saint_sac_tok3,3.304131507873535
7856,saint_sac_tok3,3.2942590713500977
7857,saint_sac_tok3,3.9780263900756836
7858,saint_sac_tok3,3.8039321899414062
7859,saint_sac_tok3,2.2605295181274414
7860,saint_sac_tok3,0.34443092346191406
7861,saint_sac_tok3,0.3778543472290039
7862,saint_sac_tok3,3.019503593444824
7863,saint_sac_tok3,2.2274341583251953
7864,saint_sac_tok3,2.368722915649414
7865,saint_sac_tok3,1.0923614501953125
7866,saint_sac_tok3,1.7559070587158203
7867,saint_sac_tok3,0.17851829528808594
7868,saint_sac_tok3,1.139852523803711
7869,saint_sac_tok3,6.676593780517578
7870,saint_sac_tok3,2.932840347290039
7871,saint_sac_tok3,5.019153594970703
7872,saint_sac_tok3,4.414666175842285
7873,saint_sac_tok3,3.1416854858398438
7874,saint_sac_tok3,0.6588544845581055
7875,saint_sac_tok3,0.7790460586547852
7876,saint_sac_tok3,2.294269561767578
7877,saint_sac_tok3,3.517472267150879
7878,saint_sac_tok3,1.7251081466674805
7879,saint_sac_tok3,4.600916862487793
7880,saint_sac_tok3,0.47766685485839844
7881,saint_sac_tok3,0.3538389205932617
7882,saint_sac_tok3,3.109137535095215
7883,saint_sac_tok3,-0.5114889144897461
7884,saint_sac_tok3,3.2938079833984375
7885,saint_sac_tok3,3.2023439407348633
7886,saint_sac_tok3,1.134110450744629
7887,saint_sac_tok3,1.0081119537353516
7888,saint_sac_tok3,1.0640754699707031
7889,saint_sac_tok3,1.7766199111938477
7890,saint_sac_tok3,2.454538345336914
7891,saint_sac_tok3,1.782191276550293
7892,saint_sac_tok3,2.7430810928344727
7893,saint_sac_tok3,1.5183734893798828
7894,saint_sac_tok3,3.1827545166015625
7895,saint_sac_tok3,3.7091617584228516
7896,saint_sac_tok3,1.492074966430664
7897,saint_sac_tok3,3.4179773330688477
7898,saint_sac_tok3,5.090948104858398
7899,saint_sac_tok3,1.644536018371582
7900,saint_sac_tok3,0.25322437286376953
7901,saint_sac_tok3,0.8135614395141602
7902,saint_sac_tok3,1.8568096160888672
7903,saint_sac_tok3,4.350433349609375
7904,saint_sac_tok3,3.958587646484375
7905,saint_sac_tok3,2.54764461517334
7906,saint_sac_tok3,1.6287012100219727
7907,saint_sac_tok3,4.345340728759766
7908,saint_sac_tok3,1.7239437103271484
7909,saint_sac_tok3,1.57647705078125
7910,saint_sac_tok3,0.4019050598144531
7911,saint_sac_tok3,2.7428016662597656
7912,saint_sac_tok3,2.8731002807617188
7913,saint_sac_tok3,7.28767204284668
7914,saint_sac_tok3,2.006013870239258
7915,saint_sac_tok3,3.983539581298828
7916,saint_sac_tok3,0.8171138763427734
7917,saint_sac_tok3,2.1160316467285156
7918,saint_sac_tok3,3.6770734786987305
7919,saint_sac_tok3,6.677152633666992
7920,saint_sac_tok3,1.2252435684204102
7921,saint_sac_tok3,1.1851863861083984
7922,saint_sac_tok3,0.027669906616210938
7923,saint_sac_tok3,2.0461902618408203
7924,saint_sac_tok3,2.975388526916504
7925,saint_sac_tok3,3.7435970306396484
7926,saint_sac_tok3,1.6222057342529297
7927,saint_sac_tok3,3.064779281616211
7928,saint_sac_tok3,2.878408432006836
7929,saint_sac_tok3,1.6804943084716797
7930,saint_sac_tok3,1.6821088790893555
7931,saint_sac_tok3,2.0859193801879883
7932,saint_sac_tok3,2.528432846069336
7933,saint_sac_tok3,3.094771385192871
7934,saint_sac_tok3,1.2736711502075195
7935,saint_sac_tok3,5.859467506408691
7936,saint_sac_tok3,0.856654167175293
7937,saint_sac_tok3,1.9961471557617188
7938,saint_sac_tok3,1.451716423034668
7939,saint_sac_tok3,3.427053451538086
7940,saint_sac_tok3,4.099917411804199
7941,saint_sac_tok3,3.0025691986083984
7942,saint_sac_tok3,1.890162467956543
7943,saint_sac_tok3,1.1077404022216797
7944,saint_sac_tok3,1.6072807312011719
7945,saint_sac_tok3,1.369028091430664
7946,saint_sac_tok3,4.084324359893799
7947,saint_sac_tok3,3.471973419189453
7948,saint_sac_tok3,1.2768573760986328
7949,saint_sac_tok3,3.2347240447998047
7950,saint_sac_tok3,4.162529945373535
7951,saint_sac_tok3,2.729524612426758
7952,saint_sac_tok3,1.779327392578125
7953,saint_sac_tok3,2.793031692504883
7954,saint_sac_tok3,6.125507354736328
7955,saint_sac_tok3,4.907476425170898
7956,saint_sac_tok3,1.8275041580200195
7957,saint_sac_tok3,2.037625312805176
7958,saint_sac_tok3,3.843057632446289
7959,saint_sac_tok3,3.7454233169555664
7960,saint_sac_tok3,1.0318355560302734
7961,saint_sac_tok3,3.728011131286621
7962,saint_sac_tok3,1.6694927215576172
7963,saint_sac_tok3,2.8943214416503906
7964,saint_sac_tok3,2.1856002807617188
7965,saint_sac_tok3,1.7049007415771484
7966,saint_sac_tok3,2.9184255599975586
7967,saint_sac_tok3,1.0154056549072266
7968,saint_sac_tok3,0.9562788009643555
7969,saint_sac_tok3,3.6866397857666016
7970,saint_sac_tok3,2.6523056030273438
7971,saint_sac_tok3,4.42531681060791
7972,saint_sac_tok3,0.6570568084716797
7973,saint_sac_tok3,1.9048690795898438
7974,saint_sac_tok3,4.167575836181641
7975,saint_sac_tok3,2.092845916748047
7976,saint_sac_tok3,2.8243484497070312
7977,saint_sac_tok3,2.3259963989257812
7978,saint_sac_tok3,1.5010595321655273
7979,saint_sac_tok3,1.168691635131836
7980,saint_sac_tok3,3.2310733795166016
7981,saint_sac_tok3,1.1762046813964844
7982,saint_sac_tok3,2.7748231887817383
7983,saint_sac_tok3,0.7631397247314453
7984,saint_sac_tok3,1.753159523010254
7985,saint_sac_tok3,3.3066577911376953
7986,saint_sac_tok3,1.5003576278686523
7987,saint_sac_tok3,2.5184946060180664
7988,saint_sac_tok3,1.5994892120361328
7989,saint_sac_tok3,1.7479400634765625
7990,saint_sac_tok3,3.865102767944336
7991,saint_sac_tok3,2.3964576721191406
7992,saint_sac_tok3,1.5582704544067383
7993,saint_sac_tok3,2.2266273498535156
7994,saint_sac_tok3,1.5077333450317383
7995,saint_sac_tok3,1.326909065246582
7996,saint_sac_tok3,7.211938858032227
7997,saint_sac_tok3,3.6320552825927734
7998,saint_sac_tok3,0.3856792449951172
7999,saint_sac_tok3,2.1386566162109375
8000,saint_sac_tok3,1.4455070495605469
8001,saint_sac_tok3,3.115072250366211
8002,saint_sac_tok3,0.4557352066040039
8003,saint_sac_tok3,1.4359407424926758
8004,saint_sac_tok3,1.9621381759643555
8005,saint_sac_tok3,1.1989145278930664
8006,saint_sac_tok3,1.2510967254638672
8007,saint_sac_tok3,2.1664772033691406
8008,saint_sac_tok3,0.22572708129882812
8009,saint_sac_tok3,1.3541545867919922
8010,saint_sac_tok3,1.6456003189086914
8011,saint_sac_tok3,1.0530624389648438
8012,saint_sac_tok3,0.3803892135620117
8013,saint_sac_tok3,3.921938896179199
8014,saint_sac_tok3,2.090085983276367
8015,saint_sac_tok3,1.5544366836547852
8016,saint_sac_tok3,1.3569421768188477
8017,saint_sac_tok3,4.919411659240723
8018,saint_sac_tok3,2.9665098190307617
8019,saint_sac_tok3,1.7671394348144531
8020,saint_sac_tok3,4.340814590454102
8021,saint_sac_tok3,2.5658512115478516
8022,saint_sac_tok3,2.9045543670654297
8023,saint_sac_tok3,1.7179813385009766
8024,saint_sac_tok3,3.0526580810546875
8025,saint_sac_tok3,1.563359260559082
8026,saint_sac_tok3,3.533832550048828
8027,saint_sac_tok3,1.8632745742797852
8028,saint_sac_tok3,2.8768062591552734
8029,saint_sac_tok3,1.1209421157836914
8030,saint_sac_tok3,2.6727094650268555
8031,saint_sac_tok3,2.083920478820801
8032,saint_sac_tok3,0.2718982696533203
8033,saint_sac_tok3,1.999251365661621
8034,saint_sac_tok3,3.104098320007324
8035,saint_sac_tok3,1.9748554229736328
8036,saint_sac_tok3,0.8541173934936523
8037,saint_sac_tok3,4.470027923583984
8038,saint_sac_tok3,0.8492851257324219
8039,saint_sac_tok3,1.6618566513061523
8040,saint_sac_tok3,4.991388320922852
8041,saint_sac_tok3,1.9522876739501953
8042,saint_sac_tok3,2.693605422973633
8043,saint_sac_tok3,1.7667255401611328
8044,saint_sac_tok3,0.2950096130371094
8045,saint_sac_tok3,1.686263084411621
8046,saint_sac_tok3,0.6256494522094727
8047,saint_sac_tok3,1.8392744064331055
8048,saint_sac_tok3,2.2142715454101562
8049,saint_sac_tok3,2.4110231399536133
8050,saint_sac_tok3,3.0203285217285156
8051,saint_sac_tok3,0.5210485458374023
8052,saint_sac_tok3,4.026092529296875
8053,saint_sac_tok3,2.1674718856811523
8054,saint_sac_tok3,3.2578210830688477
8055,saint_sac_tok3,1.3596305847167969
8056,saint_sac_tok3,1.406118392944336
8057,saint_sac_tok3,3.815709114074707
8058,saint_sac_tok3,2.858888626098633
8059,saint_sac_tok3,2.027690887451172
8060,saint_sac_tok3,2.1929397583007812
8061,saint_sac_tok3,1.7625198364257812
8062,saint_sac_tok3,6.401963233947754
8063,saint_sac_tok3,5.027436256408691
8064,saint_sac_tok3,2.826568603515625
8065,saint_sac_tok3,1.9181127548217773
8066,saint_sac_tok3,1.6682367324829102
8067,saint_sac_tok3,2.136654853820801
8068,saint_sac_tok3,2.5551252365112305
8069,saint_sac_tok3,0.8898553848266602
8070,saint_sac_tok3,4.168313026428223
8071,saint_sac_tok3,1.5589189529418945
8072,saint_sac_tok3,1.7477693557739258
8073,saint_sac_tok3,4.411088943481445
8074,saint_sac_tok3,2.905803680419922
8075,saint_sac_tok3,5.761645317077637
8076,saint_sac_tok3,5.441343307495117
8077,saint_sac_tok3,3.437173843383789
8078,saint_sac_tok3,3.2793846130371094
8079,saint_sac_tok3,1.923996925354004
8080,saint_sac_tok3,3.481663703918457
8081,saint_sac_tok3,3.969207763671875
8082,saint_sac_tok3,5.263613700866699
8083,saint_sac_tok3,2.498122215270996
8084,saint_sac_tok3,0.8371648788452148
8085,saint_sac_tok3,1.0858268737792969
8086,saint_sac_tok3,2.1305532455444336
8087,saint_sac_tok3,1.5113277435302734
8088,saint_sac_tok3,0.013874053955078125
8089,saint_sac_tok3,1.8665151596069336
8090,saint_sac_tok3,2.8959598541259766
8091,saint_sac_tok3,3.6643218994140625
8092,saint_sac_tok3,2.3016233444213867
8093,saint_sac_tok3,0.9906721115112305
8094,saint_sac_tok3,4.668501853942871
8095,saint_sac_tok3,1.030282974243164
8096,saint_sac_tok3,6.813431739807129
8097,saint_sac_tok3,3.4164867401123047
8098,saint_sac_tok3,0.8504734039306641
8099,saint_sac_tok3,2.852560043334961
8100,saint_sac_tok3,2.051788330078125
8101,saint_sac_tok3,2.367328643798828
8102,saint_sac_tok3,1.6102237701416016
8103,saint_sac_tok3,1.4406509399414062
8104,saint_sac_tok3,4.540534973144531
8105,saint_sac_tok3,2.0574827194213867
8106,saint_sac_tok3,2.1619577407836914
8107,saint_sac_tok3,3.5031909942626953
8108,saint_sac_tok3,0.7902584075927734
8109,saint_sac_tok3,0.6230764389038086
8110,saint_sac_tok3,1.7487306594848633
8111,saint_sac_tok3,3.260456085205078
8112,saint_sac_tok3,2.936459541320801
8113,saint_sac_tok3,1.7903766632080078
8114,saint_sac_tok3,1.7080440521240234
8115,saint_sac_tok3,3.1523256301879883
8116,saint_sac_tok3,-0.8902320861816406
8117,saint_sac_tok3,1.9752817153930664
8118,saint_sac_tok3,2.263547897338867
8119,saint_sac_tok3,1.0920162200927734
8120,saint_sac_tok3,1.9779167175292969
8121,saint_sac_tok3,3.478649139404297
8122,saint_sac_tok3,1.0031976699829102
8123,saint_sac_tok3,6.413551330566406
8124,saint_sac_tok3,2.333742141723633
8125,saint_sac_tok3,2.448596954345703
8126,saint_sac_tok3,1.6779232025146484
8127,saint_sac_tok3,1.61517333984375
8128,saint_sac_tok3,1.070979118347168
8129,saint_sac_tok3,0.7689704895019531
8130,saint_sac_tok3,2.45113468170166
8131,saint_sac_tok3,2.6216087341308594
8132,saint_sac_tok3,0.5837249755859375
8133,saint_sac_tok3,1.5218572616577148
8134,saint_sac_tok3,0.7515144348144531
8135,saint_sac_tok3,3.7953004837036133
8136,saint_sac_tok3,4.332362174987793
8137,saint_sac_tok3,4.189639091491699
8138,saint_sac_tok3,2.637859344482422
8139,saint_sac_tok3,2.524656295776367
8140,saint_sac_tok3,0.5078964233398438
8141,saint_sac_tok3,2.139582633972168
8142,saint_sac_tok3,-0.7266340255737305
8143,saint_sac_tok3,3.273819923400879
8144,saint_sac_tok3,3.3203163146972656
8145,saint_sac_tok3,2.596700668334961
8146,saint_sac_tok3,1.8389816284179688
8147,saint_sac_tok3,4.539996147155762
8148,saint_sac_tok3,3.781524658203125
8149,saint_sac_tok3,2.3274574279785156
8150,saint_sac_tok3,2.2747678756713867
8151,saint_sac_tok3,4.313140869140625
8152,saint_sac_tok3,8.774863243103027
8153,saint_sac_tok3,6.214935302734375
8154,saint_sac_tok3,3.2497377395629883
8155,saint_sac_tok3,2.134585380554199
8156,saint_sac_tok3,2.0304603576660156
8157,saint_sac_tok3,2.7896347045898438
8158,saint_sac_tok3,0.6210136413574219
8159,saint_sac_tok3,4.40769100189209
8160,saint_sac_tok3,1.960073471069336
8161,saint_sac_tok3,3.594790458679199
8162,saint_sac_tok3,-0.7115993499755859
8163,saint_sac_tok3,4.966423988342285
8164,saint_sac_tok3,4.780242919921875
8165,saint_sac_tok3,2.596708297729492
8166,saint_sac_tok3,0.9599294662475586
8167,saint_sac_tok3,1.9461936950683594
8168,saint_sac_tok3,1.787806510925293
8169,saint_sac_tok3,3.1011037826538086
8170,saint_sac_tok3,1.0528745651245117
8171,saint_sac_tok3,2.729800224304199
8172,saint_sac_tok3,1.5258617401123047
8173,saint_sac_tok3,0.5328865051269531
8174,saint_sac_tok3,0.3828239440917969
8175,saint_sac_tok3,1.339101791381836
8176,saint_sac_tok3,0.21076583862304688
8177,saint_sac_tok3,1.6542892456054688
8178,saint_sac_tok3,0.9245843887329102
8179,saint_sac_tok3,1.4244356155395508
8180,saint_sac_tok3,1.7789897918701172
8181,saint_sac_tok3,2.8979434967041016
8182,saint_sac_tok3,3.4441757202148438
8183,saint_sac_tok3,2.3363780975341797
8184,saint_sac_tok3,0.759669303894043
8185,saint_sac_tok3,1.616429328918457
8186,saint_sac_tok3,2.109445571899414
8187,saint_sac_tok3,2.583568572998047
8188,saint_sac_tok3,1.9543037414550781
8189,saint_sac_tok3,4.006019592285156
8190,saint_sac_tok3,1.9118022918701172
8191,saint_sac_tok3,0.5349788665771484
8192,saint_sac_tok3,2.536489486694336
8193,saint_sac_tok3,3.110982894897461
8194,saint_sac_tok3,3.030580520629883
8195,saint_sac_tok3,4.560441970825195
8196,saint_sac_tok3,1.134718894958496
8197,saint_sac_tok3,0.4569406509399414
8198,saint_sac_tok3,3.2088747024536133
8199,saint_sac_tok3,5.066460609436035
8200,saint_sac_tok3,5.027185440063477
8201,saint_sac_tok3,1.2719383239746094
8202,saint_sac_tok3,1.0816984176635742
8203,saint_sac_tok3,1.0344152450561523
8204,saint_sac_tok3,2.2589197158813477
8205,saint_sac_tok3,6.08408260345459
8206,saint_sac_tok3,3.43430757522583
8207,saint_sac_tok3,2.486665725708008
8208,saint_sac_tok3,1.842513084411621
8209,saint_sac_tok3,2.023501396179199
8210,saint_sac_tok3,2.1196441650390625
8211,saint_sac_tok3,1.7809867858886719
8212,saint_sac_tok3,0.5073623657226562
8213,saint_sac_tok3,2.662735939025879
8214,saint_sac_tok3,5.926090240478516
8215,saint_sac_tok3,2.780202865600586
8216,saint_sac_tok3,1.3392133712768555
8217,saint_sac_tok3,4.21048641204834
8218,saint_sac_tok3,0.9330129623413086
8219,saint_sac_tok3,2.755056381225586
8220,saint_sac_tok3,0.9439573287963867
8221,saint_sac_tok3,0.7918491363525391
8222,saint_sac_tok3,0.9440116882324219
8223,saint_sac_tok3,0.607813835144043
8224,saint_sac_tok3,1.2223005294799805
8225,saint_sac_tok3,1.0619182586669922
8226,saint_sac_tok3,4.8393754959106445
8227,saint_sac_tok3,3.6584949493408203
8228,saint_sac_tok3,2.0018463134765625
8229,saint_sac_tok3,1.95025634765625
8230,saint_sac_tok3,1.4387311935424805
8231,saint_sac_tok3,2.473719596862793
8232,saint_sac_tok3,0.7603645324707031
8233,saint_sac_tok3,4.496284484863281
8234,saint_sac_tok3,1.6576642990112305
8235,saint_sac_tok3,1.9261360168457031
8236,saint_sac_tok3,6.84580135345459
8237,saint_sac_tok3,1.0679378509521484
8238,saint_sac_tok3,1.480398178100586
8239,saint_sac_tok3,1.876861572265625
8240,saint_sac_tok3,1.666529655456543
8241,saint_sac_tok3,1.6558942794799805
8242,saint_sac_tok3,1.0439043045043945
8243,saint_sac_tok3,3.2053213119506836
8244,saint_sac_tok3,4.338967323303223
8245,saint_sac_tok3,3.0339279174804688
8246,saint_sac_tok3,4.534246444702148
8247,saint_sac_tok3,0.1927633285522461
8248,saint_sac_tok3,4.044425964355469
8249,saint_sac_tok3,2.5208353996276855
8250,saint_sac_tok3,2.7368698120117188
8251,saint_sac_tok3,1.4822349548339844
8252,saint_sac_tok3,1.9685373306274414
8253,saint_sac_tok3,5.2130279541015625
8254,saint_sac_tok3,3.2915525436401367
8255,saint_sac_tok3,2.4735288619995117
8256,saint_sac_tok3,2.5384511947631836
8257,saint_sac_tok3,2.703310012817383
8258,saint_sac_tok3,5.224938869476318
8259,saint_sac_tok3,1.432210922241211
8260,saint_sac_tok3,2.830320358276367
8261,saint_sac_tok3,3.927666664123535
8262,saint_sac_tok3,5.065935134887695
8263,saint_sac_tok3,1.7787275314331055
8264,saint_sac_tok3,0.5263566970825195
8265,saint_sac_tok3,5.976788520812988
8266,saint_sac_tok3,5.959593772888184
8267,saint_sac_tok3,1.3517484664916992
8268,saint_sac_tok3,2.9203529357910156
8269,saint_sac_tok3,0.5487527847290039
8270,saint_sac_tok3,0.6351776123046875
8271,saint_sac_tok3,3.0206432342529297
8272,saint_sac_tok3,2.3688554763793945
8273,saint_sac_tok3,1.0089035034179688
8274,saint_sac_tok3,2.0143508911132812
8275,saint_sac_tok3,3.3189048767089844
8276,saint_sac_tok3,3.451004981994629
8277,saint_sac_tok3,1.3341007232666016
8278,saint_sac_tok3,1.5003204345703125
8279,saint_sac_tok3,1.6667003631591797
8280,saint_sac_tok3,2.733318328857422
8281,saint_sac_tok3,3.128739356994629
8282,saint_sac_tok3,1.2038812637329102
8283,saint_sac_tok3,1.444772720336914
8284,saint_sac_tok3,4.017800331115723
8285,saint_sac_tok3,1.500204086303711
8286,saint_sac_tok3,8.180087089538574
8287,saint_sac_tok3,3.37716007232666
8288,saint_sac_tok3,4.174715995788574
8289,saint_sac_tok3,1.6892461776733398
8290,saint_sac_tok3,0.49079322814941406
8291,saint_sac_tok3,2.522237777709961
8292,saint_sac_tok3,5.9545674324035645
8293,saint_sac_tok3,2.210529327392578
8294,saint_sac_tok3,4.750622749328613
8295,saint_sac_tok3,1.0542936325073242
8296,saint_sac_tok3,7.205602645874023
8297,saint_sac_tok3,1.8067960739135742
8298,saint_sac_tok3,1.2178573608398438
8299,saint_sac_tok3,1.4932727813720703
8300,saint_sac_tok3,0.7503805160522461
8301,saint_sac_tok3,1.7414569854736328
8302,saint_sac_tok3,6.191232681274414
8303,saint_sac_tok3,1.3236198425292969
8304,saint_sac_tok3,1.1175546646118164
8305,saint_sac_tok3,1.3757562637329102
8306,saint_sac_tok3,2.686685562133789
8307,saint_sac_tok3,1.5453472137451172
8308,saint_sac_tok3,1.3075494766235352
8309,saint_sac_tok3,4.830124855041504
8310,saint_sac_tok3,4.3756208419799805
8311,saint_sac_tok3,4.45143985748291
8312,saint_sac_tok3,3.4438095092773438
8313,saint_sac_tok3,5.887414932250977
8314,saint_sac_tok3,0.7762718200683594
8315,saint_sac_tok3,2.3155078887939453
8316,saint_sac_tok3,4.38121223449707
8317,saint_sac_tok3,1.8793458938598633
8318,saint_sac_tok3,2.9045886993408203
8319,saint_sac_tok3,1.307901382446289
8320,saint_sac_tok3,3.6959848403930664
8321,saint_sac_tok3,2.9244022369384766
8322,saint_sac_tok3,1.445037841796875
8323,saint_sac_tok3,0.7674417495727539
8324,saint_sac_tok3,4.280384063720703
8325,saint_sac_tok3,4.639881134033203
8326,saint_sac_tok3,2.8036699295043945
8327,saint_sac_tok3,2.440131187438965
8328,saint_sac_tok3,3.774764060974121
8329,saint_sac_tok3,2.001326560974121
8330,saint_sac_tok3,2.284001350402832
8331,saint_sac_tok3,2.81168270111084
8332,saint_sac_tok3,2.9387245178222656
8333,saint_sac_tok3,2.8673906326293945
8334,saint_sac_tok3,1.6040229797363281
8335,saint_sac_tok3,1.685502052307129
8336,saint_sac_tok3,2.0133743286132812
8337,saint_sac_tok3,0.5658283233642578
8338,saint_sac_tok3,1.8017902374267578
8339,saint_sac_tok3,2.119077682495117
8340,saint_sac_tok3,1.946176528930664
8341,saint_sac_tok3,2.8885297775268555
8342,saint_sac_tok3,3.4188642501831055
8343,saint_sac_tok3,-0.21319961547851562
8344,saint_sac_tok3,1.7645988464355469
8345,saint_sac_tok3,9.98644208908081
8346,saint_sac_tok3,2.732213020324707
8347,saint_sac_tok3,1.7268218994140625
8348,saint_sac_tok3,1.970144271850586
8349,saint_sac_tok3,2.3618860244750977
8350,saint_sac_tok3,2.5935287475585938
8351,saint_sac_tok3,6.450169563293457
8352,saint_sac_tok3,2.7113037109375
8353,saint_sac_tok3,3.470949172973633
8354,saint_sac_tok3,2.4834213256835938
8355,saint_sac_tok3,2.7991085052490234
8356,saint_sac_tok3,1.2242889404296875
8357,saint_sac_tok3,1.2245540618896484
8358,saint_sac_tok3,4.813492298126221
8359,saint_sac_tok3,3.67510986328125
8360,saint_sac_tok3,1.4990425109863281
8361,saint_sac_tok3,2.936502456665039
8362,saint_sac_tok3,2.860126495361328
8363,saint_sac_tok3,1.6796064376831055
8364,saint_sac_tok3,2.139068603515625
8365,saint_sac_tok3,1.036813735961914
8366,saint_sac_tok3,3.42535400390625
8367,saint_sac_tok3,2.573451042175293
8368,saint_sac_tok3,5.503227233886719
8369,saint_sac_tok3,2.1087732315063477
8370,saint_sac_tok3,2.6987361907958984
8371,saint_sac_tok3,2.053765296936035
8372,saint_sac_tok3,2.7747907638549805
8373,saint_sac_tok3,4.265751838684082
8374,saint_sac_tok3,1.1173629760742188
8375,saint_sac_tok3,1.5916519165039062
8376,saint_sac_tok3,2.4286537170410156
8377,saint_sac_tok3,2.7158679962158203
8378,saint_sac_tok3,0.5683488845825195
8379,saint_sac_tok3,2.4539480209350586
8380,saint_sac_tok3,2.288210868835449
8381,saint_sac_tok3,2.9778833389282227
8382,saint_sac_tok3,2.777346611022949
8383,saint_sac_tok3,7.305961608886719
8384,saint_sac_tok3,5.94184684753418
8385,saint_sac_tok3,3.0552330017089844
8386,saint_sac_tok3,0.9630975723266602
8387,saint_sac_tok3,1.7417221069335938
8388,saint_sac_tok3,1.9371614456176758
8389,saint_sac_tok3,0.6741714477539062
8390,saint_sac_tok3,1.2823400497436523
8391,saint_sac_tok3,1.4176416397094727
8392,saint_sac_tok3,2.4349279403686523
8393,saint_sac_tok3,4.115751266479492
8394,saint_sac_tok3,2.7127723693847656
8395,saint_sac_tok3,1.5588445663452148
8396,saint_sac_tok3,4.992424964904785
8397,saint_sac_tok3,0.23218917846679688
8398,saint_sac_tok3,1.9303932189941406
8399,saint_sac_tok3,1.400390625
8400,saint_sac_tok3,1.533167839050293
8401,saint_sac_tok3,2.5216541290283203
8402,saint_sac_tok3,2.1789159774780273
8403,saint_sac_tok3,0.19893360137939453
8404,saint_sac_tok3,3.9589624404907227
8405,saint_sac_tok3,2.701043128967285
8406,saint_sac_tok3,0.9837760925292969
8407,saint_sac_tok3,5.338600158691406
8408,saint_sac_tok3,5.502740859985352
8409,saint_sac_tok3,2.1198720932006836
8410,saint_sac_tok3,1.977407455444336
8411,saint_sac_tok3,2.285872459411621
8412,saint_sac_tok3,2.251744270324707
8413,saint_sac_tok3,1.5398082733154297
8414,saint_sac_tok3,2.3576698303222656
8415,saint_sac_tok3,3.0136308670043945
8416,saint_sac_tok3,1.1999330520629883
8417,saint_sac_tok3,3.678572654724121
8418,saint_sac_tok3,3.810368537902832
8419,saint_sac_tok3,2.2254409790039062
8420,saint_sac_tok3,2.461101531982422
8421,saint_sac_tok3,6.821954727172852
8422,saint_sac_tok3,1.7682924270629883
8423,saint_sac_tok3,0.3198051452636719
8424,saint_sac_tok3,2.2427759170532227
8425,saint_sac_tok3,1.802342414855957
8426,saint_sac_tok3,3.52170467376709
8427,saint_sac_tok3,4.637028694152832
8428,saint_sac_tok3,1.1484012603759766
8429,saint_sac_tok3,6.007671356201172
8430,saint_sac_tok3,1.7607297897338867
8431,saint_sac_tok3,2.4601917266845703
8432,saint_sac_tok3,1.6172981262207031
8433,saint_sac_tok3,0.1937112808227539
8434,saint_sac_tok3,2.160080909729004
8435,saint_sac_tok3,2.3835697174072266
8436,saint_sac_tok3,-0.3096199035644531
8437,saint_sac_tok3,1.4261226654052734
8438,saint_sac_tok3,1.5926933288574219
8439,saint_sac_tok3,3.6880979537963867
8440,saint_sac_tok3,0.6063594818115234
8441,saint_sac_tok3,-0.15448665618896484
8442,saint_sac_tok3,2.0941600799560547
8443,saint_sac_tok3,2.369797706604004
8444,saint_sac_tok3,2.2940750122070312
8445,saint_sac_tok3,1.6907329559326172
8446,saint_sac_tok3,1.393259048461914
8447,saint_sac_tok3,2.8003854751586914
8448,saint_sac_tok3,0.049918174743652344
8449,saint_sac_tok3,-0.3770742416381836
8450,saint_sac_tok3,0.21246337890625
8451,saint_sac_tok3,3.100022315979004
8452,saint_sac_tok3,3.034585952758789
8453,saint_sac_tok3,1.8817863464355469
8454,saint_sac_tok3,1.1765213012695312
8455,saint_sac_tok3,1.0951709747314453
8456,saint_sac_tok3,4.309610366821289
8457,saint_sac_tok3,1.3850946426391602
8458,saint_sac_tok3,0.81549072265625
8459,saint_sac_tok3,0.26270198822021484
8460,saint_sac_tok3,0.8496131896972656
8461,saint_sac_tok3,2.3746204376220703
8462,saint_sac_tok3,3.6894474029541016
8463,saint_sac_tok3,0.9131813049316406
8464,saint_sac_tok3,3.7173843383789062
8465,saint_sac_tok3,1.5900955200195312
8466,saint_sac_tok3,2.496227264404297
8467,saint_sac_tok3,3.1327457427978516
8468,saint_sac_tok3,4.948113441467285
8469,saint_sac_tok3,0.06036186218261719
8470,saint_sac_tok3,2.8115453720092773
8471,saint_sac_tok3,1.5333728790283203
8472,saint_sac_tok3,0.7095088958740234
8473,saint_sac_tok3,2.6205015182495117
8474,saint_sac_tok3,0.7422981262207031
8475,saint_sac_tok3,5.27204704284668
8476,saint_sac_tok3,0.37350940704345703
8477,saint_sac_tok3,2.187082290649414
8478,saint_sac_tok3,4.170478820800781
8479,saint_sac_tok3,2.0790061950683594
8480,saint_sac_tok3,1.2102861404418945
8481,saint_sac_tok3,3.636345386505127
8482,saint_sac_tok3,2.8939056396484375
8483,saint_sac_tok3,0.7617578506469727
8484,saint_sac_tok3,3.0531463623046875
8485,saint_sac_tok3,3.4933156967163086
8486,saint_sac_tok3,0.08869171142578125
8487,saint_sac_tok3,2.464771270751953
8488,saint_sac_tok3,6.04583740234375
8489,saint_sac_tok3,0.7476606369018555
8490,saint_sac_tok3,2.3873634338378906
8491,saint_sac_tok3,1.6217775344848633
8492,saint_sac_tok3,1.6676616668701172
8493,saint_sac_tok3,5.646110534667969
8494,saint_sac_tok3,2.6977767944335938
8495,saint_sac_tok3,1.031022071838379
8496,saint_sac_tok3,1.4490509033203125
8497,saint_sac_tok3,5.743495941162109
8498,saint_sac_tok3,0.8669729232788086
8499,saint_sac_tok3,1.9325199127197266
8500,saint_sac_tok3,1.5047941207885742
8501,saint_sac_tok3,1.3947725296020508
8502,saint_sac_tok3,6.203596115112305
8503,saint_sac_tok3,0.7619924545288086
8504,saint_sac_tok3,0.9237575531005859
8505,saint_sac_tok3,3.372739791870117
8506,saint_sac_tok3,2.302950859069824
8507,saint_sac_tok3,2.0920896530151367
8508,saint_sac_tok3,2.02628231048584
8509,saint_sac_tok3,2.1866674423217773
8510,saint_sac_tok3,8.496564388275146
8511,saint_sac_tok3,2.2176218032836914
8512,saint_sac_tok3,2.1692285537719727
8513,saint_sac_tok3,1.2053794860839844
8514,saint_sac_tok3,4.589054107666016
8515,saint_sac_tok3,2.270871162414551
8516,saint_sac_tok3,1.055882453918457
8517,saint_sac_tok3,1.4212541580200195
8518,saint_sac_tok3,1.9354963302612305
8519,saint_sac_tok3,1.3658380508422852
8520,saint_sac_tok3,1.9104385375976562
8521,saint_sac_tok3,4.934752464294434
8522,saint_sac_tok3,2.6434097290039062
8523,saint_sac_tok3,3.6367874145507812
8524,saint_sac_tok3,3.8993539810180664
8525,saint_sac_tok3,0.8261804580688477
8526,saint_sac_tok3,1.2921438217163086
8527,saint_sac_tok3,2.2321319580078125
8528,saint_sac_tok3,3.0696096420288086
8529,saint_sac_tok3,2.1424760818481445
8530,saint_sac_tok3,4.597739219665527
8531,saint_sac_tok3,4.306150436401367
8532,saint_sac_tok3,0.9209518432617188
8533,saint_sac_tok3,3.6413888931274414
8534,saint_sac_tok3,2.552215576171875
8535,saint_sac_tok3,2.2071924209594727
8536,saint_sac_tok3,2.0956153869628906
8537,saint_sac_tok3,1.1376190185546875
8538,saint_sac_tok3,6.49311637878418
8539,saint_sac_tok3,0.9188470840454102
8540,saint_sac_tok3,2.1077260971069336
8541,saint_sac_tok3,1.3460750579833984
8542,saint_sac_tok3,1.576960563659668
8543,saint_sac_tok3,1.3541021347045898
8544,saint_sac_tok3,4.655356407165527
8545,saint_sac_tok3,0.9600982666015625
8546,saint_sac_tok3,3.143216133117676
8547,saint_sac_tok3,6.6894426345825195
8548,saint_sac_tok3,1.4340028762817383
8549,saint_sac_tok3,3.750857353210449
8550,saint_sac_tok3,5.032428741455078
8551,saint_sac_tok3,4.481659412384033
8552,saint_sac_tok3,0.8823843002319336
8553,saint_sac_tok3,2.2282981872558594
8554,saint_sac_tok3,2.7089128494262695
8555,saint_sac_tok3,1.1565895080566406
8556,saint_sac_tok3,3.3321285247802734
8557,saint_sac_tok3,2.1313695907592773
8558,saint_sac_tok3,2.3001604080200195
8559,saint_sac_tok3,1.425710678100586
8560,saint_sac_tok3,1.0370893478393555
8561,saint_sac_tok3,2.8204336166381836
8562,saint_sac_tok3,2.3522253036499023
8563,saint_sac_tok3,3.2763586044311523
8564,saint_sac_tok3,3.859187126159668
8565,saint_sac_tok3,0.37124156951904297
8566,saint_sac_tok3,1.1615991592407227
8567,saint_sac_tok3,1.076033592224121
8568,saint_sac_tok3,1.5056438446044922
8569,saint_sac_tok3,3.0566225051879883
8570,saint_sac_tok3,4.049208641052246
8571,saint_sac_tok3,0.7191486358642578
8572,saint_sac_tok3,1.2833032608032227
8573,saint_sac_tok3,1.9360198974609375
8574,saint_sac_tok3,1.3277950286865234
8575,saint_sac_tok3,2.956374168395996
8576,saint_sac_tok3,3.7071447372436523
8577,saint_sac_tok3,1.335195541381836
8578,saint_sac_tok3,2.951167106628418
8579,saint_sac_tok3,2.2433595657348633
8580,saint_sac_tok3,3.9429702758789062
8581,saint_sac_tok3,-0.8646154403686523
8582,saint_sac_tok3,2.6419811248779297
8583,saint_sac_tok3,2.847231864929199
8584,saint_sac_tok3,7.083398818969727
8585,saint_sac_tok3,1.4467401504516602
8586,saint_sac_tok3,1.6146965026855469
8587,saint_sac_tok3,4.102231979370117
8588,saint_sac_tok3,1.4156732559204102
8589,saint_sac_tok3,4.2426958084106445
8590,saint_sac_tok3,2.84869384765625
8591,saint_sac_tok3,3.070901870727539
8592,saint_sac_tok3,1.753641128540039
8593,saint_sac_tok3,5.94001579284668
8594,saint_sac_tok3,3.362776756286621
8595,saint_sac_tok3,3.5542984008789062
8596,saint_sac_tok3,1.7582683563232422
8597,saint_sac_tok3,5.422182083129883
8598,saint_sac_tok3,0.8009490966796875
8599,saint_sac_tok3,2.9164600372314453
8600,saint_sac_tok3,1.437129020690918
8601,saint_sac_tok3,1.559823989868164
8602,saint_sac_tok3,2.7860183715820312
8603,saint_sac_tok3,2.486185073852539
8604,saint_sac_tok3,2.1016054153442383
8605,saint_sac_tok3,6.487672805786133
8606,saint_sac_tok3,4.406468391418457
8607,saint_sac_tok3,2.157512664794922
8608,saint_sac_tok3,1.5883617401123047
8609,saint_sac_tok3,2.2631731033325195
8610,saint_sac_tok3,1.5599708557128906
8611,saint_sac_tok3,2.1676883697509766
8612,saint_sac_tok3,0.9128265380859375
8613,saint_sac_tok3,1.8302392959594727
8614,saint_sac_tok3,3.55751895904541
8615,saint_sac_tok3,2.881458282470703
8616,saint_sac_tok3,2.7807140350341797
8617,saint_sac_tok3,1.988020896911621
8618,saint_sac_tok3,2.116750717163086
8619,saint_sac_tok3,2.2465476989746094
8620,saint_sac_tok3,5.107558250427246
8621,saint_sac_tok3,2.0705080032348633
8622,saint_sac_tok3,2.813173294067383
8623,saint_sac_tok3,0.595026969909668
8624,saint_sac_tok3,4.264784336090088
8625,saint_sac_tok3,3.457455635070801
8626,saint_sac_tok3,1.7872800827026367
8627,saint_sac_tok3,6.152976989746094
8628,saint_sac_tok3,2.6537246704101562
8629,saint_sac_tok3,0.5091514587402344
8630,saint_sac_tok3,0.3806133270263672
8631,saint_sac_tok3,5.88819694519043
8632,saint_sac_tok3,2.5384082794189453
8633,saint_sac_tok3,6.215356826782227
8634,saint_sac_tok3,2.898448944091797
8635,saint_sac_tok3,2.5460710525512695
8636,saint_sac_tok3,2.198150634765625
8637,saint_sac_tok3,3.614673614501953
8638,saint_sac_tok3,2.4140090942382812
8639,saint_sac_tok3,2.336960792541504
8640,saint_sac_tok3,1.671818733215332
8641,saint_sac_tok3,2.674335479736328
8642,saint_sac_tok3,2.390810966491699
8643,saint_sac_tok3,1.614227294921875
8644,saint_sac_tok3,1.5807485580444336
8645,saint_sac_tok3,6.048912048339844
8646,saint_sac_tok3,5.25093412399292
8647,saint_sac_tok3,2.2619638442993164
8648,saint_sac_tok3,3.793294906616211
8649,saint_sac_tok3,2.3909549713134766
8650,saint_sac_tok3,0.3928823471069336
8651,saint_sac_tok3,1.8414592742919922
8652,saint_sac_tok3,1.7392950057983398
8653,saint_sac_tok3,1.8583812713623047
8654,saint_sac_tok3,3.135347366333008
8655,saint_sac_tok3,0.6447153091430664
8656,saint_sac_tok3,2.0149402618408203
8657,saint_sac_tok3,2.8107194900512695
8658,saint_sac_tok3,1.6383991241455078
8659,saint_sac_tok3,5.430948257446289
8660,saint_sac_tok3,2.481100082397461
8661,saint_sac_tok3,1.2359657287597656
8662,saint_sac_tok3,2.2924699783325195
8663,saint_sac_tok3,5.051115989685059
8664,saint_sac_tok3,1.3479957580566406
8665,saint_sac_tok3,1.300436019897461
8666,saint_sac_tok3,1.021963119506836
8667,saint_sac_tok3,-0.004170417785644531
8668,saint_sac_tok3,2.067781448364258
8669,saint_sac_tok3,3.370595932006836
8670,saint_sac_tok3,2.825836181640625
8671,saint_sac_tok3,1.245600700378418
8672,saint_sac_tok3,6.954755783081055
8673,saint_sac_tok3,4.842538833618164
8674,saint_sac_tok3,2.480823516845703
8675,saint_sac_tok3,1.8774433135986328
8676,saint_sac_tok3,3.6177873611450195
8677,saint_sac_tok3,3.838412284851074
8678,saint_sac_tok3,3.6275529861450195
8679,saint_sac_tok3,2.117171287536621
8680,saint_sac_tok3,1.2047882080078125
8681,saint_sac_tok3,6.39073371887207
8682,saint_sac_tok3,2.228351593017578
8683,saint_sac_tok3,5.438050270080566
8684,saint_sac_tok3,4.525081634521484
8685,saint_sac_tok3,4.419246673583984
8686,saint_sac_tok3,4.0839643478393555
8687,saint_sac_tok3,1.9411211013793945
8688,saint_sac_tok3,5.786691665649414
8689,saint_sac_tok3,2.086894989013672
8690,saint_sac_tok3,4.722620010375977
8691,saint_sac_tok3,5.366262435913086
8692,saint_sac_tok3,1.6739377975463867
8693,saint_sac_tok3,1.8171758651733398
8694,saint_sac_tok3,1.232564926147461
8695,saint_sac_tok3,3.1053953170776367
8696,saint_sac_tok3,3.0225839614868164
8697,saint_sac_tok3,4.6379852294921875
8698,saint_sac_tok3,1.1253957748413086
8699,saint_sac_tok3,1.4992618560791016
8700,saint_sac_tok3,5.73764705657959
8701,saint_sac_tok3,2.562389373779297
8702,saint_sac_tok3,2.012042999267578
8703,saint_sac_tok3,3.855436325073242
8704,saint_sac_tok3,2.6267309188842773
8705,saint_sac_tok3,5.315711975097656
8706,saint_sac_tok3,2.2430543899536133
8707,saint_sac_tok3,3.1429672241210938
8708,saint_sac_tok3,6.917088508605957
8709,saint_sac_tok3,0.7089862823486328
8710,saint_sac_tok3,1.765462875366211
8711,saint_sac_tok3,1.9186325073242188
8712,saint_sac_tok3,0.4067802429199219
8713,saint_sac_tok3,1.0155210494995117
8714,saint_sac_tok3,5.216313362121582
8715,saint_sac_tok3,1.8656682968139648
8716,saint_sac_tok3,4.245466232299805
8717,saint_sac_tok3,3.874884605407715
8718,saint_sac_tok3,4.844710350036621
8719,saint_sac_tok3,2.2182130813598633
8720,saint_sac_tok3,1.9238910675048828
8721,saint_sac_tok3,5.487776756286621
8722,saint_sac_tok3,3.9541540145874023
8723,saint_sac_tok3,0.3944225311279297
8724,saint_sac_tok3,1.5694150924682617
8725,saint_sac_tok3,2.297708511352539
8726,saint_sac_tok3,0.43190574645996094
8727,saint_sac_tok3,6.510896682739258
8728,saint_sac_tok3,0.9537973403930664
8729,saint_sac_tok3,5.31660270690918
8730,saint_sac_tok3,3.4180402755737305
8731,saint_sac_tok3,5.044455528259277
8732,saint_sac_tok3,3.473104476928711
8733,saint_sac_tok3,1.4466705322265625
8734,saint_sac_tok3,1.6035118103027344
8735,saint_sac_tok3,1.3663806915283203
8736,saint_sac_tok3,2.160834312438965
8737,saint_sac_tok3,0.9872074127197266
8738,saint_sac_tok3,3.2604007720947266
8739,saint_sac_tok3,3.4428672790527344
8740,saint_sac_tok3,2.772007942199707
8741,saint_sac_tok3,4.029808044433594
8742,saint_sac_tok3,1.4291095733642578
8743,saint_sac_tok3,2.2973785400390625
8744,saint_sac_tok3,3.9829177856445312
8745,saint_sac_tok3,3.991278648376465
8746,saint_sac_tok3,2.1084346771240234
8747,saint_sac_tok3,1.4809379577636719
8748,saint_sac_tok3,2.699819564819336
8749,saint_sac_tok3,2.6603527069091797
8750,saint_sac_tok3,3.52829647064209
8751,saint_sac_tok3,0.8684110641479492
8752,saint_sac_tok3,0.8261089324951172
8753,saint_sac_tok3,1.9635591506958008
8754,saint_sac_tok3,1.2536334991455078
8755,saint_sac_tok3,2.3936548233032227
8756,saint_sac_tok3,5.066173553466797
8757,saint_sac_tok3,2.7408828735351562
8758,saint_sac_tok3,5.223227500915527
8759,saint_sac_tok3,9.01974868774414
8760,saint_sac_tok3,0.8457107543945312
8761,saint_sac_tok3,3.4556474685668945
8762,saint_sac_tok3,4.182801246643066
8763,saint_sac_tok3,2.706401824951172
8764,saint_sac_tok3,3.6816959381103516
8765,saint_sac_tok3,1.6201963424682617
8766,saint_sac_tok3,3.9119911193847656
8767,saint_sac_tok3,7.543996810913086
8768,saint_sac_tok3,2.9196949005126953
8769,saint_sac_tok3,0.9771280288696289
8770,saint_sac_tok3,3.006044387817383
8771,saint_sac_tok3,4.185739517211914
8772,saint_sac_tok3,2.7356300354003906
8773,saint_sac_tok3,3.067084312438965
8774,saint_sac_tok3,1.953805923461914
8775,saint_sac_tok3,1.0948514938354492
8776,saint_sac_tok3,2.163741111755371
8777,saint_sac_tok3,3.7952022552490234
8778,saint_sac_tok3,0.9252042770385742
8779,saint_sac_tok3,1.892984390258789
8780,saint_sac_tok3,1.0823287963867188
8781,saint_sac_tok3,1.1887598037719727
8782,saint_sac_tok3,1.2622299194335938
8783,saint_sac_tok3,3.123600959777832
8784,saint_sac_tok3,4.301502227783203
8785,saint_sac_tok3,1.6369743347167969
8786,saint_sac_tok3,4.518919944763184
8787,saint_sac_tok3,3.1618270874023438
8788,saint_sac_tok3,1.2950716018676758
8789,saint_sac_tok3,3.912973403930664
8790,saint_sac_tok3,1.7303829193115234
8791,saint_sac_tok3,1.5001163482666016
8792,saint_sac_tok3,5.1047515869140625
8793,saint_sac_tok3,1.2421846389770508
8794,saint_sac_tok3,1.3055505752563477
8795,saint_sac_tok3,1.7589263916015625
8796,saint_sac_tok3,4.953483581542969
8797,saint_sac_tok3,2.1547536849975586
8798,saint_sac_tok3,0.47716331481933594
8799,saint_sac_tok3,1.9631710052490234
8800,saint_sac_tok3,1.9387626647949219
8801,saint_sac_tok3,1.6078824996948242
8802,saint_sac_tok3,2.2809677124023438
8803,saint_sac_tok3,1.7278776168823242
8804,saint_sac_tok3,3.214426040649414
8805,saint_sac_tok3,3.0233631134033203
8806,saint_sac_tok3,2.594223976135254
8807,saint_sac_tok3,1.3869132995605469
8808,saint_sac_tok3,2.6812191009521484
8809,saint_sac_tok3,3.600710868835449
8810,saint_sac_tok3,3.693113327026367
8811,saint_sac_tok3,3.787965774536133
8812,saint_sac_tok3,4.042888641357422
8813,saint_sac_tok3,2.2105236053466797
8814,saint_sac_tok3,1.6684999465942383
8815,saint_sac_tok3,1.2675037384033203
8816,saint_sac_tok3,4.334776878356934
8817,saint_sac_tok3,3.353835105895996
8818,saint_sac_tok3,3.2702884674072266
8819,saint_sac_tok3,1.9102783203125
8820,saint_sac_tok3,3.9264678955078125
8821,saint_sac_tok3,1.6102380752563477
8822,saint_sac_tok3,2.388620376586914
8823,saint_sac_tok3,1.2628822326660156
8824,saint_sac_tok3,3.2372446060180664
8825,saint_sac_tok3,2.4362449645996094
8826,saint_sac_tok3,1.8850889205932617
8827,saint_sac_tok3,1.6001815795898438
8828,saint_sac_tok3,1.5194931030273438
8829,saint_sac_tok3,2.479887008666992
8830,saint_sac_tok3,3.791074275970459
8831,saint_sac_tok3,1.4154834747314453
8832,saint_sac_tok3,1.7881593704223633
8833,saint_sac_tok3,2.476313591003418
8834,saint_sac_tok3,3.282806396484375
8835,saint_sac_tok3,1.706700325012207
8836,saint_sac_tok3,1.6675395965576172
8837,saint_sac_tok3,2.149351119995117
8838,saint_sac_tok3,0.8322525024414062
8839,saint_sac_tok3,2.0818042755126953
8840,saint_sac_tok3,2.735136032104492
8841,saint_sac_tok3,2.3280458450317383
8842,saint_sac_tok3,3.5289039611816406
8843,saint_sac_tok3,6.248295783996582
8844,saint_sac_tok3,1.2652912139892578
8845,saint_sac_tok3,3.4682955741882324
8846,saint_sac_tok3,0.38950443267822266
8847,saint_sac_tok3,1.4831304550170898
8848,saint_sac_tok3,1.6050662994384766
8849,saint_sac_tok3,1.957162857055664
8850,saint_sac_tok3,3.7793684005737305
8851,saint_sac_tok3,2.1726150512695312
8852,saint_sac_tok3,3.897981643676758
8853,saint_sac_tok3,9.048567771911621
8854,saint_sac_tok3,2.8665246963500977
8855,saint_sac_tok3,1.7281179428100586
8856,saint_sac_tok3,0.8552017211914062
8857,saint_sac_tok3,1.6538867950439453
8858,saint_sac_tok3,1.6873836517333984
8859,saint_sac_tok3,0.262481689453125
8860,saint_sac_tok3,1.6194391250610352
8861,saint_sac_tok3,1.162858009338379
8862,saint_sac_tok3,1.9561443328857422
8863,saint_sac_tok3,3.470097541809082
8864,saint_sac_tok3,4.5678911209106445
8865,saint_sac_tok3,4.115902900695801
8866,saint_sac_tok3,1.6666936874389648
8867,saint_sac_tok3,1.3859033584594727
8868,saint_sac_tok3,3.6157026290893555
8869,saint_sac_tok3,3.3762168884277344
8870,saint_sac_tok3,0.41895484924316406
8871,saint_sac_tok3,2.5741539001464844
8872,saint_sac_tok3,2.5188865661621094
8873,saint_sac_tok3,1.2270889282226562
8874,saint_sac_tok3,0.0019750595092773438
8875,saint_sac_tok3,2.0467453002929688
8876,saint_sac_tok3,2.0940685272216797
8877,saint_sac_tok3,2.9370155334472656
8878,saint_sac_tok3,2.313385009765625
8879,saint_sac_tok3,2.502239227294922
8880,saint_sac_tok3,4.986000061035156
8881,saint_sac_tok3,1.9387435913085938
8882,saint_sac_tok3,2.087747573852539
8883,saint_sac_tok3,1.7768316268920898
8884,saint_sac_tok3,5.030520439147949
8885,saint_sac_tok3,3.190596580505371
8886,saint_sac_tok3,2.37216854095459
8887,saint_sac_tok3,2.8196868896484375
8888,saint_sac_tok3,2.0978355407714844
8889,saint_sac_tok3,0.37195682525634766
8890,saint_sac_tok3,1.9594392776489258
8891,saint_sac_tok3,-0.08738422393798828
8892,saint_sac_tok3,2.578451156616211
8893,saint_sac_tok3,4.330738067626953
8894,saint_sac_tok3,0.5111770629882812
8895,saint_sac_tok3,2.100809097290039
8896,saint_sac_tok3,1.4860610961914062
8897,saint_sac_tok3,6.014305114746094
8898,saint_sac_tok3,2.544857978820801
8899,saint_sac_tok3,3.620450973510742
8900,saint_sac_tok3,0.058917999267578125
8901,saint_sac_tok3,2.0711851119995117
8902,saint_sac_tok3,2.467876434326172
8903,saint_sac_tok3,2.0993900299072266
8904,saint_sac_tok3,1.6721134185791016
8905,saint_sac_tok3,1.5525035858154297
8906,saint_sac_tok3,1.7463693618774414
8907,saint_sac_tok3,2.5251598358154297
8908,saint_sac_tok3,0.7328252792358398
8909,saint_sac_tok3,0.9215984344482422
8910,saint_sac_tok3,0.5161046981811523
8911,saint_sac_tok3,1.8922672271728516
8912,saint_sac_tok3,0.5239877700805664
8913,saint_sac_tok3,1.4292259216308594
8914,saint_sac_tok3,2.7894725799560547
8915,saint_sac_tok3,3.6539955139160156
8916,saint_sac_tok3,4.017909049987793
8917,saint_sac_tok3,0.893376350402832
8918,saint_sac_tok3,2.143063545227051
8919,saint_sac_tok3,2.5067195892333984
8920,saint_sac_tok3,4.5264153480529785
8921,saint_sac_tok3,1.5570039749145508
8922,saint_sac_tok3,1.4676437377929688
8923,saint_sac_tok3,2.091639518737793
8924,saint_sac_tok3,3.2682695388793945
8925,saint_sac_tok3,7.770514488220215
8926,saint_sac_tok3,7.661674499511719
8927,saint_sac_tok3,2.3366775512695312
8928,saint_sac_tok3,0.9811182022094727
8929,saint_sac_tok3,2.333608627319336
8930,saint_sac_tok3,0.39893245697021484
8931,saint_sac_tok3,3.920886993408203
8932,saint_sac_tok3,2.7615509033203125
8933,saint_sac_tok3,1.7404088973999023
8934,saint_sac_tok3,1.318099021911621
8935,saint_sac_tok3,1.7648773193359375
8936,saint_sac_tok3,4.352201461791992
8937,saint_sac_tok3,1.3952255249023438
8938,saint_sac_tok3,2.82894229888916
8939,saint_sac_tok3,3.430354118347168
8940,saint_sac_tok3,0.9403133392333984
8941,saint_sac_tok3,2.782407760620117
8942,saint_sac_tok3,1.3936166763305664
8943,saint_sac_tok3,7.490708827972412
8944,saint_sac_tok3,2.0439538955688477
8945,saint_sac_tok3,0.2062511444091797
8946,saint_sac_tok3,2.013387680053711
8947,saint_sac_tok3,0.9575653076171875
8948,saint_sac_tok3,1.054403305053711
8949,saint_sac_tok3,2.0728673934936523
8950,saint_sac_tok3,2.945833206176758
8951,saint_sac_tok3,3.564497947692871
8952,saint_sac_tok3,6.019476890563965
8953,saint_sac_tok3,1.3074922561645508
8954,saint_sac_tok3,0.7342901229858398
8955,saint_sac_tok3,0.9825363159179688
8956,saint_sac_tok3,1.0697717666625977
8957,saint_sac_tok3,1.8150453567504883
8958,saint_sac_tok3,2.5986547470092773
8959,saint_sac_tok3,2.011098861694336
8960,saint_sac_tok3,1.882634162902832
8961,saint_sac_tok3,6.650835037231445
8962,saint_sac_tok3,1.1514520645141602
8963,saint_sac_tok3,1.1737022399902344
8964,saint_sac_tok3,1.643869400024414
8965,saint_sac_tok3,2.4419612884521484
8966,saint_sac_tok3,1.5187311172485352
8967,saint_sac_tok3,3.0376386642456055
8968,saint_sac_tok3,2.013629913330078
8969,saint_sac_tok3,2.357654571533203
8970,saint_sac_tok3,1.2471199035644531
8971,saint_sac_tok3,1.1400871276855469
8972,saint_sac_tok3,6.144030570983887
8973,saint_sac_tok3,3.344296455383301
8974,saint_sac_tok3,0.603816032409668
8975,saint_sac_tok3,2.9103927612304688
8976,saint_sac_tok3,1.373392105102539
8977,saint_sac_tok3,4.029242515563965
8978,saint_sac_tok3,3.6989078521728516
8979,saint_sac_tok3,3.382805824279785
8980,saint_sac_tok3,3.567500114440918
8981,saint_sac_tok3,4.817320823669434
8982,saint_sac_tok3,2.3021841049194336
8983,saint_sac_tok3,4.273412704467773
8984,saint_sac_tok3,0.07926559448242188
8985,saint_sac_tok3,1.999380111694336
8986,saint_sac_tok3,1.7509899139404297
8987,saint_sac_tok3,0.881805419921875
8988,saint_sac_tok3,0.6858844757080078
8989,saint_sac_tok3,1.5618581771850586
8990,saint_sac_tok3,1.8111810684204102
8991,saint_sac_tok3,1.2147455215454102
8992,saint_sac_tok3,0.7450065612792969
8993,saint_sac_tok3,3.678295135498047
8994,saint_sac_tok3,5.463353157043457
8995,saint_sac_tok3,1.1666326522827148
8996,saint_sac_tok3,2.2720394134521484
8997,saint_sac_tok3,1.600606918334961
8998,saint_sac_tok3,0.5342788696289062
8999,saint_sac_tok3,2.0443506240844727
9000,saint_sac_tok3,4.1567487716674805
9001,saint_sac_tok3,-0.3956279754638672
9002,saint_sac_tok3,2.960111618041992
9003,saint_sac_tok3,2.9909915924072266
9004,saint_sac_tok3,2.1723861694335938
9005,saint_sac_tok3,2.9558420181274414
9006,saint_sac_tok3,1.943277359008789
9007,saint_sac_tok3,1.7101316452026367
9008,saint_sac_tok3,3.1258554458618164
9009,saint_sac_tok3,1.8696680068969727
9010,saint_sac_tok3,1.6833877563476562
9011,saint_sac_tok3,3.73345947265625
9012,saint_sac_tok3,2.352001190185547
9013,saint_sac_tok3,0.4620475769042969
9014,saint_sac_tok3,-0.08271503448486328
9015,saint_sac_tok3,8.309450149536133
9016,saint_sac_tok3,1.2722301483154297
9017,saint_sac_tok3,1.4080352783203125
9018,saint_sac_tok3,4.474340438842773
9019,saint_sac_tok3,-0.4413471221923828
9020,saint_sac_tok3,2.2417593002319336
9021,saint_sac_tok3,1.4802284240722656
9022,saint_sac_tok3,0.9048862457275391
9023,saint_sac_tok3,4.694310188293457
9024,saint_sac_tok3,3.7838191986083984
9025,saint_sac_tok3,1.796809196472168
9026,saint_sac_tok3,1.1678781509399414
9027,saint_sac_tok3,1.8665695190429688
9028,saint_sac_tok3,2.7353343963623047
9029,saint_sac_tok3,2.1040353775024414
9030,saint_sac_tok3,4.044008255004883
9031,saint_sac_tok3,2.671168327331543
9032,saint_sac_tok3,4.325174331665039
9033,saint_sac_tok3,1.0872039794921875
9034,saint_sac_tok3,2.0935630798339844
9035,saint_sac_tok3,3.186155319213867
9036,saint_sac_tok3,2.9299001693725586
9037,saint_sac_tok3,1.5407485961914062
9038,saint_sac_tok3,4.394305229187012
9039,saint_sac_tok3,1.8214178085327148
9040,saint_sac_tok3,0.7697362899780273
9041,saint_sac_tok3,2.2674293518066406
9042,saint_sac_tok3,0.7385139465332031
9043,saint_sac_tok3,2.240814208984375
9044,saint_sac_tok3,0.4158916473388672
9045,saint_sac_tok3,2.441396713256836
9046,saint_sac_tok3,0.9769983291625977
9047,saint_sac_tok3,3.2337560653686523
9048,saint_sac_tok3,5.299391746520996
9049,saint_sac_tok3,5.269025802612305
9050,saint_sac_tok3,5.712382793426514
9051,saint_sac_tok3,3.7548370361328125
9052,saint_sac_tok3,4.872406005859375
9053,saint_sac_tok3,4.319673538208008
9054,saint_sac_tok3,2.138843536376953
9055,saint_sac_tok3,1.900090217590332
9056,saint_sac_tok3,2.962289810180664
9057,saint_sac_tok3,1.0868806838989258
9058,saint_sac_tok3,1.5321216583251953
9059,saint_sac_tok3,0.7212839126586914
9060,saint_sac_tok3,0.5017900466918945
9061,saint_sac_tok3,2.0317277908325195
9062,saint_sac_tok3,1.433115005493164
9063,saint_sac_tok3,2.1056041717529297
9064,saint_sac_tok3,0.43006324768066406
9065,saint_sac_tok3,5.047511100769043
9066,saint_sac_tok3,2.5128917694091797
9067,saint_sac_tok3,3.0700254440307617
9068,saint_sac_tok3,3.1095657348632812
9069,saint_sac_tok3,1.736673355102539
9070,saint_sac_tok3,4.607810974121094
9071,saint_sac_tok3,-0.4517250061035156
9072,saint_sac_tok3,1.1655941009521484
9073,saint_sac_tok3,3.616701126098633
9074,saint_sac_tok3,5.8597564697265625
9075,saint_sac_tok3,1.2293071746826172
9076,saint_sac_tok3,2.6230459213256836
9077,saint_sac_tok3,1.5424633026123047
9078,saint_sac_tok3,2.0240306854248047
9079,saint_sac_tok3,2.841862678527832
9080,saint_sac_tok3,3.6247425079345703
9081,saint_sac_tok3,3.1573801040649414
9082,saint_sac_tok3,2.4963483810424805
9083,saint_sac_tok3,3.083101272583008
9084,saint_sac_tok3,0.13100719451904297
9085,saint_sac_tok3,5.350818634033203
9086,saint_sac_tok3,1.719430923461914
9087,saint_sac_tok3,0.7127761840820312
9088,saint_sac_tok3,1.2121658325195312
9089,saint_sac_tok3,2.7410640716552734
9090,saint_sac_tok3,3.27388858795166
9091,saint_sac_tok3,2.294057846069336
9092,saint_sac_tok3,6.682086944580078
9093,saint_sac_tok3,2.516721725463867
9094,saint_sac_tok3,4.847740650177002
9095,saint_sac_tok3,3.10153865814209
9096,saint_sac_tok3,5.905717849731445
9097,saint_sac_tok3,4.666892051696777
9098,saint_sac_tok3,1.9025020599365234
9099,saint_sac_tok3,1.829742431640625
9100,saint_sac_tok3,2.420816421508789
9101,saint_sac_tok3,2.5146751403808594
9102,saint_sac_tok3,5.284395217895508
9103,saint_sac_tok3,4.9429521560668945
9104,saint_sac_tok3,1.8430194854736328
9105,saint_sac_tok3,4.463863372802734
9106,saint_sac_tok3,1.1685600280761719
9107,saint_sac_tok3,3.135106086730957
9108,saint_sac_tok3,5.2159223556518555
9109,saint_sac_tok3,2.541619300842285
9110,saint_sac_tok3,3.1963634490966797
9111,saint_sac_tok3,1.907120704650879
9112,saint_sac_tok3,2.1738128662109375
9113,saint_sac_tok3,1.485428810119629
9114,saint_sac_tok3,2.3657569885253906
9115,saint_sac_tok3,-0.13399887084960938
9116,saint_sac_tok3,0.9161481857299805
9117,saint_sac_tok3,1.3871307373046875
9118,saint_sac_tok3,3.718801498413086
9119,saint_sac_tok3,1.3674955368041992
9120,saint_sac_tok3,1.763998031616211
9121,saint_sac_tok3,1.852060317993164
9122,saint_sac_tok3,4.286285400390625
9123,saint_sac_tok3,1.7868919372558594
9124,saint_sac_tok3,4.06136417388916
9125,saint_sac_tok3,2.324172019958496
9126,saint_sac_tok3,0.6469459533691406
9127,saint_sac_tok3,7.546815872192383
9128,saint_sac_tok3,1.849928855895996
9129,saint_sac_tok3,6.676231384277344
9130,saint_sac_tok3,-0.44594383239746094
9131,saint_sac_tok3,1.6969671249389648
9132,saint_sac_tok3,1.5930957794189453
9133,saint_sac_tok3,1.0644664764404297
9134,saint_sac_tok3,2.3778076171875
9135,saint_sac_tok3,2.4600229263305664
9136,saint_sac_tok3,2.8225326538085938
9137,saint_sac_tok3,5.561934947967529
9138,saint_sac_tok3,3.956300735473633
9139,saint_sac_tok3,4.289346694946289
9140,saint_sac_tok3,1.8411750793457031
9141,saint_sac_tok3,2.061570167541504
9142,saint_sac_tok3,0.9086647033691406
9143,saint_sac_tok3,1.157022476196289
9144,saint_sac_tok3,3.4229211807250977
9145,saint_sac_tok3,2.8316774368286133
9146,saint_sac_tok3,2.400197982788086
9147,saint_sac_tok3,1.9935569763183594
9148,saint_sac_tok3,3.3420963287353516
9149,saint_sac_tok3,1.486617088317871
9150,saint_sac_tok3,2.008469581604004
9151,saint_sac_tok3,1.4896879196166992
9152,saint_sac_tok3,4.665148735046387
9153,saint_sac_tok3,1.2762126922607422
9154,saint_sac_tok3,4.412651062011719
9155,saint_sac_tok3,2.9494800567626953
9156,saint_sac_tok3,3.032864570617676
9157,saint_sac_tok3,3.8216142654418945
9158,saint_sac_tok3,2.070582389831543
9159,saint_sac_tok3,1.1826000213623047
9160,saint_sac_tok3,4.274773597717285
9161,saint_sac_tok3,5.534679412841797
9162,saint_sac_tok3,4.000526428222656
9163,saint_sac_tok3,2.5572738647460938
9164,saint_sac_tok3,5.799067497253418
9165,saint_sac_tok3,1.152862548828125
9166,saint_sac_tok3,2.375499725341797
9167,saint_sac_tok3,1.6449642181396484
9168,saint_sac_tok3,4.137353897094727
9169,saint_sac_tok3,1.2263069152832031
9170,saint_sac_tok3,1.43475341796875
9171,saint_sac_tok3,3.0641117095947266
9172,saint_sac_tok3,3.414351463317871
9173,saint_sac_tok3,1.7096939086914062
9174,saint_sac_tok3,0.8768081665039062
9175,saint_sac_tok3,1.3616085052490234
9176,saint_sac_tok3,2.752875328063965
9177,saint_sac_tok3,2.6222238540649414
9178,saint_sac_tok3,0.5162363052368164
9179,saint_sac_tok3,1.9139957427978516
9180,saint_sac_tok3,-1.0070867538452148
9181,saint_sac_tok3,2.000441551208496
9182,saint_sac_tok3,0.8073263168334961
9183,saint_sac_tok3,5.970703125
9184,saint_sac_tok3,2.320465087890625
9185,saint_sac_tok3,1.7184772491455078
9186,saint_sac_tok3,3.384206771850586
9187,saint_sac_tok3,4.199363708496094
9188,saint_sac_tok3,4.4523210525512695
9189,saint_sac_tok3,1.0746278762817383
9190,saint_sac_tok3,1.582223892211914
9191,saint_sac_tok3,1.3506278991699219
9192,saint_sac_tok3,3.4437294006347656
9193,saint_sac_tok3,2.2193031311035156
9194,saint_sac_tok3,3.1587677001953125
9195,saint_sac_tok3,2.495842933654785
9196,saint_sac_tok3,5.369204521179199
9197,saint_sac_tok3,0.3341636657714844
9198,saint_sac_tok3,0.6890974044799805
9199,saint_sac_tok3,6.30731201171875
9200,saint_sac_tok3,6.404186248779297
9201,saint_sac_tok3,2.886744499206543
9202,saint_sac_tok3,0.9662351608276367
9203,saint_sac_tok3,1.902853012084961
9204,saint_sac_tok3,1.8594684600830078
9205,saint_sac_tok3,2.7670021057128906
9206,saint_sac_tok3,2.9746971130371094
9207,saint_sac_tok3,1.9686822891235352
9208,saint_sac_tok3,1.3723907470703125
9209,saint_sac_tok3,2.35591983795166
9210,saint_sac_tok3,0.9609975814819336
9211,saint_sac_tok3,5.209144592285156
9212,saint_sac_tok3,2.220747947692871
9213,saint_sac_tok3,1.3426122665405273
9214,saint_sac_tok3,3.353809356689453
9215,saint_sac_tok3,3.24349308013916
9216,saint_sac_tok3,3.231231689453125
9217,saint_sac_tok3,2.0224170684814453
9218,saint_sac_tok3,4.551447868347168
9219,saint_sac_tok3,1.31488037109375
9220,saint_sac_tok3,3.560976505279541
9221,saint_sac_tok3,2.6014347076416016
9222,saint_sac_tok3,4.172510147094727
9223,saint_sac_tok3,2.285637855529785
9224,saint_sac_tok3,2.4857406616210938
9225,saint_sac_tok3,1.399801254272461
9226,saint_sac_tok3,2.5231189727783203
9227,saint_sac_tok3,1.6661605834960938
9228,saint_sac_tok3,3.3370628356933594
9229,saint_sac_tok3,3.263874053955078
9230,saint_sac_tok3,1.7417802810668945
9231,saint_sac_tok3,1.3417072296142578
9232,saint_sac_tok3,0.5111427307128906
9233,saint_sac_tok3,2.7273311614990234
9234,saint_sac_tok3,0.8919563293457031
9235,saint_sac_tok3,2.541203498840332
9236,saint_sac_tok3,3.5170230865478516
9237,saint_sac_tok3,1.9835243225097656
9238,saint_sac_tok3,3.162630081176758
9239,saint_sac_tok3,2.4224395751953125
9240,saint_sac_tok3,2.3652591705322266
9241,saint_sac_tok3,4.400040626525879
9242,saint_sac_tok3,2.419757843017578
9243,saint_sac_tok3,4.444605827331543
9244,saint_sac_tok3,4.276436805725098
9245,saint_sac_tok3,4.891415596008301
9246,saint_sac_tok3,1.895883560180664
9247,saint_sac_tok3,1.4391450881958008
9248,saint_sac_tok3,1.2062597274780273
9249,saint_sac_tok3,3.0230016708374023
9250,saint_sac_tok3,3.5494823455810547
9251,saint_sac_tok3,0.8204069137573242
9252,saint_sac_tok3,1.5297155380249023
9253,saint_sac_tok3,1.1263513565063477
9254,saint_sac_tok3,1.0085163116455078
9255,saint_sac_tok3,2.4581785202026367
9256,saint_sac_tok3,1.854823112487793
9257,saint_sac_tok3,2.823589324951172
9258,saint_sac_tok3,3.091695785522461
9259,saint_sac_tok3,4.219425201416016
9260,saint_sac_tok3,2.4709606170654297
9261,saint_sac_tok3,1.1332635879516602
9262,saint_sac_tok3,2.6567020416259766
9263,saint_sac_tok3,5.440675735473633
9264,saint_sac_tok3,2.3933801651000977
9265,saint_sac_tok3,0.9945402145385742
9266,saint_sac_tok3,1.129502296447754
9267,saint_sac_tok3,2.7950525283813477
9268,saint_sac_tok3,1.338348388671875
9269,saint_sac_tok3,6.808162689208984
9270,saint_sac_tok3,2.66292667388916
9271,saint_sac_tok3,4.952972412109375
9272,saint_sac_tok3,4.176023483276367
9273,saint_sac_tok3,3.423280715942383
9274,saint_sac_tok3,-0.4916238784790039
9275,saint_sac_tok3,1.7555999755859375
9276,saint_sac_tok3,1.4186944961547852
9277,saint_sac_tok3,5.2970170974731445
9278,saint_sac_tok3,1.3519487380981445
9279,saint_sac_tok3,2.8918466567993164
9280,saint_sac_tok3,2.434833526611328
9281,saint_sac_tok3,2.3178224563598633
9282,saint_sac_tok3,3.327829360961914
9283,saint_sac_tok3,1.444305419921875
9284,saint_sac_tok3,3.9031782150268555
9285,saint_sac_tok3,3.028350830078125
9286,saint_sac_tok3,2.4574546813964844
9287,saint_sac_tok3,2.038034439086914
9288,saint_sac_tok3,0.4890594482421875
9289,saint_sac_tok3,5.875798225402832
9290,saint_sac_tok3,2.6952409744262695
9291,saint_sac_tok3,3.1026697158813477
9292,saint_sac_tok3,1.9046745300292969
9293,saint_sac_tok3,3.659836769104004
9294,saint_sac_tok3,0.9397306442260742
9295,saint_sac_tok3,2.6087331771850586
9296,saint_sac_tok3,2.255303382873535
9297,saint_sac_tok3,1.458601951599121
9298,saint_sac_tok3,2.5452804565429688
9299,saint_sac_tok3,1.332514762878418
9300,saint_sac_tok3,3.980236053466797
9301,saint_sac_tok3,2.196819305419922
9302,saint_sac_tok3,4.479546546936035
9303,saint_sac_tok3,5.87171745300293
9304,saint_sac_tok3,2.1199474334716797
9305,saint_sac_tok3,3.2838659286499023
9306,saint_sac_tok3,2.078510284423828
9307,saint_sac_tok3,2.5325965881347656
9308,saint_sac_tok3,2.146000862121582
9309,saint_sac_tok3,4.368145942687988
9310,saint_sac_tok3,2.074228286743164
9311,saint_sac_tok3,1.342071533203125
9312,saint_sac_tok3,1.1856155395507812
9313,saint_sac_tok3,2.7885990142822266
9314,saint_sac_tok3,1.0844097137451172
9315,saint_sac_tok3,5.825713157653809
9316,saint_sac_tok3,1.7073545455932617
9317,saint_sac_tok3,3.6445846557617188
9318,saint_sac_tok3,2.3196935653686523
9319,saint_sac_tok3,1.9229726791381836
9320,saint_sac_tok3,3.270597457885742
9321,saint_sac_tok3,0.7572650909423828
9322,saint_sac_tok3,1.6862173080444336
9323,saint_sac_tok3,1.382303237915039
9324,saint_sac_tok3,4.057883262634277
9325,saint_sac_tok3,0.11701297760009766
9326,saint_sac_tok3,1.7003746032714844
9327,saint_sac_tok3,2.312000274658203
9328,saint_sac_tok3,6.1572771072387695
9329,saint_sac_tok3,0.9143524169921875
9330,saint_sac_tok3,2.9693374633789062
9331,saint_sac_tok3,1.2433910369873047
9332,saint_sac_tok3,6.243858337402344
9333,saint_sac_tok3,1.8485565185546875
9334,saint_sac_tok3,2.934788703918457
9335,saint_sac_tok3,1.90484619140625
9336,saint_sac_tok3,2.6190176010131836
9337,saint_sac_tok3,1.7629423141479492
9338,saint_sac_tok3,2.01849365234375
9339,saint_sac_tok3,0.4730815887451172
9340,saint_sac_tok3,0.7992095947265625
9341,saint_sac_tok3,2.508650779724121
9342,saint_sac_tok3,6.010536193847656
9343,saint_sac_tok3,3.3198022842407227
9344,saint_sac_tok3,5.083555221557617
9345,saint_sac_tok3,1.0954456329345703
9346,saint_sac_tok3,1.5547761917114258
9347,saint_sac_tok3,1.950413703918457
9348,saint_sac_tok3,2.069094657897949
9349,saint_sac_tok3,2.045076370239258
9350,saint_sac_tok3,3.0345211029052734
9351,saint_sac_tok3,0.9271659851074219
9352,saint_sac_tok3,2.889558792114258
9353,saint_sac_tok3,2.0273427963256836
9354,saint_sac_tok3,3.084260940551758
9355,saint_sac_tok3,2.8705482482910156
9356,saint_sac_tok3,5.696013450622559
9357,saint_sac_tok3,3.4902305603027344
9358,saint_sac_tok3,2.1647796630859375
9359,saint_sac_tok3,2.09616756439209
9360,saint_sac_tok3,1.7633962631225586
9361,saint_sac_tok3,0.6725492477416992
9362,saint_sac_tok3,2.9592361450195312
9363,saint_sac_tok3,0.7166604995727539
9364,saint_sac_tok3,4.744633674621582
9365,saint_sac_tok3,1.2425765991210938
9366,saint_sac_tok3,1.4076080322265625
9367,saint_sac_tok3,2.085214138031006
9368,saint_sac_tok3,3.520817756652832
9369,saint_sac_tok3,6.5139875411987305
9370,saint_sac_tok3,5.246729850769043
9371,saint_sac_tok3,6.567012786865234
9372,saint_sac_tok3,1.6635522842407227
9373,saint_sac_tok3,0.8570184707641602
9374,saint_sac_tok3,4.382059097290039
9375,saint_sac_tok3,2.657674789428711
9376,saint_sac_tok3,1.6103696823120117
9377,saint_sac_tok3,1.670318603515625
9378,saint_sac_tok3,2.5129709243774414
9379,saint_sac_tok3,5.190424919128418
9380,saint_sac_tok3,5.033199310302734
9381,saint_sac_tok3,2.1610403060913086
9382,saint_sac_tok3,3.839498519897461
9383,saint_sac_tok3,5.85898494720459
9384,saint_sac_tok3,1.68475341796875
9385,saint_sac_tok3,1.0107250213623047
9386,saint_sac_tok3,4.450435638427734
9387,saint_sac_tok3,1.732192039489746
9388,saint_sac_tok3,1.685502052307129
9389,saint_sac_tok3,5.693058967590332
9390,saint_sac_tok3,5.103257179260254
9391,saint_sac_tok3,3.7880821228027344
9392,saint_sac_tok3,2.2447729110717773
9393,saint_sac_tok3,1.582646369934082
9394,saint_sac_tok3,2.5477828979492188
9395,saint_sac_tok3,4.193517684936523
9396,saint_sac_tok3,4.5269365310668945
9397,saint_sac_tok3,3.703237533569336
9398,saint_sac_tok3,0.9904136657714844
9399,saint_sac_tok3,0.759984016418457
9400,saint_sac_tok3,3.3159618377685547
9401,saint_sac_tok3,1.326181411743164
9402,saint_sac_tok3,2.3311338424682617
9403,saint_sac_tok3,1.6929864883422852
9404,saint_sac_tok3,4.989295959472656
9405,saint_sac_tok3,2.097428321838379
9406,saint_sac_tok3,1.6040353775024414
9407,saint_sac_tok3,2.2410364151000977
9408,saint_sac_tok3,3.361672878265381
9409,saint_sac_tok3,1.1494522094726562
9410,saint_sac_tok3,4.167319297790527
9411,saint_sac_tok3,1.8927650451660156
9412,saint_sac_tok3,6.844103813171387
9413,saint_sac_tok3,2.1423492431640625
9414,saint_sac_tok3,4.974588394165039
9415,saint_sac_tok3,2.2614965438842773
9416,saint_sac_tok3,2.4265356063842773
9417,saint_sac_tok3,1.6201744079589844
9418,saint_sac_tok3,5.163067817687988
9419,saint_sac_tok3,1.8567848205566406
9420,saint_sac_tok3,3.811030387878418
9421,saint_sac_tok3,2.2629709243774414
9422,saint_sac_tok3,5.236603736877441
9423,saint_sac_tok3,1.3201875686645508
9424,saint_sac_tok3,1.7791357040405273
9425,saint_sac_tok3,-1.2345314025878906
9426,saint_sac_tok3,6.887968063354492
9427,saint_sac_tok3,2.241445541381836
9428,saint_sac_tok3,0.5727252960205078
9429,saint_sac_tok3,1.325521469116211
9430,saint_sac_tok3,1.4193954467773438
9431,saint_sac_tok3,3.5408573150634766
9432,saint_sac_tok3,2.0945844650268555
9433,saint_sac_tok3,1.5963096618652344
9434,saint_sac_tok3,1.8847846984863281
9435,saint_sac_tok3,1.1908321380615234
9436,saint_sac_tok3,1.897705078125
9437,saint_sac_tok3,1.6670303344726562
9438,saint_sac_tok3,2.0030078887939453
9439,saint_sac_tok3,1.2437973022460938
9440,saint_sac_tok3,2.26602840423584
9441,saint_sac_tok3,2.6641368865966797
9442,saint_sac_tok3,0.4996156692504883
9443,saint_sac_tok3,1.5551795959472656
9444,saint_sac_tok3,1.1774520874023438
9445,saint_sac_tok3,1.4529285430908203
9446,saint_sac_tok3,-1.325571060180664
9447,saint_sac_tok3,0.5744457244873047
9448,saint_sac_tok3,1.261697769165039
9449,saint_sac_tok3,1.4676513671875
9450,saint_sac_tok3,3.3343687057495117
9451,saint_sac_tok3,4.088784217834473
9452,saint_sac_tok3,6.257112503051758
9453,saint_sac_tok3,4.619184494018555
9454,saint_sac_tok3,1.1262187957763672
9455,saint_sac_tok3,2.140422821044922
9456,saint_sac_tok3,1.1968278884887695
9457,saint_sac_tok3,3.2455434799194336
9458,saint_sac_tok3,2.053813934326172
9459,saint_sac_tok3,0.8856239318847656
9460,saint_sac_tok3,1.2462539672851562
9461,saint_sac_tok3,0.858698844909668
9462,saint_sac_tok3,1.5758094787597656
9463,saint_sac_tok3,1.7205495834350586
9464,saint_sac_tok3,1.6871061325073242
9465,saint_sac_tok3,4.91445255279541
9466,saint_sac_tok3,1.8126840591430664
9467,saint_sac_tok3,3.158757209777832
9468,saint_sac_tok3,1.4337711334228516
9469,saint_sac_tok3,1.7255001068115234
9470,saint_sac_tok3,3.992158889770508
9471,saint_sac_tok3,2.4868812561035156
9472,saint_sac_tok3,3.18618106842041
9473,saint_sac_tok3,1.8172731399536133
9474,saint_sac_tok3,1.924647331237793
9475,saint_sac_tok3,5.67949104309082
9476,saint_sac_tok3,0.3377828598022461
9477,saint_sac_tok3,3.728343963623047
9478,saint_sac_tok3,1.9045429229736328
9479,saint_sac_tok3,1.0606651306152344
9480,saint_sac_tok3,2.0309886932373047
9481,saint_sac_tok3,2.40262508392334
9482,saint_sac_tok3,4.968870162963867
9483,saint_sac_tok3,1.6392641067504883
9484,saint_sac_tok3,2.0451364517211914
9485,saint_sac_tok3,3.7698974609375
9486,saint_sac_tok3,1.56439208984375
9487,saint_sac_tok3,2.785787582397461
9488,saint_sac_tok3,1.5410823822021484
9489,saint_sac_tok3,1.3487329483032227
9490,saint_sac_tok3,2.5190773010253906
9491,saint_sac_tok3,0.9806089401245117
9492,saint_sac_tok3,6.0069732666015625
9493,saint_sac_tok3,2.102339744567871
9494,saint_sac_tok3,3.1551055908203125
9495,saint_sac_tok3,0.9294748306274414
9496,saint_sac_tok3,2.2016220092773438
9497,saint_sac_tok3,2.5943965911865234
9498,saint_sac_tok3,5.398604393005371
9499,saint_sac_tok3,2.984212875366211
9500,saint_sac_tok3,1.144643783569336
9501,saint_sac_tok3,1.8138275146484375
9502,saint_sac_tok3,1.074411392211914
9503,saint_sac_tok3,2.4700727462768555
9504,saint_sac_tok3,4.858234405517578
9505,saint_sac_tok3,4.835591793060303
9506,saint_sac_tok3,5.880429267883301
9507,saint_sac_tok3,1.1041383743286133
9508,saint_sac_tok3,2.5843963623046875
9509,saint_sac_tok3,1.2339000701904297
9510,saint_sac_tok3,2.9115982055664062
9511,saint_sac_tok3,3.5628509521484375
9512,saint_sac_tok3,1.713998794555664
9513,saint_sac_tok3,2.440732002258301
9514,saint_sac_tok3,4.508551597595215
9515,saint_sac_tok3,3.3660335540771484
9516,saint_sac_tok3,3.0121116638183594
9517,saint_sac_tok3,1.8322210311889648
9518,saint_sac_tok3,4.370504379272461
9519,saint_sac_tok3,1.4735145568847656
9520,saint_sac_tok3,2.7766542434692383
9521,saint_sac_tok3,4.669398307800293
9522,saint_sac_tok3,2.334090232849121
9523,saint_sac_tok3,1.2982406616210938
9524,saint_sac_tok3,2.436281204223633
9525,saint_sac_tok3,1.3847122192382812
9526,saint_sac_tok3,5.618437767028809
9527,saint_sac_tok3,2.676908493041992
9528,saint_sac_tok3,1.7542142868041992
9529,saint_sac_tok3,1.6151533126831055
9530,saint_sac_tok3,4.190631866455078
9531,saint_sac_tok3,3.26950740814209
9532,saint_sac_tok3,5.648532867431641
9533,saint_sac_tok3,3.439157485961914
9534,saint_sac_tok3,4.933043479919434
9535,saint_sac_tok3,1.5994939804077148
9536,saint_sac_tok3,3.557584762573242
9537,saint_sac_tok3,1.4881830215454102
9538,saint_sac_tok3,1.4758710861206055
9539,saint_sac_tok3,3.038177490234375
9540,saint_sac_tok3,2.7095947265625
9541,saint_sac_tok3,2.283320426940918
9542,saint_sac_tok3,1.7082786560058594
9543,saint_sac_tok3,1.7527389526367188
9544,saint_sac_tok3,3.038529396057129
9545,saint_sac_tok3,0.7453279495239258
9546,saint_sac_tok3,2.4219980239868164
9547,saint_sac_tok3,2.5786285400390625
9548,saint_sac_tok3,1.375101089477539
9549,saint_sac_tok3,0.49743080139160156
9550,saint_sac_tok3,1.82000732421875
9551,saint_sac_tok3,1.5283546447753906
9552,saint_sac_tok3,4.460436820983887
9553,saint_sac_tok3,0.6289768218994141
9554,saint_sac_tok3,1.7392940521240234
9555,saint_sac_tok3,3.528890609741211
9556,saint_sac_tok3,1.6213483810424805
9557,saint_sac_tok3,2.258638381958008
9558,saint_sac_tok3,4.348316192626953
9559,saint_sac_tok3,0.9169435501098633
9560,saint_sac_tok3,1.375528335571289
9561,saint_sac_tok3,2.700592041015625
9562,saint_sac_tok3,3.7401742935180664
9563,saint_sac_tok3,2.6676979064941406
9564,saint_sac_tok3,1.2460689544677734
9565,saint_sac_tok3,1.98828125
9566,saint_sac_tok3,1.8513946533203125
9567,saint_sac_tok3,3.601125717163086
9568,saint_sac_tok3,5.068246841430664
9569,saint_sac_tok3,1.7103872299194336
9570,saint_sac_tok3,3.7730865478515625
9571,saint_sac_tok3,3.5517072677612305
9572,saint_sac_tok3,2.6491708755493164
9573,saint_sac_tok3,2.5024614334106445
9574,saint_sac_tok3,0.9237575531005859
9575,saint_sac_tok3,0.9541568756103516
9576,saint_sac_tok3,-1.9105329513549805
9577,saint_sac_tok3,2.434185028076172
9578,saint_sac_tok3,8.096277236938477
9579,saint_sac_tok3,1.633732795715332
9580,saint_sac_tok3,2.597593307495117
9581,saint_sac_tok3,2.8553638458251953
9582,saint_sac_tok3,2.421964645385742
9583,saint_sac_tok3,2.6356306076049805
9584,saint_sac_tok3,0.03476142883300781
9585,saint_sac_tok3,0.8170108795166016
9586,saint_sac_tok3,2.517141342163086
9587,saint_sac_tok3,2.7760696411132812
9588,saint_sac_tok3,2.123311996459961
9589,saint_sac_tok3,2.9318857192993164
9590,saint_sac_tok3,1.0519962310791016
9591,saint_sac_tok3,2.591555595397949
9592,saint_sac_tok3,1.2536325454711914
9593,saint_sac_tok3,3.5992212295532227
9594,saint_sac_tok3,2.4706926345825195
9595,saint_sac_tok3,1.414693832397461
9596,saint_sac_tok3,4.310079574584961
9597,saint_sac_tok3,1.5017547607421875
9598,saint_sac_tok3,1.9035453796386719
9599,saint_sac_tok3,1.4560184478759766
9600,saint_sac_tok3,1.0701560974121094
9601,saint_sac_tok3,2.6486968994140625
9602,saint_sac_tok3,2.059589385986328
9603,saint_sac_tok3,4.3383378982543945
9604,saint_sac_tok3,5.298717498779297
9605,saint_sac_tok3,3.2192134857177734
9606,saint_sac_tok3,1.515573501586914
9607,saint_sac_tok3,2.952249526977539
9608,saint_sac_tok3,3.8771495819091797
9609,saint_sac_tok3,3.9927330017089844
9610,saint_sac_tok3,3.2246828079223633
9611,saint_sac_tok3,1.4797792434692383
9612,saint_sac_tok3,3.1136398315429688
9613,saint_sac_tok3,3.715259552001953
9614,saint_sac_tok3,2.741908073425293
9615,saint_sac_tok3,3.8641767501831055
9616,saint_sac_tok3,3.4592275619506836
9617,saint_sac_tok3,4.568164825439453
9618,saint_sac_tok3,0.1389322280883789
9619,saint_sac_tok3,2.235767364501953
9620,saint_sac_tok3,2.4293880462646484
9621,saint_sac_tok3,-0.18009471893310547
9622,saint_sac_tok3,3.619497299194336
9623,saint_sac_tok3,2.3209152221679688
9624,saint_sac_tok3,2.591327667236328
9625,saint_sac_tok3,1.762995719909668
9626,saint_sac_tok3,3.7233095169067383
9627,saint_sac_tok3,2.2795801162719727
9628,saint_sac_tok3,3.012417793273926
9629,saint_sac_tok3,3.7017574310302734
9630,saint_sac_tok3,2.3647098541259766
9631,saint_sac_tok3,1.714360237121582
9632,saint_sac_tok3,1.959111213684082
9633,saint_sac_tok3,0.369598388671875
9634,saint_sac_tok3,0.6350536346435547
9635,saint_sac_tok3,1.5654850006103516
9636,saint_sac_tok3,4.6699371337890625
9637,saint_sac_tok3,5.029839992523193
9638,saint_sac_tok3,3.5577926635742188
9639,saint_sac_tok3,1.7787561416625977
9640,saint_sac_tok3,2.114039421081543
9641,saint_sac_tok3,5.063432693481445
9642,saint_sac_tok3,2.0872840881347656
9643,saint_sac_tok3,1.4705257415771484
9644,saint_sac_tok3,0.3277149200439453
9645,saint_sac_tok3,3.6241531372070312
9646,saint_sac_tok3,0.4304323196411133
9647,saint_sac_tok3,1.3203601837158203
9648,saint_sac_tok3,1.7184333801269531
9649,saint_sac_tok3,1.5171499252319336
9650,saint_sac_tok3,5.095545768737793
9651,saint_sac_tok3,2.695222854614258
9652,saint_sac_tok3,2.100094795227051
9653,saint_sac_tok3,3.9486398696899414
9654,saint_sac_tok3,3.301607131958008
9655,saint_sac_tok3,2.170482635498047
9656,saint_sac_tok3,5.99163818359375
9657,saint_sac_tok3,1.7181282043457031
9658,saint_sac_tok3,3.826746940612793
9659,saint_sac_tok3,1.6389875411987305
9660,saint_sac_tok3,2.872321128845215
9661,saint_sac_tok3,2.306673049926758
9662,saint_sac_tok3,1.590188980102539
9663,saint_sac_tok3,1.6167144775390625
9664,saint_sac_tok3,2.204697608947754
9665,saint_sac_tok3,1.611546516418457
9666,saint_sac_tok3,1.932577133178711
9667,saint_sac_tok3,5.253992080688477
9668,saint_sac_tok3,4.704190254211426
9669,saint_sac_tok3,6.217748641967773
9670,saint_sac_tok3,3.5439863204956055
9671,saint_sac_tok3,2.4200429916381836
9672,saint_sac_tok3,0.35112762451171875
9673,saint_sac_tok3,2.5293359756469727
9674,saint_sac_tok3,1.5581588745117188
9675,saint_sac_tok3,2.38156795501709
9676,saint_sac_tok3,2.579522132873535
9677,saint_sac_tok3,1.3039665222167969
9678,saint_sac_tok3,0.9667243957519531
9679,saint_sac_tok3,2.3351926803588867
9680,saint_sac_tok3,2.3874263763427734
9681,saint_sac_tok3,3.220022201538086
9682,saint_sac_tok3,4.269464492797852
9683,saint_sac_tok3,3.556018829345703
9684,saint_sac_tok3,2.8846473693847656
9685,saint_sac_tok3,1.386251449584961
9686,saint_sac_tok3,3.413203239440918
9687,saint_sac_tok3,5.797292709350586
9688,saint_sac_tok3,5.230233192443848
9689,saint_sac_tok3,1.6384611129760742
9690,saint_sac_tok3,1.1187305450439453
9691,saint_sac_tok3,1.6764211654663086
9692,saint_sac_tok3,1.6723651885986328
9693,saint_sac_tok3,3.1562280654907227
9694,saint_sac_tok3,8.48884391784668
9695,saint_sac_tok3,1.2142972946166992
9696,saint_sac_tok3,1.9410419464111328
9697,saint_sac_tok3,1.181879997253418
9698,saint_sac_tok3,1.3761119842529297
9699,saint_sac_tok3,2.3756237030029297
9700,saint_sac_tok3,3.9907703399658203
9701,saint_sac_tok3,0.544123649597168
9702,saint_sac_tok3,4.431692123413086
9703,saint_sac_tok3,1.0193424224853516
9704,saint_sac_tok3,3.542652130126953
9705,saint_sac_tok3,3.4000186920166016
9706,saint_sac_tok3,1.8123846054077148
9707,saint_sac_tok3,2.7291784286499023
9708,saint_sac_tok3,1.6297664642333984
9709,saint_sac_tok3,1.6526060104370117
9710,saint_sac_tok3,2.1693191528320312
9711,saint_sac_tok3,1.8565921783447266
9712,saint_sac_tok3,2.5170059204101562
9713,saint_sac_tok3,2.927750587463379
9714,saint_sac_tok3,5.142263412475586
9715,saint_sac_tok3,1.6823911666870117
9716,saint_sac_tok3,3.8074264526367188
9717,saint_sac_tok3,2.5643396377563477
9718,saint_sac_tok3,1.570784568786621
9719,saint_sac_tok3,5.794469833374023
9720,saint_sac_tok3,1.8459606170654297
9721,saint_sac_tok3,7.064210891723633
9722,saint_sac_tok3,-0.3981752395629883
9723,saint_sac_tok3,2.2633533477783203
9724,saint_sac_tok3,1.4425687789916992
9725,saint_sac_tok3,4.145537376403809
9726,saint_sac_tok3,2.4576759338378906
9727,saint_sac_tok3,2.291238784790039
9728,saint_sac_tok3,2.674365997314453
9729,saint_sac_tok3,1.8723011016845703
9730,saint_sac_tok3,3.293893814086914
9731,saint_sac_tok3,2.609668731689453
9732,saint_sac_tok3,1.0207138061523438
9733,saint_sac_tok3,1.9889039993286133
9734,saint_sac_tok3,1.508737564086914
9735,saint_sac_tok3,2.8854618072509766
9736,saint_sac_tok3,2.4023752212524414
9737,saint_sac_tok3,4.335864067077637
9738,saint_sac_tok3,4.422829627990723
9739,saint_sac_tok3,1.4260826110839844
9740,saint_sac_tok3,0.4324798583984375
9741,saint_sac_tok3,1.8123664855957031
9742,saint_sac_tok3,3.103008270263672
9743,saint_sac_tok3,3.873149871826172
9744,saint_sac_tok3,1.9726905822753906
9745,saint_sac_tok3,1.4543323516845703
9746,saint_sac_tok3,6.265732765197754
9747,saint_sac_tok3,2.283294677734375
9748,saint_sac_tok3,2.6932144165039062
9749,saint_sac_tok3,4.035929203033447
9750,saint_sac_tok3,1.3939399719238281
9751,saint_sac_tok3,3.011617660522461
9752,saint_sac_tok3,2.3216476440429688
9753,saint_sac_tok3,1.2161455154418945
9754,saint_sac_tok3,2.6333608627319336
9755,saint_sac_tok3,2.959134101867676
9756,saint_sac_tok3,1.687124252319336
9757,saint_sac_tok3,5.075148582458496
9758,saint_sac_tok3,3.9935855865478516
9759,saint_sac_tok3,3.899380683898926
9760,saint_sac_tok3,0.8785390853881836
9761,saint_sac_tok3,1.9746875762939453
9762,saint_sac_tok3,2.0044422149658203
9763,saint_sac_tok3,2.6197547912597656
9764,saint_sac_tok3,1.7736759185791016
9765,saint_sac_tok3,2.917285919189453
9766,saint_sac_tok3,3.5996341705322266
9767,saint_sac_tok3,1.7229728698730469
9768,saint_sac_tok3,1.4559688568115234
9769,saint_sac_tok3,4.341526031494141
9770,saint_sac_tok3,0.3868560791015625
9771,saint_sac_tok3,1.461014747619629
9772,saint_sac_tok3,2.671487808227539
9773,saint_sac_tok3,1.6410417556762695
9774,saint_sac_tok3,2.9656982421875
9775,saint_sac_tok3,1.933598518371582
9776,saint_sac_tok3,1.202589988708496
9777,saint_sac_tok3,2.2200374603271484
9778,saint_sac_tok3,1.7410717010498047
9779,saint_sac_tok3,1.8005428314208984
9780,saint_sac_tok3,2.93923282623291
9781,saint_sac_tok3,3.146725654602051
9782,saint_sac_tok3,2.316822052001953
9783,saint_sac_tok3,1.8288240432739258
9784,saint_sac_tok3,1.5074129104614258
9785,saint_sac_tok3,3.1440038681030273
9786,saint_sac_tok3,2.4438486099243164
9787,saint_sac_tok3,3.4405288696289062
9788,saint_sac_tok3,2.045260429382324
9789,saint_sac_tok3,5.050642013549805
9790,saint_sac_tok3,1.2837285995483398
9791,saint_sac_tok3,1.7304496765136719
9792,saint_sac_tok3,1.3390226364135742
9793,saint_sac_tok3,0.9499225616455078
9794,saint_sac_tok3,1.7690391540527344
9795,saint_sac_tok3,2.8686304092407227
9796,saint_sac_tok3,1.2205448150634766
9797,saint_sac_tok3,1.6905460357666016
9798,saint_sac_tok3,2.7436695098876953
9799,saint_sac_tok3,2.2993125915527344
9800,saint_sac_tok3,-0.5486984252929688
9801,saint_sac_tok3,2.0632381439208984
9802,saint_sac_tok3,3.9434852600097656
9803,saint_sac_tok3,2.087662696838379
9804,saint_sac_tok3,3.9204769134521484
9805,saint_sac_tok3,7.279081344604492
9806,saint_sac_tok3,2.121771812438965
9807,saint_sac_tok3,1.9111642837524414
9808,saint_sac_tok3,4.3610382080078125
9809,saint_sac_tok3,2.3335161209106445
9810,saint_sac_tok3,1.6343622207641602
9811,saint_sac_tok3,2.2735681533813477
9812,saint_sac_tok3,1.4608631134033203
9813,saint_sac_tok3,4.928510665893555
9814,saint_sac_tok3,1.030898094177246
9815,saint_sac_tok3,2.0259904861450195
9816,saint_sac_tok3,3.3076000213623047
9817,saint_sac_tok3,2.412724494934082
9818,saint_sac_tok3,7.894374847412109
9819,saint_sac_tok3,1.9634733200073242
9820,saint_sac_tok3,2.458266258239746
9821,saint_sac_tok3,2.1627120971679688
9822,saint_sac_tok3,2.561163902282715
9823,saint_sac_tok3,-0.15907764434814453
9824,saint_sac_tok3,5.710201263427734
9825,saint_sac_tok3,3.251016616821289
9826,saint_sac_tok3,1.8852901458740234
9827,saint_sac_tok3,6.944960594177246
9828,saint_sac_tok3,0.6057014465332031
9829,saint_sac_tok3,3.0869293212890625
9830,saint_sac_tok3,3.8977746963500977
9831,saint_sac_tok3,2.115969657897949
9832,saint_sac_tok3,3.4725255966186523
9833,saint_sac_tok3,3.8382530212402344
9834,saint_sac_tok3,1.8362903594970703
9835,saint_sac_tok3,0.9492425918579102
9836,saint_sac_tok3,2.9658679962158203
9837,saint_sac_tok3,3.7848148345947266
9838,saint_sac_tok3,1.8898258209228516
9839,saint_sac_tok3,0.8512601852416992
9840,saint_sac_tok3,1.9130210876464844
9841,saint_sac_tok3,3.3286142349243164
9842,saint_sac_tok3,0.8360519409179688
9843,saint_sac_tok3,0.06091117858886719
9844,saint_sac_tok3,3.547914505004883
9845,saint_sac_tok3,0.08376312255859375
9846,saint_sac_tok3,5.703123092651367
9847,saint_sac_tok3,2.3699769973754883
9848,saint_sac_tok3,1.399397850036621
9849,saint_sac_tok3,2.8295278549194336
9850,saint_sac_tok3,3.711613655090332
9851,saint_sac_tok3,4.376407623291016
9852,saint_sac_tok3,0.585688591003418
9853,saint_sac_tok3,0.41320228576660156
9854,saint_sac_tok3,2.5066375732421875
9855,saint_sac_tok3,2.5805749893188477
9856,saint_sac_tok3,2.641533851623535
9857,saint_sac_tok3,1.7416057586669922
9858,saint_sac_tok3,3.180985450744629
9859,saint_sac_tok3,2.3959741592407227
9860,saint_sac_tok3,2.0747289657592773
9861,saint_sac_tok3,3.0751752853393555
9862,saint_sac_tok3,1.7030229568481445
9863,saint_sac_tok3,2.3748273849487305
9864,saint_sac_tok3,1.8666658401489258
9865,saint_sac_tok3,3.924306869506836
9866,saint_sac_tok3,2.235502243041992
9867,saint_sac_tok3,6.836272239685059
9868,saint_sac_tok3,3.507899284362793
9869,saint_sac_tok3,1.8662614822387695
9870,saint_sac_tok3,1.2839584350585938
9871,saint_sac_tok3,1.9988393783569336
9872,saint_sac_tok3,1.1593647003173828
9873,saint_sac_tok3,2.922391891479492
9874,saint_sac_tok3,1.8617734909057617
9875,saint_sac_tok3,2.3814001083374023
9876,saint_sac_tok3,2.699521064758301
9877,saint_sac_tok3,1.6696033477783203
9878,saint_sac_tok3,1.7976655960083008
9879,saint_sac_tok3,5.205802917480469
9880,saint_sac_tok3,2.5727968215942383
9881,saint_sac_tok3,1.1770648956298828
9882,saint_sac_tok3,4.115583419799805
9883,saint_sac_tok3,2.967951774597168
9884,saint_sac_tok3,2.6673173904418945
9885,saint_sac_tok3,0.9854030609130859
9886,saint_sac_tok3,1.6395044326782227
9887,saint_sac_tok3,4.791802406311035
9888,saint_sac_tok3,2.069464683532715
9889,saint_sac_tok3,2.730466842651367
9890,saint_sac_tok3,3.4752893447875977
9891,saint_sac_tok3,2.8882741928100586
9892,saint_sac_tok3,1.9046688079833984
9893,saint_sac_tok3,1.4107418060302734
9894,saint_sac_tok3,1.860250473022461
9895,saint_sac_tok3,2.0080060958862305
9896,saint_sac_tok3,3.907867431640625
9897,saint_sac_tok3,1.4117240905761719
9898,saint_sac_tok3,0.7288627624511719
9899,saint_sac_tok3,3.911858558654785
9900,saint_sac_tok3,0.9366970062255859
9901,saint_sac_tok3,4.515632629394531
9902,saint_sac_tok3,3.0658721923828125
9903,saint_sac_tok3,0.7335834503173828
9904,saint_sac_tok3,2.874225616455078
9905,saint_sac_tok3,5.388156890869141
9906,saint_sac_tok3,2.228363037109375
9907,saint_sac_tok3,4.840462684631348
9908,saint_sac_tok3,2.534552574157715
9909,saint_sac_tok3,2.902552604675293
9910,saint_sac_tok3,1.4588518142700195
9911,saint_sac_tok3,2.2147722244262695
9912,saint_sac_tok3,6.518854141235352
9913,saint_sac_tok3,3.158627986907959
9914,saint_sac_tok3,5.657597541809082
9915,saint_sac_tok3,5.522303581237793
9916,saint_sac_tok3,2.3699169158935547
9917,saint_sac_tok3,1.7063684463500977
9918,saint_sac_tok3,1.5595893859863281
9919,saint_sac_tok3,1.5714282989501953
9920,saint_sac_tok3,1.4220895767211914
9921,saint_sac_tok3,2.2249069213867188
9922,saint_sac_tok3,2.68721866607666
9923,saint_sac_tok3,1.5578279495239258
9924,saint_sac_tok3,3.167483329772949
9925,saint_sac_tok3,0.7594575881958008
9926,saint_sac_tok3,0.7712736129760742
9927,saint_sac_tok3,2.5100860595703125
9928,saint_sac_tok3,4.8400115966796875
9929,saint_sac_tok3,0.2979450225830078
9930,saint_sac_tok3,5.205685615539551
9931,saint_sac_tok3,2.8058624267578125
9932,saint_sac_tok3,2.815540313720703
9933,saint_sac_tok3,2.529463768005371
9934,saint_sac_tok3,1.7701473236083984
9935,saint_sac_tok3,3.4572200775146484
9936,saint_sac_tok3,1.4525384902954102
9937,saint_sac_tok3,0.38653564453125
9938,saint_sac_tok3,2.603588104248047
9939,saint_sac_tok3,2.1087608337402344
9940,saint_sac_tok3,0.83953857421875
9941,saint_sac_tok3,3.429001808166504
9942,saint_sac_tok3,4.9329071044921875
9943,saint_sac_tok3,0.8428382873535156
9944,saint_sac_tok3,6.320842742919922
9945,saint_sac_tok3,4.909491539001465
9946,saint_sac_tok3,3.4046077728271484
9947,saint_sac_tok3,1.733372688293457
9948,saint_sac_tok3,1.850381851196289
9949,saint_sac_tok3,1.4675407409667969
9950,saint_sac_tok3,4.352387428283691
9951,saint_sac_tok3,1.6928634643554688
9952,saint_sac_tok3,1.7512149810791016
9953,saint_sac_tok3,6.539675712585449
9954,saint_sac_tok3,0.5125694274902344
9955,saint_sac_tok3,0.6261634826660156
9956,saint_sac_tok3,1.9792556762695312
9957,saint_sac_tok3,0.14031219482421875
9958,saint_sac_tok3,5.170427322387695
9959,saint_sac_tok3,2.374363899230957
9960,saint_sac_tok3,1.87615966796875
9961,saint_sac_tok3,1.9201059341430664
9962,saint_sac_tok3,2.8700170516967773
9963,saint_sac_tok3,2.803121566772461
9964,saint_sac_tok3,1.531881332397461
9965,saint_sac_tok3,2.9022769927978516
9966,saint_sac_tok3,2.543429374694824
9967,saint_sac_tok3,2.2321910858154297
9968,saint_sac_tok3,2.10347843170166
9969,saint_sac_tok3,2.9869680404663086
9970,saint_sac_tok3,2.576190948486328
9971,saint_sac_tok3,1.722442626953125
9972,saint_sac_tok3,1.8909101486206055
9973,saint_sac_tok3,2.40865421295166
9974,saint_sac_tok3,0.6292133331298828
9975,saint_sac_tok3,1.9334535598754883
9976,saint_sac_tok3,0.8337612152099609
9977,saint_sac_tok3,3.4940662384033203
9978,saint_sac_tok3,4.173221588134766
9979,saint_sac_tok3,0.5211524963378906
9980,saint_sac_tok3,2.3991737365722656
9981,saint_sac_tok3,1.7435312271118164
9982,saint_sac_tok3,3.626689910888672
9983,saint_sac_tok3,1.7309207916259766
9984,saint_sac_tok3,2.3183374404907227
9985,saint_sac_tok3,1.6625328063964844
9986,saint_sac_tok3,0.9199895858764648
9987,saint_sac_tok3,1.7969121932983398
9988,saint_sac_tok3,2.3165292739868164
9989,saint_sac_tok3,6.176741600036621
9990,saint_sac_tok3,2.3629884719848633
9991,saint_sac_tok3,0.9872264862060547
9992,saint_sac_tok3,1.8572139739990234
9993,saint_sac_tok3,1.7085380554199219
9994,saint_sac_tok3,0.5690984725952148
9995,saint_sac_tok3,-0.042883872985839844
9996,saint_sac_tok3,2.116535186767578
9997,saint_sac_tok3,3.185744285583496
9998,saint_sac_tok3,1.2237567901611328
9999,saint_sac_tok3,4.577463150024414
10000,saint_sac_tok3,3.4600753784179688
