episode,algo,episode_return
1,saint_qmix,-0.42933082580566406
2,saint_qmix,0.353271484375
3,saint_qmix,0.08747291564941406
4,saint_qmix,-0.8651046752929688
5,saint_qmix,1.3932523727416992
6,saint_qmix,-0.24005699157714844
7,saint_qmix,1.7221765518188477
8,saint_qmix,-0.15140533447265625
9,saint_qmix,-0.33743810653686523
10,saint_qmix,-0.4946317672729492
11,saint_qmix,0.7139797210693359
12,saint_qmix,0.22221755981445312
13,saint_qmix,0.8349971771240234
14,saint_qmix,1.8030471801757812
15,saint_qmix,-0.7924900054931641
16,saint_qmix,0.38044309616088867
17,saint_qmix,-1.3110580444335938
18,saint_qmix,-0.099456787109375
19,saint_qmix,0.022568702697753906
20,saint_qmix,0.3042631149291992
21,saint_qmix,-1.0434703826904297
22,saint_qmix,-0.5786724090576172
23,saint_qmix,0.2782115936279297
24,saint_qmix,0.16613197326660156
25,saint_qmix,1.3518657684326172
26,saint_qmix,0.5180158615112305
27,saint_qmix,0.6639604568481445
28,saint_qmix,0.4691352844238281
29,saint_qmix,-0.09904289245605469
30,saint_qmix,-0.5377216339111328
31,saint_qmix,0.07475852966308594
32,saint_qmix,0.24808311462402344
33,saint_qmix,0.29362964630126953
34,saint_qmix,-1.054020881652832
35,saint_qmix,0.5851707458496094
36,saint_qmix,-0.037952423095703125
37,saint_qmix,0.234954833984375
38,saint_qmix,0.3249645233154297
39,saint_qmix,-0.2117462158203125
40,saint_qmix,-0.12300491333007812
41,saint_qmix,2.8035974502563477
42,saint_qmix,0.2571897506713867
43,saint_qmix,-0.2380666732788086
44,saint_qmix,0.06705284118652344
45,saint_qmix,-0.8107404708862305
46,saint_qmix,-0.6865196228027344
47,saint_qmix,0.9576377868652344
48,saint_qmix,-0.09574508666992188
49,saint_qmix,0.1289997100830078
50,saint_qmix,-0.01592254638671875
51,saint_qmix,-0.22419261932373047
52,saint_qmix,-0.07222366333007812
53,saint_qmix,0.5389833450317383
54,saint_qmix,-0.092071533203125
55,saint_qmix,1.285569190979004
56,saint_qmix,-0.06261920928955078
57,saint_qmix,2.100322723388672
58,saint_qmix,-1.0005102157592773
59,saint_qmix,1.4375667572021484
60,saint_qmix,0.2937173843383789
61,saint_qmix,0.5978059768676758
62,saint_qmix,0.7533206939697266
63,saint_qmix,-0.056262969970703125
64,saint_qmix,-0.11334609985351562
65,saint_qmix,-0.24180889129638672
66,saint_qmix,0.6677513122558594
67,saint_qmix,-0.16983985900878906
68,saint_qmix,0.45593833923339844
69,saint_qmix,0.03219318389892578
70,saint_qmix,-0.3257713317871094
71,saint_qmix,0.19165706634521484
72,saint_qmix,-0.2397603988647461
73,saint_qmix,0.26149463653564453
74,saint_qmix,-2.6207122802734375
75,saint_qmix,-0.40029335021972656
76,saint_qmix,0.0908041000366211
77,saint_qmix,-0.2504720687866211
78,saint_qmix,-0.6086540222167969
79,saint_qmix,0.23389816284179688
80,saint_qmix,-1.015425682067871
81,saint_qmix,0.1586465835571289
82,saint_qmix,0.47922801971435547
83,saint_qmix,0.1799459457397461
84,saint_qmix,-1.2333860397338867
85,saint_qmix,-2.5419864654541016
86,saint_qmix,0.13377761840820312
87,saint_qmix,-0.08267974853515625
88,saint_qmix,0.05141925811767578
89,saint_qmix,-0.34485626220703125
90,saint_qmix,-0.009540557861328125
91,saint_qmix,-1.6168642044067383
92,saint_qmix,-0.23392581939697266
93,saint_qmix,0.9725494384765625
94,saint_qmix,0.29722023010253906
95,saint_qmix,-0.2143840789794922
96,saint_qmix,0.07738971710205078
97,saint_qmix,0.6770906448364258
98,saint_qmix,-0.11037635803222656
99,saint_qmix,-0.5535449981689453
100,saint_qmix,0.0752248764038086
101,saint_qmix,-0.6172685623168945
102,saint_qmix,-0.12978744506835938
103,saint_qmix,1.1826057434082031
104,saint_qmix,0.4811592102050781
105,saint_qmix,0.5192632675170898
106,saint_qmix,1.2766876220703125
107,saint_qmix,-0.4569263458251953
108,saint_qmix,0.044936180114746094
109,saint_qmix,-1.0578746795654297
110,saint_qmix,-0.03395366668701172
111,saint_qmix,1.2545461654663086
112,saint_qmix,2.3575286865234375
113,saint_qmix,-1.8564062118530273
114,saint_qmix,0.0845937728881836
115,saint_qmix,0.5764484405517578
116,saint_qmix,0.6059360504150391
117,saint_qmix,-0.034958839416503906
118,saint_qmix,-0.2104167938232422
119,saint_qmix,-0.2366466522216797
120,saint_qmix,1.6876487731933594
121,saint_qmix,0.43869972229003906
122,saint_qmix,-1.2193880081176758
123,saint_qmix,-0.32836437225341797
124,saint_qmix,-0.5525388717651367
125,saint_qmix,-0.5466461181640625
126,saint_qmix,0.4869852066040039
127,saint_qmix,0.027098655700683594
128,saint_qmix,0.08219146728515625
129,saint_qmix,-0.1483001708984375
130,saint_qmix,0.02990436553955078
131,saint_qmix,-0.3039999008178711
132,saint_qmix,0.2068004608154297
133,saint_qmix,0.08999824523925781
134,saint_qmix,1.1498308181762695
135,saint_qmix,-1.3669981956481934
136,saint_qmix,-0.45215606689453125
137,saint_qmix,0.4840412139892578
138,saint_qmix,0.02450275421142578
139,saint_qmix,-1.1368255615234375
140,saint_qmix,0.17288494110107422
141,saint_qmix,-0.5149288177490234
142,saint_qmix,-0.3951587677001953
143,saint_qmix,-0.7784233093261719
144,saint_qmix,-0.39815616607666016
145,saint_qmix,-0.17417049407958984
146,saint_qmix,0.3123922348022461
147,saint_qmix,0.48842716217041016
148,saint_qmix,-0.3178987503051758
149,saint_qmix,0.047066688537597656
150,saint_qmix,0.2120199203491211
151,saint_qmix,-0.3237648010253906
152,saint_qmix,0.8868799209594727
153,saint_qmix,0.2692422866821289
154,saint_qmix,-0.32787322998046875
155,saint_qmix,-0.6938037872314453
156,saint_qmix,0.6772270202636719
157,saint_qmix,0.3599233627319336
158,saint_qmix,-0.0073108673095703125
159,saint_qmix,0.4685783386230469
160,saint_qmix,-0.899815559387207
161,saint_qmix,-0.2431955337524414
162,saint_qmix,0.8996505737304688
163,saint_qmix,1.2256488800048828
164,saint_qmix,0.7458915710449219
165,saint_qmix,-0.4184856414794922
166,saint_qmix,0.4465675354003906
167,saint_qmix,0.1188507080078125
168,saint_qmix,-0.9052467346191406
169,saint_qmix,-0.40136051177978516
170,saint_qmix,-0.6073102951049805
171,saint_qmix,0.5053319931030273
172,saint_qmix,0.22423839569091797
173,saint_qmix,-0.2997093200683594
174,saint_qmix,-0.036910057067871094
175,saint_qmix,-0.42983245849609375
176,saint_qmix,0.4084911346435547
177,saint_qmix,0.9117164611816406
178,saint_qmix,-0.0904226303100586
179,saint_qmix,2.354182243347168
180,saint_qmix,0.30872154235839844
181,saint_qmix,-0.6575279235839844
182,saint_qmix,-0.5461797714233398
183,saint_qmix,1.1479778289794922
184,saint_qmix,0.8236083984375
185,saint_qmix,-0.2371835708618164
186,saint_qmix,1.4366769790649414
187,saint_qmix,-0.5185070037841797
188,saint_qmix,0.42294979095458984
189,saint_qmix,1.5444250106811523
190,saint_qmix,0.06675243377685547
191,saint_qmix,-1.3306903839111328
192,saint_qmix,-0.10486793518066406
193,saint_qmix,0.2107257843017578
194,saint_qmix,0.6070270538330078
195,saint_qmix,-0.5448055267333984
196,saint_qmix,0.050586700439453125
197,saint_qmix,0.03752708435058594
198,saint_qmix,-0.03700733184814453
199,saint_qmix,0.030982017517089844
200,saint_qmix,1.1230649948120117
201,saint_qmix,-0.2937507629394531
202,saint_qmix,-0.19130516052246094
203,saint_qmix,0.2647562026977539
204,saint_qmix,0.19795989990234375
205,saint_qmix,1.830622673034668
206,saint_qmix,0.9683265686035156
207,saint_qmix,1.046046257019043
208,saint_qmix,-0.2982769012451172
209,saint_qmix,-1.6819467544555664
210,saint_qmix,0.5876007080078125
211,saint_qmix,0.2809619903564453
212,saint_qmix,-0.1698780059814453
213,saint_qmix,-0.3536996841430664
214,saint_qmix,0.2379894256591797
215,saint_qmix,-0.314394474029541
216,saint_qmix,0.3935670852661133
217,saint_qmix,-0.03957653045654297
218,saint_qmix,-0.4276752471923828
219,saint_qmix,0.9038524627685547
220,saint_qmix,-0.06529045104980469
221,saint_qmix,0.16997241973876953
222,saint_qmix,0.40370655059814453
223,saint_qmix,1.6817378997802734
224,saint_qmix,4.60981559753418
225,saint_qmix,0.6806211471557617
226,saint_qmix,0.6043910980224609
227,saint_qmix,0.2663712501525879
228,saint_qmix,0.15857505798339844
229,saint_qmix,0.854496955871582
230,saint_qmix,0.2251582145690918
231,saint_qmix,0.5678873062133789
232,saint_qmix,2.2597007751464844
233,saint_qmix,-0.3315763473510742
234,saint_qmix,-0.9141092300415039
235,saint_qmix,0.8282299041748047
236,saint_qmix,-0.8581132888793945
237,saint_qmix,0.8905782699584961
238,saint_qmix,0.7886638641357422
239,saint_qmix,-0.6543550491333008
240,saint_qmix,0.40850353240966797
241,saint_qmix,0.07127666473388672
242,saint_qmix,-0.8829431533813477
243,saint_qmix,0.9151887893676758
244,saint_qmix,1.179239273071289
245,saint_qmix,0.0814352035522461
246,saint_qmix,-0.8405637741088867
247,saint_qmix,0.1305084228515625
248,saint_qmix,-0.15050697326660156
249,saint_qmix,0.037891387939453125
250,saint_qmix,0.14188480377197266
251,saint_qmix,0.15176010131835938
252,saint_qmix,-2.4338674545288086
253,saint_qmix,-0.3398008346557617
254,saint_qmix,-0.14606952667236328
255,saint_qmix,2.614919662475586
256,saint_qmix,0.41517066955566406
257,saint_qmix,-0.4475851058959961
258,saint_qmix,0.2531623840332031
259,saint_qmix,0.2897825241088867
260,saint_qmix,0.3207578659057617
261,saint_qmix,0.48279380798339844
262,saint_qmix,-0.5731601715087891
263,saint_qmix,-0.4189624786376953
264,saint_qmix,0.05415916442871094
265,saint_qmix,1.0901117324829102
266,saint_qmix,-0.037405967712402344
267,saint_qmix,-1.169210433959961
268,saint_qmix,-0.014188766479492188
269,saint_qmix,0.3419332504272461
270,saint_qmix,-0.3578042984008789
271,saint_qmix,-0.34724998474121094
272,saint_qmix,-3.6100411415100098
273,saint_qmix,2.020538330078125
274,saint_qmix,0.2857961654663086
275,saint_qmix,-0.4967842102050781
276,saint_qmix,0.36916637420654297
277,saint_qmix,0.44625091552734375
278,saint_qmix,-0.34431934356689453
279,saint_qmix,0.28911685943603516
280,saint_qmix,-0.7838850021362305
281,saint_qmix,-0.32410240173339844
282,saint_qmix,0.1863574981689453
283,saint_qmix,0.36802101135253906
284,saint_qmix,0.95166015625
285,saint_qmix,-0.04989814758300781
286,saint_qmix,0.9597969055175781
287,saint_qmix,0.14006900787353516
288,saint_qmix,-0.09823036193847656
289,saint_qmix,0.14530563354492188
290,saint_qmix,0.09526538848876953
291,saint_qmix,-1.0501794815063477
292,saint_qmix,-0.3451061248779297
293,saint_qmix,-0.021318435668945312
294,saint_qmix,-0.2523069381713867
295,saint_qmix,0.7066526412963867
296,saint_qmix,-0.17635822296142578
297,saint_qmix,-0.10726261138916016
298,saint_qmix,2.010774612426758
299,saint_qmix,0.2634458541870117
300,saint_qmix,-0.16234397888183594
301,saint_qmix,0.5979833602905273
302,saint_qmix,1.0289859771728516
303,saint_qmix,3.5215330123901367
304,saint_qmix,-0.9700050354003906
305,saint_qmix,1.2538185119628906
306,saint_qmix,0.237335205078125
307,saint_qmix,0.1245107650756836
308,saint_qmix,0.17847728729248047
309,saint_qmix,-0.36649417877197266
310,saint_qmix,0.05328083038330078
311,saint_qmix,0.39492321014404297
312,saint_qmix,0.3511819839477539
313,saint_qmix,-0.7904453277587891
314,saint_qmix,0.4666099548339844
315,saint_qmix,-0.9717817306518555
316,saint_qmix,-0.027173995971679688
317,saint_qmix,-0.8425731658935547
318,saint_qmix,-0.014682769775390625
319,saint_qmix,-0.41481781005859375
320,saint_qmix,0.4758729934692383
321,saint_qmix,-0.9590568542480469
322,saint_qmix,0.5803813934326172
323,saint_qmix,0.6998043060302734
324,saint_qmix,2.067061424255371
325,saint_qmix,0.7740364074707031
326,saint_qmix,-0.09938526153564453
327,saint_qmix,-0.38083744049072266
328,saint_qmix,-1.4987573623657227
329,saint_qmix,0.6964492797851562
330,saint_qmix,-0.037464141845703125
331,saint_qmix,0.09853172302246094
332,saint_qmix,-0.7785406112670898
333,saint_qmix,0.9055709838867188
334,saint_qmix,0.08257102966308594
335,saint_qmix,1.4137496948242188
336,saint_qmix,0.052093505859375
337,saint_qmix,0.32903099060058594
338,saint_qmix,-0.1630535125732422
339,saint_qmix,0.6928229331970215
340,saint_qmix,-0.12297439575195312
341,saint_qmix,0.5693359375
342,saint_qmix,0.07610321044921875
343,saint_qmix,0.33037471771240234
344,saint_qmix,0.14806556701660156
345,saint_qmix,0.26064205169677734
346,saint_qmix,-1.688288688659668
347,saint_qmix,1.2378120422363281
348,saint_qmix,-0.24487876892089844
349,saint_qmix,0.46870994567871094
350,saint_qmix,0.8947229385375977
351,saint_qmix,0.870549201965332
352,saint_qmix,0.13135147094726562
353,saint_qmix,2.550342559814453
354,saint_qmix,-0.14783668518066406
355,saint_qmix,-0.7501506805419922
356,saint_qmix,1.856882095336914
357,saint_qmix,1.0980415344238281
358,saint_qmix,0.39521121978759766
359,saint_qmix,0.2972707748413086
360,saint_qmix,-1.3897619247436523
361,saint_qmix,0.20263957977294922
362,saint_qmix,-0.5084667205810547
363,saint_qmix,0.2155475616455078
364,saint_qmix,-1.2149848937988281
365,saint_qmix,0.9143190383911133
366,saint_qmix,-1.194127082824707
367,saint_qmix,1.4145898818969727
368,saint_qmix,-0.33031463623046875
369,saint_qmix,1.8657150268554688
370,saint_qmix,0.5524978637695312
371,saint_qmix,0.1064291000366211
372,saint_qmix,0.9515352249145508
373,saint_qmix,0.7603044509887695
374,saint_qmix,3.6083221435546875
375,saint_qmix,-0.627903938293457
376,saint_qmix,0.23981666564941406
377,saint_qmix,1.0864858627319336
378,saint_qmix,0.3704185485839844
379,saint_qmix,0.07284736633300781
380,saint_qmix,0.035536766052246094
381,saint_qmix,-0.027751922607421875
382,saint_qmix,-0.7769918441772461
383,saint_qmix,-1.2955293655395508
384,saint_qmix,0.05117988586425781
385,saint_qmix,1.3104591369628906
386,saint_qmix,0.21017932891845703
387,saint_qmix,3.050185203552246
388,saint_qmix,1.0823783874511719
389,saint_qmix,-0.1195211410522461
390,saint_qmix,0.36881446838378906
391,saint_qmix,-0.27944087982177734
392,saint_qmix,0.015146255493164062
393,saint_qmix,-0.5712261199951172
394,saint_qmix,0.7548999786376953
395,saint_qmix,0.09646129608154297
396,saint_qmix,0.9688224792480469
397,saint_qmix,0.39364051818847656
398,saint_qmix,0.9084205627441406
399,saint_qmix,0.5602188110351562
400,saint_qmix,-0.34429931640625
401,saint_qmix,1.2067136764526367
402,saint_qmix,-0.5998649597167969
403,saint_qmix,0.29897594451904297
404,saint_qmix,-0.5722732543945312
405,saint_qmix,0.07525920867919922
406,saint_qmix,1.4833192825317383
407,saint_qmix,0.13010597229003906
408,saint_qmix,0.8439779281616211
409,saint_qmix,-0.6463623046875
410,saint_qmix,0.4677572250366211
411,saint_qmix,0.1573038101196289
412,saint_qmix,-0.4344301223754883
413,saint_qmix,0.11348342895507812
414,saint_qmix,0.31069278717041016
415,saint_qmix,0.1176290512084961
416,saint_qmix,-0.45571136474609375
417,saint_qmix,0.08130264282226562
418,saint_qmix,1.8245973587036133
419,saint_qmix,2.0113420486450195
420,saint_qmix,1.3686132431030273
421,saint_qmix,-0.07169818878173828
422,saint_qmix,0.7062797546386719
423,saint_qmix,0.8900823593139648
424,saint_qmix,0.8409147262573242
425,saint_qmix,0.11921882629394531
426,saint_qmix,0.4821653366088867
427,saint_qmix,-0.20540714263916016
428,saint_qmix,-0.9455499649047852
429,saint_qmix,0.4680304527282715
430,saint_qmix,0.35027027130126953
431,saint_qmix,0.4149923324584961
432,saint_qmix,0.33651256561279297
433,saint_qmix,0.2642202377319336
434,saint_qmix,-0.5034613609313965
435,saint_qmix,0.35516929626464844
436,saint_qmix,1.3608207702636719
437,saint_qmix,0.0060520172119140625
438,saint_qmix,0.19449329376220703
439,saint_qmix,0.2822885513305664
440,saint_qmix,1.0828189849853516
441,saint_qmix,-1.6100454330444336
442,saint_qmix,-0.34133434295654297
443,saint_qmix,0.6764459609985352
444,saint_qmix,0.17159652709960938
445,saint_qmix,-0.12001800537109375
446,saint_qmix,1.7702064514160156
447,saint_qmix,-0.06052970886230469
448,saint_qmix,-1.2543210983276367
449,saint_qmix,-0.6028156280517578
450,saint_qmix,0.37329959869384766
451,saint_qmix,-0.8948650360107422
452,saint_qmix,1.2387161254882812
453,saint_qmix,0.27831315994262695
454,saint_qmix,-0.5254144668579102
455,saint_qmix,0.3882560729980469
456,saint_qmix,-0.08793163299560547
457,saint_qmix,0.34725189208984375
458,saint_qmix,-0.13527202606201172
459,saint_qmix,-0.6387453079223633
460,saint_qmix,0.4269905090332031
461,saint_qmix,0.37151527404785156
462,saint_qmix,-0.19708728790283203
463,saint_qmix,-0.22452068328857422
464,saint_qmix,0.3820943832397461
465,saint_qmix,0.37115955352783203
466,saint_qmix,1.1419944763183594
467,saint_qmix,1.1297392845153809
468,saint_qmix,-0.23196887969970703
469,saint_qmix,0.9140958786010742
470,saint_qmix,0.16186904907226562
471,saint_qmix,-0.5379562377929688
472,saint_qmix,0.7872591018676758
473,saint_qmix,1.3944330215454102
474,saint_qmix,-0.5321712493896484
475,saint_qmix,0.4546232223510742
476,saint_qmix,-0.3852424621582031
477,saint_qmix,1.2083969116210938
478,saint_qmix,0.6754426956176758
479,saint_qmix,0.1744699478149414
480,saint_qmix,-0.9918355941772461
481,saint_qmix,0.2941265106201172
482,saint_qmix,0.9315395355224609
483,saint_qmix,0.7689886093139648
484,saint_qmix,0.0413055419921875
485,saint_qmix,1.0347156524658203
486,saint_qmix,0.49008941650390625
487,saint_qmix,0.38602161407470703
488,saint_qmix,0.12207508087158203
489,saint_qmix,-0.11600112915039062
490,saint_qmix,0.14691543579101562
491,saint_qmix,0.15326404571533203
492,saint_qmix,0.7612876892089844
493,saint_qmix,0.14090728759765625
494,saint_qmix,0.11334896087646484
495,saint_qmix,-0.19241046905517578
496,saint_qmix,1.8156213760375977
497,saint_qmix,-0.0978231430053711
498,saint_qmix,0.48099613189697266
499,saint_qmix,-0.6302127838134766
500,saint_qmix,1.4019041061401367
501,saint_qmix,-0.625239372253418
502,saint_qmix,0.6492624282836914
503,saint_qmix,0.5257434844970703
504,saint_qmix,1.1827926635742188
505,saint_qmix,0.910426139831543
506,saint_qmix,0.41998291015625
507,saint_qmix,0.051964759826660156
508,saint_qmix,0.5338592529296875
509,saint_qmix,0.2211437225341797
510,saint_qmix,1.0751028060913086
511,saint_qmix,-0.028573036193847656
512,saint_qmix,-1.4878768920898438
513,saint_qmix,1.6184649467468262
514,saint_qmix,1.6502370834350586
515,saint_qmix,-0.3071632385253906
516,saint_qmix,-0.046112060546875
517,saint_qmix,0.5740289688110352
518,saint_qmix,0.8536691665649414
519,saint_qmix,-0.24268245697021484
520,saint_qmix,-0.09438800811767578
521,saint_qmix,0.24000263214111328
522,saint_qmix,0.1085500717163086
523,saint_qmix,0.2581205368041992
524,saint_qmix,-0.58807373046875
525,saint_qmix,0.5281581878662109
526,saint_qmix,-0.40708255767822266
527,saint_qmix,0.4444999694824219
528,saint_qmix,0.5966024398803711
529,saint_qmix,0.11633968353271484
530,saint_qmix,0.18824100494384766
531,saint_qmix,0.27861595153808594
532,saint_qmix,-0.2259521484375
533,saint_qmix,0.13848209381103516
534,saint_qmix,0.6804533004760742
535,saint_qmix,0.9865665435791016
536,saint_qmix,-0.10076427459716797
537,saint_qmix,-0.8825359344482422
538,saint_qmix,0.13791275024414062
539,saint_qmix,0.7216119766235352
540,saint_qmix,-0.8789339065551758
541,saint_qmix,1.2551097869873047
542,saint_qmix,0.7009620666503906
543,saint_qmix,-0.4562520980834961
544,saint_qmix,2.0440540313720703
545,saint_qmix,-0.692805290222168
546,saint_qmix,1.023965835571289
547,saint_qmix,0.3551468849182129
548,saint_qmix,-0.539525032043457
549,saint_qmix,-0.4314727783203125
550,saint_qmix,0.35590648651123047
551,saint_qmix,-1.2545318603515625
552,saint_qmix,0.6079654693603516
553,saint_qmix,0.7972955703735352
554,saint_qmix,0.07770442962646484
555,saint_qmix,-0.4054450988769531
556,saint_qmix,0.7895660400390625
557,saint_qmix,-0.106292724609375
558,saint_qmix,-0.03434467315673828
559,saint_qmix,-1.4058809280395508
560,saint_qmix,0.1714611053466797
561,saint_qmix,1.155461311340332
562,saint_qmix,-0.17458820343017578
563,saint_qmix,-0.6910085678100586
564,saint_qmix,2.0661067962646484
565,saint_qmix,-0.32442378997802734
566,saint_qmix,0.42165565490722656
567,saint_qmix,2.5448174476623535
568,saint_qmix,1.133392333984375
569,saint_qmix,0.3186206817626953
570,saint_qmix,-0.4853658676147461
571,saint_qmix,-0.10249137878417969
572,saint_qmix,0.06296157836914062
573,saint_qmix,0.3071870803833008
574,saint_qmix,1.8929262161254883
575,saint_qmix,-0.05954170227050781
576,saint_qmix,0.4204378128051758
577,saint_qmix,-1.1056957244873047
578,saint_qmix,0.7028789520263672
579,saint_qmix,0.5489006042480469
580,saint_qmix,0.9652690887451172
581,saint_qmix,-0.0022382736206054688
582,saint_qmix,1.0583534240722656
583,saint_qmix,0.807805061340332
584,saint_qmix,-0.5903997421264648
585,saint_qmix,0.2032451629638672
586,saint_qmix,-1.1666536331176758
587,saint_qmix,0.77020263671875
588,saint_qmix,0.27997493743896484
589,saint_qmix,-0.5424833297729492
590,saint_qmix,0.061202049255371094
591,saint_qmix,0.05889606475830078
592,saint_qmix,0.4861726760864258
593,saint_qmix,-0.9468050003051758
594,saint_qmix,0.814305305480957
595,saint_qmix,-0.36609840393066406
596,saint_qmix,1.6201982498168945
597,saint_qmix,0.6732883453369141
598,saint_qmix,1.383230209350586
599,saint_qmix,0.14625835418701172
600,saint_qmix,0.2795600891113281
601,saint_qmix,0.3692665100097656
602,saint_qmix,0.6933994293212891
603,saint_qmix,-0.8212909698486328
604,saint_qmix,1.5690717697143555
605,saint_qmix,0.06451797485351562
606,saint_qmix,0.37990665435791016
607,saint_qmix,0.38106727600097656
608,saint_qmix,0.697962760925293
609,saint_qmix,0.5022487640380859
610,saint_qmix,0.15340042114257812
611,saint_qmix,-0.6887025833129883
612,saint_qmix,-0.091064453125
613,saint_qmix,0.2636880874633789
614,saint_qmix,-0.7913141250610352
615,saint_qmix,1.4589529037475586
616,saint_qmix,-1.5949087142944336
617,saint_qmix,0.36690330505371094
618,saint_qmix,-0.2827463150024414
619,saint_qmix,0.4329042434692383
620,saint_qmix,0.4175729751586914
621,saint_qmix,0.5900964736938477
622,saint_qmix,0.17572307586669922
623,saint_qmix,0.5853128433227539
624,saint_qmix,-0.010713577270507812
625,saint_qmix,-0.21157073974609375
626,saint_qmix,0.8196611404418945
627,saint_qmix,0.7049007415771484
628,saint_qmix,0.17934131622314453
629,saint_qmix,-1.6740827560424805
630,saint_qmix,0.899958610534668
631,saint_qmix,-0.6525154113769531
632,saint_qmix,-1.2913818359375
633,saint_qmix,0.0021505355834960938
634,saint_qmix,0.6024398803710938
635,saint_qmix,0.36550426483154297
636,saint_qmix,0.6329946517944336
637,saint_qmix,1.7881135940551758
638,saint_qmix,0.6251459121704102
639,saint_qmix,0.08072376251220703
640,saint_qmix,0.5697441101074219
641,saint_qmix,1.4554195404052734
642,saint_qmix,0.4226350784301758
643,saint_qmix,0.026029586791992188
644,saint_qmix,0.06392955780029297
645,saint_qmix,-0.03927803039550781
646,saint_qmix,0.8598461151123047
647,saint_qmix,0.1535511016845703
648,saint_qmix,-1.0283727645874023
649,saint_qmix,0.12504959106445312
650,saint_qmix,1.4804811477661133
651,saint_qmix,-0.29355812072753906
652,saint_qmix,0.352996826171875
653,saint_qmix,0.20921802520751953
654,saint_qmix,0.6546449661254883
655,saint_qmix,2.3825292587280273
656,saint_qmix,2.3903427124023438
657,saint_qmix,0.5514059066772461
658,saint_qmix,-0.1311626434326172
659,saint_qmix,0.2436504364013672
660,saint_qmix,-0.23612689971923828
661,saint_qmix,-0.1562209129333496
662,saint_qmix,0.23663711547851562
663,saint_qmix,1.6494131088256836
664,saint_qmix,-0.15372657775878906
665,saint_qmix,-1.6850767135620117
666,saint_qmix,0.5687713623046875
667,saint_qmix,-0.10149669647216797
668,saint_qmix,1.2725310325622559
669,saint_qmix,0.24995899200439453
670,saint_qmix,-0.40464305877685547
671,saint_qmix,0.7175045013427734
672,saint_qmix,0.5453662872314453
673,saint_qmix,0.1253347396850586
674,saint_qmix,0.2346820831298828
675,saint_qmix,2.4447221755981445
676,saint_qmix,0.78271484375
677,saint_qmix,0.7850866317749023
678,saint_qmix,0.00026226043701171875
679,saint_qmix,-1.5323810577392578
680,saint_qmix,0.047165870666503906
681,saint_qmix,0.10322761535644531
682,saint_qmix,1.1125407218933105
683,saint_qmix,-0.7713346481323242
684,saint_qmix,0.3583059310913086
685,saint_qmix,-0.01598358154296875
686,saint_qmix,0.6360397338867188
687,saint_qmix,2.5528392791748047
688,saint_qmix,-0.5091485977172852
689,saint_qmix,0.2553997039794922
690,saint_qmix,0.6992521286010742
691,saint_qmix,-0.14627838134765625
692,saint_qmix,1.8780078887939453
693,saint_qmix,-0.8701944351196289
694,saint_qmix,0.15144634246826172
695,saint_qmix,-0.27164554595947266
696,saint_qmix,0.1943044662475586
697,saint_qmix,-0.800196647644043
698,saint_qmix,0.6329345703125
699,saint_qmix,0.2338552474975586
700,saint_qmix,0.4739837646484375
701,saint_qmix,-0.40102291107177734
702,saint_qmix,-0.25679969787597656
703,saint_qmix,0.7689437866210938
704,saint_qmix,0.6683835983276367
705,saint_qmix,-0.14974498748779297
706,saint_qmix,0.016452789306640625
707,saint_qmix,-0.7903213500976562
708,saint_qmix,0.6176214218139648
709,saint_qmix,2.4797725677490234
710,saint_qmix,0.9174365997314453
711,saint_qmix,1.1271076202392578
712,saint_qmix,0.0013761520385742188
713,saint_qmix,1.7070035934448242
714,saint_qmix,1.1255083084106445
715,saint_qmix,0.39440441131591797
716,saint_qmix,-1.0670108795166016
717,saint_qmix,0.2147054672241211
718,saint_qmix,-0.11821460723876953
719,saint_qmix,0.7460689544677734
720,saint_qmix,-0.021964073181152344
721,saint_qmix,0.5205144882202148
722,saint_qmix,1.8876628875732422
723,saint_qmix,-0.009431838989257812
724,saint_qmix,0.1884288787841797
725,saint_qmix,0.25970458984375
726,saint_qmix,-1.0660066604614258
727,saint_qmix,0.2279367446899414
728,saint_qmix,0.7036828994750977
729,saint_qmix,1.2490558624267578
730,saint_qmix,-0.3835306167602539
731,saint_qmix,1.430006980895996
732,saint_qmix,1.6941614151000977
733,saint_qmix,1.6256322860717773
734,saint_qmix,0.6711826324462891
735,saint_qmix,-0.5800867080688477
736,saint_qmix,1.6836967468261719
737,saint_qmix,0.17928504943847656
738,saint_qmix,0.6632232666015625
739,saint_qmix,0.35573387145996094
740,saint_qmix,-0.2928133010864258
741,saint_qmix,0.11123275756835938
742,saint_qmix,-0.28473758697509766
743,saint_qmix,-0.04439544677734375
744,saint_qmix,-0.3450298309326172
745,saint_qmix,1.7950162887573242
746,saint_qmix,0.2747077941894531
747,saint_qmix,-1.2561321258544922
748,saint_qmix,1.9542655944824219
749,saint_qmix,0.24432086944580078
750,saint_qmix,-0.3971395492553711
751,saint_qmix,0.6868600845336914
752,saint_qmix,0.6965217590332031
753,saint_qmix,-1.0179920196533203
754,saint_qmix,-0.047272682189941406
755,saint_qmix,0.3333168029785156
756,saint_qmix,1.632859230041504
757,saint_qmix,0.9672870635986328
758,saint_qmix,0.4761333465576172
759,saint_qmix,0.3506450653076172
760,saint_qmix,-0.45223140716552734
761,saint_qmix,0.7975635528564453
762,saint_qmix,0.15916061401367188
763,saint_qmix,0.6157598495483398
764,saint_qmix,1.1010894775390625
765,saint_qmix,0.20570087432861328
766,saint_qmix,-0.4809074401855469
767,saint_qmix,-0.28227996826171875
768,saint_qmix,0.11713218688964844
769,saint_qmix,0.38394641876220703
770,saint_qmix,0.4665803909301758
771,saint_qmix,-0.22565269470214844
772,saint_qmix,-0.28594303131103516
773,saint_qmix,-0.6480131149291992
774,saint_qmix,0.4545907974243164
775,saint_qmix,-0.30723094940185547
776,saint_qmix,0.2797679901123047
777,saint_qmix,-0.2780618667602539
778,saint_qmix,-0.5099000930786133
779,saint_qmix,-0.20595932006835938
780,saint_qmix,-0.11890602111816406
781,saint_qmix,-0.3180561065673828
782,saint_qmix,-0.29021453857421875
783,saint_qmix,0.9147377014160156
784,saint_qmix,-0.08540534973144531
785,saint_qmix,1.0654067993164062
786,saint_qmix,0.5598382949829102
787,saint_qmix,0.2779083251953125
788,saint_qmix,-0.2603588104248047
789,saint_qmix,1.3498830795288086
790,saint_qmix,-0.2730550765991211
791,saint_qmix,0.41655445098876953
792,saint_qmix,1.2799863815307617
793,saint_qmix,0.6162700653076172
794,saint_qmix,-1.4576835632324219
795,saint_qmix,0.9540615081787109
796,saint_qmix,-0.06654739379882812
797,saint_qmix,-0.06431198120117188
798,saint_qmix,-0.20536422729492188
799,saint_qmix,0.38855457305908203
800,saint_qmix,0.3718242645263672
801,saint_qmix,0.024588584899902344
802,saint_qmix,-0.3866291046142578
803,saint_qmix,-1.0181379318237305
804,saint_qmix,0.08371829986572266
805,saint_qmix,0.22559547424316406
806,saint_qmix,2.369159698486328
807,saint_qmix,0.3992300033569336
808,saint_qmix,-0.2265605926513672
809,saint_qmix,2.690340995788574
810,saint_qmix,-1.336024284362793
811,saint_qmix,0.5953578948974609
812,saint_qmix,0.1114654541015625
813,saint_qmix,2.4414825439453125
814,saint_qmix,-0.183929443359375
815,saint_qmix,0.20769786834716797
816,saint_qmix,1.4405126571655273
817,saint_qmix,0.44745635986328125
818,saint_qmix,1.4153070449829102
819,saint_qmix,1.7625360488891602
820,saint_qmix,-1.8751459121704102
821,saint_qmix,1.2631912231445312
822,saint_qmix,0.9361667633056641
823,saint_qmix,2.866466522216797
824,saint_qmix,-0.7016677856445312
825,saint_qmix,-0.19407176971435547
826,saint_qmix,0.4914131164550781
827,saint_qmix,-0.6571025848388672
828,saint_qmix,0.564600944519043
829,saint_qmix,1.508194923400879
830,saint_qmix,0.7587337493896484
831,saint_qmix,0.6809940338134766
832,saint_qmix,1.5784282684326172
833,saint_qmix,0.28639984130859375
834,saint_qmix,-0.0975637435913086
835,saint_qmix,0.13265228271484375
836,saint_qmix,-0.6492786407470703
837,saint_qmix,4.064666748046875
838,saint_qmix,0.19251060485839844
839,saint_qmix,4.7203779220581055
840,saint_qmix,-0.026010513305664062
841,saint_qmix,0.7315921783447266
842,saint_qmix,0.01571178436279297
843,saint_qmix,-0.16136837005615234
844,saint_qmix,0.8951807022094727
845,saint_qmix,1.0817680358886719
846,saint_qmix,2.6075315475463867
847,saint_qmix,0.3217802047729492
848,saint_qmix,0.039473533630371094
849,saint_qmix,0.11298847198486328
850,saint_qmix,1.0680313110351562
851,saint_qmix,0.9535675048828125
852,saint_qmix,-0.9319210052490234
853,saint_qmix,5.842167377471924
854,saint_qmix,0.2622566223144531
855,saint_qmix,0.16628742218017578
856,saint_qmix,0.6692056655883789
857,saint_qmix,0.9018878936767578
858,saint_qmix,1.7242355346679688
859,saint_qmix,0.11159133911132812
860,saint_qmix,1.1268806457519531
861,saint_qmix,0.31841182708740234
862,saint_qmix,0.5000991821289062
863,saint_qmix,-0.061214447021484375
864,saint_qmix,1.2900190353393555
865,saint_qmix,0.2644939422607422
866,saint_qmix,-1.1467037200927734
867,saint_qmix,0.4533863067626953
868,saint_qmix,0.9545707702636719
869,saint_qmix,-0.8594770431518555
870,saint_qmix,1.1551837921142578
871,saint_qmix,1.1585321426391602
872,saint_qmix,0.008765220642089844
873,saint_qmix,1.0888404846191406
874,saint_qmix,-0.1502084732055664
875,saint_qmix,1.2461795806884766
876,saint_qmix,1.0672216415405273
877,saint_qmix,0.3856496810913086
878,saint_qmix,-0.11200904846191406
879,saint_qmix,-0.2710847854614258
880,saint_qmix,1.594533920288086
881,saint_qmix,-0.7425470352172852
882,saint_qmix,1.761754035949707
883,saint_qmix,0.48769283294677734
884,saint_qmix,1.2414979934692383
885,saint_qmix,-0.05201911926269531
886,saint_qmix,0.817194938659668
887,saint_qmix,0.17729473114013672
888,saint_qmix,1.5913209915161133
889,saint_qmix,-0.38221073150634766
890,saint_qmix,1.925527572631836
891,saint_qmix,0.927861213684082
892,saint_qmix,-0.36453914642333984
893,saint_qmix,2.287994384765625
894,saint_qmix,0.588714599609375
895,saint_qmix,0.8967981338500977
896,saint_qmix,-1.3625097274780273
897,saint_qmix,1.471914291381836
898,saint_qmix,0.19397830963134766
899,saint_qmix,1.3101739883422852
900,saint_qmix,1.4874372482299805
901,saint_qmix,-0.14454078674316406
902,saint_qmix,4.351414680480957
903,saint_qmix,-0.3691864013671875
904,saint_qmix,0.34426403045654297
905,saint_qmix,1.650564193725586
906,saint_qmix,-1.5583572387695312
907,saint_qmix,0.46254920959472656
908,saint_qmix,0.3981657028198242
909,saint_qmix,0.33685970306396484
910,saint_qmix,0.22505950927734375
911,saint_qmix,2.798431396484375
912,saint_qmix,0.582890510559082
913,saint_qmix,0.5825653076171875
914,saint_qmix,2.359347343444824
915,saint_qmix,0.4862995147705078
916,saint_qmix,-0.08446884155273438
917,saint_qmix,1.6971426010131836
918,saint_qmix,0.2555961608886719
919,saint_qmix,-0.12124252319335938
920,saint_qmix,1.785719871520996
921,saint_qmix,-0.29926013946533203
922,saint_qmix,1.4498071670532227
923,saint_qmix,1.5083541870117188
924,saint_qmix,-0.17656898498535156
925,saint_qmix,-0.0076389312744140625
926,saint_qmix,0.4532947540283203
927,saint_qmix,-0.012637138366699219
928,saint_qmix,0.15871143341064453
929,saint_qmix,0.064910888671875
930,saint_qmix,1.2638330459594727
931,saint_qmix,0.2771482467651367
932,saint_qmix,0.793881893157959
933,saint_qmix,0.42351818084716797
934,saint_qmix,1.150503158569336
935,saint_qmix,1.8009586334228516
936,saint_qmix,0.24627017974853516
937,saint_qmix,1.1940546035766602
938,saint_qmix,0.1064291000366211
939,saint_qmix,-0.43031787872314453
940,saint_qmix,0.5185155868530273
941,saint_qmix,-0.39490795135498047
942,saint_qmix,-1.1733160018920898
943,saint_qmix,-0.7084064483642578
944,saint_qmix,0.6470413208007812
945,saint_qmix,0.29553890228271484
946,saint_qmix,1.9696455001831055
947,saint_qmix,0.2775402069091797
948,saint_qmix,0.3187742233276367
949,saint_qmix,1.2274723052978516
950,saint_qmix,-0.49252891540527344
951,saint_qmix,0.17963695526123047
952,saint_qmix,-0.1261911392211914
953,saint_qmix,1.7361068725585938
954,saint_qmix,1.0016050338745117
955,saint_qmix,0.8675136566162109
956,saint_qmix,-0.0834188461303711
957,saint_qmix,-0.08876609802246094
958,saint_qmix,1.2769646644592285
959,saint_qmix,1.1288213729858398
960,saint_qmix,1.0764617919921875
961,saint_qmix,1.282069206237793
962,saint_qmix,0.3662109375
963,saint_qmix,-0.3421649932861328
964,saint_qmix,0.13168716430664062
965,saint_qmix,1.0400104522705078
966,saint_qmix,4.163242340087891
967,saint_qmix,-0.02144336700439453
968,saint_qmix,2.8663806915283203
969,saint_qmix,4.663448810577393
970,saint_qmix,1.8026070594787598
971,saint_qmix,0.6199283599853516
972,saint_qmix,1.5172920227050781
973,saint_qmix,1.092820167541504
974,saint_qmix,-0.16111278533935547
975,saint_qmix,0.21540164947509766
976,saint_qmix,0.9057302474975586
977,saint_qmix,0.03178691864013672
978,saint_qmix,-0.1709127426147461
979,saint_qmix,0.7848138809204102
980,saint_qmix,-2.256315231323242
981,saint_qmix,0.6995306015014648
982,saint_qmix,0.557581901550293
983,saint_qmix,0.29895782470703125
984,saint_qmix,-0.3896007537841797
985,saint_qmix,0.7766389846801758
986,saint_qmix,1.234757423400879
987,saint_qmix,0.9231901168823242
988,saint_qmix,0.818415641784668
989,saint_qmix,-0.21753501892089844
990,saint_qmix,-0.0294036865234375
991,saint_qmix,1.7243309020996094
992,saint_qmix,0.45940685272216797
993,saint_qmix,1.0516347885131836
994,saint_qmix,0.19910144805908203
995,saint_qmix,0.1700153350830078
996,saint_qmix,-0.9612092971801758
997,saint_qmix,0.2720222473144531
998,saint_qmix,1.0938587188720703
999,saint_qmix,0.957484245300293
1000,saint_qmix,0.5286970138549805
1001,saint_qmix,0.03387260437011719
1002,saint_qmix,1.7332868576049805
1003,saint_qmix,1.129969596862793
1004,saint_qmix,0.09310531616210938
1005,saint_qmix,1.2409839630126953
1006,saint_qmix,0.10711002349853516
1007,saint_qmix,1.4964351654052734
1008,saint_qmix,0.04073619842529297
1009,saint_qmix,0.8589553833007812
1010,saint_qmix,1.3175058364868164
1011,saint_qmix,0.7393827438354492
1012,saint_qmix,-1.6050968170166016
1013,saint_qmix,1.842909812927246
1014,saint_qmix,0.468536376953125
1015,saint_qmix,0.7768163681030273
1016,saint_qmix,2.1796703338623047
1017,saint_qmix,-0.042527198791503906
1018,saint_qmix,0.3103046417236328
1019,saint_qmix,-0.04959583282470703
1020,saint_qmix,0.2406749725341797
1021,saint_qmix,0.12733745574951172
1022,saint_qmix,0.21894168853759766
1023,saint_qmix,-0.41081905364990234
1024,saint_qmix,-0.03414440155029297
1025,saint_qmix,0.3930244445800781
1026,saint_qmix,0.45831871032714844
1027,saint_qmix,1.6145458221435547
1028,saint_qmix,1.6668119430541992
1029,saint_qmix,1.0084943771362305
1030,saint_qmix,-0.1447772979736328
1031,saint_qmix,0.25970458984375
1032,saint_qmix,-0.8447675704956055
1033,saint_qmix,1.9481515884399414
1034,saint_qmix,1.1265411376953125
1035,saint_qmix,-0.4991645812988281
1036,saint_qmix,1.020289421081543
1037,saint_qmix,0.4085121154785156
1038,saint_qmix,0.5093965530395508
1039,saint_qmix,1.3165316581726074
1040,saint_qmix,0.5029697418212891
1041,saint_qmix,-0.2274322509765625
1042,saint_qmix,0.6742115020751953
1043,saint_qmix,-1.650522232055664
1044,saint_qmix,1.3693170547485352
1045,saint_qmix,-0.5603675842285156
1046,saint_qmix,1.7244396209716797
1047,saint_qmix,0.37372398376464844
1048,saint_qmix,-0.5904598236083984
1049,saint_qmix,0.12456130981445312
1050,saint_qmix,0.6880598068237305
1051,saint_qmix,-0.05127668380737305
1052,saint_qmix,2.214569091796875
1053,saint_qmix,-0.0946817398071289
1054,saint_qmix,0.27390289306640625
1055,saint_qmix,1.366520881652832
1056,saint_qmix,0.7064685821533203
1057,saint_qmix,1.6554222106933594
1058,saint_qmix,1.0744781494140625
1059,saint_qmix,-0.46291160583496094
1060,saint_qmix,-1.133040428161621
1061,saint_qmix,1.8447418212890625
1062,saint_qmix,0.667078971862793
1063,saint_qmix,-0.19774436950683594
1064,saint_qmix,4.433061599731445
1065,saint_qmix,0.32822227478027344
1066,saint_qmix,1.4859638214111328
1067,saint_qmix,0.7029294967651367
1068,saint_qmix,0.4731559753417969
1069,saint_qmix,-1.0320348739624023
1070,saint_qmix,0.078521728515625
1071,saint_qmix,0.18260669708251953
1072,saint_qmix,0.37685203552246094
1073,saint_qmix,0.94110107421875
1074,saint_qmix,3.011106491088867
1075,saint_qmix,-0.062774658203125
1076,saint_qmix,-0.04502677917480469
1077,saint_qmix,1.1326961517333984
1078,saint_qmix,-0.8254194259643555
1079,saint_qmix,0.06785964965820312
1080,saint_qmix,0.1421957015991211
1081,saint_qmix,0.8330297470092773
1082,saint_qmix,-0.9517593383789062
1083,saint_qmix,5.193405628204346
1084,saint_qmix,0.07919692993164062
1085,saint_qmix,-1.5389518737792969
1086,saint_qmix,0.16329383850097656
1087,saint_qmix,0.9637737274169922
1088,saint_qmix,1.131312370300293
1089,saint_qmix,-0.31502437591552734
1090,saint_qmix,-0.44013118743896484
1091,saint_qmix,0.12411308288574219
1092,saint_qmix,-0.13592529296875
1093,saint_qmix,0.6302204132080078
1094,saint_qmix,0.7361230850219727
1095,saint_qmix,-4.3610992431640625
1096,saint_qmix,-0.12235736846923828
1097,saint_qmix,2.323467254638672
1098,saint_qmix,-0.26920413970947266
1099,saint_qmix,0.8281593322753906
1100,saint_qmix,1.179917335510254
1101,saint_qmix,-0.4941225051879883
1102,saint_qmix,1.037724494934082
1103,saint_qmix,-0.6385021209716797
1104,saint_qmix,0.5777320861816406
1105,saint_qmix,0.7566404342651367
1106,saint_qmix,-1.5715322494506836
1107,saint_qmix,0.9421911239624023
1108,saint_qmix,-0.05938911437988281
1109,saint_qmix,0.34505271911621094
1110,saint_qmix,-1.020009994506836
1111,saint_qmix,0.5018796920776367
1112,saint_qmix,0.1829357147216797
1113,saint_qmix,-0.6143283843994141
1114,saint_qmix,1.3914670944213867
1115,saint_qmix,-1.517599105834961
1116,saint_qmix,2.4178085327148438
1117,saint_qmix,-0.5912322998046875
1118,saint_qmix,1.0957450866699219
1119,saint_qmix,-0.023430824279785156
1120,saint_qmix,0.9036140441894531
1121,saint_qmix,0.10736274719238281
1122,saint_qmix,-1.4512252807617188
1123,saint_qmix,0.2692852020263672
1124,saint_qmix,0.9005947113037109
1125,saint_qmix,0.4971752166748047
1126,saint_qmix,-0.41876888275146484
1127,saint_qmix,0.999786376953125
1128,saint_qmix,0.8472900390625
1129,saint_qmix,0.6899356842041016
1130,saint_qmix,1.0702238082885742
1131,saint_qmix,0.46024608612060547
1132,saint_qmix,0.7537374496459961
1133,saint_qmix,2.0052237510681152
1134,saint_qmix,-1.0196466445922852
1135,saint_qmix,-0.6651830673217773
1136,saint_qmix,2.7358756065368652
1137,saint_qmix,0.1475238800048828
1138,saint_qmix,2.9259023666381836
1139,saint_qmix,1.0842514038085938
1140,saint_qmix,1.094120979309082
1141,saint_qmix,-0.23197078704833984
1142,saint_qmix,0.08243322372436523
1143,saint_qmix,0.61993408203125
1144,saint_qmix,3.8076515197753906
1145,saint_qmix,0.6896486282348633
1146,saint_qmix,3.176023483276367
1147,saint_qmix,0.11037445068359375
1148,saint_qmix,-0.385498046875
1149,saint_qmix,0.5267438888549805
1150,saint_qmix,0.13560104370117188
1151,saint_qmix,0.45388317108154297
1152,saint_qmix,1.112314224243164
1153,saint_qmix,1.3203697204589844
1154,saint_qmix,3.4803199768066406
1155,saint_qmix,0.6445951461791992
1156,saint_qmix,-0.22697162628173828
1157,saint_qmix,0.13830852508544922
1158,saint_qmix,2.6694412231445312
1159,saint_qmix,1.4438953399658203
1160,saint_qmix,1.4021940231323242
1161,saint_qmix,1.4958667755126953
1162,saint_qmix,0.5323352813720703
1163,saint_qmix,-1.1048450469970703
1164,saint_qmix,4.202336311340332
1165,saint_qmix,-0.48047924041748047
1166,saint_qmix,3.292941093444824
1167,saint_qmix,-0.49265098571777344
1168,saint_qmix,0.6804618835449219
1169,saint_qmix,0.5855522155761719
1170,saint_qmix,0.9522037506103516
1171,saint_qmix,0.5224752426147461
1172,saint_qmix,0.48412036895751953
1173,saint_qmix,0.46111392974853516
1174,saint_qmix,2.393057346343994
1175,saint_qmix,-0.12844085693359375
1176,saint_qmix,-0.9032430648803711
1177,saint_qmix,0.7829666137695312
1178,saint_qmix,1.1702747344970703
1179,saint_qmix,0.565129280090332
1180,saint_qmix,0.844965934753418
1181,saint_qmix,0.4736318588256836
1182,saint_qmix,0.8641471862792969
1183,saint_qmix,-0.2957191467285156
1184,saint_qmix,4.239782333374023
1185,saint_qmix,0.7884702682495117
1186,saint_qmix,1.7890424728393555
1187,saint_qmix,0.9247894287109375
1188,saint_qmix,1.0167551040649414
1189,saint_qmix,0.6610069274902344
1190,saint_qmix,1.1975736618041992
1191,saint_qmix,0.3820972442626953
1192,saint_qmix,0.07445526123046875
1193,saint_qmix,3.398627281188965
1194,saint_qmix,-0.3182229995727539
1195,saint_qmix,-0.6207370758056641
1196,saint_qmix,0.4833335876464844
1197,saint_qmix,-0.6208887100219727
1198,saint_qmix,0.5021209716796875
1199,saint_qmix,1.1417016983032227
1200,saint_qmix,0.2057819366455078
1201,saint_qmix,0.9064846038818359
1202,saint_qmix,0.7490215301513672
1203,saint_qmix,-0.0032358169555664062
1204,saint_qmix,-0.6066417694091797
1205,saint_qmix,0.7918930053710938
1206,saint_qmix,-0.6402473449707031
1207,saint_qmix,0.3681936264038086
1208,saint_qmix,1.325566291809082
1209,saint_qmix,-0.05268383026123047
1210,saint_qmix,0.8282976150512695
1211,saint_qmix,1.3796749114990234
1212,saint_qmix,0.10513019561767578
1213,saint_qmix,-0.22239208221435547
1214,saint_qmix,1.0591392517089844
1215,saint_qmix,-1.4099721908569336
1216,saint_qmix,0.17208099365234375
1217,saint_qmix,-0.9349393844604492
1218,saint_qmix,0.014013290405273438
1219,saint_qmix,-0.061580657958984375
1220,saint_qmix,-0.4236574172973633
1221,saint_qmix,0.7417221069335938
1222,saint_qmix,0.7487545013427734
1223,saint_qmix,-0.006741523742675781
1224,saint_qmix,0.7646751403808594
1225,saint_qmix,1.5329103469848633
1226,saint_qmix,1.0077495574951172
1227,saint_qmix,-0.4369373321533203
1228,saint_qmix,1.2717390060424805
1229,saint_qmix,1.8847856521606445
1230,saint_qmix,-2.7892589569091797
1231,saint_qmix,0.045371055603027344
1232,saint_qmix,0.8282089233398438
1233,saint_qmix,0.3155975341796875
1234,saint_qmix,2.5329036712646484
1235,saint_qmix,-0.01657390594482422
1236,saint_qmix,0.24529075622558594
1237,saint_qmix,-0.9584369659423828
1238,saint_qmix,0.7662572860717773
1239,saint_qmix,0.09258651733398438
1240,saint_qmix,1.6763181686401367
1241,saint_qmix,3.3851165771484375
1242,saint_qmix,-0.17879676818847656
1243,saint_qmix,2.9406957626342773
1244,saint_qmix,0.292327880859375
1245,saint_qmix,-0.2643451690673828
1246,saint_qmix,-0.48029232025146484
1247,saint_qmix,0.5283432006835938
1248,saint_qmix,0.3018665313720703
1249,saint_qmix,1.3284111022949219
1250,saint_qmix,-0.5002889633178711
1251,saint_qmix,1.2732467651367188
1252,saint_qmix,-0.48812103271484375
1253,saint_qmix,1.6864356994628906
1254,saint_qmix,0.12469768524169922
1255,saint_qmix,-0.11764049530029297
1256,saint_qmix,0.1414499282836914
1257,saint_qmix,1.0644550323486328
1258,saint_qmix,1.4312639236450195
1259,saint_qmix,0.4394979476928711
1260,saint_qmix,-0.6057672500610352
1261,saint_qmix,0.14968585968017578
1262,saint_qmix,-0.3082237243652344
1263,saint_qmix,4.079490661621094
1264,saint_qmix,-0.7060527801513672
1265,saint_qmix,-0.6646308898925781
1266,saint_qmix,2.954098701477051
1267,saint_qmix,1.464620590209961
1268,saint_qmix,0.16753864288330078
1269,saint_qmix,0.0709829330444336
1270,saint_qmix,0.6385297775268555
1271,saint_qmix,0.017539024353027344
1272,saint_qmix,-0.023616790771484375
1273,saint_qmix,2.8711490631103516
1274,saint_qmix,-0.09446525573730469
1275,saint_qmix,1.8138275146484375
1276,saint_qmix,0.501490592956543
1277,saint_qmix,1.89520263671875
1278,saint_qmix,0.9837760925292969
1279,saint_qmix,-0.3591747283935547
1280,saint_qmix,0.9261627197265625
1281,saint_qmix,0.24564456939697266
1282,saint_qmix,3.3486242294311523
1283,saint_qmix,0.7072439193725586
1284,saint_qmix,0.5320959091186523
1285,saint_qmix,0.5944747924804688
1286,saint_qmix,1.1447868347167969
1287,saint_qmix,0.6163625717163086
1288,saint_qmix,0.5257368087768555
1289,saint_qmix,1.2785730361938477
1290,saint_qmix,2.5434579849243164
1291,saint_qmix,1.4906845092773438
1292,saint_qmix,1.381296157836914
1293,saint_qmix,0.6532087326049805
1294,saint_qmix,0.029491424560546875
1295,saint_qmix,3.010371208190918
1296,saint_qmix,-0.18279266357421875
1297,saint_qmix,0.0009593963623046875
1298,saint_qmix,2.069967746734619
1299,saint_qmix,0.4038553237915039
1300,saint_qmix,1.5634069442749023
1301,saint_qmix,2.8048763275146484
1302,saint_qmix,0.4470701217651367
1303,saint_qmix,2.6709651947021484
1304,saint_qmix,0.3059215545654297
1305,saint_qmix,0.7258138656616211
1306,saint_qmix,2.3426036834716797
1307,saint_qmix,2.854762554168701
1308,saint_qmix,0.491241455078125
1309,saint_qmix,0.13654136657714844
1310,saint_qmix,-0.11345386505126953
1311,saint_qmix,-0.05360984802246094
1312,saint_qmix,1.9349007606506348
1313,saint_qmix,0.8597536087036133
1314,saint_qmix,0.773249626159668
1315,saint_qmix,0.026912689208984375
1316,saint_qmix,0.08874130249023438
1317,saint_qmix,1.0687026977539062
1318,saint_qmix,4.258283615112305
1319,saint_qmix,0.4835214614868164
1320,saint_qmix,0.3970346450805664
1321,saint_qmix,3.9977216720581055
1322,saint_qmix,-0.39597320556640625
1323,saint_qmix,-0.09663105010986328
1324,saint_qmix,-1.4349298477172852
1325,saint_qmix,4.662050247192383
1326,saint_qmix,0.47127532958984375
1327,saint_qmix,0.1696767807006836
1328,saint_qmix,0.6755390167236328
1329,saint_qmix,1.7712955474853516
1330,saint_qmix,0.5233020782470703
1331,saint_qmix,-0.8787107467651367
1332,saint_qmix,0.3731870651245117
1333,saint_qmix,-0.672368049621582
1334,saint_qmix,1.423262596130371
1335,saint_qmix,0.6082587242126465
1336,saint_qmix,3.672361373901367
1337,saint_qmix,0.18235111236572266
1338,saint_qmix,0.9892082214355469
1339,saint_qmix,0.48407745361328125
1340,saint_qmix,0.4162712097167969
1341,saint_qmix,-0.38494205474853516
1342,saint_qmix,0.11480426788330078
1343,saint_qmix,1.204035758972168
1344,saint_qmix,-0.9048643112182617
1345,saint_qmix,1.8953557014465332
1346,saint_qmix,0.2477264404296875
1347,saint_qmix,-1.3556280136108398
1348,saint_qmix,1.6521644592285156
1349,saint_qmix,0.5193042755126953
1350,saint_qmix,1.2163724899291992
1351,saint_qmix,0.841792106628418
1352,saint_qmix,0.5036869049072266
1353,saint_qmix,0.6168107986450195
1354,saint_qmix,-0.05081367492675781
1355,saint_qmix,0.5078029632568359
1356,saint_qmix,0.6265268325805664
1357,saint_qmix,-0.1917133331298828
1358,saint_qmix,0.3398113250732422
1359,saint_qmix,0.4240398406982422
1360,saint_qmix,4.053493499755859
1361,saint_qmix,-0.23537158966064453
1362,saint_qmix,-0.5732326507568359
1363,saint_qmix,0.10302352905273438
1364,saint_qmix,0.5777902603149414
1365,saint_qmix,0.4461984634399414
1366,saint_qmix,0.7533702850341797
1367,saint_qmix,-0.812164306640625
1368,saint_qmix,0.7236661911010742
1369,saint_qmix,0.3827381134033203
1370,saint_qmix,2.5427637100219727
1371,saint_qmix,-1.7363080978393555
1372,saint_qmix,0.6964359283447266
1373,saint_qmix,0.11226558685302734
1374,saint_qmix,0.3148002624511719
1375,saint_qmix,1.788701057434082
1376,saint_qmix,1.2003717422485352
1377,saint_qmix,4.300083160400391
1378,saint_qmix,1.5409908294677734
1379,saint_qmix,0.5307092666625977
1380,saint_qmix,0.6093578338623047
1381,saint_qmix,1.8932600021362305
1382,saint_qmix,0.5759506225585938
1383,saint_qmix,0.22237110137939453
1384,saint_qmix,1.3293991088867188
1385,saint_qmix,2.090665817260742
1386,saint_qmix,1.2045927047729492
1387,saint_qmix,-1.059525489807129
1388,saint_qmix,4.0437726974487305
1389,saint_qmix,1.9352245330810547
1390,saint_qmix,0.9206371307373047
1391,saint_qmix,-0.23792076110839844
1392,saint_qmix,-0.3899087905883789
1393,saint_qmix,0.3361778259277344
1394,saint_qmix,0.7304782867431641
1395,saint_qmix,2.0684499740600586
1396,saint_qmix,1.9604854583740234
1397,saint_qmix,-0.6097869873046875
1398,saint_qmix,0.8686466217041016
1399,saint_qmix,1.645833969116211
1400,saint_qmix,0.24890804290771484
1401,saint_qmix,-0.1998729705810547
1402,saint_qmix,1.2158699035644531
1403,saint_qmix,-0.14577102661132812
1404,saint_qmix,0.20411109924316406
1405,saint_qmix,0.9527206420898438
1406,saint_qmix,-0.24810028076171875
1407,saint_qmix,-0.07777214050292969
1408,saint_qmix,1.8675451278686523
1409,saint_qmix,0.32730770111083984
1410,saint_qmix,0.8583650588989258
1411,saint_qmix,0.6593341827392578
1412,saint_qmix,0.545445442199707
1413,saint_qmix,1.85400390625
1414,saint_qmix,-0.16885089874267578
1415,saint_qmix,-0.763768196105957
1416,saint_qmix,0.6693801879882812
1417,saint_qmix,1.5370731353759766
1418,saint_qmix,2.967641830444336
1419,saint_qmix,1.0846900939941406
1420,saint_qmix,-0.7861318588256836
1421,saint_qmix,0.05619621276855469
1422,saint_qmix,4.6771135330200195
1423,saint_qmix,1.2683782577514648
1424,saint_qmix,2.852426528930664
1425,saint_qmix,-0.21458721160888672
1426,saint_qmix,0.5910234451293945
1427,saint_qmix,-0.23623943328857422
1428,saint_qmix,0.5379295349121094
1429,saint_qmix,-1.0895004272460938
1430,saint_qmix,-0.6152334213256836
1431,saint_qmix,1.5245943069458008
1432,saint_qmix,0.5803031921386719
1433,saint_qmix,0.18591594696044922
1434,saint_qmix,1.2642555236816406
1435,saint_qmix,-0.8672523498535156
1436,saint_qmix,-0.22347164154052734
1437,saint_qmix,0.6701622009277344
1438,saint_qmix,0.49025535583496094
1439,saint_qmix,-1.5723724365234375
1440,saint_qmix,-0.06840801239013672
1441,saint_qmix,-0.4955911636352539
1442,saint_qmix,-0.08871746063232422
1443,saint_qmix,0.4196186065673828
1444,saint_qmix,-0.3773345947265625
1445,saint_qmix,1.6162118911743164
1446,saint_qmix,1.103571891784668
1447,saint_qmix,1.5627212524414062
1448,saint_qmix,-2.08280086517334
1449,saint_qmix,1.4996929168701172
1450,saint_qmix,-0.306060791015625
1451,saint_qmix,1.3618831634521484
1452,saint_qmix,-0.6053876876831055
1453,saint_qmix,0.12127494812011719
1454,saint_qmix,0.6796379089355469
1455,saint_qmix,0.3217020034790039
1456,saint_qmix,0.543792724609375
1457,saint_qmix,1.8455123901367188
1458,saint_qmix,0.10193347930908203
1459,saint_qmix,0.49002647399902344
1460,saint_qmix,1.7262563705444336
1461,saint_qmix,0.47714900970458984
1462,saint_qmix,2.851337432861328
1463,saint_qmix,1.154533863067627
1464,saint_qmix,-0.6296911239624023
1465,saint_qmix,-0.11295700073242188
1466,saint_qmix,-0.22440338134765625
1467,saint_qmix,-0.24718475341796875
1468,saint_qmix,-0.6114206314086914
1469,saint_qmix,-0.39710235595703125
1470,saint_qmix,0.817927360534668
1471,saint_qmix,1.206089973449707
1472,saint_qmix,-0.3861255645751953
1473,saint_qmix,1.001978874206543
1474,saint_qmix,-1.092660903930664
1475,saint_qmix,1.3059186935424805
1476,saint_qmix,0.2741661071777344
1477,saint_qmix,-0.2603273391723633
1478,saint_qmix,0.11273479461669922
1479,saint_qmix,-0.5509567260742188
1480,saint_qmix,0.6895160675048828
1481,saint_qmix,0.059754371643066406
1482,saint_qmix,-0.3873138427734375
1483,saint_qmix,2.5190773010253906
1484,saint_qmix,1.3454885482788086
1485,saint_qmix,-0.15812969207763672
1486,saint_qmix,0.572850227355957
1487,saint_qmix,4.593094825744629
1488,saint_qmix,0.4088935852050781
1489,saint_qmix,0.45641422271728516
1490,saint_qmix,-1.347641944885254
1491,saint_qmix,0.8184976577758789
1492,saint_qmix,-0.4776039123535156
1493,saint_qmix,3.413632392883301
1494,saint_qmix,1.4497661590576172
1495,saint_qmix,-0.43743419647216797
1496,saint_qmix,1.4912652969360352
1497,saint_qmix,-0.9835357666015625
1498,saint_qmix,0.26787567138671875
1499,saint_qmix,0.2519073486328125
1500,saint_qmix,1.5883026123046875
1501,saint_qmix,0.171142578125
1502,saint_qmix,0.7112884521484375
1503,saint_qmix,-0.14061355590820312
1504,saint_qmix,0.1542978286743164
1505,saint_qmix,1.1438217163085938
1506,saint_qmix,0.3206310272216797
1507,saint_qmix,0.9714956283569336
1508,saint_qmix,2.9183874130249023
1509,saint_qmix,1.153813362121582
1510,saint_qmix,-0.19348812103271484
1511,saint_qmix,1.1139459609985352
1512,saint_qmix,2.526749610900879
1513,saint_qmix,2.2749457359313965
1514,saint_qmix,-1.1215877532958984
1515,saint_qmix,0.43659305572509766
1516,saint_qmix,-1.6339550018310547
1517,saint_qmix,-0.47234153747558594
1518,saint_qmix,-0.2433338165283203
1519,saint_qmix,2.063697338104248
1520,saint_qmix,-0.20950984954833984
1521,saint_qmix,0.6954641342163086
1522,saint_qmix,0.26795101165771484
1523,saint_qmix,0.610107421875
1524,saint_qmix,0.7747297286987305
1525,saint_qmix,2.582073211669922
1526,saint_qmix,0.5088672637939453
1527,saint_qmix,1.204416275024414
1528,saint_qmix,1.5183191299438477
1529,saint_qmix,0.1066293716430664
1530,saint_qmix,-1.9367527961730957
1531,saint_qmix,-0.9298305511474609
1532,saint_qmix,0.12827205657958984
1533,saint_qmix,1.3016633987426758
1534,saint_qmix,0.8124685287475586
1535,saint_qmix,-1.397669792175293
1536,saint_qmix,-1.6243057250976562
1537,saint_qmix,2.0139827728271484
1538,saint_qmix,0.7232847213745117
1539,saint_qmix,-0.32318878173828125
1540,saint_qmix,2.736948013305664
1541,saint_qmix,0.7476491928100586
1542,saint_qmix,1.3129215240478516
1543,saint_qmix,-0.44240379333496094
1544,saint_qmix,0.6262264251708984
1545,saint_qmix,1.4703655242919922
1546,saint_qmix,0.5315008163452148
1547,saint_qmix,-1.0379362106323242
1548,saint_qmix,-0.17599773406982422
1549,saint_qmix,-0.3859567642211914
1550,saint_qmix,1.2815132141113281
1551,saint_qmix,0.823211669921875
1552,saint_qmix,1.0376148223876953
1553,saint_qmix,-0.04293251037597656
1554,saint_qmix,0.7320661544799805
1555,saint_qmix,-1.0135116577148438
1556,saint_qmix,0.032207489013671875
1557,saint_qmix,-0.026569366455078125
1558,saint_qmix,0.9445896148681641
1559,saint_qmix,3.2237658500671387
1560,saint_qmix,0.8127937316894531
1561,saint_qmix,-2.276167869567871
1562,saint_qmix,0.9720191955566406
1563,saint_qmix,-1.5572128295898438
1564,saint_qmix,0.18491458892822266
1565,saint_qmix,0.4578981399536133
1566,saint_qmix,0.3004264831542969
1567,saint_qmix,0.14938640594482422
1568,saint_qmix,0.9766998291015625
1569,saint_qmix,2.677750587463379
1570,saint_qmix,0.7551155090332031
1571,saint_qmix,2.2103805541992188
1572,saint_qmix,0.40810585021972656
1573,saint_qmix,0.440826416015625
1574,saint_qmix,1.6109247207641602
1575,saint_qmix,2.2012205123901367
1576,saint_qmix,1.475717544555664
1577,saint_qmix,1.5113706588745117
1578,saint_qmix,-1.0409479141235352
1579,saint_qmix,-0.907710075378418
1580,saint_qmix,4.319916725158691
1581,saint_qmix,0.1849040985107422
1582,saint_qmix,0.9710655212402344
1583,saint_qmix,-1.1911392211914062
1584,saint_qmix,2.4087562561035156
1585,saint_qmix,1.452392578125
1586,saint_qmix,1.2867860794067383
1587,saint_qmix,-3.324143409729004
1588,saint_qmix,0.6753358840942383
1589,saint_qmix,0.3283424377441406
1590,saint_qmix,-0.2567434310913086
1591,saint_qmix,1.1166267395019531
1592,saint_qmix,1.3091211318969727
1593,saint_qmix,0.8724441528320312
1594,saint_qmix,1.1372661590576172
1595,saint_qmix,0.3757038116455078
1596,saint_qmix,-1.7134971618652344
1597,saint_qmix,-0.6398248672485352
1598,saint_qmix,1.1355838775634766
1599,saint_qmix,0.2825450897216797
1600,saint_qmix,0.4159231185913086
1601,saint_qmix,0.5838479995727539
1602,saint_qmix,1.763066291809082
1603,saint_qmix,0.7511892318725586
1604,saint_qmix,-0.5763363838195801
1605,saint_qmix,-0.37938880920410156
1606,saint_qmix,0.6597566604614258
1607,saint_qmix,0.6426401138305664
1608,saint_qmix,0.8916463851928711
1609,saint_qmix,0.04715156555175781
1610,saint_qmix,0.9392518997192383
1611,saint_qmix,0.05794811248779297
1612,saint_qmix,0.3581247329711914
1613,saint_qmix,0.020603179931640625
1614,saint_qmix,0.7181196212768555
1615,saint_qmix,0.7691488265991211
1616,saint_qmix,-0.33127498626708984
1617,saint_qmix,0.09062004089355469
1618,saint_qmix,-1.3915777206420898
1619,saint_qmix,-0.9745597839355469
1620,saint_qmix,1.6296491622924805
1621,saint_qmix,0.050126075744628906
1622,saint_qmix,-0.2743358612060547
1623,saint_qmix,1.126286506652832
1624,saint_qmix,0.009046554565429688
1625,saint_qmix,-0.42667484283447266
1626,saint_qmix,-0.4944801330566406
1627,saint_qmix,-1.057657241821289
1628,saint_qmix,-1.890263557434082
1629,saint_qmix,0.2078113555908203
1630,saint_qmix,0.5935554504394531
1631,saint_qmix,0.6466398239135742
1632,saint_qmix,0.9298858642578125
1633,saint_qmix,-0.0877685546875
1634,saint_qmix,0.9654703140258789
1635,saint_qmix,1.4344921112060547
1636,saint_qmix,1.1319570541381836
1637,saint_qmix,-0.4857320785522461
1638,saint_qmix,0.8222227096557617
1639,saint_qmix,0.30097007751464844
1640,saint_qmix,0.9374074935913086
1641,saint_qmix,0.8646354675292969
1642,saint_qmix,1.9406538009643555
1643,saint_qmix,-0.536402702331543
1644,saint_qmix,1.4172468185424805
1645,saint_qmix,0.3631095886230469
1646,saint_qmix,-0.4849710464477539
1647,saint_qmix,0.6503677368164062
1648,saint_qmix,0.051947593688964844
1649,saint_qmix,0.10246753692626953
1650,saint_qmix,5.227228164672852
1651,saint_qmix,1.6801271438598633
1652,saint_qmix,1.4257221221923828
1653,saint_qmix,1.2567167282104492
1654,saint_qmix,0.2069854736328125
1655,saint_qmix,0.2988424301147461
1656,saint_qmix,0.5089406967163086
1657,saint_qmix,0.7434453964233398
1658,saint_qmix,2.019031524658203
1659,saint_qmix,1.0162458419799805
1660,saint_qmix,0.7438526153564453
1661,saint_qmix,-1.167017936706543
1662,saint_qmix,0.26650047302246094
1663,saint_qmix,0.8812437057495117
1664,saint_qmix,0.7072210311889648
1665,saint_qmix,0.766082763671875
1666,saint_qmix,0.7945156097412109
1667,saint_qmix,-0.3481779098510742
1668,saint_qmix,0.5517158508300781
1669,saint_qmix,-0.33907127380371094
1670,saint_qmix,-0.3907794952392578
1671,saint_qmix,-0.33973121643066406
1672,saint_qmix,2.1743507385253906
1673,saint_qmix,-2.3106021881103516
1674,saint_qmix,-0.7859249114990234
1675,saint_qmix,0.0949554443359375
1676,saint_qmix,0.09846019744873047
1677,saint_qmix,0.04878997802734375
1678,saint_qmix,1.6467828750610352
1679,saint_qmix,0.5570030212402344
1680,saint_qmix,-0.008754730224609375
1681,saint_qmix,-1.4543886184692383
1682,saint_qmix,0.14570903778076172
1683,saint_qmix,-0.10984134674072266
1684,saint_qmix,0.8561782836914062
1685,saint_qmix,0.10577774047851562
1686,saint_qmix,2.6315078735351562
1687,saint_qmix,0.6069126129150391
1688,saint_qmix,-0.38962841033935547
1689,saint_qmix,-0.8793153762817383
1690,saint_qmix,1.11285400390625
1691,saint_qmix,1.263758659362793
1692,saint_qmix,0.49515247344970703
1693,saint_qmix,0.8476352691650391
1694,saint_qmix,2.2641563415527344
1695,saint_qmix,4.937840461730957
1696,saint_qmix,0.6062593460083008
1697,saint_qmix,0.6533775329589844
1698,saint_qmix,0.5414466857910156
1699,saint_qmix,0.1815633773803711
1700,saint_qmix,0.7906169891357422
1701,saint_qmix,0.8531475067138672
1702,saint_qmix,-0.9706821441650391
1703,saint_qmix,0.5211372375488281
1704,saint_qmix,1.433629035949707
1705,saint_qmix,0.7742595672607422
1706,saint_qmix,-0.5278406143188477
1707,saint_qmix,-0.3662843704223633
1708,saint_qmix,2.5735373497009277
1709,saint_qmix,0.7074928283691406
1710,saint_qmix,1.1315183639526367
1711,saint_qmix,3.9417715072631836
1712,saint_qmix,0.6552267074584961
1713,saint_qmix,0.09466171264648438
1714,saint_qmix,4.244548797607422
1715,saint_qmix,-1.3370046615600586
1716,saint_qmix,4.153908729553223
1717,saint_qmix,0.055184364318847656
1718,saint_qmix,-1.3140430450439453
1719,saint_qmix,-2.968766212463379
1720,saint_qmix,0.6627073287963867
1721,saint_qmix,0.012660026550292969
1722,saint_qmix,-0.6147480010986328
1723,saint_qmix,0.43436527252197266
1724,saint_qmix,-1.063614845275879
1725,saint_qmix,-0.028580665588378906
1726,saint_qmix,0.8582448959350586
1727,saint_qmix,0.3141326904296875
1728,saint_qmix,3.0004749298095703
1729,saint_qmix,3.3272171020507812
1730,saint_qmix,0.1133584976196289
1731,saint_qmix,0.050434112548828125
1732,saint_qmix,0.8371925354003906
1733,saint_qmix,0.2573118209838867
1734,saint_qmix,0.7657184600830078
1735,saint_qmix,0.7139778137207031
1736,saint_qmix,3.383291244506836
1737,saint_qmix,1.1768293380737305
1738,saint_qmix,0.6931276321411133
1739,saint_qmix,0.48800086975097656
1740,saint_qmix,-1.7785091400146484
1741,saint_qmix,0.2384347915649414
1742,saint_qmix,0.5108566284179688
1743,saint_qmix,-0.3611574172973633
1744,saint_qmix,-0.10372543334960938
1745,saint_qmix,2.0682897567749023
1746,saint_qmix,2.523695945739746
1747,saint_qmix,0.3499107360839844
1748,saint_qmix,1.0364007949829102
1749,saint_qmix,1.622239112854004
1750,saint_qmix,-0.6741867065429688
1751,saint_qmix,0.4185352325439453
1752,saint_qmix,1.036691665649414
1753,saint_qmix,-0.13526535034179688
1754,saint_qmix,-1.142451286315918
1755,saint_qmix,0.3349943161010742
1756,saint_qmix,0.7096748352050781
1757,saint_qmix,0.1925191879272461
1758,saint_qmix,-0.31099700927734375
1759,saint_qmix,0.602447509765625
1760,saint_qmix,1.3911466598510742
1761,saint_qmix,-3.7889976501464844
1762,saint_qmix,1.8417072296142578
1763,saint_qmix,0.16240692138671875
1764,saint_qmix,-1.7378392219543457
1765,saint_qmix,1.3558340072631836
1766,saint_qmix,1.4625844955444336
1767,saint_qmix,0.5981588363647461
1768,saint_qmix,0.4592466354370117
1769,saint_qmix,0.22020626068115234
1770,saint_qmix,-0.2629585266113281
1771,saint_qmix,0.26609230041503906
1772,saint_qmix,-0.37781524658203125
1773,saint_qmix,0.45029258728027344
1774,saint_qmix,1.2368383407592773
1775,saint_qmix,2.0103330612182617
1776,saint_qmix,-1.3798980712890625
1777,saint_qmix,0.3164854049682617
1778,saint_qmix,0.26358795166015625
1779,saint_qmix,0.48558616638183594
1780,saint_qmix,-0.2736778259277344
1781,saint_qmix,1.1321172714233398
1782,saint_qmix,0.7904329299926758
1783,saint_qmix,1.1521015167236328
1784,saint_qmix,-1.298527717590332
1785,saint_qmix,3.1859092712402344
1786,saint_qmix,-0.0971841812133789
1787,saint_qmix,-1.8632535934448242
1788,saint_qmix,0.47041893005371094
1789,saint_qmix,0.05959606170654297
1790,saint_qmix,1.0587701797485352
1791,saint_qmix,-0.19990253448486328
1792,saint_qmix,1.6481008529663086
1793,saint_qmix,1.8552894592285156
1794,saint_qmix,0.2436809539794922
1795,saint_qmix,0.5047473907470703
1796,saint_qmix,0.69757080078125
1797,saint_qmix,2.413328170776367
1798,saint_qmix,1.740804672241211
1799,saint_qmix,0.24880409240722656
1800,saint_qmix,1.5692481994628906
1801,saint_qmix,1.0473699569702148
1802,saint_qmix,1.965703010559082
1803,saint_qmix,-0.8106985092163086
1804,saint_qmix,0.2493429183959961
1805,saint_qmix,2.854473114013672
1806,saint_qmix,-0.14006567001342773
1807,saint_qmix,0.45751476287841797
1808,saint_qmix,1.0059089660644531
1809,saint_qmix,-0.12477779388427734
1810,saint_qmix,0.799774169921875
1811,saint_qmix,0.036861419677734375
1812,saint_qmix,3.3255462646484375
1813,saint_qmix,0.4537801742553711
1814,saint_qmix,1.0012435913085938
1815,saint_qmix,0.4253520965576172
1816,saint_qmix,1.183797836303711
1817,saint_qmix,0.7994346618652344
1818,saint_qmix,1.825704574584961
1819,saint_qmix,2.688351631164551
1820,saint_qmix,1.4368810653686523
1821,saint_qmix,0.05576133728027344
1822,saint_qmix,-1.2471518516540527
1823,saint_qmix,1.2054996490478516
1824,saint_qmix,-1.2789497375488281
1825,saint_qmix,2.2144641876220703
1826,saint_qmix,0.7861700057983398
1827,saint_qmix,1.1941795349121094
1828,saint_qmix,1.018228530883789
1829,saint_qmix,0.658721923828125
1830,saint_qmix,0.682861328125
1831,saint_qmix,1.1733932495117188
1832,saint_qmix,1.4111976623535156
1833,saint_qmix,-1.2233552932739258
1834,saint_qmix,1.898432731628418
1835,saint_qmix,-1.9568595886230469
1836,saint_qmix,1.1138601303100586
1837,saint_qmix,0.6126613616943359
1838,saint_qmix,0.4725208282470703
1839,saint_qmix,0.34745025634765625
1840,saint_qmix,0.9141502380371094
1841,saint_qmix,1.1078357696533203
1842,saint_qmix,0.9819908142089844
1843,saint_qmix,0.4686756134033203
1844,saint_qmix,1.4462528228759766
1845,saint_qmix,0.9967517852783203
1846,saint_qmix,0.8979692459106445
1847,saint_qmix,1.5053892135620117
1848,saint_qmix,0.18526649475097656
1849,saint_qmix,0.39223670959472656
1850,saint_qmix,0.4998435974121094
1851,saint_qmix,-0.6507740020751953
1852,saint_qmix,0.3405294418334961
1853,saint_qmix,0.6030759811401367
1854,saint_qmix,1.4219303131103516
1855,saint_qmix,0.6561708450317383
1856,saint_qmix,0.9762849807739258
1857,saint_qmix,0.27648162841796875
1858,saint_qmix,-0.51220703125
1859,saint_qmix,-0.4116849899291992
1860,saint_qmix,-0.2686166763305664
1861,saint_qmix,-1.8900527954101562
1862,saint_qmix,-0.842559814453125
1863,saint_qmix,2.3419923782348633
1864,saint_qmix,5.874814987182617
1865,saint_qmix,-0.0785074234008789
1866,saint_qmix,1.1434688568115234
1867,saint_qmix,3.003628730773926
1868,saint_qmix,1.8946781158447266
1869,saint_qmix,0.6385526657104492
1870,saint_qmix,-0.16364288330078125
1871,saint_qmix,2.3848934173583984
1872,saint_qmix,-0.09170913696289062
1873,saint_qmix,2.5510997772216797
1874,saint_qmix,1.7993583679199219
1875,saint_qmix,2.9711227416992188
1876,saint_qmix,1.450094223022461
1877,saint_qmix,1.588414192199707
1878,saint_qmix,2.2173261642456055
1879,saint_qmix,0.7673854827880859
1880,saint_qmix,-0.14559268951416016
1881,saint_qmix,1.5741138458251953
1882,saint_qmix,-1.581686019897461
1883,saint_qmix,-0.32198572158813477
1884,saint_qmix,2.2729835510253906
1885,saint_qmix,1.0790815353393555
1886,saint_qmix,1.124394416809082
1887,saint_qmix,0.400604248046875
1888,saint_qmix,-0.8478879928588867
1889,saint_qmix,0.19802284240722656
1890,saint_qmix,0.8488655090332031
1891,saint_qmix,1.387333869934082
1892,saint_qmix,0.4267854690551758
1893,saint_qmix,1.1650190353393555
1894,saint_qmix,-0.11168956756591797
1895,saint_qmix,1.113088607788086
1896,saint_qmix,0.6217365264892578
1897,saint_qmix,1.3521766662597656
1898,saint_qmix,0.9270801544189453
1899,saint_qmix,0.674163818359375
1900,saint_qmix,1.2066774368286133
1901,saint_qmix,0.6853189468383789
1902,saint_qmix,0.22046661376953125
1903,saint_qmix,1.6934823989868164
1904,saint_qmix,0.2190113067626953
1905,saint_qmix,0.600947380065918
1906,saint_qmix,-0.03184223175048828
1907,saint_qmix,0.7745161056518555
1908,saint_qmix,7.313349723815918
1909,saint_qmix,0.42963504791259766
1910,saint_qmix,0.7711086273193359
1911,saint_qmix,0.08564567565917969
1912,saint_qmix,0.8313827514648438
1913,saint_qmix,0.8065671920776367
1914,saint_qmix,1.0699653625488281
1915,saint_qmix,0.6556339263916016
1916,saint_qmix,0.9502687454223633
1917,saint_qmix,1.255711555480957
1918,saint_qmix,1.6035871505737305
1919,saint_qmix,0.5667896270751953
1920,saint_qmix,2.7675914764404297
1921,saint_qmix,0.7943668365478516
1922,saint_qmix,-0.41141414642333984
1923,saint_qmix,0.14623737335205078
1924,saint_qmix,2.407944679260254
1925,saint_qmix,-1.1670207977294922
1926,saint_qmix,0.4550495147705078
1927,saint_qmix,0.9900398254394531
1928,saint_qmix,-0.9263105392456055
1929,saint_qmix,1.951096534729004
1930,saint_qmix,0.024822235107421875
1931,saint_qmix,0.7042703628540039
1932,saint_qmix,-0.19199371337890625
1933,saint_qmix,-0.08331489562988281
1934,saint_qmix,0.5801982879638672
1935,saint_qmix,-0.2880115509033203
1936,saint_qmix,-2.73604679107666
1937,saint_qmix,1.0667705535888672
1938,saint_qmix,-0.6692085266113281
1939,saint_qmix,1.3674468994140625
1940,saint_qmix,1.3510937690734863
1941,saint_qmix,2.570530891418457
1942,saint_qmix,1.1573801040649414
1943,saint_qmix,-0.6760950088500977
1944,saint_qmix,1.4428186416625977
1945,saint_qmix,2.750856399536133
1946,saint_qmix,1.2208404541015625
1947,saint_qmix,-0.8396883010864258
1948,saint_qmix,0.812159538269043
1949,saint_qmix,2.798978805541992
1950,saint_qmix,-2.9158554077148438
1951,saint_qmix,1.3112297058105469
1952,saint_qmix,1.6547574996948242
1953,saint_qmix,0.07684135437011719
1954,saint_qmix,0.42742156982421875
1955,saint_qmix,2.284402847290039
1956,saint_qmix,0.06693649291992188
1957,saint_qmix,-0.2206287384033203
1958,saint_qmix,-1.8228368759155273
1959,saint_qmix,0.6233701705932617
1960,saint_qmix,-3.8323469161987305
1961,saint_qmix,1.3121252059936523
1962,saint_qmix,-0.10902690887451172
1963,saint_qmix,0.41100406646728516
1964,saint_qmix,0.8990898132324219
1965,saint_qmix,0.20697593688964844
1966,saint_qmix,0.8794031143188477
1967,saint_qmix,-1.514155387878418
1968,saint_qmix,2.4948511123657227
1969,saint_qmix,1.8626174926757812
1970,saint_qmix,-1.1780662536621094
1971,saint_qmix,1.2783260345458984
1972,saint_qmix,0.3766593933105469
1973,saint_qmix,1.4670848846435547
1974,saint_qmix,0.3652620315551758
1975,saint_qmix,-0.3552207946777344
1976,saint_qmix,0.9287900924682617
1977,saint_qmix,-0.645268440246582
1978,saint_qmix,-0.1255779266357422
1979,saint_qmix,1.0785818099975586
1980,saint_qmix,1.1691761016845703
1981,saint_qmix,1.1846208572387695
1982,saint_qmix,1.7088603973388672
1983,saint_qmix,-0.09348201751708984
1984,saint_qmix,0.20067119598388672
1985,saint_qmix,-3.888686180114746
1986,saint_qmix,2.205106735229492
1987,saint_qmix,0.27277374267578125
1988,saint_qmix,1.5238466262817383
1989,saint_qmix,-0.046947479248046875
1990,saint_qmix,0.8261270523071289
1991,saint_qmix,0.013402938842773438
1992,saint_qmix,0.6054964065551758
1993,saint_qmix,0.0586700439453125
1994,saint_qmix,-0.13442707061767578
1995,saint_qmix,0.8201990127563477
1996,saint_qmix,3.4188642501831055
1997,saint_qmix,1.0190982818603516
1998,saint_qmix,-1.5694818496704102
1999,saint_qmix,0.602198600769043
2000,saint_qmix,0.87347412109375
2001,saint_qmix,-0.9239635467529297
2002,saint_qmix,-0.07947349548339844
2003,saint_qmix,1.0614137649536133
2004,saint_qmix,3.324215888977051
2005,saint_qmix,1.7128534317016602
2006,saint_qmix,1.0659370422363281
2007,saint_qmix,0.5796232223510742
2008,saint_qmix,1.3455228805541992
2009,saint_qmix,1.2851791381835938
2010,saint_qmix,2.4745359420776367
2011,saint_qmix,1.2541122436523438
2012,saint_qmix,-1.536362648010254
2013,saint_qmix,0.2110757827758789
2014,saint_qmix,1.8668718338012695
2015,saint_qmix,0.3556947708129883
2016,saint_qmix,0.4756927490234375
2017,saint_qmix,0.04656410217285156
2018,saint_qmix,0.18831539154052734
2019,saint_qmix,3.998636245727539
2020,saint_qmix,0.8331356048583984
2021,saint_qmix,0.46165943145751953
2022,saint_qmix,1.219141960144043
2023,saint_qmix,1.309122085571289
2024,saint_qmix,2.356973648071289
2025,saint_qmix,-0.296905517578125
2026,saint_qmix,0.6677989959716797
2027,saint_qmix,1.1064462661743164
2028,saint_qmix,0.15326404571533203
2029,saint_qmix,-1.0451793670654297
2030,saint_qmix,2.2742204666137695
2031,saint_qmix,1.5975446701049805
2032,saint_qmix,1.3337039947509766
2033,saint_qmix,2.5213146209716797
2034,saint_qmix,0.25675106048583984
2035,saint_qmix,1.0257091522216797
2036,saint_qmix,0.9544696807861328
2037,saint_qmix,1.1451435089111328
2038,saint_qmix,0.12944507598876953
2039,saint_qmix,1.9782333374023438
2040,saint_qmix,5.921665191650391
2041,saint_qmix,0.4843454360961914
2042,saint_qmix,1.023524284362793
2043,saint_qmix,0.9331989288330078
2044,saint_qmix,1.019373893737793
2045,saint_qmix,0.7210912704467773
2046,saint_qmix,-0.3466157913208008
2047,saint_qmix,0.7726955413818359
2048,saint_qmix,1.0124282836914062
2049,saint_qmix,-0.8208408355712891
2050,saint_qmix,1.7934560775756836
2051,saint_qmix,1.6340045928955078
2052,saint_qmix,0.3706350326538086
2053,saint_qmix,0.16059494018554688
2054,saint_qmix,2.18558406829834
2055,saint_qmix,0.39657020568847656
2056,saint_qmix,-2.182375907897949
2057,saint_qmix,0.4535636901855469
2058,saint_qmix,1.3067426681518555
2059,saint_qmix,0.38197994232177734
2060,saint_qmix,-1.2532882690429688
2061,saint_qmix,0.7725849151611328
2062,saint_qmix,0.5721588134765625
2063,saint_qmix,0.5281867980957031
2064,saint_qmix,0.20644283294677734
2065,saint_qmix,-0.38210010528564453
2066,saint_qmix,3.267613410949707
2067,saint_qmix,1.5038337707519531
2068,saint_qmix,-0.08070945739746094
2069,saint_qmix,0.5224285125732422
2070,saint_qmix,0.6406846046447754
2071,saint_qmix,1.1810455322265625
2072,saint_qmix,-1.5060701370239258
2073,saint_qmix,0.3849601745605469
2074,saint_qmix,0.4347810745239258
2075,saint_qmix,0.13251113891601562
2076,saint_qmix,0.34676551818847656
2077,saint_qmix,0.0842123031616211
2078,saint_qmix,0.6834545135498047
2079,saint_qmix,1.4528751373291016
2080,saint_qmix,0.6425008773803711
2081,saint_qmix,4.029504776000977
2082,saint_qmix,0.7296371459960938
2083,saint_qmix,0.35862159729003906
2084,saint_qmix,0.3159952163696289
2085,saint_qmix,1.469705581665039
2086,saint_qmix,4.03166389465332
2087,saint_qmix,0.6202173233032227
2088,saint_qmix,0.13917064666748047
2089,saint_qmix,-0.5936679840087891
2090,saint_qmix,1.359604835510254
2091,saint_qmix,1.6266908645629883
2092,saint_qmix,-1.3228702545166016
2093,saint_qmix,0.4766111373901367
2094,saint_qmix,1.3217058181762695
2095,saint_qmix,1.2944936752319336
2096,saint_qmix,1.4900732040405273
2097,saint_qmix,1.0314760208129883
2098,saint_qmix,0.5026540756225586
2099,saint_qmix,1.069066047668457
2100,saint_qmix,0.26166248321533203
2101,saint_qmix,0.7258033752441406
2102,saint_qmix,1.3802423477172852
2103,saint_qmix,0.6593828201293945
2104,saint_qmix,0.6363716125488281
2105,saint_qmix,-0.6320486068725586
2106,saint_qmix,0.9524459838867188
2107,saint_qmix,2.380122184753418
2108,saint_qmix,-2.499396324157715
2109,saint_qmix,0.9986715316772461
2110,saint_qmix,-0.03306102752685547
2111,saint_qmix,0.3015604019165039
2112,saint_qmix,0.7253227233886719
2113,saint_qmix,1.5168628692626953
2114,saint_qmix,4.629354476928711
2115,saint_qmix,-0.2924814224243164
2116,saint_qmix,0.8448829650878906
2117,saint_qmix,-0.035813331604003906
2118,saint_qmix,1.2677087783813477
2119,saint_qmix,0.9070472717285156
2120,saint_qmix,0.79949951171875
2121,saint_qmix,-0.5333890914916992
2122,saint_qmix,0.985173225402832
2123,saint_qmix,-0.4930419921875
2124,saint_qmix,0.8332405090332031
2125,saint_qmix,-1.142521858215332
2126,saint_qmix,0.11113834381103516
2127,saint_qmix,0.47754669189453125
2128,saint_qmix,1.5594282150268555
2129,saint_qmix,-0.41190624237060547
2130,saint_qmix,0.6108741760253906
2131,saint_qmix,0.21161842346191406
2132,saint_qmix,-0.2819080352783203
2133,saint_qmix,0.8421716690063477
2134,saint_qmix,0.7839698791503906
2135,saint_qmix,-0.020143508911132812
2136,saint_qmix,-0.9294042587280273
2137,saint_qmix,1.1788663864135742
2138,saint_qmix,1.2905206680297852
2139,saint_qmix,1.0366277694702148
2140,saint_qmix,-1.9716472625732422
2141,saint_qmix,3.339158058166504
2142,saint_qmix,1.0816192626953125
2143,saint_qmix,0.4100837707519531
2144,saint_qmix,1.279123306274414
2145,saint_qmix,-0.5149049758911133
2146,saint_qmix,1.5725955963134766
2147,saint_qmix,1.5262174606323242
2148,saint_qmix,0.534306526184082
2149,saint_qmix,1.386500358581543
2150,saint_qmix,-1.0734424591064453
2151,saint_qmix,3.4218034744262695
2152,saint_qmix,1.3180828094482422
2153,saint_qmix,1.3961124420166016
2154,saint_qmix,0.7806177139282227
2155,saint_qmix,1.2543020248413086
2156,saint_qmix,2.090839385986328
2157,saint_qmix,0.5373373031616211
2158,saint_qmix,-0.10851001739501953
2159,saint_qmix,5.117796897888184
2160,saint_qmix,2.905719757080078
2161,saint_qmix,2.542078971862793
2162,saint_qmix,0.9550638198852539
2163,saint_qmix,3.486318588256836
2164,saint_qmix,1.4017791748046875
2165,saint_qmix,2.5637168884277344
2166,saint_qmix,1.821721076965332
2167,saint_qmix,-0.0676107406616211
2168,saint_qmix,0.9440994262695312
2169,saint_qmix,0.5995731353759766
2170,saint_qmix,1.686929702758789
2171,saint_qmix,2.034482955932617
2172,saint_qmix,2.1574935913085938
2173,saint_qmix,1.1601734161376953
2174,saint_qmix,-1.5412225723266602
2175,saint_qmix,-1.4933576583862305
2176,saint_qmix,1.8956432342529297
2177,saint_qmix,1.0086755752563477
2178,saint_qmix,1.8024349212646484
2179,saint_qmix,1.6366605758666992
2180,saint_qmix,-0.6865196228027344
2181,saint_qmix,3.1287946701049805
2182,saint_qmix,1.0833415985107422
2183,saint_qmix,0.8669376373291016
2184,saint_qmix,-0.5588483810424805
2185,saint_qmix,2.1514549255371094
2186,saint_qmix,0.9293947219848633
2187,saint_qmix,1.0842227935791016
2188,saint_qmix,0.2573661804199219
2189,saint_qmix,1.2136878967285156
2190,saint_qmix,1.1789178848266602
2191,saint_qmix,-0.23694992065429688
2192,saint_qmix,1.7963075637817383
2193,saint_qmix,1.101816177368164
2194,saint_qmix,0.30670166015625
2195,saint_qmix,3.3631553649902344
2196,saint_qmix,1.968923568725586
2197,saint_qmix,3.0244483947753906
2198,saint_qmix,2.594212532043457
2199,saint_qmix,-0.1082916259765625
2200,saint_qmix,0.21875667572021484
2201,saint_qmix,1.3673505783081055
2202,saint_qmix,0.030397415161132812
2203,saint_qmix,1.3141412734985352
2204,saint_qmix,2.3163623809814453
2205,saint_qmix,-0.6072807312011719
2206,saint_qmix,2.0281429290771484
2207,saint_qmix,0.49898529052734375
2208,saint_qmix,0.5363855361938477
2209,saint_qmix,0.5315446853637695
2210,saint_qmix,-0.34660816192626953
2211,saint_qmix,-1.656381607055664
2212,saint_qmix,-1.9143962860107422
2213,saint_qmix,-0.992466926574707
2214,saint_qmix,1.7757205963134766
2215,saint_qmix,0.19721412658691406
2216,saint_qmix,1.0190324783325195
2217,saint_qmix,0.21466827392578125
2218,saint_qmix,1.6321001052856445
2219,saint_qmix,0.4558429718017578
2220,saint_qmix,1.4970321655273438
2221,saint_qmix,0.8507604598999023
2222,saint_qmix,1.8844795227050781
2223,saint_qmix,0.8498802185058594
2224,saint_qmix,1.725520133972168
2225,saint_qmix,1.1885528564453125
2226,saint_qmix,-0.008809089660644531
2227,saint_qmix,-0.8372879028320312
2228,saint_qmix,0.35630130767822266
2229,saint_qmix,0.4679241180419922
2230,saint_qmix,1.6200542449951172
2231,saint_qmix,0.626495361328125
2232,saint_qmix,-0.23556995391845703
2233,saint_qmix,-0.47910404205322266
2234,saint_qmix,0.6193618774414062
2235,saint_qmix,0.435333251953125
2236,saint_qmix,1.7204837799072266
2237,saint_qmix,-0.024625778198242188
2238,saint_qmix,0.011751174926757812
2239,saint_qmix,4.19429874420166
2240,saint_qmix,1.071329116821289
2241,saint_qmix,-1.845229148864746
2242,saint_qmix,0.5289402008056641
2243,saint_qmix,1.0943918228149414
2244,saint_qmix,-0.28101444244384766
2245,saint_qmix,0.9168462753295898
2246,saint_qmix,-0.3746356964111328
2247,saint_qmix,5.011638641357422
2248,saint_qmix,0.6924772262573242
2249,saint_qmix,0.03231525421142578
2250,saint_qmix,-0.9728727340698242
2251,saint_qmix,1.9416589736938477
2252,saint_qmix,4.28554630279541
2253,saint_qmix,-0.0643310546875
2254,saint_qmix,0.01691436767578125
2255,saint_qmix,1.3732719421386719
2256,saint_qmix,-0.7242069244384766
2257,saint_qmix,1.8859996795654297
2258,saint_qmix,-0.48462677001953125
2259,saint_qmix,2.318319320678711
2260,saint_qmix,0.24808692932128906
2261,saint_qmix,0.5817375183105469
2262,saint_qmix,0.9336957931518555
2263,saint_qmix,1.0627174377441406
2264,saint_qmix,1.8791894912719727
2265,saint_qmix,0.7624797821044922
2266,saint_qmix,0.6479520797729492
2267,saint_qmix,0.915867805480957
2268,saint_qmix,-0.6410083770751953
2269,saint_qmix,2.7541704177856445
2270,saint_qmix,1.3756370544433594
2271,saint_qmix,0.717127799987793
2272,saint_qmix,-1.0582656860351562
2273,saint_qmix,0.6792469024658203
2274,saint_qmix,2.5153141021728516
2275,saint_qmix,3.2146244049072266
2276,saint_qmix,1.6833906173706055
2277,saint_qmix,1.9909906387329102
2278,saint_qmix,0.5644445419311523
2279,saint_qmix,-0.7751445770263672
2280,saint_qmix,1.5468759536743164
2281,saint_qmix,-0.4969654083251953
2282,saint_qmix,-0.6053133010864258
2283,saint_qmix,2.0564184188842773
2284,saint_qmix,1.7586402893066406
2285,saint_qmix,3.7599658966064453
2286,saint_qmix,1.1823606491088867
2287,saint_qmix,-0.6467390060424805
2288,saint_qmix,3.6044578552246094
2289,saint_qmix,0.20904922485351562
2290,saint_qmix,2.72601318359375
2291,saint_qmix,1.7523069381713867
2292,saint_qmix,0.6938190460205078
2293,saint_qmix,3.0121755599975586
2294,saint_qmix,0.2584524154663086
2295,saint_qmix,1.7856941223144531
2296,saint_qmix,0.6380853652954102
2297,saint_qmix,-0.9636354446411133
2298,saint_qmix,0.4459495544433594
2299,saint_qmix,1.343297004699707
2300,saint_qmix,0.9207925796508789
2301,saint_qmix,1.0012664794921875
2302,saint_qmix,3.010378837585449
2303,saint_qmix,-0.20912933349609375
2304,saint_qmix,1.1056251525878906
2305,saint_qmix,1.3742694854736328
2306,saint_qmix,-0.8775386810302734
2307,saint_qmix,-0.5512838363647461
2308,saint_qmix,1.8432693481445312
2309,saint_qmix,1.882552146911621
2310,saint_qmix,0.9626941680908203
2311,saint_qmix,1.812544822692871
2312,saint_qmix,1.4501209259033203
2313,saint_qmix,0.8941802978515625
2314,saint_qmix,1.235992431640625
2315,saint_qmix,0.6297702789306641
2316,saint_qmix,0.4547462463378906
2317,saint_qmix,2.110875129699707
2318,saint_qmix,1.9480972290039062
2319,saint_qmix,0.40131282806396484
2320,saint_qmix,-0.7528896331787109
2321,saint_qmix,0.570549488067627
2322,saint_qmix,1.7476682662963867
2323,saint_qmix,0.9439773559570312
2324,saint_qmix,0.5419292449951172
2325,saint_qmix,-1.8491840362548828
2326,saint_qmix,0.012785911560058594
2327,saint_qmix,1.8914337158203125
2328,saint_qmix,-0.04355812072753906
2329,saint_qmix,-0.9096345901489258
2330,saint_qmix,0.3932609558105469
2331,saint_qmix,0.5761241912841797
2332,saint_qmix,-0.28682708740234375
2333,saint_qmix,0.9856710433959961
2334,saint_qmix,4.014527320861816
2335,saint_qmix,0.8501482009887695
2336,saint_qmix,2.193449020385742
2337,saint_qmix,1.2957515716552734
2338,saint_qmix,-0.25714683532714844
2339,saint_qmix,-0.3552732467651367
2340,saint_qmix,-0.013939857482910156
2341,saint_qmix,-0.1553821563720703
2342,saint_qmix,0.9768829345703125
2343,saint_qmix,-0.2311553955078125
2344,saint_qmix,0.08622932434082031
2345,saint_qmix,0.8471717834472656
2346,saint_qmix,1.2098617553710938
2347,saint_qmix,3.1888198852539062
2348,saint_qmix,4.2349138259887695
2349,saint_qmix,0.28688716888427734
2350,saint_qmix,0.5238552093505859
2351,saint_qmix,-0.46126747131347656
2352,saint_qmix,2.2887439727783203
2353,saint_qmix,1.8219785690307617
2354,saint_qmix,0.3024473190307617
2355,saint_qmix,1.9731740951538086
2356,saint_qmix,1.1738824844360352
2357,saint_qmix,-0.9100246429443359
2358,saint_qmix,1.0906448364257812
2359,saint_qmix,0.6605510711669922
2360,saint_qmix,2.124619483947754
2361,saint_qmix,0.23130226135253906
2362,saint_qmix,0.8497095108032227
2363,saint_qmix,1.0405044555664062
2364,saint_qmix,1.1956214904785156
2365,saint_qmix,0.8321475982666016
2366,saint_qmix,1.2112302780151367
2367,saint_qmix,0.3453025817871094
2368,saint_qmix,0.8579230308532715
2369,saint_qmix,1.1138629913330078
2370,saint_qmix,0.673222541809082
2371,saint_qmix,-0.37185096740722656
2372,saint_qmix,0.9090175628662109
2373,saint_qmix,-2.598020553588867
2374,saint_qmix,2.2630062103271484
2375,saint_qmix,1.9715566635131836
2376,saint_qmix,-0.39061927795410156
2377,saint_qmix,0.5510787963867188
2378,saint_qmix,2.8170089721679688
2379,saint_qmix,1.1927289962768555
2380,saint_qmix,0.841425895690918
2381,saint_qmix,2.2468185424804688
2382,saint_qmix,0.48067188262939453
2383,saint_qmix,-0.008028984069824219
2384,saint_qmix,0.08038520812988281
2385,saint_qmix,1.5639820098876953
2386,saint_qmix,0.9740171432495117
2387,saint_qmix,1.4652290344238281
2388,saint_qmix,-0.9071331024169922
2389,saint_qmix,1.661336898803711
2390,saint_qmix,-0.12365150451660156
2391,saint_qmix,1.0479230880737305
2392,saint_qmix,3.14864444732666
2393,saint_qmix,0.47203731536865234
2394,saint_qmix,0.27554893493652344
2395,saint_qmix,1.1440105438232422
2396,saint_qmix,1.418609619140625
2397,saint_qmix,1.1015644073486328
2398,saint_qmix,1.7897310256958008
2399,saint_qmix,-1.066584587097168
2400,saint_qmix,3.303400993347168
2401,saint_qmix,0.8703622817993164
2402,saint_qmix,2.037123680114746
2403,saint_qmix,-0.6980056762695312
2404,saint_qmix,2.1198625564575195
2405,saint_qmix,1.4608697891235352
2406,saint_qmix,-0.14699840545654297
2407,saint_qmix,1.041219711303711
2408,saint_qmix,0.8915557861328125
2409,saint_qmix,1.3484230041503906
2410,saint_qmix,2.135183334350586
2411,saint_qmix,-0.2999911308288574
2412,saint_qmix,0.08473873138427734
2413,saint_qmix,3.1477880477905273
2414,saint_qmix,1.1057252883911133
2415,saint_qmix,2.129232406616211
2416,saint_qmix,1.3414554595947266
2417,saint_qmix,0.6819744110107422
2418,saint_qmix,3.1962385177612305
2419,saint_qmix,-1.2568693161010742
2420,saint_qmix,5.442920684814453
2421,saint_qmix,3.277157783508301
2422,saint_qmix,-0.21975040435791016
2423,saint_qmix,3.1740121841430664
2424,saint_qmix,0.12429237365722656
2425,saint_qmix,0.4582223892211914
2426,saint_qmix,-0.6680688858032227
2427,saint_qmix,1.2773122787475586
2428,saint_qmix,0.588470458984375
2429,saint_qmix,2.611482620239258
2430,saint_qmix,0.7659130096435547
2431,saint_qmix,1.3422374725341797
2432,saint_qmix,-2.175051689147949
2433,saint_qmix,0.6037330627441406
2434,saint_qmix,-0.32564353942871094
2435,saint_qmix,0.5466318130493164
2436,saint_qmix,0.8296222686767578
2437,saint_qmix,2.779433250427246
2438,saint_qmix,1.4834184646606445
2439,saint_qmix,-1.3330574035644531
2440,saint_qmix,2.1221046447753906
2441,saint_qmix,0.7193698883056641
2442,saint_qmix,-1.055832862854004
2443,saint_qmix,-0.7977790832519531
2444,saint_qmix,-1.004563331604004
2445,saint_qmix,1.3083534240722656
2446,saint_qmix,-0.22882652282714844
2447,saint_qmix,0.8542003631591797
2448,saint_qmix,0.9597406387329102
2449,saint_qmix,0.11229801177978516
2450,saint_qmix,1.7922992706298828
2451,saint_qmix,-0.6628704071044922
2452,saint_qmix,0.6626434326171875
2453,saint_qmix,0.4575967788696289
2454,saint_qmix,3.2126331329345703
2455,saint_qmix,1.4044418334960938
2456,saint_qmix,1.531454086303711
2457,saint_qmix,-0.9713449478149414
2458,saint_qmix,2.9726028442382812
2459,saint_qmix,1.0490303039550781
2460,saint_qmix,3.2214431762695312
2461,saint_qmix,0.8269004821777344
2462,saint_qmix,2.0441207885742188
2463,saint_qmix,2.4543542861938477
2464,saint_qmix,-0.3844614028930664
2465,saint_qmix,1.2288684844970703
2466,saint_qmix,0.1856546401977539
2467,saint_qmix,-1.8173646926879883
2468,saint_qmix,-0.33376312255859375
2469,saint_qmix,4.109990119934082
2470,saint_qmix,-0.4143238067626953
2471,saint_qmix,-0.055362701416015625
2472,saint_qmix,1.6492805480957031
2473,saint_qmix,0.12415790557861328
2474,saint_qmix,2.0147218704223633
2475,saint_qmix,1.1754865646362305
2476,saint_qmix,-0.4101438522338867
2477,saint_qmix,0.23265838623046875
2478,saint_qmix,1.928598403930664
2479,saint_qmix,1.7279281616210938
2480,saint_qmix,1.8190860748291016
2481,saint_qmix,5.789175033569336
2482,saint_qmix,0.7486190795898438
2483,saint_qmix,0.4071540832519531
2484,saint_qmix,1.226914405822754
2485,saint_qmix,1.7714385986328125
2486,saint_qmix,1.054443359375
2487,saint_qmix,0.5275430679321289
2488,saint_qmix,1.660797119140625
2489,saint_qmix,1.2306060791015625
2490,saint_qmix,0.8833341598510742
2491,saint_qmix,-0.5710182189941406
2492,saint_qmix,0.9666309356689453
2493,saint_qmix,-1.3387508392333984
2494,saint_qmix,-0.14174461364746094
2495,saint_qmix,1.7645392417907715
2496,saint_qmix,1.7698631286621094
2497,saint_qmix,0.4128704071044922
2498,saint_qmix,1.419569969177246
2499,saint_qmix,2.7940673828125
2500,saint_qmix,0.7663049697875977
2501,saint_qmix,-1.452345848083496
2502,saint_qmix,0.12364387512207031
2503,saint_qmix,0.6358118057250977
2504,saint_qmix,1.7312517166137695
2505,saint_qmix,1.0013084411621094
2506,saint_qmix,0.6653127670288086
2507,saint_qmix,-0.6152067184448242
2508,saint_qmix,-1.1297111511230469
2509,saint_qmix,0.7113170623779297
2510,saint_qmix,-0.4268941879272461
2511,saint_qmix,1.4630851745605469
2512,saint_qmix,-2.4142189025878906
2513,saint_qmix,1.3277521133422852
2514,saint_qmix,1.026383399963379
2515,saint_qmix,0.8578834533691406
2516,saint_qmix,0.9273099899291992
2517,saint_qmix,-0.062430381774902344
2518,saint_qmix,1.0882034301757812
2519,saint_qmix,0.7618637084960938
2520,saint_qmix,-1.8879098892211914
2521,saint_qmix,2.2588987350463867
2522,saint_qmix,-1.7389163970947266
2523,saint_qmix,-0.9555444717407227
2524,saint_qmix,0.8313255310058594
2525,saint_qmix,1.4852275848388672
2526,saint_qmix,0.9444427490234375
2527,saint_qmix,2.552093505859375
2528,saint_qmix,0.4652414321899414
2529,saint_qmix,0.28165721893310547
2530,saint_qmix,-0.3057832717895508
2531,saint_qmix,2.116130828857422
2532,saint_qmix,1.4172935485839844
2533,saint_qmix,1.9182310104370117
2534,saint_qmix,0.35944461822509766
2535,saint_qmix,0.04461479187011719
2536,saint_qmix,4.419816017150879
2537,saint_qmix,6.807329177856445
2538,saint_qmix,0.715057373046875
2539,saint_qmix,1.0000171661376953
2540,saint_qmix,0.7423563003540039
2541,saint_qmix,1.43829345703125
2542,saint_qmix,2.120664596557617
2543,saint_qmix,-0.28727054595947266
2544,saint_qmix,0.33709049224853516
2545,saint_qmix,0.5610885620117188
2546,saint_qmix,0.0008869171142578125
2547,saint_qmix,0.8255844116210938
2548,saint_qmix,1.7907438278198242
2549,saint_qmix,-0.6119804382324219
2550,saint_qmix,0.8299970626831055
2551,saint_qmix,1.6483478546142578
2552,saint_qmix,0.3583993911743164
2553,saint_qmix,-0.6527385711669922
2554,saint_qmix,0.828059196472168
2555,saint_qmix,1.191472053527832
2556,saint_qmix,-0.07497310638427734
2557,saint_qmix,4.012133598327637
2558,saint_qmix,0.03278064727783203
2559,saint_qmix,-0.5021600723266602
2560,saint_qmix,-0.008313179016113281
2561,saint_qmix,1.182326316833496
2562,saint_qmix,4.757513999938965
2563,saint_qmix,1.0568056106567383
2564,saint_qmix,0.229583740234375
2565,saint_qmix,0.21091461181640625
2566,saint_qmix,0.9092226028442383
2567,saint_qmix,0.7702445983886719
2568,saint_qmix,0.4762582778930664
2569,saint_qmix,1.7368402481079102
2570,saint_qmix,0.2557411193847656
2571,saint_qmix,-0.27586841583251953
2572,saint_qmix,-0.1134023666381836
2573,saint_qmix,0.852630615234375
2574,saint_qmix,-0.573394775390625
2575,saint_qmix,-0.468536376953125
2576,saint_qmix,1.7221603393554688
2577,saint_qmix,1.3407726287841797
2578,saint_qmix,-0.6589527130126953
2579,saint_qmix,2.29032039642334
2580,saint_qmix,0.6560983657836914
2581,saint_qmix,4.891829490661621
2582,saint_qmix,0.8306550979614258
2583,saint_qmix,2.8706912994384766
2584,saint_qmix,0.6605052947998047
2585,saint_qmix,0.8824596405029297
2586,saint_qmix,0.32849788665771484
2587,saint_qmix,2.0930347442626953
2588,saint_qmix,3.535447120666504
2589,saint_qmix,-0.38600921630859375
2590,saint_qmix,-0.18088150024414062
2591,saint_qmix,1.4062671661376953
2592,saint_qmix,1.1913843154907227
2593,saint_qmix,0.5558242797851562
2594,saint_qmix,0.242828369140625
2595,saint_qmix,0.6399393081665039
2596,saint_qmix,0.014426231384277344
2597,saint_qmix,1.015864372253418
2598,saint_qmix,-0.1747732162475586
2599,saint_qmix,-0.20385360717773438
2600,saint_qmix,-2.344151496887207
2601,saint_qmix,1.9539813995361328
2602,saint_qmix,1.7632036209106445
2603,saint_qmix,3.44948673248291
2604,saint_qmix,0.3744831085205078
2605,saint_qmix,-0.32439327239990234
2606,saint_qmix,0.47574329376220703
2607,saint_qmix,0.7779045104980469
2608,saint_qmix,0.2626323699951172
2609,saint_qmix,0.5854701995849609
2610,saint_qmix,0.9589853286743164
2611,saint_qmix,-3.134035110473633
2612,saint_qmix,0.18745136260986328
2613,saint_qmix,1.2427911758422852
2614,saint_qmix,1.1154708862304688
2615,saint_qmix,5.543357849121094
2616,saint_qmix,1.882887840270996
2617,saint_qmix,0.13499736785888672
2618,saint_qmix,-0.1378173828125
2619,saint_qmix,-0.9931211471557617
2620,saint_qmix,0.1912364959716797
2621,saint_qmix,5.255674362182617
2622,saint_qmix,1.9800615310668945
2623,saint_qmix,2.1635255813598633
2624,saint_qmix,0.32090282440185547
2625,saint_qmix,1.4628992080688477
2626,saint_qmix,-0.015726089477539062
2627,saint_qmix,2.0597009658813477
2628,saint_qmix,0.09536457061767578
2629,saint_qmix,0.9486408233642578
2630,saint_qmix,1.4217395782470703
2631,saint_qmix,1.3376483917236328
2632,saint_qmix,0.812047004699707
2633,saint_qmix,1.6162748336791992
2634,saint_qmix,3.6569929122924805
2635,saint_qmix,-0.8436365127563477
2636,saint_qmix,0.11368751525878906
2637,saint_qmix,5.183923721313477
2638,saint_qmix,1.6944246292114258
2639,saint_qmix,-0.0640106201171875
2640,saint_qmix,1.0688972473144531
2641,saint_qmix,0.28359508514404297
2642,saint_qmix,1.5466880798339844
2643,saint_qmix,-1.0140914916992188
2644,saint_qmix,1.2619504928588867
2645,saint_qmix,0.7382440567016602
2646,saint_qmix,1.601236343383789
2647,saint_qmix,1.533620834350586
2648,saint_qmix,0.5116405487060547
2649,saint_qmix,0.7692956924438477
2650,saint_qmix,0.24335765838623047
2651,saint_qmix,1.4185895919799805
2652,saint_qmix,1.2754907608032227
2653,saint_qmix,0.6130905151367188
2654,saint_qmix,2.9325809478759766
2655,saint_qmix,-1.59710693359375
2656,saint_qmix,-1.9547538757324219
2657,saint_qmix,-0.43430328369140625
2658,saint_qmix,2.309403419494629
2659,saint_qmix,2.4888954162597656
2660,saint_qmix,0.8120355606079102
2661,saint_qmix,2.710434913635254
2662,saint_qmix,4.348797798156738
2663,saint_qmix,0.6538839340209961
2664,saint_qmix,1.3609037399291992
2665,saint_qmix,4.119775772094727
2666,saint_qmix,3.7016820907592773
2667,saint_qmix,0.7610063552856445
2668,saint_qmix,0.897247314453125
2669,saint_qmix,0.33043575286865234
2670,saint_qmix,4.030675888061523
2671,saint_qmix,0.5005426406860352
2672,saint_qmix,-1.3532276153564453
2673,saint_qmix,1.3203191757202148
2674,saint_qmix,2.0257253646850586
2675,saint_qmix,0.41355037689208984
2676,saint_qmix,1.9579906463623047
2677,saint_qmix,1.9233999252319336
2678,saint_qmix,1.5073938369750977
2679,saint_qmix,1.6551141738891602
2680,saint_qmix,0.4866065979003906
2681,saint_qmix,1.1659049987792969
2682,saint_qmix,0.23546791076660156
2683,saint_qmix,2.08113956451416
2684,saint_qmix,1.2498416900634766
2685,saint_qmix,1.4215011596679688
2686,saint_qmix,1.8119287490844727
2687,saint_qmix,1.3899965286254883
2688,saint_qmix,1.6427574157714844
2689,saint_qmix,0.1668243408203125
2690,saint_qmix,-0.941986083984375
2691,saint_qmix,-0.06119728088378906
2692,saint_qmix,0.5150413513183594
2693,saint_qmix,0.8064489364624023
2694,saint_qmix,-0.512725830078125
2695,saint_qmix,2.706195831298828
2696,saint_qmix,1.2263784408569336
2697,saint_qmix,1.337472915649414
2698,saint_qmix,4.375784873962402
2699,saint_qmix,1.7000350952148438
2700,saint_qmix,3.442289352416992
2701,saint_qmix,-0.41263866424560547
2702,saint_qmix,1.1903953552246094
2703,saint_qmix,0.9893589019775391
2704,saint_qmix,0.20203018188476562
2705,saint_qmix,0.8838281631469727
2706,saint_qmix,2.104325294494629
2707,saint_qmix,-1.9027395248413086
2708,saint_qmix,-2.6546831130981445
2709,saint_qmix,0.4830493927001953
2710,saint_qmix,2.403244972229004
2711,saint_qmix,-0.7044496536254883
2712,saint_qmix,3.5314102172851562
2713,saint_qmix,1.1224889755249023
2714,saint_qmix,1.6703166961669922
2715,saint_qmix,1.1991081237792969
2716,saint_qmix,0.9638853073120117
2717,saint_qmix,1.6529521942138672
2718,saint_qmix,-1.0916681289672852
2719,saint_qmix,2.6384663581848145
2720,saint_qmix,2.0038938522338867
2721,saint_qmix,0.5145063400268555
2722,saint_qmix,-0.8710212707519531
2723,saint_qmix,0.6176156997680664
2724,saint_qmix,-1.0958776473999023
2725,saint_qmix,-0.3430204391479492
2726,saint_qmix,0.533055305480957
2727,saint_qmix,1.194906234741211
2728,saint_qmix,1.3660898208618164
2729,saint_qmix,1.3450469970703125
2730,saint_qmix,-0.15745830535888672
2731,saint_qmix,0.9736881256103516
2732,saint_qmix,2.2686519622802734
2733,saint_qmix,0.0977010726928711
2734,saint_qmix,0.3951072692871094
2735,saint_qmix,-0.35576438903808594
2736,saint_qmix,4.444942474365234
2737,saint_qmix,0.28583812713623047
2738,saint_qmix,-0.12333965301513672
2739,saint_qmix,0.16741561889648438
2740,saint_qmix,-0.9818754196166992
2741,saint_qmix,-0.26287269592285156
2742,saint_qmix,0.8419408798217773
2743,saint_qmix,0.7827682495117188
2744,saint_qmix,-0.28351402282714844
2745,saint_qmix,1.0741081237792969
2746,saint_qmix,2.564586639404297
2747,saint_qmix,1.140589714050293
2748,saint_qmix,0.5926742553710938
2749,saint_qmix,1.3357353210449219
2750,saint_qmix,4.091702461242676
2751,saint_qmix,1.3598852157592773
2752,saint_qmix,0.9900035858154297
2753,saint_qmix,4.709746360778809
2754,saint_qmix,0.35845947265625
2755,saint_qmix,4.67534065246582
2756,saint_qmix,1.0410432815551758
2757,saint_qmix,1.4511866569519043
2758,saint_qmix,1.301065444946289
2759,saint_qmix,1.2133092880249023
2760,saint_qmix,0.3370380401611328
2761,saint_qmix,1.3102989196777344
2762,saint_qmix,4.574756622314453
2763,saint_qmix,-1.763859748840332
2764,saint_qmix,2.6117115020751953
2765,saint_qmix,2.638339042663574
2766,saint_qmix,0.6264781951904297
2767,saint_qmix,-0.6386604309082031
2768,saint_qmix,-0.8651823997497559
2769,saint_qmix,5.15437126159668
2770,saint_qmix,-1.5358695983886719
2771,saint_qmix,0.7296695709228516
2772,saint_qmix,1.191727638244629
2773,saint_qmix,2.5590944290161133
2774,saint_qmix,2.04532527923584
2775,saint_qmix,0.29400634765625
2776,saint_qmix,1.0111627578735352
2777,saint_qmix,0.9892072677612305
2778,saint_qmix,0.7745962142944336
2779,saint_qmix,0.8409805297851562
2780,saint_qmix,0.6841936111450195
2781,saint_qmix,0.2159709930419922
2782,saint_qmix,-1.493729591369629
2783,saint_qmix,0.5503997802734375
2784,saint_qmix,0.03768634796142578
2785,saint_qmix,1.9067907333374023
2786,saint_qmix,1.1361513137817383
2787,saint_qmix,1.8917999267578125
2788,saint_qmix,1.5927810668945312
2789,saint_qmix,3.5487680435180664
2790,saint_qmix,2.9586286544799805
2791,saint_qmix,3.09188175201416
2792,saint_qmix,1.3001375198364258
2793,saint_qmix,-0.08405494689941406
2794,saint_qmix,-0.9397153854370117
2795,saint_qmix,1.36383056640625
2796,saint_qmix,-1.6536998748779297
2797,saint_qmix,1.2650032043457031
2798,saint_qmix,-0.6635761260986328
2799,saint_qmix,5.150185585021973
2800,saint_qmix,-0.3597412109375
2801,saint_qmix,2.181333541870117
2802,saint_qmix,2.1177263259887695
2803,saint_qmix,1.4179506301879883
2804,saint_qmix,0.8894634246826172
2805,saint_qmix,3.162731170654297
2806,saint_qmix,1.1891603469848633
2807,saint_qmix,-0.024048805236816406
2808,saint_qmix,-0.062325477600097656
2809,saint_qmix,-1.4681529998779297
2810,saint_qmix,1.0395870208740234
2811,saint_qmix,1.0483789443969727
2812,saint_qmix,1.2773971557617188
2813,saint_qmix,-0.19466590881347656
2814,saint_qmix,-0.03426361083984375
2815,saint_qmix,0.7777786254882812
2816,saint_qmix,-0.13294315338134766
2817,saint_qmix,0.4871177673339844
2818,saint_qmix,1.0820350646972656
2819,saint_qmix,-0.18607521057128906
2820,saint_qmix,1.6286201477050781
2821,saint_qmix,1.0100746154785156
2822,saint_qmix,0.12548351287841797
2823,saint_qmix,1.0013160705566406
2824,saint_qmix,1.4865894317626953
2825,saint_qmix,0.6445026397705078
2826,saint_qmix,3.566286087036133
2827,saint_qmix,1.3318071365356445
2828,saint_qmix,-0.2578868865966797
2829,saint_qmix,0.9096488952636719
2830,saint_qmix,4.295438766479492
2831,saint_qmix,-1.2857980728149414
2832,saint_qmix,-3.4804134368896484
2833,saint_qmix,0.4885978698730469
2834,saint_qmix,1.9294939041137695
2835,saint_qmix,0.3319120407104492
2836,saint_qmix,1.8447284698486328
2837,saint_qmix,-0.03841876983642578
2838,saint_qmix,0.13178253173828125
2839,saint_qmix,1.2289371490478516
2840,saint_qmix,2.2106456756591797
2841,saint_qmix,1.981058120727539
2842,saint_qmix,0.3485603332519531
2843,saint_qmix,-0.5477542877197266
2844,saint_qmix,3.9351654052734375
2845,saint_qmix,2.6495227813720703
2846,saint_qmix,1.448613166809082
2847,saint_qmix,1.5276679992675781
2848,saint_qmix,0.750025749206543
2849,saint_qmix,1.4061546325683594
2850,saint_qmix,-0.7643442153930664
2851,saint_qmix,1.0095586776733398
2852,saint_qmix,1.4449005126953125
2853,saint_qmix,2.1097679138183594
2854,saint_qmix,1.1685876846313477
2855,saint_qmix,2.1548118591308594
2856,saint_qmix,2.262150764465332
2857,saint_qmix,2.511636734008789
2858,saint_qmix,3.6754188537597656
2859,saint_qmix,0.6008095741271973
2860,saint_qmix,2.6048583984375
2861,saint_qmix,-0.6583795547485352
2862,saint_qmix,0.29813194274902344
2863,saint_qmix,0.5464878082275391
2864,saint_qmix,1.0616464614868164
2865,saint_qmix,1.4972734451293945
2866,saint_qmix,1.212759017944336
2867,saint_qmix,1.1499357223510742
2868,saint_qmix,0.47524070739746094
2869,saint_qmix,-0.5188741683959961
2870,saint_qmix,0.9702320098876953
2871,saint_qmix,1.1644697189331055
2872,saint_qmix,-0.9444379806518555
2873,saint_qmix,1.2776498794555664
2874,saint_qmix,1.9114675521850586
2875,saint_qmix,2.3298749923706055
2876,saint_qmix,2.9157285690307617
2877,saint_qmix,2.0327024459838867
2878,saint_qmix,0.8357391357421875
2879,saint_qmix,1.705118179321289
2880,saint_qmix,0.1948709487915039
2881,saint_qmix,-0.15023136138916016
2882,saint_qmix,1.1930170059204102
2883,saint_qmix,-0.8451089859008789
2884,saint_qmix,0.8391246795654297
2885,saint_qmix,0.788548469543457
2886,saint_qmix,0.4490184783935547
2887,saint_qmix,1.1621665954589844
2888,saint_qmix,0.7550854682922363
2889,saint_qmix,1.124312400817871
2890,saint_qmix,0.03821754455566406
2891,saint_qmix,1.4583454132080078
2892,saint_qmix,0.5263710021972656
2893,saint_qmix,2.0711164474487305
2894,saint_qmix,6.855402946472168
2895,saint_qmix,3.9149293899536133
2896,saint_qmix,1.5217609405517578
2897,saint_qmix,1.5183343887329102
2898,saint_qmix,0.046413421630859375
2899,saint_qmix,1.8037099838256836
2900,saint_qmix,-0.2121267318725586
2901,saint_qmix,2.863466262817383
2902,saint_qmix,2.296609878540039
2903,saint_qmix,-0.9237642288208008
2904,saint_qmix,4.780819892883301
2905,saint_qmix,1.2468595504760742
2906,saint_qmix,0.7816839218139648
2907,saint_qmix,3.126455307006836
2908,saint_qmix,1.4859790802001953
2909,saint_qmix,4.978555679321289
2910,saint_qmix,0.8761692047119141
2911,saint_qmix,-0.1533651351928711
2912,saint_qmix,2.019627571105957
2913,saint_qmix,-0.5235137939453125
2914,saint_qmix,-0.8590574264526367
2915,saint_qmix,1.2661142349243164
2916,saint_qmix,0.2674551010131836
2917,saint_qmix,1.6677207946777344
2918,saint_qmix,0.7800893783569336
2919,saint_qmix,1.879237174987793
2920,saint_qmix,2.1123485565185547
2921,saint_qmix,2.393040657043457
2922,saint_qmix,2.065190315246582
2923,saint_qmix,1.8745050430297852
2924,saint_qmix,1.919281005859375
2925,saint_qmix,1.9967632293701172
2926,saint_qmix,1.9135799407958984
2927,saint_qmix,1.4629039764404297
2928,saint_qmix,1.7495899200439453
2929,saint_qmix,0.8002634048461914
2930,saint_qmix,2.0379533767700195
2931,saint_qmix,2.450674057006836
2932,saint_qmix,-0.1860065460205078
2933,saint_qmix,0.09411144256591797
2934,saint_qmix,2.084048271179199
2935,saint_qmix,5.181148529052734
2936,saint_qmix,2.482083320617676
2937,saint_qmix,0.3472871780395508
2938,saint_qmix,0.6916522979736328
2939,saint_qmix,-1.0225400924682617
2940,saint_qmix,-0.2232065200805664
2941,saint_qmix,0.1902761459350586
2942,saint_qmix,0.34383678436279297
2943,saint_qmix,1.0084319114685059
2944,saint_qmix,-0.05461597442626953
2945,saint_qmix,-0.27188587188720703
2946,saint_qmix,1.0828685760498047
2947,saint_qmix,1.701024055480957
2948,saint_qmix,0.22158432006835938
2949,saint_qmix,1.3306913375854492
2950,saint_qmix,2.9001102447509766
2951,saint_qmix,1.3127222061157227
2952,saint_qmix,2.1233205795288086
2953,saint_qmix,1.8136749267578125
2954,saint_qmix,-0.8529672622680664
2955,saint_qmix,1.3823471069335938
2956,saint_qmix,0.3972492218017578
2957,saint_qmix,0.07116413116455078
2958,saint_qmix,2.645111083984375
2959,saint_qmix,3.4361162185668945
2960,saint_qmix,0.03386497497558594
2961,saint_qmix,2.483919143676758
2962,saint_qmix,0.04874134063720703
2963,saint_qmix,2.513517379760742
2964,saint_qmix,-0.5174903869628906
2965,saint_qmix,1.4265384674072266
2966,saint_qmix,-1.380422592163086
2967,saint_qmix,2.9191417694091797
2968,saint_qmix,2.3636507987976074
2969,saint_qmix,1.9923415184020996
2970,saint_qmix,1.3378105163574219
2971,saint_qmix,4.217510223388672
2972,saint_qmix,1.1474828720092773
2973,saint_qmix,0.4313240051269531
2974,saint_qmix,2.6338062286376953
2975,saint_qmix,1.2672538757324219
2976,saint_qmix,0.48302173614501953
2977,saint_qmix,2.0862550735473633
2978,saint_qmix,0.7242918014526367
2979,saint_qmix,4.281597137451172
2980,saint_qmix,1.3209247589111328
2981,saint_qmix,2.1237010955810547
2982,saint_qmix,-0.034483909606933594
2983,saint_qmix,1.2471799850463867
2984,saint_qmix,1.3492908477783203
2985,saint_qmix,0.10266685485839844
2986,saint_qmix,1.6574926376342773
2987,saint_qmix,0.9935131072998047
2988,saint_qmix,2.1966686248779297
2989,saint_qmix,2.2981033325195312
2990,saint_qmix,0.24106693267822266
2991,saint_qmix,3.123584747314453
2992,saint_qmix,1.4668049812316895
2993,saint_qmix,1.0437126159667969
2994,saint_qmix,0.6910476684570312
2995,saint_qmix,1.4411888122558594
2996,saint_qmix,1.1931848526000977
2997,saint_qmix,0.19420623779296875
2998,saint_qmix,1.191746711730957
2999,saint_qmix,1.0576457977294922
3000,saint_qmix,1.802372932434082
3001,saint_qmix,-0.5115518569946289
3002,saint_qmix,0.9191055297851562
3003,saint_qmix,0.16852283477783203
3004,saint_qmix,1.351675033569336
3005,saint_qmix,1.954512596130371
3006,saint_qmix,4.147446632385254
3007,saint_qmix,0.8265190124511719
3008,saint_qmix,0.908259391784668
3009,saint_qmix,0.48688507080078125
3010,saint_qmix,1.0502262115478516
3011,saint_qmix,1.6953544616699219
3012,saint_qmix,3.8103904724121094
3013,saint_qmix,0.7261390686035156
3014,saint_qmix,0.1255359649658203
3015,saint_qmix,1.023550033569336
3016,saint_qmix,-0.08095645904541016
3017,saint_qmix,2.478623390197754
3018,saint_qmix,-0.4312105178833008
3019,saint_qmix,1.0911178588867188
3020,saint_qmix,1.2848739624023438
3021,saint_qmix,4.635422706604004
3022,saint_qmix,0.22152042388916016
3023,saint_qmix,0.11810493469238281
3024,saint_qmix,4.138567924499512
3025,saint_qmix,-0.2463207244873047
3026,saint_qmix,0.9043655395507812
3027,saint_qmix,1.6804752349853516
3028,saint_qmix,0.265411376953125
3029,saint_qmix,1.5619392395019531
3030,saint_qmix,1.757772445678711
3031,saint_qmix,1.2175283432006836
3032,saint_qmix,1.8259773254394531
3033,saint_qmix,1.778487205505371
3034,saint_qmix,0.665675163269043
3035,saint_qmix,0.06957054138183594
3036,saint_qmix,-0.7638397216796875
3037,saint_qmix,4.169562339782715
3038,saint_qmix,0.41734886169433594
3039,saint_qmix,-0.09597015380859375
3040,saint_qmix,1.8222332000732422
3041,saint_qmix,1.0156993865966797
3042,saint_qmix,0.44303035736083984
3043,saint_qmix,1.217087745666504
3044,saint_qmix,0.6165046691894531
3045,saint_qmix,0.580327033996582
3046,saint_qmix,1.1151056289672852
3047,saint_qmix,0.7007312774658203
3048,saint_qmix,0.49352073669433594
3049,saint_qmix,2.205929756164551
3050,saint_qmix,1.261892318725586
3051,saint_qmix,0.637965202331543
3052,saint_qmix,2.502530097961426
3053,saint_qmix,1.5354557037353516
3054,saint_qmix,-0.4053459167480469
3055,saint_qmix,0.8508396148681641
3056,saint_qmix,0.8184728622436523
3057,saint_qmix,0.03824138641357422
3058,saint_qmix,1.0376482009887695
3059,saint_qmix,2.577709197998047
3060,saint_qmix,3.651622772216797
3061,saint_qmix,0.8289976119995117
3062,saint_qmix,0.033138275146484375
3063,saint_qmix,-2.8368186950683594
3064,saint_qmix,0.569951057434082
3065,saint_qmix,1.9302177429199219
3066,saint_qmix,1.0958786010742188
3067,saint_qmix,5.336322784423828
3068,saint_qmix,1.6473960876464844
3069,saint_qmix,1.6498079299926758
3070,saint_qmix,0.8517570495605469
3071,saint_qmix,0.745391845703125
3072,saint_qmix,0.18201541900634766
3073,saint_qmix,1.7529573440551758
3074,saint_qmix,1.5107460021972656
3075,saint_qmix,1.0513420104980469
3076,saint_qmix,1.8736610412597656
3077,saint_qmix,0.6344594955444336
3078,saint_qmix,2.541624069213867
3079,saint_qmix,1.0435523986816406
3080,saint_qmix,0.5938997268676758
3081,saint_qmix,0.8101167678833008
3082,saint_qmix,0.30056190490722656
3083,saint_qmix,2.271730422973633
3084,saint_qmix,0.06113243103027344
3085,saint_qmix,1.319448471069336
3086,saint_qmix,1.5624713897705078
3087,saint_qmix,0.583704948425293
3088,saint_qmix,-0.05113983154296875
3089,saint_qmix,7.417858123779297
3090,saint_qmix,1.1389827728271484
3091,saint_qmix,0.8112211227416992
3092,saint_qmix,-0.08008480072021484
3093,saint_qmix,1.6657915115356445
3094,saint_qmix,1.5244817733764648
3095,saint_qmix,1.4696226119995117
3096,saint_qmix,0.6268148422241211
3097,saint_qmix,0.14226913452148438
3098,saint_qmix,1.7947416305541992
3099,saint_qmix,0.26065635681152344
3100,saint_qmix,1.7584466934204102
3101,saint_qmix,1.3555355072021484
3102,saint_qmix,2.3813047409057617
3103,saint_qmix,3.1066155433654785
3104,saint_qmix,0.46398353576660156
3105,saint_qmix,1.8433780670166016
3106,saint_qmix,0.11951732635498047
3107,saint_qmix,1.2143774032592773
3108,saint_qmix,-2.708148956298828
3109,saint_qmix,-1.4338436126708984
3110,saint_qmix,-0.2550239562988281
3111,saint_qmix,1.0279512405395508
3112,saint_qmix,-0.4174327850341797
3113,saint_qmix,0.985081672668457
3114,saint_qmix,1.614501953125
3115,saint_qmix,0.640986442565918
3116,saint_qmix,1.6773080825805664
3117,saint_qmix,2.549968719482422
3118,saint_qmix,1.1627826690673828
3119,saint_qmix,1.3411483764648438
3120,saint_qmix,0.8302392959594727
3121,saint_qmix,1.325911521911621
3122,saint_qmix,0.7113761901855469
3123,saint_qmix,0.6265010833740234
3124,saint_qmix,1.8279762268066406
3125,saint_qmix,0.9721918106079102
3126,saint_qmix,0.9734287261962891
3127,saint_qmix,2.0173540115356445
3128,saint_qmix,-1.0270967483520508
3129,saint_qmix,1.5580406188964844
3130,saint_qmix,1.837000846862793
3131,saint_qmix,1.387247085571289
3132,saint_qmix,0.8488712310791016
3133,saint_qmix,0.8821611404418945
3134,saint_qmix,0.36643505096435547
3135,saint_qmix,1.858572006225586
3136,saint_qmix,-0.5431270599365234
3137,saint_qmix,1.9521570205688477
3138,saint_qmix,1.9623212814331055
3139,saint_qmix,0.48217010498046875
3140,saint_qmix,1.9705781936645508
3141,saint_qmix,1.9101953506469727
3142,saint_qmix,0.02195262908935547
3143,saint_qmix,3.028982162475586
3144,saint_qmix,0.8937416076660156
3145,saint_qmix,1.1527900695800781
3146,saint_qmix,1.3670463562011719
3147,saint_qmix,2.3106908798217773
3148,saint_qmix,2.111536979675293
3149,saint_qmix,0.5559072494506836
3150,saint_qmix,-0.0414276123046875
3151,saint_qmix,0.24648475646972656
3152,saint_qmix,0.5478944778442383
3153,saint_qmix,2.5249109268188477
3154,saint_qmix,1.4622087478637695
3155,saint_qmix,3.1046504974365234
3156,saint_qmix,1.6293115615844727
3157,saint_qmix,-0.4054288864135742
3158,saint_qmix,-2.438882827758789
3159,saint_qmix,0.6630277633666992
3160,saint_qmix,2.02785587310791
3161,saint_qmix,0.8001346588134766
3162,saint_qmix,1.102590560913086
3163,saint_qmix,1.476191520690918
3164,saint_qmix,3.886608123779297
3165,saint_qmix,1.188471794128418
3166,saint_qmix,1.289987564086914
3167,saint_qmix,0.12175750732421875
3168,saint_qmix,-0.7830810546875
3169,saint_qmix,0.9545574188232422
3170,saint_qmix,1.615523338317871
3171,saint_qmix,2.0074501037597656
3172,saint_qmix,1.9446516036987305
3173,saint_qmix,-0.033435821533203125
3174,saint_qmix,0.6782464981079102
3175,saint_qmix,0.33562374114990234
3176,saint_qmix,-1.6141910552978516
3177,saint_qmix,1.7431182861328125
3178,saint_qmix,0.3279905319213867
3179,saint_qmix,-0.2046031951904297
3180,saint_qmix,-0.11094903945922852
3181,saint_qmix,1.129542350769043
3182,saint_qmix,0.17940521240234375
3183,saint_qmix,3.153964042663574
3184,saint_qmix,2.033590316772461
3185,saint_qmix,0.5528526306152344
3186,saint_qmix,1.9563732147216797
3187,saint_qmix,-0.3357992172241211
3188,saint_qmix,-0.3722877502441406
3189,saint_qmix,1.6691150665283203
3190,saint_qmix,0.4873771667480469
3191,saint_qmix,-2.5498037338256836
3192,saint_qmix,0.859440803527832
3193,saint_qmix,0.04974651336669922
3194,saint_qmix,2.139711380004883
3195,saint_qmix,-0.2026519775390625
3196,saint_qmix,0.8260297775268555
3197,saint_qmix,-1.176945686340332
3198,saint_qmix,-0.8749074935913086
3199,saint_qmix,-0.16957950592041016
3200,saint_qmix,1.9701461791992188
3201,saint_qmix,1.8910331726074219
3202,saint_qmix,0.5870180130004883
3203,saint_qmix,2.702498435974121
3204,saint_qmix,0.2397470474243164
3205,saint_qmix,1.287353515625
3206,saint_qmix,1.6075019836425781
3207,saint_qmix,3.6210155487060547
3208,saint_qmix,0.5844907760620117
3209,saint_qmix,1.7825889587402344
3210,saint_qmix,4.238808631896973
3211,saint_qmix,0.5539321899414062
3212,saint_qmix,1.7569942474365234
3213,saint_qmix,0.4985771179199219
3214,saint_qmix,-0.35387516021728516
3215,saint_qmix,1.1058101654052734
3216,saint_qmix,5.841446399688721
3217,saint_qmix,0.6451082229614258
3218,saint_qmix,1.0809907913208008
3219,saint_qmix,1.4448823928833008
3220,saint_qmix,0.7511720657348633
3221,saint_qmix,0.9869375228881836
3222,saint_qmix,2.0532684326171875
3223,saint_qmix,0.2881755828857422
3224,saint_qmix,1.5542755126953125
3225,saint_qmix,1.4292163848876953
3226,saint_qmix,1.7078371047973633
3227,saint_qmix,1.6168737411499023
3228,saint_qmix,1.1272201538085938
3229,saint_qmix,1.8713383674621582
3230,saint_qmix,1.1205129623413086
3231,saint_qmix,0.5267763137817383
3232,saint_qmix,-1.0922250747680664
3233,saint_qmix,0.2629375457763672
3234,saint_qmix,-0.055161476135253906
3235,saint_qmix,0.8479471206665039
3236,saint_qmix,2.6847763061523438
3237,saint_qmix,2.5192956924438477
3238,saint_qmix,0.10455131530761719
3239,saint_qmix,1.925771713256836
3240,saint_qmix,1.5945501327514648
3241,saint_qmix,1.7360420227050781
3242,saint_qmix,-1.1619272232055664
3243,saint_qmix,-0.4061279296875
3244,saint_qmix,1.2450227737426758
3245,saint_qmix,0.7888889312744141
3246,saint_qmix,0.21593475341796875
3247,saint_qmix,2.0992860794067383
3248,saint_qmix,0.9695777893066406
3249,saint_qmix,1.177083969116211
3250,saint_qmix,2.167409896850586
3251,saint_qmix,0.8023576736450195
3252,saint_qmix,0.0898427963256836
3253,saint_qmix,-0.1252307891845703
3254,saint_qmix,2.363283157348633
3255,saint_qmix,1.3860225677490234
3256,saint_qmix,0.2032146453857422
3257,saint_qmix,3.7198448181152344
3258,saint_qmix,0.2641878128051758
3259,saint_qmix,1.3039770126342773
3260,saint_qmix,-2.7126598358154297
3261,saint_qmix,0.2852039337158203
3262,saint_qmix,4.462210655212402
3263,saint_qmix,1.972116470336914
3264,saint_qmix,1.993626594543457
3265,saint_qmix,1.3258485794067383
3266,saint_qmix,0.5012960433959961
3267,saint_qmix,1.5428991317749023
3268,saint_qmix,5.777917861938477
3269,saint_qmix,0.9947748184204102
3270,saint_qmix,-0.33697986602783203
3271,saint_qmix,0.7315587997436523
3272,saint_qmix,0.9848976135253906
3273,saint_qmix,1.0857229232788086
3274,saint_qmix,1.3925886154174805
3275,saint_qmix,0.9459085464477539
3276,saint_qmix,0.5539193153381348
3277,saint_qmix,1.6618928909301758
3278,saint_qmix,1.8537406921386719
3279,saint_qmix,1.2947545051574707
3280,saint_qmix,0.3592214584350586
3281,saint_qmix,0.6122159957885742
3282,saint_qmix,1.2777833938598633
3283,saint_qmix,0.34526824951171875
3284,saint_qmix,1.5500879287719727
3285,saint_qmix,2.018646240234375
3286,saint_qmix,1.6077032089233398
3287,saint_qmix,1.5450859069824219
3288,saint_qmix,4.65703010559082
3289,saint_qmix,0.6838617324829102
3290,saint_qmix,1.3980169296264648
3291,saint_qmix,-0.9431867599487305
3292,saint_qmix,0.9511613845825195
3293,saint_qmix,1.3671884536743164
3294,saint_qmix,1.9101524353027344
3295,saint_qmix,2.9459991455078125
3296,saint_qmix,1.9328813552856445
3297,saint_qmix,1.8068580627441406
3298,saint_qmix,3.6800785064697266
3299,saint_qmix,2.7003860473632812
3300,saint_qmix,-0.3180809020996094
3301,saint_qmix,1.5727882385253906
3302,saint_qmix,1.4777936935424805
3303,saint_qmix,4.437417984008789
3304,saint_qmix,-0.4382972717285156
3305,saint_qmix,1.1587934494018555
3306,saint_qmix,0.0
3307,saint_qmix,-0.44542980194091797
3308,saint_qmix,-0.4850749969482422
3309,saint_qmix,3.6419858932495117
3310,saint_qmix,0.03943920135498047
3311,saint_qmix,0.44780445098876953
3312,saint_qmix,1.517868995666504
3313,saint_qmix,1.1478729248046875
3314,saint_qmix,1.6743946075439453
3315,saint_qmix,1.894639015197754
3316,saint_qmix,0.9192900657653809
3317,saint_qmix,1.2035503387451172
3318,saint_qmix,1.414987564086914
3319,saint_qmix,1.212331771850586
3320,saint_qmix,2.339323043823242
3321,saint_qmix,4.332191467285156
3322,saint_qmix,3.16970157623291
3323,saint_qmix,0.9307994842529297
3324,saint_qmix,1.8432645797729492
3325,saint_qmix,0.6920843124389648
3326,saint_qmix,3.51096248626709
3327,saint_qmix,0.1691265106201172
3328,saint_qmix,1.1622390747070312
3329,saint_qmix,-0.76861572265625
3330,saint_qmix,2.4919090270996094
3331,saint_qmix,-0.05342388153076172
3332,saint_qmix,1.972616195678711
3333,saint_qmix,1.369450569152832
3334,saint_qmix,0.13482952117919922
3335,saint_qmix,1.3837127685546875
3336,saint_qmix,1.264582633972168
3337,saint_qmix,-0.37166595458984375
3338,saint_qmix,1.4763374328613281
3339,saint_qmix,0.04658031463623047
3340,saint_qmix,1.227254867553711
3341,saint_qmix,1.0073356628417969
3342,saint_qmix,1.7603578567504883
3343,saint_qmix,0.14349937438964844
3344,saint_qmix,0.6952571868896484
3345,saint_qmix,-0.0340423583984375
3346,saint_qmix,0.6682882308959961
3347,saint_qmix,4.674347877502441
3348,saint_qmix,2.454030990600586
3349,saint_qmix,0.2697591781616211
3350,saint_qmix,1.0954570770263672
3351,saint_qmix,1.1775283813476562
3352,saint_qmix,0.017454147338867188
3353,saint_qmix,0.5983428955078125
3354,saint_qmix,0.17511463165283203
3355,saint_qmix,3.453822135925293
3356,saint_qmix,0.5625152587890625
3357,saint_qmix,-0.17999553680419922
3358,saint_qmix,-0.5042619705200195
3359,saint_qmix,1.954422950744629
3360,saint_qmix,1.6032943725585938
3361,saint_qmix,1.294407844543457
3362,saint_qmix,0.7972602844238281
3363,saint_qmix,1.4638824462890625
3364,saint_qmix,0.017943382263183594
3365,saint_qmix,0.6344594955444336
3366,saint_qmix,1.311415672302246
3367,saint_qmix,-0.16469955444335938
3368,saint_qmix,2.542715072631836
3369,saint_qmix,1.7278318405151367
3370,saint_qmix,2.8095312118530273
3371,saint_qmix,0.9828033447265625
3372,saint_qmix,0.8553686141967773
3373,saint_qmix,0.03517913818359375
3374,saint_qmix,0.2511014938354492
3375,saint_qmix,1.7037134170532227
3376,saint_qmix,-0.9671430587768555
3377,saint_qmix,1.6129589080810547
3378,saint_qmix,1.5184602737426758
3379,saint_qmix,1.331716537475586
3380,saint_qmix,1.4240236282348633
3381,saint_qmix,1.4944791793823242
3382,saint_qmix,3.531435966491699
3383,saint_qmix,1.294358253479004
3384,saint_qmix,-0.27132701873779297
3385,saint_qmix,2.1671619415283203
3386,saint_qmix,0.7452201843261719
3387,saint_qmix,1.387497901916504
3388,saint_qmix,0.4746723175048828
3389,saint_qmix,1.043431282043457
3390,saint_qmix,1.2189559936523438
3391,saint_qmix,2.012960433959961
3392,saint_qmix,1.323746681213379
3393,saint_qmix,1.0316734313964844
3394,saint_qmix,3.832413673400879
3395,saint_qmix,0.22755813598632812
3396,saint_qmix,1.2270984649658203
3397,saint_qmix,1.6188726425170898
3398,saint_qmix,1.5785207748413086
3399,saint_qmix,0.9792442321777344
3400,saint_qmix,-0.12224578857421875
3401,saint_qmix,2.1720666885375977
3402,saint_qmix,6.219120025634766
3403,saint_qmix,1.553426742553711
3404,saint_qmix,1.1603965759277344
3405,saint_qmix,1.3572053909301758
3406,saint_qmix,1.273158073425293
3407,saint_qmix,1.5223407745361328
3408,saint_qmix,0.2781076431274414
3409,saint_qmix,0.827235221862793
3410,saint_qmix,1.0443124771118164
3411,saint_qmix,0.38353729248046875
3412,saint_qmix,0.15777873992919922
3413,saint_qmix,2.4332122802734375
3414,saint_qmix,1.5125341415405273
3415,saint_qmix,-0.6930398941040039
3416,saint_qmix,0.7842988967895508
3417,saint_qmix,0.2337932586669922
3418,saint_qmix,-0.11300277709960938
3419,saint_qmix,1.5369873046875
3420,saint_qmix,1.336705207824707
3421,saint_qmix,0.030508041381835938
3422,saint_qmix,0.7695837020874023
3423,saint_qmix,3.0506324768066406
3424,saint_qmix,0.927525520324707
3425,saint_qmix,1.4316797256469727
3426,saint_qmix,0.6569576263427734
3427,saint_qmix,2.3225440979003906
3428,saint_qmix,2.5955047607421875
3429,saint_qmix,3.3581132888793945
3430,saint_qmix,-1.5099620819091797
3431,saint_qmix,0.920008659362793
3432,saint_qmix,2.637637138366699
3433,saint_qmix,1.873936653137207
3434,saint_qmix,-0.3958854675292969
3435,saint_qmix,2.3556108474731445
3436,saint_qmix,1.6887969970703125
3437,saint_qmix,0.4965343475341797
3438,saint_qmix,1.2436332702636719
3439,saint_qmix,4.416634559631348
3440,saint_qmix,0.4599323272705078
3441,saint_qmix,0.45864295959472656
3442,saint_qmix,2.074748992919922
3443,saint_qmix,0.5427007675170898
3444,saint_qmix,3.473794937133789
3445,saint_qmix,0.02889728546142578
3446,saint_qmix,2.187257766723633
3447,saint_qmix,2.113821029663086
3448,saint_qmix,0.8434724807739258
3449,saint_qmix,0.8216543197631836
3450,saint_qmix,0.42345523834228516
3451,saint_qmix,-0.16825580596923828
3452,saint_qmix,0.7474899291992188
3453,saint_qmix,1.2730979919433594
3454,saint_qmix,-0.3269538879394531
3455,saint_qmix,-0.025122642517089844
3456,saint_qmix,0.1652822494506836
3457,saint_qmix,1.814854621887207
3458,saint_qmix,1.5014019012451172
3459,saint_qmix,2.0733957290649414
3460,saint_qmix,1.4727725982666016
3461,saint_qmix,2.1661510467529297
3462,saint_qmix,1.1732654571533203
3463,saint_qmix,2.6395444869995117
3464,saint_qmix,0.37102603912353516
3465,saint_qmix,1.3452463150024414
3466,saint_qmix,-0.049271583557128906
3467,saint_qmix,2.3672666549682617
3468,saint_qmix,0.46266651153564453
3469,saint_qmix,1.727560043334961
3470,saint_qmix,2.518622398376465
3471,saint_qmix,0.4429512023925781
3472,saint_qmix,1.2156896591186523
3473,saint_qmix,0.10316085815429688
3474,saint_qmix,-0.100341796875
3475,saint_qmix,1.1904611587524414
3476,saint_qmix,1.122659683227539
3477,saint_qmix,0.8222265243530273
3478,saint_qmix,2.6900172233581543
3479,saint_qmix,0.9534835815429688
3480,saint_qmix,0.0874624252319336
3481,saint_qmix,1.7186164855957031
3482,saint_qmix,1.5638046264648438
3483,saint_qmix,0.23675155639648438
3484,saint_qmix,0.7262630462646484
3485,saint_qmix,0.8421287536621094
3486,saint_qmix,0.9646587371826172
3487,saint_qmix,2.594663619995117
3488,saint_qmix,0.9736003875732422
3489,saint_qmix,3.7814979553222656
3490,saint_qmix,-1.8363971710205078
3491,saint_qmix,-0.9340066909790039
3492,saint_qmix,0.03968048095703125
3493,saint_qmix,0.5079784393310547
3494,saint_qmix,1.3507843017578125
3495,saint_qmix,1.332524299621582
3496,saint_qmix,1.054011344909668
3497,saint_qmix,-1.4435434341430664
3498,saint_qmix,1.6666078567504883
3499,saint_qmix,-0.09076690673828125
3500,saint_qmix,5.2581634521484375
3501,saint_qmix,-0.1568441390991211
3502,saint_qmix,1.4480571746826172
3503,saint_qmix,0.14651966094970703
3504,saint_qmix,-0.6865987777709961
3505,saint_qmix,0.5818748474121094
3506,saint_qmix,-0.05191516876220703
3507,saint_qmix,2.051004409790039
3508,saint_qmix,2.7915382385253906
3509,saint_qmix,0.5339689254760742
3510,saint_qmix,0.507568359375
3511,saint_qmix,1.0942096710205078
3512,saint_qmix,0.3045978546142578
3513,saint_qmix,1.4460954666137695
3514,saint_qmix,1.5647201538085938
3515,saint_qmix,3.305108070373535
3516,saint_qmix,2.2597227096557617
3517,saint_qmix,2.2032909393310547
3518,saint_qmix,0.20154476165771484
3519,saint_qmix,2.535032272338867
3520,saint_qmix,1.35137939453125
3521,saint_qmix,-0.7384033203125
3522,saint_qmix,1.8599004745483398
3523,saint_qmix,1.5171794891357422
3524,saint_qmix,1.4639358520507812
3525,saint_qmix,1.2014751434326172
3526,saint_qmix,3.8328323364257812
3527,saint_qmix,1.3661251068115234
3528,saint_qmix,2.3332138061523438
3529,saint_qmix,0.7358894348144531
3530,saint_qmix,0.8473491668701172
3531,saint_qmix,-0.4466209411621094
3532,saint_qmix,1.213007926940918
3533,saint_qmix,3.011617660522461
3534,saint_qmix,4.903080463409424
3535,saint_qmix,1.9664511680603027
3536,saint_qmix,7.092508316040039
3537,saint_qmix,1.718332290649414
3538,saint_qmix,0.8870353698730469
3539,saint_qmix,1.928762435913086
3540,saint_qmix,0.6899633407592773
3541,saint_qmix,5.7147932052612305
3542,saint_qmix,1.6093864440917969
3543,saint_qmix,0.9812488555908203
3544,saint_qmix,0.42749595642089844
3545,saint_qmix,5.18342399597168
3546,saint_qmix,2.841054916381836
3547,saint_qmix,6.0747528076171875
3548,saint_qmix,1.526315689086914
3549,saint_qmix,0.2730388641357422
3550,saint_qmix,2.139932632446289
3551,saint_qmix,4.551305770874023
3552,saint_qmix,-1.5686779022216797
3553,saint_qmix,2.5114402770996094
3554,saint_qmix,2.1486148834228516
3555,saint_qmix,0.18753814697265625
3556,saint_qmix,1.707453727722168
3557,saint_qmix,3.0426559448242188
3558,saint_qmix,3.874056816101074
3559,saint_qmix,-2.018052101135254
3560,saint_qmix,1.2553672790527344
3561,saint_qmix,1.1238908767700195
3562,saint_qmix,0.20354557037353516
3563,saint_qmix,1.7506704330444336
3564,saint_qmix,2.0843563079833984
3565,saint_qmix,1.3875198364257812
3566,saint_qmix,0.41689014434814453
3567,saint_qmix,4.1183271408081055
3568,saint_qmix,1.0733041763305664
3569,saint_qmix,-0.08440208435058594
3570,saint_qmix,0.782597541809082
3571,saint_qmix,2.3425283432006836
3572,saint_qmix,2.7053632736206055
3573,saint_qmix,0.7896442413330078
3574,saint_qmix,0.3487100601196289
3575,saint_qmix,1.631394386291504
3576,saint_qmix,1.3206911087036133
3577,saint_qmix,0.009591102600097656
3578,saint_qmix,0.9235763549804688
3579,saint_qmix,1.4922924041748047
3580,saint_qmix,1.3595504760742188
3581,saint_qmix,2.061337471008301
3582,saint_qmix,0.6419095993041992
3583,saint_qmix,2.2156410217285156
3584,saint_qmix,1.9636993408203125
3585,saint_qmix,1.5012884140014648
3586,saint_qmix,4.084542274475098
3587,saint_qmix,-0.012778282165527344
3588,saint_qmix,0.7919697761535645
3589,saint_qmix,2.0463972091674805
3590,saint_qmix,2.4814281463623047
3591,saint_qmix,1.237375259399414
3592,saint_qmix,0.8926677703857422
3593,saint_qmix,2.539708137512207
3594,saint_qmix,5.741537094116211
3595,saint_qmix,2.257449150085449
3596,saint_qmix,1.5302152633666992
3597,saint_qmix,2.3936967849731445
3598,saint_qmix,1.4795045852661133
3599,saint_qmix,-0.43726539611816406
3600,saint_qmix,1.0806045532226562
3601,saint_qmix,0.9059934616088867
3602,saint_qmix,2.8865623474121094
3603,saint_qmix,4.864382743835449
3604,saint_qmix,1.0291109085083008
3605,saint_qmix,1.7425241470336914
3606,saint_qmix,-0.5713949203491211
3607,saint_qmix,2.0361862182617188
3608,saint_qmix,1.9287261962890625
3609,saint_qmix,0.12649059295654297
3610,saint_qmix,0.6966791152954102
3611,saint_qmix,-0.06198692321777344
3612,saint_qmix,0.15967559814453125
3613,saint_qmix,-0.7836580276489258
3614,saint_qmix,-0.4914236068725586
3615,saint_qmix,1.4208097457885742
3616,saint_qmix,5.093997001647949
3617,saint_qmix,0.5601577758789062
3618,saint_qmix,1.9185609817504883
3619,saint_qmix,-0.5391664505004883
3620,saint_qmix,2.2164039611816406
3621,saint_qmix,1.4176607131958008
3622,saint_qmix,0.39864063262939453
3623,saint_qmix,0.7497673034667969
3624,saint_qmix,0.6132488250732422
3625,saint_qmix,0.6661224365234375
3626,saint_qmix,0.5085468292236328
3627,saint_qmix,0.035202980041503906
3628,saint_qmix,1.4377517700195312
3629,saint_qmix,0.014576911926269531
3630,saint_qmix,-0.2559175491333008
3631,saint_qmix,-0.7734870910644531
3632,saint_qmix,1.3334388732910156
3633,saint_qmix,1.7990436553955078
3634,saint_qmix,0.2822856903076172
3635,saint_qmix,2.9362354278564453
3636,saint_qmix,3.660581588745117
3637,saint_qmix,0.26354217529296875
3638,saint_qmix,0.3245058059692383
3639,saint_qmix,4.500860214233398
3640,saint_qmix,1.6741876602172852
3641,saint_qmix,1.6161670684814453
3642,saint_qmix,1.2052059173583984
3643,saint_qmix,0.4720449447631836
3644,saint_qmix,1.0648717880249023
3645,saint_qmix,1.2339038848876953
3646,saint_qmix,1.1735363006591797
3647,saint_qmix,1.1213922500610352
3648,saint_qmix,4.063014984130859
3649,saint_qmix,0.741847038269043
3650,saint_qmix,-1.2772245407104492
3651,saint_qmix,-0.1281881332397461
3652,saint_qmix,2.132411003112793
3653,saint_qmix,2.6287879943847656
3654,saint_qmix,1.3225831985473633
3655,saint_qmix,0.9723367691040039
3656,saint_qmix,0.9871072769165039
3657,saint_qmix,2.6059207916259766
3658,saint_qmix,4.1971611976623535
3659,saint_qmix,1.0467939376831055
3660,saint_qmix,0.6312980651855469
3661,saint_qmix,1.2014389038085938
3662,saint_qmix,0.7077360153198242
3663,saint_qmix,1.773625373840332
3664,saint_qmix,2.188941478729248
3665,saint_qmix,-2.023365020751953
3666,saint_qmix,1.4205608367919922
3667,saint_qmix,0.20545673370361328
3668,saint_qmix,0.7496681213378906
3669,saint_qmix,0.9495677947998047
3670,saint_qmix,3.165285110473633
3671,saint_qmix,1.5598058700561523
3672,saint_qmix,-0.9419221878051758
3673,saint_qmix,1.383732795715332
3674,saint_qmix,2.120305061340332
3675,saint_qmix,1.0645380020141602
3676,saint_qmix,1.108377456665039
3677,saint_qmix,1.3283758163452148
3678,saint_qmix,0.8150577545166016
3679,saint_qmix,0.9751615524291992
3680,saint_qmix,-0.18768787384033203
3681,saint_qmix,1.1549482345581055
3682,saint_qmix,1.5289106369018555
3683,saint_qmix,1.5237846374511719
3684,saint_qmix,-0.7486639022827148
3685,saint_qmix,0.27451038360595703
3686,saint_qmix,5.523664474487305
3687,saint_qmix,0.8064146041870117
3688,saint_qmix,5.1705474853515625
3689,saint_qmix,1.479391098022461
3690,saint_qmix,3.4454660415649414
3691,saint_qmix,1.4745903015136719
3692,saint_qmix,1.835139274597168
3693,saint_qmix,1.7299222946166992
3694,saint_qmix,2.626786231994629
3695,saint_qmix,4.025179862976074
3696,saint_qmix,1.333113670349121
3697,saint_qmix,0.7159299850463867
3698,saint_qmix,3.0943450927734375
3699,saint_qmix,0.6704292297363281
3700,saint_qmix,1.5642004013061523
3701,saint_qmix,0.7690649032592773
3702,saint_qmix,0.0737924575805664
3703,saint_qmix,0.6380586624145508
3704,saint_qmix,0.7303256988525391
3705,saint_qmix,0.2067546844482422
3706,saint_qmix,2.195802688598633
3707,saint_qmix,2.3448028564453125
3708,saint_qmix,2.8580703735351562
3709,saint_qmix,-0.915186882019043
3710,saint_qmix,1.0886554718017578
3711,saint_qmix,2.6094818115234375
3712,saint_qmix,-0.901031494140625
3713,saint_qmix,-1.3502798080444336
3714,saint_qmix,1.3689460754394531
3715,saint_qmix,2.427888870239258
3716,saint_qmix,1.7727632522583008
3717,saint_qmix,-0.5570383071899414
3718,saint_qmix,1.4781265258789062
3719,saint_qmix,1.0474205017089844
3720,saint_qmix,0.6566572189331055
3721,saint_qmix,2.747551918029785
3722,saint_qmix,1.4177532196044922
3723,saint_qmix,-0.11840057373046875
3724,saint_qmix,0.6244125366210938
3725,saint_qmix,6.791461944580078
3726,saint_qmix,-1.3771448135375977
3727,saint_qmix,1.986440658569336
3728,saint_qmix,1.685638427734375
3729,saint_qmix,0.05443572998046875
3730,saint_qmix,0.2577066421508789
3731,saint_qmix,-0.2214813232421875
3732,saint_qmix,1.1096830368041992
3733,saint_qmix,0.7458896636962891
3734,saint_qmix,1.1210870742797852
3735,saint_qmix,0.8166046142578125
3736,saint_qmix,0.6135263442993164
3737,saint_qmix,-0.28550243377685547
3738,saint_qmix,1.7338151931762695
3739,saint_qmix,0.5173025131225586
3740,saint_qmix,1.9546518325805664
3741,saint_qmix,1.4160518646240234
3742,saint_qmix,1.7461729049682617
3743,saint_qmix,4.397531509399414
3744,saint_qmix,0.2815217971801758
3745,saint_qmix,2.9133996963500977
3746,saint_qmix,3.1811656951904297
3747,saint_qmix,1.1564059257507324
3748,saint_qmix,3.5039100646972656
3749,saint_qmix,2.3995161056518555
3750,saint_qmix,0.9792804718017578
3751,saint_qmix,1.7114696502685547
3752,saint_qmix,-0.24297142028808594
3753,saint_qmix,-0.69378662109375
3754,saint_qmix,-0.4551963806152344
3755,saint_qmix,1.5060005187988281
3756,saint_qmix,8.859650611877441
3757,saint_qmix,4.780771255493164
3758,saint_qmix,3.7051877975463867
3759,saint_qmix,3.534994125366211
3760,saint_qmix,5.315157890319824
3761,saint_qmix,0.8285331726074219
3762,saint_qmix,-0.3267173767089844
3763,saint_qmix,3.8149375915527344
3764,saint_qmix,1.0727825164794922
3765,saint_qmix,4.441903114318848
3766,saint_qmix,3.9085521697998047
3767,saint_qmix,-0.11637115478515625
3768,saint_qmix,1.6316461563110352
3769,saint_qmix,-0.4475574493408203
3770,saint_qmix,1.6944026947021484
3771,saint_qmix,1.7360725402832031
3772,saint_qmix,-0.48888206481933594
3773,saint_qmix,2.417570114135742
3774,saint_qmix,1.7673072814941406
3775,saint_qmix,-0.25058460235595703
3776,saint_qmix,1.7517967224121094
3777,saint_qmix,1.3916521072387695
3778,saint_qmix,2.1432323455810547
3779,saint_qmix,1.1894245147705078
3780,saint_qmix,0.7723379135131836
3781,saint_qmix,4.351924896240234
3782,saint_qmix,2.028428077697754
3783,saint_qmix,1.2597169876098633
3784,saint_qmix,1.1061763763427734
3785,saint_qmix,0.608642578125
3786,saint_qmix,1.6657209396362305
3787,saint_qmix,-1.1190872192382812
3788,saint_qmix,1.6578302383422852
3789,saint_qmix,-0.25379085540771484
3790,saint_qmix,1.4411382675170898
3791,saint_qmix,-0.8213586807250977
3792,saint_qmix,0.03185844421386719
3793,saint_qmix,3.599360466003418
3794,saint_qmix,1.8216991424560547
3795,saint_qmix,1.5796489715576172
3796,saint_qmix,0.950312614440918
3797,saint_qmix,0.4694232940673828
3798,saint_qmix,0.9818744659423828
3799,saint_qmix,0.45258617401123047
3800,saint_qmix,-0.2839946746826172
3801,saint_qmix,1.044346809387207
3802,saint_qmix,3.2974777221679688
3803,saint_qmix,1.6553421020507812
3804,saint_qmix,1.5121240615844727
3805,saint_qmix,0.7642097473144531
3806,saint_qmix,-0.7259016036987305
3807,saint_qmix,1.1222467422485352
3808,saint_qmix,1.8324613571166992
3809,saint_qmix,0.0
3810,saint_qmix,0.7467708587646484
3811,saint_qmix,1.519906997680664
3812,saint_qmix,0.4481792449951172
3813,saint_qmix,0.17999839782714844
3814,saint_qmix,1.159952163696289
3815,saint_qmix,1.652176856994629
3816,saint_qmix,0.4531230926513672
3817,saint_qmix,-0.4874706268310547
3818,saint_qmix,4.353445529937744
3819,saint_qmix,0.5683135986328125
3820,saint_qmix,-0.09456634521484375
3821,saint_qmix,1.8914155960083008
3822,saint_qmix,1.5315523147583008
3823,saint_qmix,0.8659887313842773
3824,saint_qmix,1.1170587539672852
3825,saint_qmix,0.045861244201660156
3826,saint_qmix,1.7551641464233398
3827,saint_qmix,2.2774648666381836
3828,saint_qmix,1.3929548263549805
3829,saint_qmix,1.1834354400634766
3830,saint_qmix,2.5994224548339844
3831,saint_qmix,1.4288616180419922
3832,saint_qmix,-0.4860649108886719
3833,saint_qmix,2.6916818618774414
3834,saint_qmix,1.2113075256347656
3835,saint_qmix,1.741532325744629
3836,saint_qmix,-0.872584342956543
3837,saint_qmix,2.8207530975341797
3838,saint_qmix,5.334993362426758
3839,saint_qmix,4.256269454956055
3840,saint_qmix,2.412748336791992
3841,saint_qmix,1.6530351638793945
3842,saint_qmix,4.622594833374023
3843,saint_qmix,0.5735330581665039
3844,saint_qmix,1.1162309646606445
3845,saint_qmix,-0.0882568359375
3846,saint_qmix,1.4242959022521973
3847,saint_qmix,4.386848449707031
3848,saint_qmix,-0.8478546142578125
3849,saint_qmix,0.4130582809448242
3850,saint_qmix,-0.46372222900390625
3851,saint_qmix,2.0295162200927734
3852,saint_qmix,1.6665325164794922
3853,saint_qmix,3.4180212020874023
3854,saint_qmix,1.4355735778808594
3855,saint_qmix,0.4251136779785156
3856,saint_qmix,3.880429267883301
3857,saint_qmix,1.0964317321777344
3858,saint_qmix,1.1223716735839844
3859,saint_qmix,2.116006851196289
3860,saint_qmix,1.316366195678711
3861,saint_qmix,2.0843305587768555
3862,saint_qmix,2.509585380554199
3863,saint_qmix,1.3739814758300781
3864,saint_qmix,5.191798210144043
3865,saint_qmix,-0.04881095886230469
3866,saint_qmix,-0.32996559143066406
3867,saint_qmix,-0.3173532485961914
3868,saint_qmix,2.1461706161499023
3869,saint_qmix,1.0303993225097656
3870,saint_qmix,1.6910982131958008
3871,saint_qmix,-0.30277538299560547
3872,saint_qmix,4.704527854919434
3873,saint_qmix,0.1022939682006836
3874,saint_qmix,2.748414993286133
3875,saint_qmix,3.4410524368286133
3876,saint_qmix,0.3567171096801758
3877,saint_qmix,1.8345909118652344
3878,saint_qmix,0.7743825912475586
3879,saint_qmix,1.455693244934082
3880,saint_qmix,1.1977882385253906
3881,saint_qmix,-1.3896112442016602
3882,saint_qmix,3.0579538345336914
3883,saint_qmix,1.181406021118164
3884,saint_qmix,-0.5099077224731445
3885,saint_qmix,0.7783079147338867
3886,saint_qmix,0.034621238708496094
3887,saint_qmix,1.218069076538086
3888,saint_qmix,1.7466192245483398
3889,saint_qmix,0.7007980346679688
3890,saint_qmix,1.3489480018615723
3891,saint_qmix,4.597530364990234
3892,saint_qmix,5.677886962890625
3893,saint_qmix,0.8870153427124023
3894,saint_qmix,-0.02901458740234375
3895,saint_qmix,-0.10579490661621094
3896,saint_qmix,0.3914775848388672
3897,saint_qmix,1.6975154876708984
3898,saint_qmix,2.204679489135742
3899,saint_qmix,0.3648662567138672
3900,saint_qmix,1.2958259582519531
3901,saint_qmix,1.4174985885620117
3902,saint_qmix,1.1089963912963867
3903,saint_qmix,-0.0169525146484375
3904,saint_qmix,1.6919736862182617
3905,saint_qmix,3.9197797775268555
3906,saint_qmix,5.202426910400391
3907,saint_qmix,0.7605400085449219
3908,saint_qmix,1.5640296936035156
3909,saint_qmix,1.2383193969726562
3910,saint_qmix,-1.2208166122436523
3911,saint_qmix,0.9462690353393555
3912,saint_qmix,0.7697086334228516
3913,saint_qmix,-0.01761913299560547
3914,saint_qmix,1.1821966171264648
3915,saint_qmix,1.980778694152832
3916,saint_qmix,0.35128211975097656
3917,saint_qmix,0.04229259490966797
3918,saint_qmix,1.079665184020996
3919,saint_qmix,1.9521846771240234
3920,saint_qmix,1.9181833267211914
3921,saint_qmix,0.6260671615600586
3922,saint_qmix,1.2004022598266602
3923,saint_qmix,-0.9054021835327148
3924,saint_qmix,0.8073663711547852
3925,saint_qmix,1.709024429321289
3926,saint_qmix,1.0753974914550781
3927,saint_qmix,0.045609474182128906
3928,saint_qmix,0.37987422943115234
3929,saint_qmix,0.8929862976074219
3930,saint_qmix,1.8687677383422852
3931,saint_qmix,-1.215977668762207
3932,saint_qmix,1.7157411575317383
3933,saint_qmix,3.5194387435913086
3934,saint_qmix,2.057814598083496
3935,saint_qmix,4.154640197753906
3936,saint_qmix,0.7695674896240234
3937,saint_qmix,0.5838127136230469
3938,saint_qmix,1.3505668640136719
3939,saint_qmix,0.7655496597290039
3940,saint_qmix,0.5386829376220703
3941,saint_qmix,0.5207252502441406
3942,saint_qmix,-0.9967546463012695
3943,saint_qmix,1.6101484298706055
3944,saint_qmix,3.8376083374023438
3945,saint_qmix,4.710145950317383
3946,saint_qmix,5.372913360595703
3947,saint_qmix,0.19867992401123047
3948,saint_qmix,0.583033561706543
3949,saint_qmix,1.6687335968017578
3950,saint_qmix,3.353761672973633
3951,saint_qmix,1.180450439453125
3952,saint_qmix,-0.2908458709716797
3953,saint_qmix,-0.06473159790039062
3954,saint_qmix,1.662245750427246
3955,saint_qmix,2.0417490005493164
3956,saint_qmix,1.977858543395996
3957,saint_qmix,0.5098505020141602
3958,saint_qmix,2.7155628204345703
3959,saint_qmix,0.5156488418579102
3960,saint_qmix,3.16324520111084
3961,saint_qmix,-0.1225900650024414
3962,saint_qmix,0.8426189422607422
3963,saint_qmix,0.53662109375
3964,saint_qmix,1.858656883239746
3965,saint_qmix,-2.5480194091796875
3966,saint_qmix,1.9905834197998047
3967,saint_qmix,-0.4539213180541992
3968,saint_qmix,0.46422576904296875
3969,saint_qmix,1.6728172302246094
3970,saint_qmix,0.9546165466308594
3971,saint_qmix,1.5141725540161133
3972,saint_qmix,1.2676753997802734
3973,saint_qmix,-1.1487884521484375
3974,saint_qmix,1.7391395568847656
3975,saint_qmix,0.5356388092041016
3976,saint_qmix,1.9674711227416992
3977,saint_qmix,0.18207836151123047
3978,saint_qmix,-1.0229663848876953
3979,saint_qmix,1.042597770690918
3980,saint_qmix,0.8403644561767578
3981,saint_qmix,2.120758056640625
3982,saint_qmix,-0.22354745864868164
3983,saint_qmix,1.3605327606201172
3984,saint_qmix,0.013475418090820312
3985,saint_qmix,0.794550895690918
3986,saint_qmix,0.15183544158935547
3987,saint_qmix,1.529892921447754
3988,saint_qmix,1.9115962982177734
3989,saint_qmix,0.6554174423217773
3990,saint_qmix,0.5433502197265625
3991,saint_qmix,0.217559814453125
3992,saint_qmix,0.6808071136474609
3993,saint_qmix,7.07691764831543
3994,saint_qmix,0.3650932312011719
3995,saint_qmix,0.8241004943847656
3996,saint_qmix,3.1727142333984375
3997,saint_qmix,-1.0453128814697266
3998,saint_qmix,0.0074176788330078125
3999,saint_qmix,0.0
4000,saint_qmix,3.635809898376465
4001,saint_qmix,1.4287395477294922
4002,saint_qmix,2.001774787902832
4003,saint_qmix,1.471212387084961
4004,saint_qmix,1.0957107543945312
4005,saint_qmix,1.2426261901855469
4006,saint_qmix,6.809841156005859
4007,saint_qmix,1.7208709716796875
4008,saint_qmix,1.4788827896118164
4009,saint_qmix,-0.0460357666015625
4010,saint_qmix,0.2815284729003906
4011,saint_qmix,0.6343059539794922
4012,saint_qmix,1.5379304885864258
4013,saint_qmix,0.0935049057006836
4014,saint_qmix,-0.19225025177001953
4015,saint_qmix,5.166658401489258
4016,saint_qmix,2.6225366592407227
4017,saint_qmix,0.5642185211181641
4018,saint_qmix,1.6408195495605469
4019,saint_qmix,1.8213205337524414
4020,saint_qmix,3.189143657684326
4021,saint_qmix,1.287210464477539
4022,saint_qmix,-0.1839447021484375
4023,saint_qmix,1.3720426559448242
4024,saint_qmix,2.2541427612304688
4025,saint_qmix,0.8277664184570312
4026,saint_qmix,2.002958297729492
4027,saint_qmix,1.4846315383911133
4028,saint_qmix,2.590883255004883
4029,saint_qmix,1.7934131622314453
4030,saint_qmix,0.9153242111206055
4031,saint_qmix,1.1408863067626953
4032,saint_qmix,3.0809736251831055
4033,saint_qmix,3.1706924438476562
4034,saint_qmix,0.9906816482543945
4035,saint_qmix,1.0844335556030273
4036,saint_qmix,-0.0912179946899414
4037,saint_qmix,1.6497116088867188
4038,saint_qmix,1.6480274200439453
4039,saint_qmix,0.4698915481567383
4040,saint_qmix,1.992645263671875
4041,saint_qmix,2.1928024291992188
4042,saint_qmix,0.2122650146484375
4043,saint_qmix,0.9374799728393555
4044,saint_qmix,2.037175178527832
4045,saint_qmix,0.6229381561279297
4046,saint_qmix,0.31091880798339844
4047,saint_qmix,3.34230899810791
4048,saint_qmix,1.274399757385254
4049,saint_qmix,1.8915319442749023
4050,saint_qmix,2.9458236694335938
4051,saint_qmix,2.0866971015930176
4052,saint_qmix,1.6743431091308594
4053,saint_qmix,0.44230175018310547
4054,saint_qmix,1.987173080444336
4055,saint_qmix,0.11506462097167969
4056,saint_qmix,1.1849002838134766
4057,saint_qmix,0.08807563781738281
4058,saint_qmix,-0.5337505340576172
4059,saint_qmix,1.477665901184082
4060,saint_qmix,3.3914031982421875
4061,saint_qmix,0.9905881881713867
4062,saint_qmix,0.8837776184082031
4063,saint_qmix,0.9368085861206055
4064,saint_qmix,-0.07953739166259766
4065,saint_qmix,0.6360321044921875
4066,saint_qmix,2.2555198669433594
4067,saint_qmix,-0.39239978790283203
4068,saint_qmix,1.8010234832763672
4069,saint_qmix,0.0
4070,saint_qmix,1.4334478378295898
4071,saint_qmix,0.5611667633056641
4072,saint_qmix,4.12767219543457
4073,saint_qmix,0.8231191635131836
4074,saint_qmix,1.0657339096069336
4075,saint_qmix,1.0609140396118164
4076,saint_qmix,3.3604636192321777
4077,saint_qmix,1.8689231872558594
4078,saint_qmix,0.7355804443359375
4079,saint_qmix,0.6156153678894043
4080,saint_qmix,0.06448745727539062
4081,saint_qmix,0.9301071166992188
4082,saint_qmix,0.5559377670288086
4083,saint_qmix,1.1972293853759766
4084,saint_qmix,2.2750988006591797
4085,saint_qmix,1.961165428161621
4086,saint_qmix,2.1250524520874023
4087,saint_qmix,0.669276237487793
4088,saint_qmix,2.4772205352783203
4089,saint_qmix,3.0855255126953125
4090,saint_qmix,0.861785888671875
4091,saint_qmix,2.2914390563964844
4092,saint_qmix,0.7063140869140625
4093,saint_qmix,1.9036808013916016
4094,saint_qmix,0.3018379211425781
4095,saint_qmix,4.034725189208984
4096,saint_qmix,1.8485641479492188
4097,saint_qmix,0.9409627914428711
4098,saint_qmix,1.227182388305664
4099,saint_qmix,3.147655487060547
4100,saint_qmix,-0.5748529434204102
4101,saint_qmix,1.1810388565063477
4102,saint_qmix,1.844552993774414
4103,saint_qmix,0.45598697662353516
4104,saint_qmix,1.9341745376586914
4105,saint_qmix,1.9403858184814453
4106,saint_qmix,-0.25632762908935547
4107,saint_qmix,0.8794651031494141
4108,saint_qmix,4.332934379577637
4109,saint_qmix,0.7101411819458008
4110,saint_qmix,2.6611328125
4111,saint_qmix,1.1665802001953125
4112,saint_qmix,1.7951021194458008
4113,saint_qmix,0.9689292907714844
4114,saint_qmix,-0.26302623748779297
4115,saint_qmix,1.2802543640136719
4116,saint_qmix,3.968855857849121
4117,saint_qmix,1.1407365798950195
4118,saint_qmix,-0.7997331619262695
4119,saint_qmix,1.9506168365478516
4120,saint_qmix,1.0386419296264648
4121,saint_qmix,2.597879409790039
4122,saint_qmix,3.6377077102661133
4123,saint_qmix,1.7768831253051758
4124,saint_qmix,4.335066795349121
4125,saint_qmix,1.4126453399658203
4126,saint_qmix,0.39952850341796875
4127,saint_qmix,0.7085075378417969
4128,saint_qmix,0.6542186737060547
4129,saint_qmix,0.5485572814941406
4130,saint_qmix,2.5745034217834473
4131,saint_qmix,1.0556001663208008
4132,saint_qmix,0.19564533233642578
4133,saint_qmix,1.945805549621582
4134,saint_qmix,0.60052490234375
4135,saint_qmix,0.17740631103515625
4136,saint_qmix,0.6194686889648438
4137,saint_qmix,0.1280221939086914
4138,saint_qmix,1.8702964782714844
4139,saint_qmix,0.7659635543823242
4140,saint_qmix,1.6616764068603516
4141,saint_qmix,0.4630746841430664
4142,saint_qmix,0.5183963775634766
4143,saint_qmix,0.5879707336425781
4144,saint_qmix,1.6032476425170898
4145,saint_qmix,1.6464385986328125
4146,saint_qmix,1.9146671295166016
4147,saint_qmix,3.887613296508789
4148,saint_qmix,-0.3525409698486328
4149,saint_qmix,0.6629981994628906
4150,saint_qmix,1.813547134399414
4151,saint_qmix,1.6472911834716797
4152,saint_qmix,0.7711019515991211
4153,saint_qmix,2.035778045654297
4154,saint_qmix,3.0254459381103516
4155,saint_qmix,-0.0844573974609375
4156,saint_qmix,3.6138362884521484
4157,saint_qmix,1.808450698852539
4158,saint_qmix,6.126199722290039
4159,saint_qmix,0.6810073852539062
4160,saint_qmix,0.9733800888061523
4161,saint_qmix,0.9246616363525391
4162,saint_qmix,1.059077262878418
4163,saint_qmix,0.8139944076538086
4164,saint_qmix,1.3419218063354492
4165,saint_qmix,2.2463254928588867
4166,saint_qmix,2.3846311569213867
4167,saint_qmix,2.2359743118286133
4168,saint_qmix,1.024749755859375
4169,saint_qmix,0.00759124755859375
4170,saint_qmix,1.896902084350586
4171,saint_qmix,0.1486501693725586
4172,saint_qmix,1.9540319442749023
4173,saint_qmix,0.7956418991088867
4174,saint_qmix,1.1824636459350586
4175,saint_qmix,-0.2681293487548828
4176,saint_qmix,1.958871841430664
4177,saint_qmix,0.07538890838623047
4178,saint_qmix,-0.12296772003173828
4179,saint_qmix,-1.2160043716430664
4180,saint_qmix,2.117959976196289
4181,saint_qmix,6.183333396911621
4182,saint_qmix,1.6255226135253906
4183,saint_qmix,1.7131519317626953
4184,saint_qmix,0.688568115234375
4185,saint_qmix,0.2664003372192383
4186,saint_qmix,4.474194526672363
4187,saint_qmix,-0.3065147399902344
4188,saint_qmix,0.5141410827636719
4189,saint_qmix,2.455883026123047
4190,saint_qmix,0.4814786911010742
4191,saint_qmix,1.9800329208374023
4192,saint_qmix,1.2025032043457031
4193,saint_qmix,1.1665716171264648
4194,saint_qmix,2.11997127532959
4195,saint_qmix,0.8941555023193359
4196,saint_qmix,2.3662328720092773
4197,saint_qmix,1.3994503021240234
4198,saint_qmix,1.7262487411499023
4199,saint_qmix,2.8044700622558594
4200,saint_qmix,1.3155708312988281
4201,saint_qmix,0.38405418395996094
4202,saint_qmix,3.9318132400512695
4203,saint_qmix,0.5682029724121094
4204,saint_qmix,-1.504288673400879
4205,saint_qmix,0.6066875457763672
4206,saint_qmix,-0.3772878646850586
4207,saint_qmix,2.3813695907592773
4208,saint_qmix,2.0615177154541016
4209,saint_qmix,5.1919708251953125
4210,saint_qmix,1.4792070388793945
4211,saint_qmix,2.221529960632324
4212,saint_qmix,-1.2878131866455078
4213,saint_qmix,1.0690975189208984
4214,saint_qmix,1.0479393005371094
4215,saint_qmix,0.7624759674072266
4216,saint_qmix,2.1011266708374023
4217,saint_qmix,0.8724870681762695
4218,saint_qmix,1.7010984420776367
4219,saint_qmix,1.2121858596801758
4220,saint_qmix,1.2221479415893555
4221,saint_qmix,0.8566255569458008
4222,saint_qmix,0.21568584442138672
4223,saint_qmix,-0.32207393646240234
4224,saint_qmix,0.4039316177368164
4225,saint_qmix,3.662403106689453
4226,saint_qmix,4.794508934020996
4227,saint_qmix,1.0467405319213867
4228,saint_qmix,-0.2067108154296875
4229,saint_qmix,0.4833660125732422
4230,saint_qmix,2.526970863342285
4231,saint_qmix,1.7569284439086914
4232,saint_qmix,1.4589262008666992
4233,saint_qmix,1.3537263870239258
4234,saint_qmix,1.6647462844848633
4235,saint_qmix,1.4176311492919922
4236,saint_qmix,1.5234861373901367
4237,saint_qmix,1.222320556640625
4238,saint_qmix,1.4322633743286133
4239,saint_qmix,0.48961639404296875
4240,saint_qmix,2.895501136779785
4241,saint_qmix,0.8610448837280273
4242,saint_qmix,-0.05013084411621094
4243,saint_qmix,2.106403350830078
4244,saint_qmix,-0.4507427215576172
4245,saint_qmix,2.0473546981811523
4246,saint_qmix,0.2870950698852539
4247,saint_qmix,2.158097267150879
4248,saint_qmix,1.4332895278930664
4249,saint_qmix,1.6225805282592773
4250,saint_qmix,-0.9447441101074219
4251,saint_qmix,1.2378215789794922
4252,saint_qmix,1.4501972198486328
4253,saint_qmix,4.244138717651367
4254,saint_qmix,0.6589946746826172
4255,saint_qmix,1.4873428344726562
4256,saint_qmix,1.1810646057128906
4257,saint_qmix,1.5757217407226562
4258,saint_qmix,1.7211742401123047
4259,saint_qmix,1.188436508178711
4260,saint_qmix,1.2614860534667969
4261,saint_qmix,-0.1097707748413086
4262,saint_qmix,3.084756851196289
4263,saint_qmix,2.506039619445801
4264,saint_qmix,2.427244186401367
4265,saint_qmix,0.989720344543457
4266,saint_qmix,0.5708198547363281
4267,saint_qmix,1.6496562957763672
4268,saint_qmix,0.9173269271850586
4269,saint_qmix,1.9883174896240234
4270,saint_qmix,0.6796255111694336
4271,saint_qmix,0.9294795989990234
4272,saint_qmix,1.528463363647461
4273,saint_qmix,-1.0487251281738281
4274,saint_qmix,1.332427978515625
4275,saint_qmix,1.2455568313598633
4276,saint_qmix,-0.19235897064208984
4277,saint_qmix,1.161895751953125
4278,saint_qmix,1.1339359283447266
4279,saint_qmix,1.587554931640625
4280,saint_qmix,1.0105657577514648
4281,saint_qmix,0.504633903503418
4282,saint_qmix,1.6567964553833008
4283,saint_qmix,1.631077766418457
4284,saint_qmix,-0.5085000991821289
4285,saint_qmix,2.0660762786865234
4286,saint_qmix,1.9595260620117188
4287,saint_qmix,-0.5187768936157227
4288,saint_qmix,3.263702392578125
4289,saint_qmix,0.7338018417358398
4290,saint_qmix,0.7076072692871094
4291,saint_qmix,0.9046173095703125
4292,saint_qmix,1.7230396270751953
4293,saint_qmix,1.269521713256836
4294,saint_qmix,-0.6980266571044922
4295,saint_qmix,2.1820898056030273
4296,saint_qmix,0.3656301498413086
4297,saint_qmix,0.7251453399658203
4298,saint_qmix,3.832583427429199
4299,saint_qmix,0.04286384582519531
4300,saint_qmix,3.5132083892822266
4301,saint_qmix,1.7077751159667969
4302,saint_qmix,0.7863836288452148
4303,saint_qmix,1.0326900482177734
4304,saint_qmix,0.768794059753418
4305,saint_qmix,2.212691307067871
4306,saint_qmix,0.3798656463623047
4307,saint_qmix,0.8078899383544922
4308,saint_qmix,1.5130062103271484
4309,saint_qmix,2.6449689865112305
4310,saint_qmix,2.92822265625
4311,saint_qmix,0.9862375259399414
4312,saint_qmix,1.0741100311279297
4313,saint_qmix,2.133612632751465
4314,saint_qmix,1.9304475784301758
4315,saint_qmix,0.9769716262817383
4316,saint_qmix,1.3648300170898438
4317,saint_qmix,1.364180564880371
4318,saint_qmix,2.50704288482666
4319,saint_qmix,2.207839012145996
4320,saint_qmix,0.6913051605224609
4321,saint_qmix,0.9309682846069336
4322,saint_qmix,0.4301948547363281
4323,saint_qmix,0.5410900115966797
4324,saint_qmix,0.7586774826049805
4325,saint_qmix,-0.13341426849365234
4326,saint_qmix,0.031681060791015625
4327,saint_qmix,-0.6671895980834961
4328,saint_qmix,-1.1681270599365234
4329,saint_qmix,1.8809175491333008
4330,saint_qmix,0.13276386260986328
4331,saint_qmix,2.544051170349121
4332,saint_qmix,0.039763450622558594
4333,saint_qmix,-0.6452360153198242
4334,saint_qmix,0.19619464874267578
4335,saint_qmix,0.7380275726318359
4336,saint_qmix,2.3986377716064453
4337,saint_qmix,1.1451606750488281
4338,saint_qmix,1.852203369140625
4339,saint_qmix,0.9201374053955078
4340,saint_qmix,1.2453927993774414
4341,saint_qmix,4.443544387817383
4342,saint_qmix,-0.370086669921875
4343,saint_qmix,1.3612117767333984
4344,saint_qmix,1.2653684616088867
4345,saint_qmix,5.417156219482422
4346,saint_qmix,0.9409904479980469
4347,saint_qmix,1.661642074584961
4348,saint_qmix,1.6289920806884766
4349,saint_qmix,1.2388811111450195
4350,saint_qmix,1.4747991561889648
4351,saint_qmix,2.0217647552490234
4352,saint_qmix,-0.5016469955444336
4353,saint_qmix,2.0005502700805664
4354,saint_qmix,2.4356536865234375
4355,saint_qmix,1.1604862213134766
4356,saint_qmix,1.745772361755371
4357,saint_qmix,-0.44832324981689453
4358,saint_qmix,1.9758539199829102
4359,saint_qmix,1.0225563049316406
4360,saint_qmix,1.9054450988769531
4361,saint_qmix,4.8702850341796875
4362,saint_qmix,0.561762809753418
4363,saint_qmix,0.23404216766357422
4364,saint_qmix,0.7408246994018555
4365,saint_qmix,1.0169095993041992
4366,saint_qmix,-0.4621133804321289
4367,saint_qmix,2.2230100631713867
4368,saint_qmix,1.0270271301269531
4369,saint_qmix,2.313457489013672
4370,saint_qmix,0.7340402603149414
4371,saint_qmix,0.7483015060424805
4372,saint_qmix,1.5974140167236328
4373,saint_qmix,1.465651512145996
4374,saint_qmix,-0.2573251724243164
4375,saint_qmix,4.171614646911621
4376,saint_qmix,0.3537139892578125
4377,saint_qmix,1.478896141052246
4378,saint_qmix,2.321847915649414
4379,saint_qmix,2.2268781661987305
4380,saint_qmix,4.345090866088867
4381,saint_qmix,1.7430553436279297
4382,saint_qmix,2.688373565673828
4383,saint_qmix,0.9964599609375
4384,saint_qmix,-1.1534309387207031
4385,saint_qmix,3.6169519424438477
4386,saint_qmix,1.3657054901123047
4387,saint_qmix,4.834434509277344
4388,saint_qmix,-0.09757328033447266
4389,saint_qmix,1.150599479675293
4390,saint_qmix,-3.5217342376708984
4391,saint_qmix,1.9708023071289062
4392,saint_qmix,3.995891571044922
4393,saint_qmix,2.8298721313476562
4394,saint_qmix,0.1462383270263672
4395,saint_qmix,3.4671154022216797
4396,saint_qmix,1.6161823272705078
4397,saint_qmix,4.368366241455078
4398,saint_qmix,3.032170295715332
4399,saint_qmix,0.1536273956298828
4400,saint_qmix,3.6198291778564453
4401,saint_qmix,1.2248592376708984
4402,saint_qmix,1.1575355529785156
4403,saint_qmix,1.4432716369628906
4404,saint_qmix,2.232076644897461
4405,saint_qmix,1.8164052963256836
4406,saint_qmix,5.4914631843566895
4407,saint_qmix,3.626493453979492
4408,saint_qmix,3.4058761596679688
4409,saint_qmix,0.6399478912353516
4410,saint_qmix,0.6369762420654297
4411,saint_qmix,-3.2662954330444336
4412,saint_qmix,-0.0983114242553711
4413,saint_qmix,2.4413270950317383
4414,saint_qmix,2.6485204696655273
4415,saint_qmix,1.5693473815917969
4416,saint_qmix,-0.119384765625
4417,saint_qmix,-0.12098217010498047
4418,saint_qmix,2.0563831329345703
4419,saint_qmix,4.213374137878418
4420,saint_qmix,-1.7237615585327148
4421,saint_qmix,1.6626930236816406
4422,saint_qmix,0.40194034576416016
4423,saint_qmix,1.2374248504638672
4424,saint_qmix,-0.2978949546813965
4425,saint_qmix,3.4855499267578125
4426,saint_qmix,1.8274164199829102
4427,saint_qmix,1.8741178512573242
4428,saint_qmix,1.256148338317871
4429,saint_qmix,3.1467981338500977
4430,saint_qmix,1.8570098876953125
4431,saint_qmix,-0.9236001968383789
4432,saint_qmix,1.6343955993652344
4433,saint_qmix,-0.7515621185302734
4434,saint_qmix,-0.4037342071533203
4435,saint_qmix,1.4016380310058594
4436,saint_qmix,1.2740497589111328
4437,saint_qmix,0.4048013687133789
4438,saint_qmix,1.1258392333984375
4439,saint_qmix,0.06279659271240234
4440,saint_qmix,1.8570537567138672
4441,saint_qmix,0.06732463836669922
4442,saint_qmix,0.03890705108642578
4443,saint_qmix,0.5619049072265625
4444,saint_qmix,0.7558393478393555
4445,saint_qmix,0.010906219482421875
4446,saint_qmix,0.048389434814453125
4447,saint_qmix,3.462580680847168
4448,saint_qmix,1.4479379653930664
4449,saint_qmix,0.39922428131103516
4450,saint_qmix,0.5171747207641602
4451,saint_qmix,2.783689498901367
4452,saint_qmix,2.0586423873901367
4453,saint_qmix,0.5086555480957031
4454,saint_qmix,1.0214014053344727
4455,saint_qmix,1.5164594650268555
4456,saint_qmix,2.859384536743164
4457,saint_qmix,2.24959659576416
4458,saint_qmix,0.3128814697265625
4459,saint_qmix,0.6665401458740234
4460,saint_qmix,1.3212242126464844
4461,saint_qmix,4.095531463623047
4462,saint_qmix,0.5337257385253906
4463,saint_qmix,0.7008819580078125
4464,saint_qmix,0.3877286911010742
4465,saint_qmix,1.6044464111328125
4466,saint_qmix,1.7742300033569336
4467,saint_qmix,1.1242570877075195
4468,saint_qmix,0.6756772994995117
4469,saint_qmix,0.6430015563964844
4470,saint_qmix,0.9230847358703613
4471,saint_qmix,1.0594377517700195
4472,saint_qmix,1.4204597473144531
4473,saint_qmix,1.6713590621948242
4474,saint_qmix,4.896700859069824
4475,saint_qmix,1.6672124862670898
4476,saint_qmix,1.0305442810058594
4477,saint_qmix,1.0740137100219727
4478,saint_qmix,0.9022483825683594
4479,saint_qmix,1.3016376495361328
4480,saint_qmix,1.9905376434326172
4481,saint_qmix,0.1488637924194336
4482,saint_qmix,4.156693458557129
4483,saint_qmix,2.021124839782715
4484,saint_qmix,2.835574150085449
4485,saint_qmix,0.9798316955566406
4486,saint_qmix,1.7327804565429688
4487,saint_qmix,2.0988264083862305
4488,saint_qmix,0.7956199645996094
4489,saint_qmix,0.5903949737548828
4490,saint_qmix,1.5693845748901367
4491,saint_qmix,0.25252819061279297
4492,saint_qmix,2.3613719940185547
4493,saint_qmix,1.7851552963256836
4494,saint_qmix,1.4081964492797852
4495,saint_qmix,2.0524654388427734
4496,saint_qmix,-0.031355857849121094
4497,saint_qmix,1.9427165985107422
4498,saint_qmix,2.090512275695801
4499,saint_qmix,-0.8237819671630859
4500,saint_qmix,0.0
4501,saint_qmix,1.418588638305664
4502,saint_qmix,-0.7751007080078125
4503,saint_qmix,1.1689186096191406
4504,saint_qmix,4.3051862716674805
4505,saint_qmix,3.2762651443481445
4506,saint_qmix,1.6373605728149414
4507,saint_qmix,0.5422267913818359
4508,saint_qmix,0.3940277099609375
4509,saint_qmix,-0.004305839538574219
4510,saint_qmix,0.4238567352294922
4511,saint_qmix,1.1049203872680664
4512,saint_qmix,4.365571975708008
4513,saint_qmix,-0.4860353469848633
4514,saint_qmix,0.9288005828857422
4515,saint_qmix,0.2884063720703125
4516,saint_qmix,0.45876121520996094
4517,saint_qmix,-0.7676982879638672
4518,saint_qmix,-0.12054824829101562
4519,saint_qmix,2.5857810974121094
4520,saint_qmix,4.37847900390625
4521,saint_qmix,-0.8261680603027344
4522,saint_qmix,0.7296590805053711
4523,saint_qmix,-1.0869464874267578
4524,saint_qmix,0.8150472640991211
4525,saint_qmix,1.2434682846069336
4526,saint_qmix,3.090658187866211
4527,saint_qmix,1.4079170227050781
4528,saint_qmix,0.43111324310302734
4529,saint_qmix,-0.0019378662109375
4530,saint_qmix,0.556732177734375
4531,saint_qmix,-0.5900697708129883
4532,saint_qmix,-0.3958272933959961
4533,saint_qmix,1.423929214477539
4534,saint_qmix,2.595905303955078
4535,saint_qmix,0.9184699058532715
4536,saint_qmix,0.25388240814208984
4537,saint_qmix,1.2991161346435547
4538,saint_qmix,3.3651533126831055
4539,saint_qmix,0.7491130828857422
4540,saint_qmix,1.560983657836914
4541,saint_qmix,1.5009450912475586
4542,saint_qmix,0.1268320083618164
4543,saint_qmix,-0.8447284698486328
4544,saint_qmix,1.0480079650878906
4545,saint_qmix,0.33911895751953125
4546,saint_qmix,1.036372184753418
4547,saint_qmix,0.9042739868164062
4548,saint_qmix,2.6818370819091797
4549,saint_qmix,-0.3843393325805664
4550,saint_qmix,1.226841926574707
4551,saint_qmix,6.117578506469727
4552,saint_qmix,0.1386547088623047
4553,saint_qmix,2.1310014724731445
4554,saint_qmix,1.1320695877075195
4555,saint_qmix,1.3470678329467773
4556,saint_qmix,1.7009620666503906
4557,saint_qmix,0.685582160949707
4558,saint_qmix,0.14744186401367188
4559,saint_qmix,1.692187786102295
4560,saint_qmix,-2.2590084075927734
4561,saint_qmix,-0.14316940307617188
4562,saint_qmix,3.083652973175049
4563,saint_qmix,3.6421422958374023
4564,saint_qmix,1.500722885131836
4565,saint_qmix,1.8280868530273438
4566,saint_qmix,1.6866264343261719
4567,saint_qmix,-0.5436058044433594
4568,saint_qmix,0.05364036560058594
4569,saint_qmix,1.7838306427001953
4570,saint_qmix,1.0113072395324707
4571,saint_qmix,0.6903820037841797
4572,saint_qmix,0.6917352676391602
4573,saint_qmix,0.1829700469970703
4574,saint_qmix,0.6860923767089844
4575,saint_qmix,0.7360029220581055
4576,saint_qmix,-0.5482997894287109
4577,saint_qmix,1.1823310852050781
4578,saint_qmix,1.0777549743652344
4579,saint_qmix,6.435866355895996
4580,saint_qmix,3.1931562423706055
4581,saint_qmix,1.564666748046875
4582,saint_qmix,0.8247280120849609
4583,saint_qmix,2.118350028991699
4584,saint_qmix,0.7141551971435547
4585,saint_qmix,0.6731948852539062
4586,saint_qmix,0.46103858947753906
4587,saint_qmix,1.2791080474853516
4588,saint_qmix,1.6227855682373047
4589,saint_qmix,0.3851461410522461
4590,saint_qmix,0.11335468292236328
4591,saint_qmix,0.468597412109375
4592,saint_qmix,1.328913688659668
4593,saint_qmix,0.27309131622314453
4594,saint_qmix,2.2498722076416016
4595,saint_qmix,1.1953935623168945
4596,saint_qmix,0.2660789489746094
4597,saint_qmix,-0.975224494934082
4598,saint_qmix,-0.7341680526733398
4599,saint_qmix,-0.042682647705078125
4600,saint_qmix,1.2311429977416992
4601,saint_qmix,0.4932584762573242
4602,saint_qmix,1.3595542907714844
4603,saint_qmix,7.31032657623291
4604,saint_qmix,0.6698112487792969
4605,saint_qmix,0.0
4606,saint_qmix,0.42079639434814453
4607,saint_qmix,0.48471927642822266
4608,saint_qmix,1.5915546417236328
4609,saint_qmix,-1.1208152770996094
4610,saint_qmix,0.26663970947265625
4611,saint_qmix,2.089045524597168
4612,saint_qmix,2.0208282470703125
4613,saint_qmix,1.3574228286743164
4614,saint_qmix,1.9902629852294922
4615,saint_qmix,-0.19242095947265625
4616,saint_qmix,1.5787849426269531
4617,saint_qmix,1.5345258712768555
4618,saint_qmix,0.4459505081176758
4619,saint_qmix,2.7421531677246094
4620,saint_qmix,2.058089256286621
4621,saint_qmix,1.9728307723999023
4622,saint_qmix,0.6079225540161133
4623,saint_qmix,1.3527908325195312
4624,saint_qmix,2.7409181594848633
4625,saint_qmix,0.9764471054077148
4626,saint_qmix,1.7840852737426758
4627,saint_qmix,3.127298355102539
4628,saint_qmix,1.4502754211425781
4629,saint_qmix,2.356761932373047
4630,saint_qmix,1.3897533416748047
4631,saint_qmix,0.7918233871459961
4632,saint_qmix,2.004408836364746
4633,saint_qmix,-0.1587381362915039
4634,saint_qmix,0.9470634460449219
4635,saint_qmix,1.8480329513549805
4636,saint_qmix,1.8717584609985352
4637,saint_qmix,1.2550582885742188
4638,saint_qmix,1.914022445678711
4639,saint_qmix,1.1368427276611328
4640,saint_qmix,2.8714065551757812
4641,saint_qmix,1.8326568603515625
4642,saint_qmix,-0.2193450927734375
4643,saint_qmix,0.8131303787231445
4644,saint_qmix,1.1103935241699219
4645,saint_qmix,0.24885940551757812
4646,saint_qmix,3.4272308349609375
4647,saint_qmix,2.0891618728637695
4648,saint_qmix,1.5817155838012695
4649,saint_qmix,0.8083477020263672
4650,saint_qmix,1.2005605697631836
4651,saint_qmix,1.297933578491211
4652,saint_qmix,-0.23376846313476562
4653,saint_qmix,0.29580211639404297
4654,saint_qmix,5.49188232421875
4655,saint_qmix,0.5906953811645508
4656,saint_qmix,1.062408447265625
4657,saint_qmix,-0.20960426330566406
4658,saint_qmix,-0.4799051284790039
4659,saint_qmix,1.4936199188232422
4660,saint_qmix,0.7217082977294922
4661,saint_qmix,0.9562301635742188
4662,saint_qmix,0.44356727600097656
4663,saint_qmix,4.260622978210449
4664,saint_qmix,1.8990592956542969
4665,saint_qmix,2.344949722290039
4666,saint_qmix,0.7066564559936523
4667,saint_qmix,1.9521875381469727
4668,saint_qmix,1.618234634399414
4669,saint_qmix,1.1744861602783203
4670,saint_qmix,0.428924560546875
4671,saint_qmix,1.9530420303344727
4672,saint_qmix,-1.0953731536865234
4673,saint_qmix,1.1237354278564453
4674,saint_qmix,1.615504264831543
4675,saint_qmix,2.10617733001709
4676,saint_qmix,0.5380325317382812
4677,saint_qmix,-0.1724843978881836
4678,saint_qmix,0.23477745056152344
4679,saint_qmix,1.6545839309692383
4680,saint_qmix,-0.08955574035644531
4681,saint_qmix,2.450655937194824
4682,saint_qmix,2.085677146911621
4683,saint_qmix,0.9232921600341797
4684,saint_qmix,1.4789228439331055
4685,saint_qmix,1.915863037109375
4686,saint_qmix,-0.8712301254272461
4687,saint_qmix,-0.3729438781738281
4688,saint_qmix,0.3935976028442383
4689,saint_qmix,1.4173316955566406
4690,saint_qmix,-0.6549320220947266
4691,saint_qmix,6.321514129638672
4692,saint_qmix,1.8096566200256348
4693,saint_qmix,0.7618980407714844
4694,saint_qmix,0.8878564834594727
4695,saint_qmix,1.0250449180603027
4696,saint_qmix,1.7890405654907227
4697,saint_qmix,4.462409973144531
4698,saint_qmix,0.2213735580444336
4699,saint_qmix,2.0302677154541016
4700,saint_qmix,1.1249895095825195
4701,saint_qmix,1.2785758972167969
4702,saint_qmix,1.1399307250976562
4703,saint_qmix,2.885178565979004
4704,saint_qmix,0.4592437744140625
4705,saint_qmix,0.6940593719482422
4706,saint_qmix,2.2393550872802734
4707,saint_qmix,1.5390338897705078
4708,saint_qmix,0.5564022064208984
4709,saint_qmix,1.3144054412841797
4710,saint_qmix,1.3591117858886719
4711,saint_qmix,0.1954193115234375
4712,saint_qmix,-0.965144157409668
4713,saint_qmix,-0.9603033065795898
4714,saint_qmix,0.02856159210205078
4715,saint_qmix,4.744067192077637
4716,saint_qmix,0.17909812927246094
4717,saint_qmix,-0.6945619583129883
4718,saint_qmix,5.2327070236206055
4719,saint_qmix,0.6006889343261719
4720,saint_qmix,-0.24682044982910156
4721,saint_qmix,1.6990776062011719
4722,saint_qmix,0.4658365249633789
4723,saint_qmix,4.0978593826293945
4724,saint_qmix,0.8171939849853516
4725,saint_qmix,2.057424545288086
4726,saint_qmix,1.2378759384155273
4727,saint_qmix,-0.022495269775390625
4728,saint_qmix,0.5342473983764648
4729,saint_qmix,1.650735855102539
4730,saint_qmix,2.5552616119384766
4731,saint_qmix,3.1723880767822266
4732,saint_qmix,1.2069740295410156
4733,saint_qmix,7.984275817871094
4734,saint_qmix,3.593258857727051
4735,saint_qmix,1.2761402130126953
4736,saint_qmix,1.620753288269043
4737,saint_qmix,1.6209030151367188
4738,saint_qmix,0.7182130813598633
4739,saint_qmix,4.179628372192383
4740,saint_qmix,0.5987672805786133
4741,saint_qmix,-0.07448291778564453
4742,saint_qmix,0.8318157196044922
4743,saint_qmix,0.017000198364257812
4744,saint_qmix,0.6266050338745117
4745,saint_qmix,1.377396583557129
4746,saint_qmix,1.6962776184082031
4747,saint_qmix,1.118138313293457
4748,saint_qmix,0.3531351089477539
4749,saint_qmix,2.8618907928466797
4750,saint_qmix,0.7919607162475586
4751,saint_qmix,-0.21966171264648438
4752,saint_qmix,1.4377193450927734
4753,saint_qmix,0.9798641204833984
4754,saint_qmix,1.001352310180664
4755,saint_qmix,0.2447948455810547
4756,saint_qmix,2.2820425033569336
4757,saint_qmix,1.1417865753173828
4758,saint_qmix,-0.1347503662109375
4759,saint_qmix,1.1008262634277344
4760,saint_qmix,1.540043830871582
4761,saint_qmix,1.3634119033813477
4762,saint_qmix,1.5982351303100586
4763,saint_qmix,4.594837188720703
4764,saint_qmix,-0.2934446334838867
4765,saint_qmix,1.364370346069336
4766,saint_qmix,1.0503425598144531
4767,saint_qmix,3.8986825942993164
4768,saint_qmix,1.7950811386108398
4769,saint_qmix,1.593510627746582
4770,saint_qmix,3.035397529602051
4771,saint_qmix,-0.8323726654052734
4772,saint_qmix,-0.5434503555297852
4773,saint_qmix,2.3724613189697266
4774,saint_qmix,1.3407278060913086
4775,saint_qmix,0.9923276901245117
4776,saint_qmix,-0.6076164245605469
4777,saint_qmix,0.07224845886230469
4778,saint_qmix,1.6962385177612305
4779,saint_qmix,1.2224416732788086
4780,saint_qmix,0.8185901641845703
4781,saint_qmix,1.0813398361206055
4782,saint_qmix,0.37351131439208984
4783,saint_qmix,1.7628145217895508
4784,saint_qmix,2.0686511993408203
4785,saint_qmix,0.08312320709228516
4786,saint_qmix,0.6867313385009766
4787,saint_qmix,0.7397489547729492
4788,saint_qmix,0.3253974914550781
4789,saint_qmix,-0.5033626556396484
4790,saint_qmix,0.7232294082641602
4791,saint_qmix,3.832090377807617
4792,saint_qmix,1.2655811309814453
4793,saint_qmix,0.8576297760009766
4794,saint_qmix,-0.4021186828613281
4795,saint_qmix,0.32202816009521484
4796,saint_qmix,4.553631782531738
4797,saint_qmix,0.45073699951171875
4798,saint_qmix,2.6658763885498047
4799,saint_qmix,2.408212661743164
4800,saint_qmix,1.2367992401123047
4801,saint_qmix,-0.44893932342529297
4802,saint_qmix,0.6083488464355469
4803,saint_qmix,2.7538604736328125
4804,saint_qmix,1.1925830841064453
4805,saint_qmix,0.6420879364013672
4806,saint_qmix,1.3309640884399414
4807,saint_qmix,0.15799617767333984
4808,saint_qmix,2.437643051147461
4809,saint_qmix,0.3579587936401367
4810,saint_qmix,0.18568038940429688
4811,saint_qmix,1.2049312591552734
4812,saint_qmix,1.4861440658569336
4813,saint_qmix,2.154078483581543
4814,saint_qmix,-0.6831035614013672
4815,saint_qmix,1.1264190673828125
4816,saint_qmix,-0.05678272247314453
4817,saint_qmix,0.19686126708984375
4818,saint_qmix,1.9174346923828125
4819,saint_qmix,2.9805221557617188
4820,saint_qmix,0.2553291320800781
4821,saint_qmix,-0.07450389862060547
4822,saint_qmix,1.8736944198608398
4823,saint_qmix,0.31209659576416016
4824,saint_qmix,0.43735408782958984
4825,saint_qmix,2.116283416748047
4826,saint_qmix,1.1341629028320312
4827,saint_qmix,4.746055603027344
4828,saint_qmix,0.8995456695556641
4829,saint_qmix,1.4558601379394531
4830,saint_qmix,1.705169677734375
4831,saint_qmix,1.709878921508789
4832,saint_qmix,0.8981285095214844
4833,saint_qmix,-1.7845420837402344
4834,saint_qmix,5.968965530395508
4835,saint_qmix,-0.27771568298339844
4836,saint_qmix,1.4319534301757812
4837,saint_qmix,1.223550796508789
4838,saint_qmix,1.552515983581543
4839,saint_qmix,2.951578140258789
4840,saint_qmix,1.1715307235717773
4841,saint_qmix,1.0700922012329102
4842,saint_qmix,1.349503517150879
4843,saint_qmix,1.6352548599243164
4844,saint_qmix,0.6855611801147461
4845,saint_qmix,1.61224365234375
4846,saint_qmix,1.8137006759643555
4847,saint_qmix,1.2114372253417969
4848,saint_qmix,0.4277172088623047
4849,saint_qmix,1.6135368347167969
4850,saint_qmix,4.331111907958984
4851,saint_qmix,2.9415502548217773
4852,saint_qmix,-0.6607122421264648
4853,saint_qmix,2.0062389373779297
4854,saint_qmix,-0.07513809204101562
4855,saint_qmix,-1.0346565246582031
4856,saint_qmix,1.2152576446533203
4857,saint_qmix,0.14955902099609375
4858,saint_qmix,1.7494544982910156
4859,saint_qmix,1.9112491607666016
4860,saint_qmix,0.5821895599365234
4861,saint_qmix,0.9643020629882812
4862,saint_qmix,4.048529624938965
4863,saint_qmix,1.9729795455932617
4864,saint_qmix,1.3314857482910156
4865,saint_qmix,-0.24461841583251953
4866,saint_qmix,-0.007770538330078125
4867,saint_qmix,1.163191795349121
4868,saint_qmix,0.9197425842285156
4869,saint_qmix,0.6315889358520508
4870,saint_qmix,4.778820037841797
4871,saint_qmix,2.0247321128845215
4872,saint_qmix,-1.9500646591186523
4873,saint_qmix,1.6364364624023438
4874,saint_qmix,2.4140520095825195
4875,saint_qmix,0.8572845458984375
4876,saint_qmix,-0.02186298370361328
4877,saint_qmix,1.316554069519043
4878,saint_qmix,1.2981891632080078
4879,saint_qmix,0.5005435943603516
4880,saint_qmix,5.669344902038574
4881,saint_qmix,0.6890411376953125
4882,saint_qmix,-0.5914525985717773
4883,saint_qmix,1.6639337539672852
4884,saint_qmix,2.145871162414551
4885,saint_qmix,0.7200098037719727
4886,saint_qmix,0.4283418655395508
4887,saint_qmix,1.1034927368164062
4888,saint_qmix,0.7245092391967773
4889,saint_qmix,3.613898277282715
4890,saint_qmix,1.2193717956542969
4891,saint_qmix,1.4978647232055664
4892,saint_qmix,2.4001121520996094
4893,saint_qmix,1.9416751861572266
4894,saint_qmix,0.4149637222290039
4895,saint_qmix,-0.49039745330810547
4896,saint_qmix,2.548068046569824
4897,saint_qmix,0.8685989379882812
4898,saint_qmix,-1.6185674667358398
4899,saint_qmix,-2.084066390991211
4900,saint_qmix,0.4652900695800781
4901,saint_qmix,2.0876550674438477
4902,saint_qmix,0.7674446105957031
4903,saint_qmix,1.8890466690063477
4904,saint_qmix,5.066667556762695
4905,saint_qmix,1.980830192565918
4906,saint_qmix,2.5163660049438477
4907,saint_qmix,2.471888542175293
4908,saint_qmix,-0.23035812377929688
4909,saint_qmix,-0.35291194915771484
4910,saint_qmix,-0.17240047454833984
4911,saint_qmix,1.454808235168457
4912,saint_qmix,1.0166206359863281
4913,saint_qmix,1.305715560913086
4914,saint_qmix,1.1555061340332031
4915,saint_qmix,3.5714282989501953
4916,saint_qmix,1.3720331192016602
4917,saint_qmix,1.7199230194091797
4918,saint_qmix,5.290170669555664
4919,saint_qmix,0.38201045989990234
4920,saint_qmix,1.5848426818847656
4921,saint_qmix,0.8287792205810547
4922,saint_qmix,-0.22883319854736328
4923,saint_qmix,2.870861053466797
4924,saint_qmix,1.1165580749511719
4925,saint_qmix,2.0792298316955566
4926,saint_qmix,2.2490367889404297
4927,saint_qmix,0.9234952926635742
4928,saint_qmix,-0.9248886108398438
4929,saint_qmix,1.6182003021240234
4930,saint_qmix,2.4777793884277344
4931,saint_qmix,3.0433502197265625
4932,saint_qmix,2.1872329711914062
4933,saint_qmix,1.9322242736816406
4934,saint_qmix,0.7473421096801758
4935,saint_qmix,0.9475069046020508
4936,saint_qmix,0.10944461822509766
4937,saint_qmix,3.380016326904297
4938,saint_qmix,1.2237281799316406
4939,saint_qmix,0.013248443603515625
4940,saint_qmix,0.5309600830078125
4941,saint_qmix,-0.05297660827636719
4942,saint_qmix,1.8166742324829102
4943,saint_qmix,0.7532157897949219
4944,saint_qmix,5.375814437866211
4945,saint_qmix,-0.08567428588867188
4946,saint_qmix,1.0967960357666016
4947,saint_qmix,1.0992155075073242
4948,saint_qmix,0.6355972290039062
4949,saint_qmix,1.3022851943969727
4950,saint_qmix,1.4335813522338867
4951,saint_qmix,1.6587791442871094
4952,saint_qmix,0.042247772216796875
4953,saint_qmix,2.103276252746582
4954,saint_qmix,1.1984272003173828
4955,saint_qmix,0.7093753814697266
4956,saint_qmix,1.122406005859375
4957,saint_qmix,1.9260120391845703
4958,saint_qmix,1.4204025268554688
4959,saint_qmix,-0.6405467987060547
4960,saint_qmix,1.190460205078125
4961,saint_qmix,1.0649890899658203
4962,saint_qmix,2.0174989700317383
4963,saint_qmix,1.8605022430419922
4964,saint_qmix,1.5322418212890625
4965,saint_qmix,3.239811897277832
4966,saint_qmix,0.5781059265136719
4967,saint_qmix,0.8419485092163086
4968,saint_qmix,1.517782211303711
4969,saint_qmix,0.6546802520751953
4970,saint_qmix,1.372448444366455
4971,saint_qmix,1.0137262344360352
4972,saint_qmix,-0.33301353454589844
4973,saint_qmix,0.021274566650390625
4974,saint_qmix,4.002927780151367
4975,saint_qmix,0.21253585815429688
4976,saint_qmix,0.5819492340087891
4977,saint_qmix,1.8420276641845703
4978,saint_qmix,1.4640674591064453
4979,saint_qmix,0.8543186187744141
4980,saint_qmix,-0.10469245910644531
4981,saint_qmix,1.4063873291015625
4982,saint_qmix,-0.10044384002685547
4983,saint_qmix,0.62890625
4984,saint_qmix,0.6197948455810547
4985,saint_qmix,1.9951181411743164
4986,saint_qmix,-0.15297889709472656
4987,saint_qmix,1.8033246994018555
4988,saint_qmix,1.247488021850586
4989,saint_qmix,4.9235076904296875
4990,saint_qmix,2.1195192337036133
4991,saint_qmix,6.586097717285156
4992,saint_qmix,0.002346038818359375
4993,saint_qmix,1.4631175994873047
4994,saint_qmix,0.5661964416503906
4995,saint_qmix,1.6506433486938477
4996,saint_qmix,2.242680549621582
4997,saint_qmix,1.8716516494750977
4998,saint_qmix,1.0563650131225586
4999,saint_qmix,0.2870664596557617
5000,saint_qmix,0.43677520751953125
5001,saint_qmix,0.7903175354003906
5002,saint_qmix,0.9953250885009766
5003,saint_qmix,0.5402011871337891
5004,saint_qmix,1.7601070404052734
5005,saint_qmix,1.5325279235839844
5006,saint_qmix,-0.18239879608154297
5007,saint_qmix,-0.4362030029296875
5008,saint_qmix,2.236424446105957
5009,saint_qmix,1.5019035339355469
5010,saint_qmix,0.8175563812255859
5011,saint_qmix,1.790069580078125
5012,saint_qmix,0.2121286392211914
5013,saint_qmix,1.414565086364746
5014,saint_qmix,3.974172592163086
5015,saint_qmix,0.8785839080810547
5016,saint_qmix,2.3604888916015625
5017,saint_qmix,2.1218442916870117
5018,saint_qmix,1.159872055053711
5019,saint_qmix,1.4063777923583984
5020,saint_qmix,2.016338348388672
5021,saint_qmix,2.4353885650634766
5022,saint_qmix,0.7485866546630859
5023,saint_qmix,2.225475311279297
5024,saint_qmix,1.7746295928955078
5025,saint_qmix,1.716691017150879
5026,saint_qmix,1.4102182388305664
5027,saint_qmix,-0.09305191040039062
5028,saint_qmix,1.6498336791992188
5029,saint_qmix,0.4713869094848633
5030,saint_qmix,2.7224063873291016
5031,saint_qmix,2.036635398864746
5032,saint_qmix,1.834895133972168
5033,saint_qmix,3.470635414123535
5034,saint_qmix,0.9285650253295898
5035,saint_qmix,1.5686149597167969
5036,saint_qmix,-1.3175735473632812
5037,saint_qmix,3.448460578918457
5038,saint_qmix,5.281528472900391
5039,saint_qmix,1.3057527542114258
5040,saint_qmix,0.8182992935180664
5041,saint_qmix,1.2034854888916016
5042,saint_qmix,0.5554294586181641
5043,saint_qmix,0.0
5044,saint_qmix,3.021796226501465
5045,saint_qmix,3.6236371994018555
5046,saint_qmix,2.5590810775756836
5047,saint_qmix,2.6125240325927734
5048,saint_qmix,1.2177906036376953
5049,saint_qmix,1.0145015716552734
5050,saint_qmix,2.0895233154296875
5051,saint_qmix,5.269294738769531
5052,saint_qmix,1.7965354919433594
5053,saint_qmix,0.1011362075805664
5054,saint_qmix,1.370823860168457
5055,saint_qmix,6.922309875488281
5056,saint_qmix,2.2108030319213867
5057,saint_qmix,2.961752414703369
5058,saint_qmix,0.8590974807739258
5059,saint_qmix,0.38916015625
5060,saint_qmix,0.3415088653564453
5061,saint_qmix,-0.0725564956665039
5062,saint_qmix,0.24562835693359375
5063,saint_qmix,-0.36145591735839844
5064,saint_qmix,1.6865291595458984
5065,saint_qmix,2.589813232421875
5066,saint_qmix,1.9618263244628906
5067,saint_qmix,3.108945846557617
5068,saint_qmix,0.6321935653686523
5069,saint_qmix,0.3118858337402344
5070,saint_qmix,3.4423742294311523
5071,saint_qmix,1.0770292282104492
5072,saint_qmix,0.8615427017211914
5073,saint_qmix,5.7845258712768555
5074,saint_qmix,2.055459976196289
5075,saint_qmix,2.5160675048828125
5076,saint_qmix,-0.030317306518554688
5077,saint_qmix,3.7293701171875
5078,saint_qmix,0.3785371780395508
5079,saint_qmix,1.0883989334106445
5080,saint_qmix,0.7897491455078125
5081,saint_qmix,1.289719581604004
5082,saint_qmix,1.3527917861938477
5083,saint_qmix,0.2079296112060547
5084,saint_qmix,3.4953432083129883
5085,saint_qmix,5.510623931884766
5086,saint_qmix,-1.8566064834594727
5087,saint_qmix,1.5954208374023438
5088,saint_qmix,1.2682743072509766
5089,saint_qmix,2.075885772705078
5090,saint_qmix,1.1034049987792969
5091,saint_qmix,-0.2610664367675781
5092,saint_qmix,1.7911624908447266
5093,saint_qmix,1.4456653594970703
5094,saint_qmix,2.9304542541503906
5095,saint_qmix,2.5533533096313477
5096,saint_qmix,1.4841737747192383
5097,saint_qmix,2.033224105834961
5098,saint_qmix,1.630523681640625
5099,saint_qmix,0.510833740234375
5100,saint_qmix,1.7842388153076172
5101,saint_qmix,0.6116695404052734
5102,saint_qmix,0.27468013763427734
5103,saint_qmix,0.3666267395019531
5104,saint_qmix,0.5960655212402344
5105,saint_qmix,1.3722343444824219
5106,saint_qmix,2.277043342590332
5107,saint_qmix,0.9157638549804688
5108,saint_qmix,1.752781867980957
5109,saint_qmix,0.7989625930786133
5110,saint_qmix,0.7455558776855469
5111,saint_qmix,1.1035690307617188
5112,saint_qmix,2.3849620819091797
5113,saint_qmix,3.935429573059082
5114,saint_qmix,1.0719356536865234
5115,saint_qmix,0.3301839828491211
5116,saint_qmix,1.2266864776611328
5117,saint_qmix,1.5843744277954102
5118,saint_qmix,3.663393020629883
5119,saint_qmix,1.357008934020996
5120,saint_qmix,1.2166080474853516
5121,saint_qmix,1.0999536514282227
5122,saint_qmix,1.1182384490966797
5123,saint_qmix,1.1805429458618164
5124,saint_qmix,2.2494850158691406
5125,saint_qmix,1.0417518615722656
5126,saint_qmix,1.8206720352172852
5127,saint_qmix,0.8731489181518555
5128,saint_qmix,-0.46961402893066406
5129,saint_qmix,1.8914623260498047
5130,saint_qmix,1.3069534301757812
5131,saint_qmix,4.553370475769043
5132,saint_qmix,5.673083305358887
5133,saint_qmix,2.5894393920898438
5134,saint_qmix,0.6231155395507812
5135,saint_qmix,3.5175790786743164
5136,saint_qmix,0.897099494934082
5137,saint_qmix,-0.38814258575439453
5138,saint_qmix,0.29096126556396484
5139,saint_qmix,0.3269023895263672
5140,saint_qmix,1.8011255264282227
5141,saint_qmix,1.7167434692382812
5142,saint_qmix,0.6340065002441406
5143,saint_qmix,1.2311677932739258
5144,saint_qmix,0.440399169921875
5145,saint_qmix,3.417835235595703
5146,saint_qmix,0.4341726303100586
5147,saint_qmix,1.9686517715454102
5148,saint_qmix,0.18398475646972656
5149,saint_qmix,1.6004409790039062
5150,saint_qmix,1.6432628631591797
5151,saint_qmix,2.019207000732422
5152,saint_qmix,0.95477294921875
5153,saint_qmix,1.8954391479492188
5154,saint_qmix,0.6937990188598633
5155,saint_qmix,0.5470294952392578
5156,saint_qmix,1.030801773071289
5157,saint_qmix,1.8114404678344727
5158,saint_qmix,1.3183660507202148
5159,saint_qmix,1.4286766052246094
5160,saint_qmix,0.9282150268554688
5161,saint_qmix,1.2312955856323242
5162,saint_qmix,2.2435665130615234
5163,saint_qmix,0.8341178894042969
5164,saint_qmix,0.9217739105224609
5165,saint_qmix,4.725172996520996
5166,saint_qmix,0.659642219543457
5167,saint_qmix,1.5884208679199219
5168,saint_qmix,1.354649543762207
5169,saint_qmix,1.3242197036743164
5170,saint_qmix,2.231182098388672
5171,saint_qmix,0.18053913116455078
5172,saint_qmix,2.0083885192871094
5173,saint_qmix,3.174192428588867
5174,saint_qmix,1.0019159317016602
5175,saint_qmix,1.387472152709961
5176,saint_qmix,4.847750663757324
5177,saint_qmix,1.754744529724121
5178,saint_qmix,-2.0965404510498047
5179,saint_qmix,5.549853324890137
5180,saint_qmix,0.3632774353027344
5181,saint_qmix,0.3748588562011719
5182,saint_qmix,1.3117618560791016
5183,saint_qmix,2.224588394165039
5184,saint_qmix,0.8233680725097656
5185,saint_qmix,0.06745719909667969
5186,saint_qmix,1.9101505279541016
5187,saint_qmix,-0.18378639221191406
5188,saint_qmix,2.1828060150146484
5189,saint_qmix,1.746870994567871
5190,saint_qmix,2.7747507095336914
5191,saint_qmix,0.3826417922973633
5192,saint_qmix,1.008286476135254
5193,saint_qmix,1.6083145141601562
5194,saint_qmix,1.0225868225097656
5195,saint_qmix,4.821127891540527
5196,saint_qmix,1.1670856475830078
5197,saint_qmix,0.5970611572265625
5198,saint_qmix,0.1996746063232422
5199,saint_qmix,1.2106132507324219
5200,saint_qmix,2.6802854537963867
5201,saint_qmix,0.41233348846435547
5202,saint_qmix,4.02281379699707
5203,saint_qmix,0.18457794189453125
5204,saint_qmix,1.4890012741088867
5205,saint_qmix,2.368443489074707
5206,saint_qmix,1.4473628997802734
5207,saint_qmix,0.4227123260498047
5208,saint_qmix,3.5611352920532227
5209,saint_qmix,0.6035909652709961
5210,saint_qmix,-0.4268026351928711
5211,saint_qmix,1.5723094940185547
5212,saint_qmix,3.2203760147094727
5213,saint_qmix,0.9517374038696289
5214,saint_qmix,0.8593349456787109
5215,saint_qmix,0.15891456604003906
5216,saint_qmix,0.3256263732910156
5217,saint_qmix,0.9505519866943359
5218,saint_qmix,2.5305728912353516
5219,saint_qmix,-1.1127338409423828
5220,saint_qmix,1.5818824768066406
5221,saint_qmix,1.155508041381836
5222,saint_qmix,0.42724132537841797
5223,saint_qmix,4.103080749511719
5224,saint_qmix,2.282090187072754
5225,saint_qmix,1.0423493385314941
5226,saint_qmix,2.1992931365966797
5227,saint_qmix,1.090498924255371
5228,saint_qmix,0.07597064971923828
5229,saint_qmix,0.13427162170410156
5230,saint_qmix,0.7552928924560547
5231,saint_qmix,0.7214803695678711
5232,saint_qmix,2.1243667602539062
5233,saint_qmix,1.3858642578125
5234,saint_qmix,1.2657957077026367
5235,saint_qmix,0.7260503768920898
5236,saint_qmix,0.1610698699951172
5237,saint_qmix,-1.5604028701782227
5238,saint_qmix,1.633382797241211
5239,saint_qmix,0.7711629867553711
5240,saint_qmix,1.4830541610717773
5241,saint_qmix,3.407151699066162
5242,saint_qmix,0.7455644607543945
5243,saint_qmix,0.8729515075683594
5244,saint_qmix,1.5170936584472656
5245,saint_qmix,2.412936210632324
5246,saint_qmix,3.566864013671875
5247,saint_qmix,2.330352783203125
5248,saint_qmix,0.4155302047729492
5249,saint_qmix,1.3393516540527344
5250,saint_qmix,1.6278409957885742
5251,saint_qmix,0.29315948486328125
5252,saint_qmix,-0.31240367889404297
5253,saint_qmix,0.4001493453979492
5254,saint_qmix,2.039722442626953
5255,saint_qmix,0.9559926986694336
5256,saint_qmix,5.485231399536133
5257,saint_qmix,1.8082208633422852
5258,saint_qmix,0.02476024627685547
5259,saint_qmix,1.8645801544189453
5260,saint_qmix,-0.9930706024169922
5261,saint_qmix,2.202639579772949
5262,saint_qmix,1.2765779495239258
5263,saint_qmix,1.8641166687011719
5264,saint_qmix,1.4409313201904297
5265,saint_qmix,1.3503570556640625
5266,saint_qmix,0.45170116424560547
5267,saint_qmix,0.27260875701904297
5268,saint_qmix,1.7326831817626953
5269,saint_qmix,1.0118331909179688
5270,saint_qmix,1.1369762420654297
5271,saint_qmix,1.2324581146240234
5272,saint_qmix,2.0025272369384766
5273,saint_qmix,0.7361831665039062
5274,saint_qmix,0.8953151702880859
5275,saint_qmix,3.049920082092285
5276,saint_qmix,0.911412239074707
5277,saint_qmix,1.3480839729309082
5278,saint_qmix,1.8459501266479492
5279,saint_qmix,0.5318069458007812
5280,saint_qmix,2.2819204330444336
5281,saint_qmix,0.23750019073486328
5282,saint_qmix,1.2769851684570312
5283,saint_qmix,2.095233917236328
5284,saint_qmix,2.0764589309692383
5285,saint_qmix,2.132086753845215
5286,saint_qmix,3.3371877670288086
5287,saint_qmix,1.2113046646118164
5288,saint_qmix,4.748024940490723
5289,saint_qmix,0.6752099990844727
5290,saint_qmix,0.7773265838623047
5291,saint_qmix,1.2798843383789062
5292,saint_qmix,0.3142204284667969
5293,saint_qmix,0.0027036666870117188
5294,saint_qmix,2.4371776580810547
5295,saint_qmix,1.2343292236328125
5296,saint_qmix,1.7932958602905273
5297,saint_qmix,0.544001579284668
5298,saint_qmix,0.5444021224975586
5299,saint_qmix,1.0130424499511719
5300,saint_qmix,0.5740242004394531
5301,saint_qmix,-0.34082508087158203
5302,saint_qmix,0.6038227081298828
5303,saint_qmix,2.5674009323120117
5304,saint_qmix,1.7660236358642578
5305,saint_qmix,1.6351776123046875
5306,saint_qmix,0.5362281799316406
5307,saint_qmix,1.593820571899414
5308,saint_qmix,0.1389789581298828
5309,saint_qmix,0.19107341766357422
5310,saint_qmix,-0.2862663269042969
5311,saint_qmix,1.0192384719848633
5312,saint_qmix,0.9366798400878906
5313,saint_qmix,1.0770835876464844
5314,saint_qmix,0.8554935455322266
5315,saint_qmix,1.2271671295166016
5316,saint_qmix,0.35904884338378906
5317,saint_qmix,2.3324737548828125
5318,saint_qmix,3.564772605895996
5319,saint_qmix,3.4226083755493164
5320,saint_qmix,3.3708791732788086
5321,saint_qmix,0.4193258285522461
5322,saint_qmix,1.8318662643432617
5323,saint_qmix,1.6584815979003906
5324,saint_qmix,2.071700096130371
5325,saint_qmix,0.9971399307250977
5326,saint_qmix,1.9012155532836914
5327,saint_qmix,0.970271110534668
5328,saint_qmix,3.823953628540039
5329,saint_qmix,0.34537696838378906
5330,saint_qmix,0.11042118072509766
5331,saint_qmix,0.774510383605957
5332,saint_qmix,2.1560897827148438
5333,saint_qmix,0.08612918853759766
5334,saint_qmix,1.3889856338500977
5335,saint_qmix,0.17433929443359375
5336,saint_qmix,2.0621376037597656
5337,saint_qmix,1.7152938842773438
5338,saint_qmix,3.279205322265625
5339,saint_qmix,-0.059322357177734375
5340,saint_qmix,0.11546611785888672
5341,saint_qmix,-0.06714725494384766
5342,saint_qmix,1.0353631973266602
5343,saint_qmix,0.5482664108276367
5344,saint_qmix,4.269854545593262
5345,saint_qmix,0.8215541839599609
5346,saint_qmix,0.6616325378417969
5347,saint_qmix,2.060239791870117
5348,saint_qmix,1.4027767181396484
5349,saint_qmix,-2.198659896850586
5350,saint_qmix,1.4912843704223633
5351,saint_qmix,-0.9580774307250977
5352,saint_qmix,2.4311656951904297
5353,saint_qmix,-1.417862892150879
5354,saint_qmix,2.456644058227539
5355,saint_qmix,-0.26984214782714844
5356,saint_qmix,2.5618467330932617
5357,saint_qmix,5.072442054748535
5358,saint_qmix,1.0133447647094727
5359,saint_qmix,5.038860321044922
5360,saint_qmix,2.4361391067504883
5361,saint_qmix,1.8565073013305664
5362,saint_qmix,3.949103355407715
5363,saint_qmix,1.0339374542236328
5364,saint_qmix,2.5614986419677734
5365,saint_qmix,7.074438095092773
5366,saint_qmix,1.557443618774414
5367,saint_qmix,2.138613700866699
5368,saint_qmix,1.6461687088012695
5369,saint_qmix,1.1671009063720703
5370,saint_qmix,2.515178680419922
5371,saint_qmix,2.8921260833740234
5372,saint_qmix,1.945547103881836
5373,saint_qmix,1.170736312866211
5374,saint_qmix,0.9093313217163086
5375,saint_qmix,4.081169128417969
5376,saint_qmix,1.6767301559448242
5377,saint_qmix,-1.528550148010254
5378,saint_qmix,6.147300720214844
5379,saint_qmix,0.24367523193359375
5380,saint_qmix,0.7764158248901367
5381,saint_qmix,1.106414794921875
5382,saint_qmix,1.7909164428710938
5383,saint_qmix,2.945937156677246
5384,saint_qmix,5.074893951416016
5385,saint_qmix,1.795858383178711
5386,saint_qmix,0.7226705551147461
5387,saint_qmix,5.994574546813965
5388,saint_qmix,1.6042261123657227
5389,saint_qmix,-0.24788761138916016
5390,saint_qmix,0.6372718811035156
5391,saint_qmix,0.5062294006347656
5392,saint_qmix,0.7573575973510742
5393,saint_qmix,1.313089370727539
5394,saint_qmix,2.2049198150634766
5395,saint_qmix,0.3148984909057617
5396,saint_qmix,0.6573820114135742
5397,saint_qmix,0.45426464080810547
5398,saint_qmix,0.28473377227783203
5399,saint_qmix,1.2271976470947266
5400,saint_qmix,1.4985780715942383
5401,saint_qmix,-0.4466438293457031
5402,saint_qmix,2.1437110900878906
5403,saint_qmix,-0.12719058990478516
5404,saint_qmix,1.7060041427612305
5405,saint_qmix,-0.4391918182373047
5406,saint_qmix,-0.5300741195678711
5407,saint_qmix,1.367732048034668
5408,saint_qmix,1.9337310791015625
5409,saint_qmix,2.638533592224121
5410,saint_qmix,4.821691513061523
5411,saint_qmix,1.4597272872924805
5412,saint_qmix,1.652914047241211
5413,saint_qmix,0.6256113052368164
5414,saint_qmix,-0.2735261917114258
5415,saint_qmix,0.31142139434814453
5416,saint_qmix,0.6447553634643555
5417,saint_qmix,3.3090829849243164
5418,saint_qmix,-0.4568500518798828
5419,saint_qmix,0.044493675231933594
5420,saint_qmix,0.6269502639770508
5421,saint_qmix,0.4266338348388672
5422,saint_qmix,-0.03526115417480469
5423,saint_qmix,2.2764482498168945
5424,saint_qmix,0.40874576568603516
5425,saint_qmix,4.725915908813477
5426,saint_qmix,0.23865413665771484
5427,saint_qmix,1.5315628051757812
5428,saint_qmix,1.2461891174316406
5429,saint_qmix,2.5757675170898438
5430,saint_qmix,1.4933271408081055
5431,saint_qmix,0.5271120071411133
5432,saint_qmix,6.673248767852783
5433,saint_qmix,0.6194658279418945
5434,saint_qmix,2.2718381881713867
5435,saint_qmix,0.4721040725708008
5436,saint_qmix,-0.026233673095703125
5437,saint_qmix,0.30034923553466797
5438,saint_qmix,1.4260854721069336
5439,saint_qmix,1.2933311462402344
5440,saint_qmix,2.685159683227539
5441,saint_qmix,-0.48428821563720703
5442,saint_qmix,1.6353397369384766
5443,saint_qmix,0.5808744430541992
5444,saint_qmix,0.9969654083251953
5445,saint_qmix,0.8320713043212891
5446,saint_qmix,4.60352897644043
5447,saint_qmix,0.8675060272216797
5448,saint_qmix,1.2779960632324219
5449,saint_qmix,1.4615278244018555
5450,saint_qmix,1.0344486236572266
5451,saint_qmix,0.9310016632080078
5452,saint_qmix,0.5892257690429688
5453,saint_qmix,-1.213963508605957
5454,saint_qmix,0.5185222625732422
5455,saint_qmix,2.9103689193725586
5456,saint_qmix,1.684361457824707
5457,saint_qmix,0.7449102401733398
5458,saint_qmix,0.04967498779296875
5459,saint_qmix,1.0670452117919922
5460,saint_qmix,2.388294219970703
5461,saint_qmix,2.9388551712036133
5462,saint_qmix,1.031972885131836
5463,saint_qmix,1.0000953674316406
5464,saint_qmix,1.202437400817871
5465,saint_qmix,2.7048401832580566
5466,saint_qmix,2.300739288330078
5467,saint_qmix,1.059861183166504
5468,saint_qmix,-0.04845714569091797
5469,saint_qmix,0.19991302490234375
5470,saint_qmix,3.560157299041748
5471,saint_qmix,0.6612958908081055
5472,saint_qmix,1.2434415817260742
5473,saint_qmix,0.9610071182250977
5474,saint_qmix,1.8469524383544922
5475,saint_qmix,1.3469419479370117
5476,saint_qmix,1.0087108612060547
5477,saint_qmix,1.153243064880371
5478,saint_qmix,0.9668970108032227
5479,saint_qmix,1.4402828216552734
5480,saint_qmix,0.45340728759765625
5481,saint_qmix,2.127741813659668
5482,saint_qmix,0.9066400527954102
5483,saint_qmix,0.7271862030029297
5484,saint_qmix,0.2830963134765625
5485,saint_qmix,-2.4489850997924805
5486,saint_qmix,1.904505729675293
5487,saint_qmix,1.986368179321289
5488,saint_qmix,0.8296670913696289
5489,saint_qmix,1.5419788360595703
5490,saint_qmix,1.0209808349609375
5491,saint_qmix,1.9773569107055664
5492,saint_qmix,0.9131336212158203
5493,saint_qmix,1.6946964263916016
5494,saint_qmix,1.0824613571166992
5495,saint_qmix,0.01425933837890625
5496,saint_qmix,2.1873016357421875
5497,saint_qmix,0.07181644439697266
5498,saint_qmix,-0.2543754577636719
5499,saint_qmix,0.3575773239135742
5500,saint_qmix,1.9075708389282227
5501,saint_qmix,1.3819503784179688
5502,saint_qmix,1.1968374252319336
5503,saint_qmix,2.1423683166503906
5504,saint_qmix,-0.3530445098876953
5505,saint_qmix,0.5824441909790039
5506,saint_qmix,2.235635757446289
5507,saint_qmix,1.7858781814575195
5508,saint_qmix,1.5027551651000977
5509,saint_qmix,2.202670097351074
5510,saint_qmix,2.4325504302978516
5511,saint_qmix,4.480999946594238
5512,saint_qmix,1.557866096496582
5513,saint_qmix,1.6107282638549805
5514,saint_qmix,2.0694828033447266
5515,saint_qmix,1.2282352447509766
5516,saint_qmix,1.9943513870239258
5517,saint_qmix,1.6010541915893555
5518,saint_qmix,0.8678407669067383
5519,saint_qmix,-0.20542049407958984
5520,saint_qmix,0.6945295333862305
5521,saint_qmix,0.7298212051391602
5522,saint_qmix,0.43944835662841797
5523,saint_qmix,1.3855352401733398
5524,saint_qmix,3.656270980834961
5525,saint_qmix,-0.32998085021972656
5526,saint_qmix,2.8430843353271484
5527,saint_qmix,1.5955371856689453
5528,saint_qmix,3.0932207107543945
5529,saint_qmix,1.7666540145874023
5530,saint_qmix,4.589306831359863
5531,saint_qmix,1.49725341796875
5532,saint_qmix,2.990711212158203
5533,saint_qmix,2.106450080871582
5534,saint_qmix,0.6605796813964844
5535,saint_qmix,1.0520153045654297
5536,saint_qmix,1.129568099975586
5537,saint_qmix,1.3011846542358398
5538,saint_qmix,0.4352455139160156
5539,saint_qmix,-0.7858600616455078
5540,saint_qmix,1.2139358520507812
5541,saint_qmix,0.18792152404785156
5542,saint_qmix,1.1104097366333008
5543,saint_qmix,0.3080940246582031
5544,saint_qmix,0.8352584838867188
5545,saint_qmix,5.244011878967285
5546,saint_qmix,4.821767807006836
5547,saint_qmix,0.2082071304321289
5548,saint_qmix,0.2901630401611328
5549,saint_qmix,0.711634635925293
5550,saint_qmix,1.8476533889770508
5551,saint_qmix,1.4838972091674805
5552,saint_qmix,0.4717435836791992
5553,saint_qmix,2.5800304412841797
5554,saint_qmix,2.027132034301758
5555,saint_qmix,0.46975135803222656
5556,saint_qmix,0.6178102493286133
5557,saint_qmix,1.6517829895019531
5558,saint_qmix,1.3854780197143555
5559,saint_qmix,0.11991691589355469
5560,saint_qmix,0.8945112228393555
5561,saint_qmix,2.155048370361328
5562,saint_qmix,3.127645492553711
5563,saint_qmix,2.489612579345703
5564,saint_qmix,-1.9492216110229492
5565,saint_qmix,0.16085529327392578
5566,saint_qmix,2.058778762817383
5567,saint_qmix,5.063361167907715
5568,saint_qmix,0.7380609512329102
5569,saint_qmix,-1.8035974502563477
5570,saint_qmix,2.0413999557495117
5571,saint_qmix,4.021289825439453
5572,saint_qmix,1.207498550415039
5573,saint_qmix,1.0435676574707031
5574,saint_qmix,2.553036689758301
5575,saint_qmix,0.18171215057373047
5576,saint_qmix,0.6998167037963867
5577,saint_qmix,0.6507358551025391
5578,saint_qmix,4.870885848999023
5579,saint_qmix,1.503199577331543
5580,saint_qmix,1.3830633163452148
5581,saint_qmix,0.21324443817138672
5582,saint_qmix,1.1699752807617188
5583,saint_qmix,1.169046401977539
5584,saint_qmix,2.0650596618652344
5585,saint_qmix,1.0149402618408203
5586,saint_qmix,0.5584945678710938
5587,saint_qmix,1.909480094909668
5588,saint_qmix,1.3950624465942383
5589,saint_qmix,0.120880126953125
5590,saint_qmix,0.26546669006347656
5591,saint_qmix,-2.1405134201049805
5592,saint_qmix,0.7443342208862305
5593,saint_qmix,1.038498878479004
5594,saint_qmix,-0.19992542266845703
5595,saint_qmix,0.9240140914916992
5596,saint_qmix,1.1196203231811523
5597,saint_qmix,2.8802690505981445
5598,saint_qmix,1.4530963897705078
5599,saint_qmix,0.7250232696533203
5600,saint_qmix,2.8049211502075195
5601,saint_qmix,2.799586296081543
5602,saint_qmix,1.2893552780151367
5603,saint_qmix,0.7946739196777344
5604,saint_qmix,4.5208330154418945
5605,saint_qmix,0.5025672912597656
5606,saint_qmix,-0.5165596008300781
5607,saint_qmix,1.2384777069091797
5608,saint_qmix,2.4536609649658203
5609,saint_qmix,0.9012088775634766
5610,saint_qmix,1.1920013427734375
5611,saint_qmix,0.15411853790283203
5612,saint_qmix,-0.9541521072387695
5613,saint_qmix,1.2488317489624023
5614,saint_qmix,1.8358421325683594
5615,saint_qmix,-0.20859241485595703
5616,saint_qmix,5.507745742797852
5617,saint_qmix,-0.036507606506347656
5618,saint_qmix,2.074138641357422
5619,saint_qmix,0.4242210388183594
5620,saint_qmix,4.313279151916504
5621,saint_qmix,-0.04665088653564453
5622,saint_qmix,1.8329076766967773
5623,saint_qmix,0.35040855407714844
5624,saint_qmix,-0.22493839263916016
5625,saint_qmix,-0.6114425659179688
5626,saint_qmix,1.4861736297607422
5627,saint_qmix,0.8079595565795898
5628,saint_qmix,-0.12345695495605469
5629,saint_qmix,1.5391511917114258
5630,saint_qmix,0.2639312744140625
5631,saint_qmix,2.6892294883728027
5632,saint_qmix,2.2461652755737305
5633,saint_qmix,0.911229133605957
5634,saint_qmix,-0.15294170379638672
5635,saint_qmix,1.2380695343017578
5636,saint_qmix,1.5688543319702148
5637,saint_qmix,1.9172677993774414
5638,saint_qmix,2.4856109619140625
5639,saint_qmix,0.20975399017333984
5640,saint_qmix,4.324859619140625
5641,saint_qmix,0.4116687774658203
5642,saint_qmix,0.023797988891601562
5643,saint_qmix,0.9661703109741211
5644,saint_qmix,2.622990608215332
5645,saint_qmix,2.45932674407959
5646,saint_qmix,2.6559152603149414
5647,saint_qmix,4.1354169845581055
5648,saint_qmix,0.7835788726806641
5649,saint_qmix,1.8847122192382812
5650,saint_qmix,0.9145212173461914
5651,saint_qmix,1.9899330139160156
5652,saint_qmix,1.3064556121826172
5653,saint_qmix,1.5540666580200195
5654,saint_qmix,0.8801679611206055
5655,saint_qmix,-0.032024383544921875
5656,saint_qmix,0.6080226898193359
5657,saint_qmix,1.617889404296875
5658,saint_qmix,0.42195892333984375
5659,saint_qmix,-1.3521413803100586
5660,saint_qmix,2.4634761810302734
5661,saint_qmix,0.9076547622680664
5662,saint_qmix,0.5048608779907227
5663,saint_qmix,0.42641258239746094
5664,saint_qmix,4.447137832641602
5665,saint_qmix,3.626323699951172
5666,saint_qmix,-0.619328498840332
5667,saint_qmix,1.141892433166504
5668,saint_qmix,-0.5902280807495117
5669,saint_qmix,0.8935670852661133
5670,saint_qmix,3.8769845962524414
5671,saint_qmix,1.1483898162841797
5672,saint_qmix,3.1072349548339844
5673,saint_qmix,6.099191665649414
5674,saint_qmix,0.055126190185546875
5675,saint_qmix,2.0250978469848633
5676,saint_qmix,1.1289749145507812
5677,saint_qmix,0.7988080978393555
5678,saint_qmix,0.8090171813964844
5679,saint_qmix,1.7597503662109375
5680,saint_qmix,4.264208793640137
5681,saint_qmix,-0.8763236999511719
5682,saint_qmix,0.16571712493896484
5683,saint_qmix,1.7731084823608398
5684,saint_qmix,0.42223548889160156
5685,saint_qmix,2.1525888442993164
5686,saint_qmix,0.31693458557128906
5687,saint_qmix,0.27175045013427734
5688,saint_qmix,0.5795316696166992
5689,saint_qmix,0.5536775588989258
5690,saint_qmix,4.8558502197265625
5691,saint_qmix,1.3907699584960938
5692,saint_qmix,0.5172395706176758
5693,saint_qmix,-0.20007991790771484
5694,saint_qmix,0.6939277648925781
5695,saint_qmix,0.6321029663085938
5696,saint_qmix,2.191067695617676
5697,saint_qmix,2.1748199462890625
5698,saint_qmix,0.1376953125
5699,saint_qmix,1.010624885559082
5700,saint_qmix,2.1822595596313477
5701,saint_qmix,1.5691108703613281
5702,saint_qmix,-0.17369842529296875
5703,saint_qmix,0.013765335083007812
5704,saint_qmix,1.2179794311523438
5705,saint_qmix,0.28211212158203125
5706,saint_qmix,0.4959897994995117
5707,saint_qmix,0.9971208572387695
5708,saint_qmix,-0.0864858627319336
5709,saint_qmix,2.352585792541504
5710,saint_qmix,1.785501480102539
5711,saint_qmix,3.874055862426758
5712,saint_qmix,0.9112453460693359
5713,saint_qmix,0.38616180419921875
5714,saint_qmix,1.482417106628418
5715,saint_qmix,-0.616694450378418
5716,saint_qmix,-0.4284534454345703
5717,saint_qmix,0.12401390075683594
5718,saint_qmix,4.531715393066406
5719,saint_qmix,0.6994791030883789
5720,saint_qmix,-0.10968589782714844
5721,saint_qmix,0.9284229278564453
5722,saint_qmix,1.7222661972045898
5723,saint_qmix,-1.1044540405273438
5724,saint_qmix,0.4933204650878906
5725,saint_qmix,0.2979888916015625
5726,saint_qmix,2.067357063293457
5727,saint_qmix,2.068004608154297
5728,saint_qmix,1.5703620910644531
5729,saint_qmix,0.9143867492675781
5730,saint_qmix,0.6303482055664062
5731,saint_qmix,1.3323020935058594
5732,saint_qmix,0.9858427047729492
5733,saint_qmix,1.5002202987670898
5734,saint_qmix,1.1408452987670898
5735,saint_qmix,-1.9685535430908203
5736,saint_qmix,1.3555545806884766
5737,saint_qmix,5.865378379821777
5738,saint_qmix,1.6241302490234375
5739,saint_qmix,1.5468997955322266
5740,saint_qmix,3.05313777923584
5741,saint_qmix,1.4463510513305664
5742,saint_qmix,1.273728370666504
5743,saint_qmix,0.8597745895385742
5744,saint_qmix,3.830367088317871
5745,saint_qmix,-0.04857826232910156
5746,saint_qmix,-0.6517238616943359
5747,saint_qmix,0.21437549591064453
5748,saint_qmix,2.9063167572021484
5749,saint_qmix,3.1241893768310547
5750,saint_qmix,3.1345882415771484
5751,saint_qmix,2.0330610275268555
5752,saint_qmix,-0.36426639556884766
5753,saint_qmix,-0.7581863403320312
5754,saint_qmix,-2.468937873840332
5755,saint_qmix,2.0916614532470703
5756,saint_qmix,0.36716365814208984
5757,saint_qmix,1.6643743515014648
5758,saint_qmix,3.6660823822021484
5759,saint_qmix,1.2606315612792969
5760,saint_qmix,2.7529239654541016
5761,saint_qmix,1.6979026794433594
5762,saint_qmix,-0.30593109130859375
5763,saint_qmix,0.7993335723876953
5764,saint_qmix,4.452378273010254
5765,saint_qmix,0.7498331069946289
5766,saint_qmix,0.7619123458862305
5767,saint_qmix,5.206965446472168
5768,saint_qmix,0.6122283935546875
5769,saint_qmix,1.275406837463379
5770,saint_qmix,0.895477294921875
5771,saint_qmix,3.769441604614258
5772,saint_qmix,1.1299896240234375
5773,saint_qmix,1.9991683959960938
5774,saint_qmix,0.8719930648803711
5775,saint_qmix,3.9821548461914062
5776,saint_qmix,4.734101295471191
5777,saint_qmix,3.867483139038086
5778,saint_qmix,2.985849380493164
5779,saint_qmix,-1.8590812683105469
5780,saint_qmix,2.6106748580932617
5781,saint_qmix,0.8795862197875977
5782,saint_qmix,1.8015270233154297
5783,saint_qmix,0.1863107681274414
5784,saint_qmix,2.5947647094726562
5785,saint_qmix,0.36929988861083984
5786,saint_qmix,0.8170900344848633
5787,saint_qmix,1.3075065612792969
5788,saint_qmix,0.9733057022094727
5789,saint_qmix,1.1834821701049805
5790,saint_qmix,0.5411500930786133
5791,saint_qmix,0.4774742126464844
5792,saint_qmix,-0.015219688415527344
5793,saint_qmix,1.5281381607055664
5794,saint_qmix,1.8191204071044922
5795,saint_qmix,-1.600539207458496
5796,saint_qmix,1.2869014739990234
5797,saint_qmix,0.6584768295288086
5798,saint_qmix,4.829707145690918
5799,saint_qmix,-0.81341552734375
5800,saint_qmix,0.11227798461914062
5801,saint_qmix,2.1385440826416016
5802,saint_qmix,1.7118682861328125
5803,saint_qmix,0.784327507019043
5804,saint_qmix,3.1073899269104004
5805,saint_qmix,-0.7339973449707031
5806,saint_qmix,0.9099016189575195
5807,saint_qmix,7.022708892822266
5808,saint_qmix,0.2379446029663086
5809,saint_qmix,1.4068374633789062
5810,saint_qmix,1.888901710510254
5811,saint_qmix,2.7283506393432617
5812,saint_qmix,2.1103572845458984
5813,saint_qmix,1.1908988952636719
5814,saint_qmix,1.5161161422729492
5815,saint_qmix,1.4277029037475586
5816,saint_qmix,0.1560049057006836
5817,saint_qmix,0.7838249206542969
5818,saint_qmix,2.7326011657714844
5819,saint_qmix,1.2752561569213867
5820,saint_qmix,1.9463472366333008
5821,saint_qmix,1.780263900756836
5822,saint_qmix,1.8370866775512695
5823,saint_qmix,5.750950813293457
5824,saint_qmix,0.5443239212036133
5825,saint_qmix,3.0702390670776367
5826,saint_qmix,2.1492443084716797
5827,saint_qmix,1.4120521545410156
5828,saint_qmix,-0.051026344299316406
5829,saint_qmix,1.519174575805664
5830,saint_qmix,-0.19194507598876953
5831,saint_qmix,0.5377664566040039
5832,saint_qmix,2.165768623352051
5833,saint_qmix,-0.5834255218505859
5834,saint_qmix,0.3631305694580078
5835,saint_qmix,0.008904457092285156
5836,saint_qmix,1.942129135131836
5837,saint_qmix,3.5932092666625977
5838,saint_qmix,1.8113641738891602
5839,saint_qmix,1.5266790390014648
5840,saint_qmix,4.092126846313477
5841,saint_qmix,4.377923965454102
5842,saint_qmix,1.0825996398925781
5843,saint_qmix,0.7410974502563477
5844,saint_qmix,0.6653213500976562
5845,saint_qmix,-1.285731315612793
5846,saint_qmix,-0.1055459976196289
5847,saint_qmix,1.2413978576660156
5848,saint_qmix,0.8505001068115234
5849,saint_qmix,2.2708797454833984
5850,saint_qmix,-0.06821441650390625
5851,saint_qmix,0.5362873077392578
5852,saint_qmix,2.2146739959716797
5853,saint_qmix,2.0035276412963867
5854,saint_qmix,1.6368522644042969
5855,saint_qmix,-1.1367359161376953
5856,saint_qmix,6.166842460632324
5857,saint_qmix,2.1669187545776367
5858,saint_qmix,0.1252756118774414
5859,saint_qmix,0.9267120361328125
5860,saint_qmix,1.9643001556396484
5861,saint_qmix,1.1862525939941406
5862,saint_qmix,1.596226692199707
5863,saint_qmix,-0.25168609619140625
5864,saint_qmix,1.886540412902832
5865,saint_qmix,1.0899524688720703
5866,saint_qmix,-0.22856998443603516
5867,saint_qmix,1.591470718383789
5868,saint_qmix,2.4886398315429688
5869,saint_qmix,0.3813915252685547
5870,saint_qmix,0.9212713241577148
5871,saint_qmix,1.1610393524169922
5872,saint_qmix,1.8542861938476562
5873,saint_qmix,-0.030913352966308594
5874,saint_qmix,0.8109102249145508
5875,saint_qmix,0.8403358459472656
5876,saint_qmix,1.2829017639160156
5877,saint_qmix,0.24806785583496094
5878,saint_qmix,4.300024032592773
5879,saint_qmix,0.09860515594482422
5880,saint_qmix,0.2626533508300781
5881,saint_qmix,0.019845962524414062
5882,saint_qmix,0.23206233978271484
5883,saint_qmix,-0.20405197143554688
5884,saint_qmix,1.1607046127319336
5885,saint_qmix,0.4395637512207031
5886,saint_qmix,3.8270883560180664
5887,saint_qmix,3.204195022583008
5888,saint_qmix,1.6676969528198242
5889,saint_qmix,2.2638816833496094
5890,saint_qmix,3.7533693313598633
5891,saint_qmix,1.9390335083007812
5892,saint_qmix,1.2601337432861328
5893,saint_qmix,0.0020751953125
5894,saint_qmix,1.688568115234375
5895,saint_qmix,-0.33603477478027344
5896,saint_qmix,-4.368453025817871
5897,saint_qmix,4.127866744995117
5898,saint_qmix,5.631439208984375
5899,saint_qmix,2.545398712158203
5900,saint_qmix,2.5612239837646484
5901,saint_qmix,-1.0494041442871094
5902,saint_qmix,1.9675607681274414
5903,saint_qmix,0.18542003631591797
5904,saint_qmix,2.491243362426758
5905,saint_qmix,4.11635684967041
5906,saint_qmix,0.2508363723754883
5907,saint_qmix,-1.1555042266845703
5908,saint_qmix,1.622488021850586
5909,saint_qmix,0.1586904525756836
5910,saint_qmix,0.5860090255737305
5911,saint_qmix,0.6648893356323242
5912,saint_qmix,2.244795799255371
5913,saint_qmix,0.7796468734741211
5914,saint_qmix,1.4138727188110352
5915,saint_qmix,2.0840816497802734
5916,saint_qmix,2.3396167755126953
5917,saint_qmix,2.3741378784179688
5918,saint_qmix,3.5112838745117188
5919,saint_qmix,-0.13503551483154297
5920,saint_qmix,2.359821319580078
5921,saint_qmix,1.7864408493041992
5922,saint_qmix,0.45507335662841797
5923,saint_qmix,2.786355972290039
5924,saint_qmix,5.3890275955200195
5925,saint_qmix,0.15664100646972656
5926,saint_qmix,2.023845672607422
5927,saint_qmix,-0.7241878509521484
5928,saint_qmix,0.19242000579833984
5929,saint_qmix,1.1528711318969727
5930,saint_qmix,0.6530609130859375
5931,saint_qmix,1.241805076599121
5932,saint_qmix,1.2008180618286133
5933,saint_qmix,1.727071762084961
5934,saint_qmix,1.0491704940795898
5935,saint_qmix,1.6324052810668945
5936,saint_qmix,0.3461036682128906
5937,saint_qmix,1.9452438354492188
5938,saint_qmix,1.9677391052246094
5939,saint_qmix,0.7319974899291992
5940,saint_qmix,2.8973960876464844
5941,saint_qmix,1.6146564483642578
5942,saint_qmix,1.8042583465576172
5943,saint_qmix,1.700052261352539
5944,saint_qmix,0.9702892303466797
5945,saint_qmix,2.648866653442383
5946,saint_qmix,1.144820213317871
5947,saint_qmix,1.6332035064697266
5948,saint_qmix,2.850071907043457
5949,saint_qmix,3.0270299911499023
5950,saint_qmix,0.45939159393310547
5951,saint_qmix,1.4053421020507812
5952,saint_qmix,4.1072235107421875
5953,saint_qmix,0.9593486785888672
5954,saint_qmix,3.159590244293213
5955,saint_qmix,0.9655551910400391
5956,saint_qmix,1.7280988693237305
5957,saint_qmix,0.7930202484130859
5958,saint_qmix,3.6541948318481445
5959,saint_qmix,2.114474296569824
5960,saint_qmix,0.4447174072265625
5961,saint_qmix,1.6622552871704102
5962,saint_qmix,1.5806694030761719
5963,saint_qmix,2.5389184951782227
5964,saint_qmix,0.4213228225708008
5965,saint_qmix,4.604206085205078
5966,saint_qmix,2.949718475341797
5967,saint_qmix,0.44710826873779297
5968,saint_qmix,0.9307193756103516
5969,saint_qmix,0.017830848693847656
5970,saint_qmix,-1.2029151916503906
5971,saint_qmix,2.002950668334961
5972,saint_qmix,1.8989677429199219
5973,saint_qmix,1.4196691513061523
5974,saint_qmix,4.263731002807617
5975,saint_qmix,0.596644401550293
5976,saint_qmix,0.5825939178466797
5977,saint_qmix,1.9007444381713867
5978,saint_qmix,1.1087379455566406
5979,saint_qmix,2.8016881942749023
5980,saint_qmix,0.6003036499023438
5981,saint_qmix,0.7953424453735352
5982,saint_qmix,-0.16449832916259766
5983,saint_qmix,-0.17797279357910156
5984,saint_qmix,1.744842529296875
5985,saint_qmix,0.9437494277954102
5986,saint_qmix,1.2264442443847656
5987,saint_qmix,2.0847949981689453
5988,saint_qmix,1.2418241500854492
5989,saint_qmix,0.10795211791992188
5990,saint_qmix,-0.26597023010253906
5991,saint_qmix,5.634056091308594
5992,saint_qmix,2.3682336807250977
5993,saint_qmix,1.1357507705688477
5994,saint_qmix,4.219902038574219
5995,saint_qmix,-0.11787986755371094
5996,saint_qmix,1.4749555587768555
5997,saint_qmix,5.603564262390137
5998,saint_qmix,1.9891157150268555
5999,saint_qmix,1.6833219528198242
6000,saint_qmix,1.2928810119628906
6001,saint_qmix,2.146866798400879
6002,saint_qmix,0.18781280517578125
6003,saint_qmix,1.2248945236206055
6004,saint_qmix,5.666406631469727
6005,saint_qmix,1.0928268432617188
6006,saint_qmix,1.378824234008789
6007,saint_qmix,0.7651338577270508
6008,saint_qmix,5.1303815841674805
6009,saint_qmix,2.595860481262207
6010,saint_qmix,4.774247169494629
6011,saint_qmix,1.0432500839233398
6012,saint_qmix,1.8287506103515625
6013,saint_qmix,1.1310396194458008
6014,saint_qmix,2.2911863327026367
6015,saint_qmix,-0.8485450744628906
6016,saint_qmix,1.307729721069336
6017,saint_qmix,0.32382774353027344
6018,saint_qmix,1.487727165222168
6019,saint_qmix,2.150136947631836
6020,saint_qmix,0.8996486663818359
6021,saint_qmix,4.909672737121582
6022,saint_qmix,1.017232894897461
6023,saint_qmix,0.9493675231933594
6024,saint_qmix,1.3101530075073242
6025,saint_qmix,0.4839000701904297
6026,saint_qmix,0.8388633728027344
6027,saint_qmix,2.805699348449707
6028,saint_qmix,-0.2864208221435547
6029,saint_qmix,1.4430885314941406
6030,saint_qmix,1.9754772186279297
6031,saint_qmix,6.236786842346191
6032,saint_qmix,1.9744453430175781
6033,saint_qmix,0.7516517639160156
6034,saint_qmix,2.9900903701782227
6035,saint_qmix,1.3092002868652344
6036,saint_qmix,2.8077573776245117
6037,saint_qmix,3.2361059188842773
6038,saint_qmix,-0.41770458221435547
6039,saint_qmix,0.7738132476806641
6040,saint_qmix,0.2893514633178711
6041,saint_qmix,0.1746063232421875
6042,saint_qmix,0.06531047821044922
6043,saint_qmix,1.5724515914916992
6044,saint_qmix,2.3957366943359375
6045,saint_qmix,0.8076848983764648
6046,saint_qmix,2.2496185302734375
6047,saint_qmix,2.141815185546875
6048,saint_qmix,0.7485504150390625
6049,saint_qmix,0.47184085845947266
6050,saint_qmix,7.704790115356445
6051,saint_qmix,1.6978302001953125
6052,saint_qmix,1.1267261505126953
6053,saint_qmix,1.6108217239379883
6054,saint_qmix,0.9082260131835938
6055,saint_qmix,3.373034954071045
6056,saint_qmix,1.1104507446289062
6057,saint_qmix,1.1774425506591797
6058,saint_qmix,0.16574954986572266
6059,saint_qmix,3.507205009460449
6060,saint_qmix,4.469953536987305
6061,saint_qmix,4.158653259277344
6062,saint_qmix,0.3303823471069336
6063,saint_qmix,2.272566795349121
6064,saint_qmix,0.2709836959838867
6065,saint_qmix,0.4547996520996094
6066,saint_qmix,0.9241628646850586
6067,saint_qmix,4.014754295349121
6068,saint_qmix,1.4025774002075195
6069,saint_qmix,1.0863494873046875
6070,saint_qmix,1.4755172729492188
6071,saint_qmix,-0.3242988586425781
6072,saint_qmix,-0.04161643981933594
6073,saint_qmix,0.8220319747924805
6074,saint_qmix,4.536754131317139
6075,saint_qmix,0.5735759735107422
6076,saint_qmix,2.386323928833008
6077,saint_qmix,1.7932891845703125
6078,saint_qmix,-0.2560758590698242
6079,saint_qmix,0.6023387908935547
6080,saint_qmix,0.6689167022705078
6081,saint_qmix,0.9908151626586914
6082,saint_qmix,1.9488449096679688
6083,saint_qmix,0.5660486221313477
6084,saint_qmix,0.2650938034057617
6085,saint_qmix,1.9319438934326172
6086,saint_qmix,2.5147438049316406
6087,saint_qmix,4.134779930114746
6088,saint_qmix,0.11670875549316406
6089,saint_qmix,-1.388071060180664
6090,saint_qmix,1.9371061325073242
6091,saint_qmix,-0.7679815292358398
6092,saint_qmix,1.802931785583496
6093,saint_qmix,0.7013378143310547
6094,saint_qmix,1.2948112487792969
6095,saint_qmix,-0.18136882781982422
6096,saint_qmix,2.2718496322631836
6097,saint_qmix,2.258927345275879
6098,saint_qmix,3.591366767883301
6099,saint_qmix,1.1303024291992188
6100,saint_qmix,1.2864952087402344
6101,saint_qmix,1.328939437866211
6102,saint_qmix,1.120265007019043
6103,saint_qmix,0.6831245422363281
6104,saint_qmix,1.6835060119628906
6105,saint_qmix,0.95587158203125
6106,saint_qmix,1.8320045471191406
6107,saint_qmix,2.770689010620117
6108,saint_qmix,2.3360824584960938
6109,saint_qmix,1.8898792266845703
6110,saint_qmix,0.8874855041503906
6111,saint_qmix,3.674701690673828
6112,saint_qmix,0.7664413452148438
6113,saint_qmix,1.3736095428466797
6114,saint_qmix,1.1833581924438477
6115,saint_qmix,1.3374338150024414
6116,saint_qmix,1.148726463317871
6117,saint_qmix,0.8297042846679688
6118,saint_qmix,2.1317930221557617
6119,saint_qmix,0.4644012451171875
6120,saint_qmix,1.447911262512207
6121,saint_qmix,0.4682016372680664
6122,saint_qmix,2.990436553955078
6123,saint_qmix,6.577038764953613
6124,saint_qmix,1.276071548461914
6125,saint_qmix,4.983538627624512
6126,saint_qmix,0.4930763244628906
6127,saint_qmix,0.8433399200439453
6128,saint_qmix,4.2605085372924805
6129,saint_qmix,1.8461074829101562
6130,saint_qmix,1.679905891418457
6131,saint_qmix,-0.032973289489746094
6132,saint_qmix,3.139942169189453
6133,saint_qmix,-2.1207704544067383
6134,saint_qmix,2.5202064514160156
6135,saint_qmix,1.1896247863769531
6136,saint_qmix,0.8108720779418945
6137,saint_qmix,3.0156021118164062
6138,saint_qmix,1.1542549133300781
6139,saint_qmix,0.8385171890258789
6140,saint_qmix,3.3232641220092773
6141,saint_qmix,0.8391017913818359
6142,saint_qmix,4.102547645568848
6143,saint_qmix,1.8187103271484375
6144,saint_qmix,0.6179065704345703
6145,saint_qmix,0.19475460052490234
6146,saint_qmix,-1.3365306854248047
6147,saint_qmix,1.0322685241699219
6148,saint_qmix,-0.35529613494873047
6149,saint_qmix,1.9552860260009766
6150,saint_qmix,0.5276031494140625
6151,saint_qmix,0.34963035583496094
6152,saint_qmix,0.39336585998535156
6153,saint_qmix,1.4630556106567383
6154,saint_qmix,3.864900588989258
6155,saint_qmix,1.7850313186645508
6156,saint_qmix,0.5861825942993164
6157,saint_qmix,1.4781732559204102
6158,saint_qmix,3.1776838302612305
6159,saint_qmix,0.959528923034668
6160,saint_qmix,0.20236492156982422
6161,saint_qmix,-2.648066520690918
6162,saint_qmix,1.4592037200927734
6163,saint_qmix,4.133241653442383
6164,saint_qmix,1.954615592956543
6165,saint_qmix,-0.6430110931396484
6166,saint_qmix,1.2629499435424805
6167,saint_qmix,1.384185791015625
6168,saint_qmix,0.6773700714111328
6169,saint_qmix,0.7653656005859375
6170,saint_qmix,1.3814020156860352
6171,saint_qmix,3.8115100860595703
6172,saint_qmix,-0.26398658752441406
6173,saint_qmix,0.9539060592651367
6174,saint_qmix,-1.3230352401733398
6175,saint_qmix,3.706218719482422
6176,saint_qmix,1.4533653259277344
6177,saint_qmix,6.957363128662109
6178,saint_qmix,1.848689079284668
6179,saint_qmix,1.9577112197875977
6180,saint_qmix,4.126321792602539
6181,saint_qmix,1.633866310119629
6182,saint_qmix,1.8541173934936523
6183,saint_qmix,5.124153137207031
6184,saint_qmix,2.078005790710449
6185,saint_qmix,1.232478141784668
6186,saint_qmix,1.7964591979980469
6187,saint_qmix,-1.4679059982299805
6188,saint_qmix,4.133213043212891
6189,saint_qmix,1.3288068771362305
6190,saint_qmix,1.4179039001464844
6191,saint_qmix,1.2645950317382812
6192,saint_qmix,3.554492950439453
6193,saint_qmix,3.4467878341674805
6194,saint_qmix,-1.8643293380737305
6195,saint_qmix,0.2266368865966797
6196,saint_qmix,-0.7555913925170898
6197,saint_qmix,1.5740280151367188
6198,saint_qmix,-1.7096853256225586
6199,saint_qmix,4.501300811767578
6200,saint_qmix,0.5455722808837891
6201,saint_qmix,0.18099498748779297
6202,saint_qmix,0.3827018737792969
6203,saint_qmix,0.024389266967773438
6204,saint_qmix,0.819549560546875
6205,saint_qmix,1.7668352127075195
6206,saint_qmix,1.2082338333129883
6207,saint_qmix,2.6519079208374023
6208,saint_qmix,-0.5295696258544922
6209,saint_qmix,0.9748010635375977
6210,saint_qmix,1.054844856262207
6211,saint_qmix,0.4865837097167969
6212,saint_qmix,2.415618896484375
6213,saint_qmix,0.748199462890625
6214,saint_qmix,1.5015869140625
6215,saint_qmix,0.3148813247680664
6216,saint_qmix,1.0163030624389648
6217,saint_qmix,1.0215415954589844
6218,saint_qmix,1.6056547164916992
6219,saint_qmix,-0.7245750427246094
6220,saint_qmix,2.2001705169677734
6221,saint_qmix,0.7337198257446289
6222,saint_qmix,0.006245613098144531
6223,saint_qmix,3.453324794769287
6224,saint_qmix,2.2995357513427734
6225,saint_qmix,1.2346038818359375
6226,saint_qmix,1.6432600021362305
6227,saint_qmix,2.512497901916504
6228,saint_qmix,2.7215757369995117
6229,saint_qmix,0.8603067398071289
6230,saint_qmix,5.462141990661621
6231,saint_qmix,1.0139198303222656
6232,saint_qmix,3.3828063011169434
6233,saint_qmix,0.9961614608764648
6234,saint_qmix,0.6656761169433594
6235,saint_qmix,3.1479597091674805
6236,saint_qmix,0.7940130233764648
6237,saint_qmix,0.4936838150024414
6238,saint_qmix,1.5752496719360352
6239,saint_qmix,3.0373640060424805
6240,saint_qmix,-0.20041465759277344
6241,saint_qmix,3.2672905921936035
6242,saint_qmix,1.1311016082763672
6243,saint_qmix,5.584529876708984
6244,saint_qmix,2.1671218872070312
6245,saint_qmix,5.954687118530273
6246,saint_qmix,0.604705810546875
6247,saint_qmix,1.5583000183105469
6248,saint_qmix,2.121114730834961
6249,saint_qmix,0.20324134826660156
6250,saint_qmix,0.03133392333984375
6251,saint_qmix,1.6140670776367188
6252,saint_qmix,2.6367969512939453
6253,saint_qmix,4.111968994140625
6254,saint_qmix,0.5987920761108398
6255,saint_qmix,2.8291797637939453
6256,saint_qmix,1.4034309387207031
6257,saint_qmix,0.48656368255615234
6258,saint_qmix,0.9682779312133789
6259,saint_qmix,3.2406272888183594
6260,saint_qmix,-3.1749658584594727
6261,saint_qmix,1.0594377517700195
6262,saint_qmix,0.6954784393310547
6263,saint_qmix,1.4103069305419922
6264,saint_qmix,1.8307294845581055
6265,saint_qmix,1.9591236114501953
6266,saint_qmix,0.749812126159668
6267,saint_qmix,0.6272420883178711
6268,saint_qmix,0.35060596466064453
6269,saint_qmix,-0.3358039855957031
6270,saint_qmix,-0.756312370300293
6271,saint_qmix,0.16040325164794922
6272,saint_qmix,0.7543563842773438
6273,saint_qmix,0.28583526611328125
6274,saint_qmix,1.5781679153442383
6275,saint_qmix,0.0
6276,saint_qmix,1.1426239013671875
6277,saint_qmix,-0.4846019744873047
6278,saint_qmix,2.670013427734375
6279,saint_qmix,0.1216268539428711
6280,saint_qmix,4.312351226806641
6281,saint_qmix,3.57682466506958
6282,saint_qmix,2.0329971313476562
6283,saint_qmix,0.44515228271484375
6284,saint_qmix,1.690669059753418
6285,saint_qmix,-0.94390869140625
6286,saint_qmix,0.15472793579101562
6287,saint_qmix,0.4895315170288086
6288,saint_qmix,2.5781736373901367
6289,saint_qmix,0.9427280426025391
6290,saint_qmix,1.5654411315917969
6291,saint_qmix,1.511885643005371
6292,saint_qmix,0.7621355056762695
6293,saint_qmix,1.6296806335449219
6294,saint_qmix,1.0912256240844727
6295,saint_qmix,1.7206153869628906
6296,saint_qmix,1.4820270538330078
6297,saint_qmix,1.1734619140625
6298,saint_qmix,1.6027250289916992
6299,saint_qmix,1.7891426086425781
6300,saint_qmix,-0.24309825897216797
6301,saint_qmix,0.623265266418457
6302,saint_qmix,2.002518653869629
6303,saint_qmix,1.346571922302246
6304,saint_qmix,4.618282318115234
6305,saint_qmix,-0.7108240127563477
6306,saint_qmix,1.383864402770996
6307,saint_qmix,-0.009500503540039062
6308,saint_qmix,1.1527671813964844
6309,saint_qmix,0.24658870697021484
6310,saint_qmix,1.8830175399780273
6311,saint_qmix,0.3684244155883789
6312,saint_qmix,-0.15562152862548828
6313,saint_qmix,0.961482048034668
6314,saint_qmix,0.168121337890625
6315,saint_qmix,2.049452781677246
6316,saint_qmix,1.6015892028808594
6317,saint_qmix,0.6052618026733398
6318,saint_qmix,1.7583742141723633
6319,saint_qmix,2.388350486755371
6320,saint_qmix,0.9050769805908203
6321,saint_qmix,0.9476871490478516
6322,saint_qmix,0.9396591186523438
6323,saint_qmix,0.2685050964355469
6324,saint_qmix,2.452883720397949
6325,saint_qmix,0.5356693267822266
6326,saint_qmix,0.5250606536865234
6327,saint_qmix,1.9997119903564453
6328,saint_qmix,1.1672191619873047
6329,saint_qmix,0.884516716003418
6330,saint_qmix,0.07631778717041016
6331,saint_qmix,0.5691385269165039
6332,saint_qmix,1.6053438186645508
6333,saint_qmix,0.5987443923950195
6334,saint_qmix,-0.5043487548828125
6335,saint_qmix,2.2913522720336914
6336,saint_qmix,1.872396469116211
6337,saint_qmix,1.3843822479248047
6338,saint_qmix,0.6710386276245117
6339,saint_qmix,-0.20925140380859375
6340,saint_qmix,0.4146442413330078
6341,saint_qmix,1.9966659545898438
6342,saint_qmix,1.5627403259277344
6343,saint_qmix,1.8930282592773438
6344,saint_qmix,0.8000965118408203
6345,saint_qmix,1.8352937698364258
6346,saint_qmix,0.2998485565185547
6347,saint_qmix,4.375250816345215
6348,saint_qmix,1.1599674224853516
6349,saint_qmix,1.0632038116455078
6350,saint_qmix,-0.0536346435546875
6351,saint_qmix,1.1176176071166992
6352,saint_qmix,-0.49741458892822266
6353,saint_qmix,5.234671592712402
6354,saint_qmix,5.309299468994141
6355,saint_qmix,1.7896919250488281
6356,saint_qmix,-0.9401712417602539
6357,saint_qmix,1.6439571380615234
6358,saint_qmix,1.1708869934082031
6359,saint_qmix,2.4885339736938477
6360,saint_qmix,-0.3028898239135742
6361,saint_qmix,1.1318979263305664
6362,saint_qmix,0.0
6363,saint_qmix,-0.12493515014648438
6364,saint_qmix,3.3057403564453125
6365,saint_qmix,1.2680301666259766
6366,saint_qmix,1.5011119842529297
6367,saint_qmix,1.8335685729980469
6368,saint_qmix,1.7000446319580078
6369,saint_qmix,1.0356817245483398
6370,saint_qmix,-0.18780899047851562
6371,saint_qmix,0.6470861434936523
6372,saint_qmix,5.180414199829102
6373,saint_qmix,-0.8626537322998047
6374,saint_qmix,1.587050437927246
6375,saint_qmix,1.079056739807129
6376,saint_qmix,1.6787481307983398
6377,saint_qmix,-0.36260032653808594
6378,saint_qmix,2.539834976196289
6379,saint_qmix,1.420182228088379
6380,saint_qmix,0.5755157470703125
6381,saint_qmix,0.5369110107421875
6382,saint_qmix,3.606058120727539
6383,saint_qmix,0.4769878387451172
6384,saint_qmix,1.137312889099121
6385,saint_qmix,3.380615234375
6386,saint_qmix,7.620659351348877
6387,saint_qmix,3.492068290710449
6388,saint_qmix,0.12385368347167969
6389,saint_qmix,0.8731603622436523
6390,saint_qmix,0.6235523223876953
6391,saint_qmix,0.1544208526611328
6392,saint_qmix,1.4963855743408203
6393,saint_qmix,-0.07528495788574219
6394,saint_qmix,-0.3631877899169922
6395,saint_qmix,1.115492820739746
6396,saint_qmix,2.18157958984375
6397,saint_qmix,-0.5355463027954102
6398,saint_qmix,0.6664676666259766
6399,saint_qmix,-0.017604827880859375
6400,saint_qmix,2.6185569763183594
6401,saint_qmix,0.12596702575683594
6402,saint_qmix,0.0006427764892578125
6403,saint_qmix,-1.007094383239746
6404,saint_qmix,-0.6300573348999023
6405,saint_qmix,1.093153953552246
6406,saint_qmix,0.8822050094604492
6407,saint_qmix,3.740262031555176
6408,saint_qmix,3.3733959197998047
6409,saint_qmix,2.0591487884521484
6410,saint_qmix,0.6564474105834961
6411,saint_qmix,-0.7585964202880859
6412,saint_qmix,-0.3469514846801758
6413,saint_qmix,1.3228282928466797
6414,saint_qmix,3.936979293823242
6415,saint_qmix,-1.1027660369873047
6416,saint_qmix,0.7673273086547852
6417,saint_qmix,2.9103269577026367
6418,saint_qmix,0.5364294052124023
6419,saint_qmix,1.0182561874389648
6420,saint_qmix,0.4884805679321289
6421,saint_qmix,1.5621023178100586
6422,saint_qmix,1.2079944610595703
6423,saint_qmix,0.772517204284668
6424,saint_qmix,1.0330476760864258
6425,saint_qmix,-0.8421897888183594
6426,saint_qmix,0.9672889709472656
6427,saint_qmix,1.4962749481201172
6428,saint_qmix,0.35008811950683594
6429,saint_qmix,0.6306476593017578
6430,saint_qmix,-0.16365528106689453
6431,saint_qmix,2.683640480041504
6432,saint_qmix,0.9194812774658203
6433,saint_qmix,2.8313522338867188
6434,saint_qmix,2.3617029190063477
6435,saint_qmix,1.6103496551513672
6436,saint_qmix,0.4464702606201172
6437,saint_qmix,1.0701904296875
6438,saint_qmix,1.7352933883666992
6439,saint_qmix,2.546794891357422
6440,saint_qmix,0.05429267883300781
6441,saint_qmix,0.19612598419189453
6442,saint_qmix,-0.007733345031738281
6443,saint_qmix,1.6030712127685547
6444,saint_qmix,0.8588075637817383
6445,saint_qmix,-0.11430549621582031
6446,saint_qmix,0.21094036102294922
6447,saint_qmix,1.1953716278076172
6448,saint_qmix,1.0334205627441406
6449,saint_qmix,1.6538114547729492
6450,saint_qmix,4.403568267822266
6451,saint_qmix,0.5202512741088867
6452,saint_qmix,2.167477607727051
6453,saint_qmix,4.163693428039551
6454,saint_qmix,2.0199050903320312
6455,saint_qmix,-0.814605712890625
6456,saint_qmix,0.8413190841674805
6457,saint_qmix,1.8166217803955078
6458,saint_qmix,1.4745941162109375
6459,saint_qmix,2.084451675415039
6460,saint_qmix,-0.7706642150878906
6461,saint_qmix,1.7081899642944336
6462,saint_qmix,0.3847846984863281
6463,saint_qmix,0.43790340423583984
6464,saint_qmix,0.7356796264648438
6465,saint_qmix,1.2386388778686523
6466,saint_qmix,1.7626075744628906
6467,saint_qmix,0.9814720153808594
6468,saint_qmix,3.5634517669677734
6469,saint_qmix,1.2908449172973633
6470,saint_qmix,3.9104080200195312
6471,saint_qmix,1.581075668334961
6472,saint_qmix,1.4676017761230469
6473,saint_qmix,3.2912702560424805
6474,saint_qmix,-0.4490642547607422
6475,saint_qmix,1.560497760772705
6476,saint_qmix,1.0394487380981445
6477,saint_qmix,3.0892162322998047
6478,saint_qmix,0.6352519989013672
6479,saint_qmix,2.1177453994750977
6480,saint_qmix,3.1448183059692383
6481,saint_qmix,-0.5169029235839844
6482,saint_qmix,-0.6809005737304688
6483,saint_qmix,2.855243682861328
6484,saint_qmix,1.5621061325073242
6485,saint_qmix,1.6601371765136719
6486,saint_qmix,3.3546810150146484
6487,saint_qmix,0.3759880065917969
6488,saint_qmix,0.6620664596557617
6489,saint_qmix,-0.03798866271972656
6490,saint_qmix,0.2363414764404297
6491,saint_qmix,3.090684413909912
6492,saint_qmix,0.5044794082641602
6493,saint_qmix,1.202840805053711
6494,saint_qmix,0.9518613815307617
6495,saint_qmix,1.1834869384765625
6496,saint_qmix,0.4464302062988281
6497,saint_qmix,1.4973831176757812
6498,saint_qmix,2.353116989135742
6499,saint_qmix,1.549534797668457
6500,saint_qmix,1.250570297241211
6501,saint_qmix,0.24449729919433594
6502,saint_qmix,0.4935722351074219
6503,saint_qmix,-0.051339149475097656
6504,saint_qmix,-0.05712318420410156
6505,saint_qmix,1.8042869567871094
6506,saint_qmix,0.6807365417480469
6507,saint_qmix,2.337383270263672
6508,saint_qmix,1.0227203369140625
6509,saint_qmix,2.8181800842285156
6510,saint_qmix,1.4608659744262695
6511,saint_qmix,0.4232149124145508
6512,saint_qmix,0.6308450698852539
6513,saint_qmix,0.6966800689697266
6514,saint_qmix,0.9778690338134766
6515,saint_qmix,2.8566856384277344
6516,saint_qmix,0.6402664184570312
6517,saint_qmix,-0.677433967590332
6518,saint_qmix,0.5442676544189453
6519,saint_qmix,1.7022876739501953
6520,saint_qmix,0.5911293029785156
6521,saint_qmix,5.783958435058594
6522,saint_qmix,0.4205150604248047
6523,saint_qmix,1.7933235168457031
6524,saint_qmix,5.398077011108398
6525,saint_qmix,0.23298263549804688
6526,saint_qmix,1.8257713317871094
6527,saint_qmix,5.366351127624512
6528,saint_qmix,-0.00043773651123046875
6529,saint_qmix,0.6869688034057617
6530,saint_qmix,2.2567224502563477
6531,saint_qmix,3.9227123260498047
6532,saint_qmix,2.095402717590332
6533,saint_qmix,0.4516487121582031
6534,saint_qmix,0.8481273651123047
6535,saint_qmix,1.1059370040893555
6536,saint_qmix,0.805633544921875
6537,saint_qmix,1.901658058166504
6538,saint_qmix,2.46774959564209
6539,saint_qmix,0.49648189544677734
6540,saint_qmix,1.2044143676757812
6541,saint_qmix,0.6719455718994141
6542,saint_qmix,0.9054851531982422
6543,saint_qmix,1.7745428085327148
6544,saint_qmix,-0.38423633575439453
6545,saint_qmix,1.9252614974975586
6546,saint_qmix,1.5717792510986328
6547,saint_qmix,2.048769950866699
6548,saint_qmix,-0.6942567825317383
6549,saint_qmix,0.20686626434326172
6550,saint_qmix,0.24280261993408203
6551,saint_qmix,0.8634004592895508
6552,saint_qmix,-0.7090520858764648
6553,saint_qmix,2.2447118759155273
6554,saint_qmix,1.9596223831176758
6555,saint_qmix,2.190678596496582
6556,saint_qmix,1.3414115905761719
6557,saint_qmix,0.26310253143310547
6558,saint_qmix,1.0599737167358398
6559,saint_qmix,4.406802177429199
6560,saint_qmix,0.33085060119628906
6561,saint_qmix,0.27196311950683594
6562,saint_qmix,1.6058597564697266
6563,saint_qmix,0.0
6564,saint_qmix,1.0880517959594727
6565,saint_qmix,1.3503646850585938
6566,saint_qmix,1.1454849243164062
6567,saint_qmix,3.2429208755493164
6568,saint_qmix,3.1454200744628906
6569,saint_qmix,0.8037252426147461
6570,saint_qmix,0.4591846466064453
6571,saint_qmix,4.056083679199219
6572,saint_qmix,0.0
6573,saint_qmix,1.750533103942871
6574,saint_qmix,1.1105718612670898
6575,saint_qmix,1.7402582168579102
6576,saint_qmix,-0.003208160400390625
6577,saint_qmix,0.0
6578,saint_qmix,0.8969326019287109
6579,saint_qmix,0.20460224151611328
6580,saint_qmix,0.08674049377441406
6581,saint_qmix,0.12029457092285156
6582,saint_qmix,4.362774848937988
6583,saint_qmix,1.7531538009643555
6584,saint_qmix,1.988515853881836
6585,saint_qmix,-0.07977962493896484
6586,saint_qmix,0.9721403121948242
6587,saint_qmix,1.1942806243896484
6588,saint_qmix,1.615030288696289
6589,saint_qmix,1.2644948959350586
6590,saint_qmix,1.4340248107910156
6591,saint_qmix,1.3294239044189453
6592,saint_qmix,1.4727087020874023
6593,saint_qmix,1.1823596954345703
6594,saint_qmix,3.226393699645996
6595,saint_qmix,1.9457168579101562
6596,saint_qmix,-0.2044200897216797
6597,saint_qmix,0.36986732482910156
6598,saint_qmix,0.5684623718261719
6599,saint_qmix,0.3247089385986328
6600,saint_qmix,2.856548309326172
6601,saint_qmix,2.013472557067871
6602,saint_qmix,1.5696029663085938
6603,saint_qmix,3.9376869201660156
6604,saint_qmix,2.1931381225585938
6605,saint_qmix,1.6116943359375
6606,saint_qmix,1.9819231033325195
6607,saint_qmix,1.0632495880126953
6608,saint_qmix,2.0799813270568848
6609,saint_qmix,1.7175922393798828
6610,saint_qmix,1.6105403900146484
6611,saint_qmix,2.3108367919921875
6612,saint_qmix,-0.03697013854980469
6613,saint_qmix,0.7754554748535156
6614,saint_qmix,2.951045036315918
6615,saint_qmix,3.4530391693115234
6616,saint_qmix,0.07422065734863281
6617,saint_qmix,-1.7451038360595703
6618,saint_qmix,0.1615734100341797
6619,saint_qmix,1.634913444519043
6620,saint_qmix,2.013096809387207
6621,saint_qmix,1.6929712295532227
6622,saint_qmix,-0.29091739654541016
6623,saint_qmix,-1.0424537658691406
6624,saint_qmix,2.802426338195801
6625,saint_qmix,0.8497543334960938
6626,saint_qmix,0.46274566650390625
6627,saint_qmix,-0.6376314163208008
6628,saint_qmix,0.6525058746337891
6629,saint_qmix,2.102480888366699
6630,saint_qmix,0.2974996566772461
6631,saint_qmix,1.5757808685302734
6632,saint_qmix,-0.18236255645751953
6633,saint_qmix,1.0494918823242188
6634,saint_qmix,1.0880069732666016
6635,saint_qmix,0.45340824127197266
6636,saint_qmix,0.5022792816162109
6637,saint_qmix,-0.4614582061767578
6638,saint_qmix,0.7111377716064453
6639,saint_qmix,3.42246150970459
6640,saint_qmix,0.9328622817993164
6641,saint_qmix,-0.6124744415283203
6642,saint_qmix,1.3185234069824219
6643,saint_qmix,3.845052719116211
6644,saint_qmix,0.702301025390625
6645,saint_qmix,3.1561851501464844
6646,saint_qmix,0.6438388824462891
6647,saint_qmix,-1.3400583267211914
6648,saint_qmix,2.666792869567871
6649,saint_qmix,3.7442502975463867
6650,saint_qmix,2.89016056060791
6651,saint_qmix,-0.0727701187133789
6652,saint_qmix,-0.03251361846923828
6653,saint_qmix,3.0341577529907227
6654,saint_qmix,0.7320518493652344
6655,saint_qmix,1.0343074798583984
6656,saint_qmix,2.6443958282470703
6657,saint_qmix,1.6625642776489258
6658,saint_qmix,3.6320571899414062
6659,saint_qmix,2.0124168395996094
6660,saint_qmix,0.8810110092163086
6661,saint_qmix,1.2767524719238281
6662,saint_qmix,0.9005422592163086
6663,saint_qmix,1.3855047225952148
6664,saint_qmix,1.259842872619629
6665,saint_qmix,0.1853351593017578
6666,saint_qmix,1.5207242965698242
6667,saint_qmix,3.1495895385742188
6668,saint_qmix,0.3934898376464844
6669,saint_qmix,2.9525089263916016
6670,saint_qmix,2.315706253051758
6671,saint_qmix,1.8528995513916016
6672,saint_qmix,-0.03946685791015625
6673,saint_qmix,1.935896873474121
6674,saint_qmix,-0.40561580657958984
6675,saint_qmix,-0.8589000701904297
6676,saint_qmix,1.0919933319091797
6677,saint_qmix,-0.26500415802001953
6678,saint_qmix,3.05721378326416
6679,saint_qmix,0.11040687561035156
6680,saint_qmix,4.3734636306762695
6681,saint_qmix,-0.33501338958740234
6682,saint_qmix,0.8456010818481445
6683,saint_qmix,1.9844655990600586
6684,saint_qmix,-1.1878118515014648
6685,saint_qmix,-0.023965835571289062
6686,saint_qmix,0.46558570861816406
6687,saint_qmix,-0.2745523452758789
6688,saint_qmix,0.31696319580078125
6689,saint_qmix,1.858901023864746
6690,saint_qmix,1.8551769256591797
6691,saint_qmix,0.263031005859375
6692,saint_qmix,0.7641687393188477
6693,saint_qmix,1.242741584777832
6694,saint_qmix,0.43772220611572266
6695,saint_qmix,1.0646514892578125
6696,saint_qmix,1.050302505493164
6697,saint_qmix,-0.2867546081542969
6698,saint_qmix,0.7790660858154297
6699,saint_qmix,2.861721992492676
6700,saint_qmix,0.5655145645141602
6701,saint_qmix,0.7578001022338867
6702,saint_qmix,2.666316032409668
6703,saint_qmix,0.2387685775756836
6704,saint_qmix,1.1337766647338867
6705,saint_qmix,1.5411128997802734
6706,saint_qmix,1.3422050476074219
6707,saint_qmix,3.26853084564209
6708,saint_qmix,1.4890985488891602
6709,saint_qmix,2.715409278869629
6710,saint_qmix,1.0835809707641602
6711,saint_qmix,1.8358335494995117
6712,saint_qmix,2.9507980346679688
6713,saint_qmix,0.06686878204345703
6714,saint_qmix,-0.19715118408203125
6715,saint_qmix,1.3719453811645508
6716,saint_qmix,0.6772241592407227
6717,saint_qmix,2.6960792541503906
6718,saint_qmix,1.9336328506469727
6719,saint_qmix,1.7926006317138672
6720,saint_qmix,1.0023517608642578
6721,saint_qmix,0.22377777099609375
6722,saint_qmix,1.5426950454711914
6723,saint_qmix,0.8273477554321289
6724,saint_qmix,3.630235195159912
6725,saint_qmix,0.05701446533203125
6726,saint_qmix,0.8504095077514648
6727,saint_qmix,2.017947196960449
6728,saint_qmix,-0.03962516784667969
6729,saint_qmix,-0.5581026077270508
6730,saint_qmix,1.5809040069580078
6731,saint_qmix,2.0186023712158203
6732,saint_qmix,1.9083271026611328
6733,saint_qmix,1.5880870819091797
6734,saint_qmix,-0.5548553466796875
6735,saint_qmix,3.2962846755981445
6736,saint_qmix,2.5354785919189453
6737,saint_qmix,0.7880353927612305
6738,saint_qmix,0.19277000427246094
6739,saint_qmix,0.9968976974487305
6740,saint_qmix,1.7163658142089844
6741,saint_qmix,5.524594306945801
6742,saint_qmix,0.9168910980224609
6743,saint_qmix,2.532684326171875
6744,saint_qmix,4.139813423156738
6745,saint_qmix,1.3268709182739258
6746,saint_qmix,2.8969173431396484
6747,saint_qmix,4.060606002807617
6748,saint_qmix,-0.4899787902832031
6749,saint_qmix,0.5331954956054688
6750,saint_qmix,3.2625675201416016
6751,saint_qmix,0.4925384521484375
6752,saint_qmix,0.544224739074707
6753,saint_qmix,4.780498504638672
6754,saint_qmix,2.1318225860595703
6755,saint_qmix,0.0987081527709961
6756,saint_qmix,1.5322895050048828
6757,saint_qmix,0.5608463287353516
6758,saint_qmix,1.4744834899902344
6759,saint_qmix,-1.759857177734375
6760,saint_qmix,2.3084402084350586
6761,saint_qmix,1.071268081665039
6762,saint_qmix,1.4726619720458984
6763,saint_qmix,1.6945104598999023
6764,saint_qmix,2.0651674270629883
6765,saint_qmix,1.1397323608398438
6766,saint_qmix,-0.4199533462524414
6767,saint_qmix,6.212677955627441
6768,saint_qmix,0.19471454620361328
6769,saint_qmix,-0.9054365158081055
6770,saint_qmix,0.701655387878418
6771,saint_qmix,1.022263526916504
6772,saint_qmix,1.6761665344238281
6773,saint_qmix,2.1851425170898438
6774,saint_qmix,0.9703254699707031
6775,saint_qmix,1.1310796737670898
6776,saint_qmix,1.8200273513793945
6777,saint_qmix,1.5245285034179688
6778,saint_qmix,3.1628952026367188
6779,saint_qmix,1.723501205444336
6780,saint_qmix,0.49400806427001953
6781,saint_qmix,0.7543754577636719
6782,saint_qmix,0.4383668899536133
6783,saint_qmix,2.177975654602051
6784,saint_qmix,-0.3329286575317383
6785,saint_qmix,-1.0140466690063477
6786,saint_qmix,0.9520359039306641
6787,saint_qmix,-0.8925895690917969
6788,saint_qmix,4.411398887634277
6789,saint_qmix,3.825075149536133
6790,saint_qmix,1.1212434768676758
6791,saint_qmix,2.2756547927856445
6792,saint_qmix,2.5980262756347656
6793,saint_qmix,2.694207191467285
6794,saint_qmix,2.778888702392578
6795,saint_qmix,-1.1794939041137695
6796,saint_qmix,1.7918930053710938
6797,saint_qmix,1.0040740966796875
6798,saint_qmix,1.7849922180175781
6799,saint_qmix,0.9459495544433594
6800,saint_qmix,0.250701904296875
6801,saint_qmix,1.476572036743164
6802,saint_qmix,1.1822643280029297
6803,saint_qmix,1.0263175964355469
6804,saint_qmix,3.421091079711914
6805,saint_qmix,4.173213958740234
6806,saint_qmix,2.8946475982666016
6807,saint_qmix,1.3376226425170898
6808,saint_qmix,-0.00042819976806640625
6809,saint_qmix,1.2621173858642578
6810,saint_qmix,1.2306060791015625
6811,saint_qmix,1.9258975982666016
6812,saint_qmix,2.2075586318969727
6813,saint_qmix,0.11749553680419922
6814,saint_qmix,2.941128730773926
6815,saint_qmix,1.4690275192260742
6816,saint_qmix,0.27335643768310547
6817,saint_qmix,0.8203611373901367
6818,saint_qmix,0.8705720901489258
6819,saint_qmix,1.658411979675293
6820,saint_qmix,1.756195068359375
6821,saint_qmix,0.12018775939941406
6822,saint_qmix,0.5367288589477539
6823,saint_qmix,3.201822280883789
6824,saint_qmix,0.5583534240722656
6825,saint_qmix,2.7760486602783203
6826,saint_qmix,1.1210222244262695
6827,saint_qmix,0.6286783218383789
6828,saint_qmix,2.348011016845703
6829,saint_qmix,1.5984296798706055
6830,saint_qmix,2.904423713684082
6831,saint_qmix,0.25577449798583984
6832,saint_qmix,1.7036409378051758
6833,saint_qmix,0.9730682373046875
6834,saint_qmix,0.2942047119140625
6835,saint_qmix,1.4419364929199219
6836,saint_qmix,0.9276895523071289
6837,saint_qmix,1.4742136001586914
6838,saint_qmix,0.24976348876953125
6839,saint_qmix,0.7893915176391602
6840,saint_qmix,1.2486381530761719
6841,saint_qmix,1.0549402236938477
6842,saint_qmix,0.5421371459960938
6843,saint_qmix,1.227940559387207
6844,saint_qmix,1.4290533065795898
6845,saint_qmix,2.0360212326049805
6846,saint_qmix,-0.20464706420898438
6847,saint_qmix,0.31616973876953125
6848,saint_qmix,0.6519355773925781
6849,saint_qmix,0.4561433792114258
6850,saint_qmix,1.931650161743164
6851,saint_qmix,0.24459552764892578
6852,saint_qmix,0.7684383392333984
6853,saint_qmix,0.8338508605957031
6854,saint_qmix,2.326658248901367
6855,saint_qmix,2.906015396118164
6856,saint_qmix,2.8786869049072266
6857,saint_qmix,1.2560148239135742
6858,saint_qmix,1.2894611358642578
6859,saint_qmix,0.9680967330932617
6860,saint_qmix,1.4906930923461914
6861,saint_qmix,2.177309036254883
6862,saint_qmix,2.623703956604004
6863,saint_qmix,0.24406909942626953
6864,saint_qmix,1.547032356262207
6865,saint_qmix,1.2349519729614258
6866,saint_qmix,3.5814619064331055
6867,saint_qmix,1.5359678268432617
6868,saint_qmix,4.749362945556641
6869,saint_qmix,0.5845060348510742
6870,saint_qmix,0.6798505783081055
6871,saint_qmix,1.4884767532348633
6872,saint_qmix,1.3195991516113281
6873,saint_qmix,3.1316566467285156
6874,saint_qmix,-0.16649913787841797
6875,saint_qmix,1.6214685440063477
6876,saint_qmix,2.1050987243652344
6877,saint_qmix,0.4459505081176758
6878,saint_qmix,-0.21752262115478516
6879,saint_qmix,0.07571887969970703
6880,saint_qmix,0.15689849853515625
6881,saint_qmix,0.8973875045776367
6882,saint_qmix,3.454761505126953
6883,saint_qmix,1.5229568481445312
6884,saint_qmix,0.8258380889892578
6885,saint_qmix,0.13043975830078125
6886,saint_qmix,-0.4291229248046875
6887,saint_qmix,1.6107559204101562
6888,saint_qmix,-0.1066274642944336
6889,saint_qmix,4.324460983276367
6890,saint_qmix,1.178945541381836
6891,saint_qmix,4.999195098876953
6892,saint_qmix,0.9222831726074219
6893,saint_qmix,1.947068214416504
6894,saint_qmix,4.527742385864258
6895,saint_qmix,0.18101978302001953
6896,saint_qmix,1.110992431640625
6897,saint_qmix,2.7616233825683594
6898,saint_qmix,0.40750789642333984
6899,saint_qmix,0.23604106903076172
6900,saint_qmix,0.5288753509521484
6901,saint_qmix,0.7712888717651367
6902,saint_qmix,0.8194046020507812
6903,saint_qmix,1.6374731063842773
6904,saint_qmix,0.2884178161621094
6905,saint_qmix,1.944082260131836
6906,saint_qmix,3.7107133865356445
6907,saint_qmix,0.5418071746826172
6908,saint_qmix,-0.07439804077148438
6909,saint_qmix,1.5782623291015625
6910,saint_qmix,1.7824087142944336
6911,saint_qmix,2.2540225982666016
6912,saint_qmix,5.866581916809082
6913,saint_qmix,4.782846450805664
6914,saint_qmix,2.0297107696533203
6915,saint_qmix,0.07413005828857422
6916,saint_qmix,1.2717323303222656
6917,saint_qmix,-0.6971101760864258
6918,saint_qmix,2.1267290115356445
6919,saint_qmix,1.6202449798583984
6920,saint_qmix,1.1862983703613281
6921,saint_qmix,-0.20684814453125
6922,saint_qmix,1.273122787475586
6923,saint_qmix,2.14742374420166
6924,saint_qmix,-0.1008138656616211
6925,saint_qmix,1.885878562927246
6926,saint_qmix,2.1546154022216797
6927,saint_qmix,0.4588308334350586
6928,saint_qmix,1.310908317565918
6929,saint_qmix,0.7060422897338867
6930,saint_qmix,0.7763814926147461
6931,saint_qmix,0.9772071838378906
6932,saint_qmix,2.176698684692383
6933,saint_qmix,0.8935279846191406
6934,saint_qmix,1.2885503768920898
6935,saint_qmix,2.9634971618652344
6936,saint_qmix,3.4336109161376953
6937,saint_qmix,3.3483924865722656
6938,saint_qmix,2.0232315063476562
6939,saint_qmix,1.0695171356201172
6940,saint_qmix,0.8314971923828125
6941,saint_qmix,0.3426513671875
6942,saint_qmix,0.956263542175293
6943,saint_qmix,2.1603899002075195
6944,saint_qmix,-0.0838479995727539
6945,saint_qmix,1.3208808898925781
6946,saint_qmix,0.6889238357543945
6947,saint_qmix,1.5728998184204102
6948,saint_qmix,1.4579439163208008
6949,saint_qmix,-0.14777660369873047
6950,saint_qmix,2.57399845123291
6951,saint_qmix,1.2946662902832031
6952,saint_qmix,0.4725170135498047
6953,saint_qmix,4.105504035949707
6954,saint_qmix,0.21276283264160156
6955,saint_qmix,2.6846847534179688
6956,saint_qmix,3.595768928527832
6957,saint_qmix,1.4854660034179688
6958,saint_qmix,-1.0296297073364258
6959,saint_qmix,0.24285316467285156
6960,saint_qmix,1.2865667343139648
6961,saint_qmix,1.7577781677246094
6962,saint_qmix,4.59873104095459
6963,saint_qmix,1.411625862121582
6964,saint_qmix,0.4588642120361328
6965,saint_qmix,-0.020340919494628906
6966,saint_qmix,1.3769645690917969
6967,saint_qmix,0.44194698333740234
6968,saint_qmix,0.5714797973632812
6969,saint_qmix,1.8320417404174805
6970,saint_qmix,-0.8671798706054688
6971,saint_qmix,1.236475944519043
6972,saint_qmix,5.499964714050293
6973,saint_qmix,0.1872110366821289
6974,saint_qmix,4.4285993576049805
6975,saint_qmix,1.8236198425292969
6976,saint_qmix,1.595576286315918
6977,saint_qmix,1.922348976135254
6978,saint_qmix,0.9571638107299805
6979,saint_qmix,1.570176124572754
6980,saint_qmix,1.8685474395751953
6981,saint_qmix,1.1527118682861328
6982,saint_qmix,1.239603042602539
6983,saint_qmix,-0.4424896240234375
6984,saint_qmix,-0.4245128631591797
6985,saint_qmix,0.9258594512939453
6986,saint_qmix,0.5003900527954102
6987,saint_qmix,3.4951467514038086
6988,saint_qmix,0.966343879699707
6989,saint_qmix,1.1042585372924805
6990,saint_qmix,1.8389663696289062
6991,saint_qmix,0.8999166488647461
6992,saint_qmix,5.366211891174316
6993,saint_qmix,2.569042205810547
6994,saint_qmix,0.4847078323364258
6995,saint_qmix,0.6784095764160156
6996,saint_qmix,2.2870655059814453
6997,saint_qmix,0.6717348098754883
6998,saint_qmix,-0.6978225708007812
6999,saint_qmix,2.9293289184570312
7000,saint_qmix,0.9359598159790039
7001,saint_qmix,1.166482925415039
7002,saint_qmix,2.4612245559692383
7003,saint_qmix,4.2151641845703125
7004,saint_qmix,2.0619735717773438
7005,saint_qmix,1.9809513092041016
7006,saint_qmix,0.8324165344238281
7007,saint_qmix,1.6575183868408203
7008,saint_qmix,1.2523202896118164
7009,saint_qmix,-0.40804481506347656
7010,saint_qmix,1.4644994735717773
7011,saint_qmix,2.8766231536865234
7012,saint_qmix,2.1824951171875
7013,saint_qmix,2.7376441955566406
7014,saint_qmix,1.6471004486083984
7015,saint_qmix,1.291813850402832
7016,saint_qmix,1.1337242126464844
7017,saint_qmix,1.131230354309082
7018,saint_qmix,2.9312095642089844
7019,saint_qmix,0.013083457946777344
7020,saint_qmix,1.9571208953857422
7021,saint_qmix,0.9300479888916016
7022,saint_qmix,2.8645811080932617
7023,saint_qmix,2.3290624618530273
7024,saint_qmix,2.8672876358032227
7025,saint_qmix,1.2548446655273438
7026,saint_qmix,-0.6426639556884766
7027,saint_qmix,1.8231878280639648
7028,saint_qmix,1.9342012405395508
7029,saint_qmix,1.0820331573486328
7030,saint_qmix,1.5620965957641602
7031,saint_qmix,0.7557754516601562
7032,saint_qmix,3.722651481628418
7033,saint_qmix,3.0468177795410156
7034,saint_qmix,2.9137535095214844
7035,saint_qmix,0.7316408157348633
7036,saint_qmix,1.084670066833496
7037,saint_qmix,2.971564292907715
7038,saint_qmix,1.5283536911010742
7039,saint_qmix,3.2825241088867188
7040,saint_qmix,2.0133914947509766
7041,saint_qmix,0.6497354507446289
7042,saint_qmix,3.343079090118408
7043,saint_qmix,-0.15251731872558594
7044,saint_qmix,-0.19757366180419922
7045,saint_qmix,0.08721351623535156
7046,saint_qmix,1.830702781677246
7047,saint_qmix,3.315885543823242
7048,saint_qmix,3.7468814849853516
7049,saint_qmix,3.7594385147094727
7050,saint_qmix,2.580007553100586
7051,saint_qmix,-0.4094390869140625
7052,saint_qmix,1.9563589096069336
7053,saint_qmix,2.625885009765625
7054,saint_qmix,0.5308847427368164
7055,saint_qmix,1.598724365234375
7056,saint_qmix,4.277416229248047
7057,saint_qmix,-1.4510774612426758
7058,saint_qmix,1.8624210357666016
7059,saint_qmix,-0.13465404510498047
7060,saint_qmix,2.059298515319824
7061,saint_qmix,1.0963993072509766
7062,saint_qmix,1.5245847702026367
7063,saint_qmix,1.5506114959716797
7064,saint_qmix,0.933929443359375
7065,saint_qmix,3.174605369567871
7066,saint_qmix,1.3231420516967773
7067,saint_qmix,1.2769079208374023
7068,saint_qmix,3.2224273681640625
7069,saint_qmix,-0.9170875549316406
7070,saint_qmix,2.771841049194336
7071,saint_qmix,1.0526094436645508
7072,saint_qmix,0.796722412109375
7073,saint_qmix,0.4681673049926758
7074,saint_qmix,0.8761014938354492
7075,saint_qmix,1.3018436431884766
7076,saint_qmix,3.1275835037231445
7077,saint_qmix,0.5893363952636719
7078,saint_qmix,0.6801538467407227
7079,saint_qmix,0.8992891311645508
7080,saint_qmix,0.4288158416748047
7081,saint_qmix,0.5778121948242188
7082,saint_qmix,1.6875743865966797
7083,saint_qmix,1.415964126586914
7084,saint_qmix,0.1616973876953125
7085,saint_qmix,4.448874473571777
7086,saint_qmix,0.6343994140625
7087,saint_qmix,1.7160310745239258
7088,saint_qmix,1.8560590744018555
7089,saint_qmix,0.8800086975097656
7090,saint_qmix,1.6015663146972656
7091,saint_qmix,2.3311243057250977
7092,saint_qmix,1.4957599639892578
7093,saint_qmix,-0.054416656494140625
7094,saint_qmix,0.1590137481689453
7095,saint_qmix,1.2459125518798828
7096,saint_qmix,-0.351806640625
7097,saint_qmix,1.927149772644043
7098,saint_qmix,1.038041114807129
7099,saint_qmix,1.8280391693115234
7100,saint_qmix,0.48418617248535156
7101,saint_qmix,-1.8259611129760742
7102,saint_qmix,2.0977916717529297
7103,saint_qmix,1.3668136596679688
7104,saint_qmix,-0.3100728988647461
7105,saint_qmix,0.04401969909667969
7106,saint_qmix,1.764425277709961
7107,saint_qmix,0.7766618728637695
7108,saint_qmix,2.3700666427612305
7109,saint_qmix,2.7747058868408203
7110,saint_qmix,1.7753610610961914
7111,saint_qmix,0.7647876739501953
7112,saint_qmix,2.46844482421875
7113,saint_qmix,0.3059225082397461
7114,saint_qmix,0.8303604125976562
7115,saint_qmix,2.325444221496582
7116,saint_qmix,2.7606611251831055
7117,saint_qmix,2.6065597534179688
7118,saint_qmix,5.934593200683594
7119,saint_qmix,3.86553955078125
7120,saint_qmix,1.8044910430908203
7121,saint_qmix,1.9057083129882812
7122,saint_qmix,3.557156562805176
7123,saint_qmix,1.8489274978637695
7124,saint_qmix,0.5665073394775391
7125,saint_qmix,-0.03530693054199219
7126,saint_qmix,4.117673873901367
7127,saint_qmix,1.8156375885009766
7128,saint_qmix,1.1908111572265625
7129,saint_qmix,1.9394617080688477
7130,saint_qmix,3.9650211334228516
7131,saint_qmix,0.4230508804321289
7132,saint_qmix,0.966038703918457
7133,saint_qmix,1.3871822357177734
7134,saint_qmix,0.8335933685302734
7135,saint_qmix,2.43337345123291
7136,saint_qmix,1.7133655548095703
7137,saint_qmix,4.162657737731934
7138,saint_qmix,1.2454700469970703
7139,saint_qmix,1.4175539016723633
7140,saint_qmix,5.318577766418457
7141,saint_qmix,0.2737131118774414
7142,saint_qmix,2.083515167236328
7143,saint_qmix,3.090762138366699
7144,saint_qmix,5.2048797607421875
7145,saint_qmix,1.300191879272461
7146,saint_qmix,3.558961868286133
7147,saint_qmix,1.6562366485595703
7148,saint_qmix,1.5211563110351562
7149,saint_qmix,0.9477462768554688
7150,saint_qmix,1.8255605697631836
7151,saint_qmix,-0.9730043411254883
7152,saint_qmix,2.1758956909179688
7153,saint_qmix,0.8970708847045898
7154,saint_qmix,4.9077067375183105
7155,saint_qmix,2.086825370788574
7156,saint_qmix,0.8127784729003906
7157,saint_qmix,1.9412612915039062
7158,saint_qmix,0.49413490295410156
7159,saint_qmix,1.4691410064697266
7160,saint_qmix,1.2135934829711914
7161,saint_qmix,0.21741104125976562
7162,saint_qmix,1.9973726272583008
7163,saint_qmix,-0.28025245666503906
7164,saint_qmix,0.917271614074707
7165,saint_qmix,0.30782222747802734
7166,saint_qmix,1.2974929809570312
7167,saint_qmix,0.2745981216430664
7168,saint_qmix,1.4266276359558105
7169,saint_qmix,0.7113742828369141
7170,saint_qmix,0.13591957092285156
7171,saint_qmix,0.7918605804443359
7172,saint_qmix,1.1174697875976562
7173,saint_qmix,2.229311943054199
7174,saint_qmix,0.3043537139892578
7175,saint_qmix,0.4987068176269531
7176,saint_qmix,2.2523603439331055
7177,saint_qmix,-0.33040523529052734
7178,saint_qmix,-0.046935081481933594
7179,saint_qmix,0.4912710189819336
7180,saint_qmix,0.7565135955810547
7181,saint_qmix,1.6238536834716797
7182,saint_qmix,1.5494165420532227
7183,saint_qmix,3.3450002670288086
7184,saint_qmix,0.6403036117553711
7185,saint_qmix,0.818903923034668
7186,saint_qmix,0.6315698623657227
7187,saint_qmix,1.6010570526123047
7188,saint_qmix,1.1084232330322266
7189,saint_qmix,1.525247573852539
7190,saint_qmix,0.48563671112060547
7191,saint_qmix,-0.1561279296875
7192,saint_qmix,-0.18301963806152344
7193,saint_qmix,-1.6734857559204102
7194,saint_qmix,1.7570981979370117
7195,saint_qmix,4.506165504455566
7196,saint_qmix,2.1256141662597656
7197,saint_qmix,0.17510604858398438
7198,saint_qmix,1.3216838836669922
7199,saint_qmix,1.0012321472167969
7200,saint_qmix,1.5609359741210938
7201,saint_qmix,1.0767393112182617
7202,saint_qmix,0.465240478515625
7203,saint_qmix,2.12117862701416
7204,saint_qmix,1.3503808975219727
7205,saint_qmix,1.1219539642333984
7206,saint_qmix,2.8472776412963867
7207,saint_qmix,0.9703378677368164
7208,saint_qmix,0.8002281188964844
7209,saint_qmix,2.456934928894043
7210,saint_qmix,-1.3812522888183594
7211,saint_qmix,2.1543073654174805
7212,saint_qmix,1.163252830505371
7213,saint_qmix,-1.0185356140136719
7214,saint_qmix,0.5260334014892578
7215,saint_qmix,2.9413318634033203
7216,saint_qmix,0.5410137176513672
7217,saint_qmix,1.7921562194824219
7218,saint_qmix,3.591141700744629
7219,saint_qmix,1.781895637512207
7220,saint_qmix,1.8945903778076172
7221,saint_qmix,1.002568244934082
7222,saint_qmix,1.634873390197754
7223,saint_qmix,0.42650604248046875
7224,saint_qmix,1.383260726928711
7225,saint_qmix,0.8010931015014648
7226,saint_qmix,0.4109640121459961
7227,saint_qmix,0.5198535919189453
7228,saint_qmix,1.071213722229004
7229,saint_qmix,0.8832883834838867
7230,saint_qmix,2.8087987899780273
7231,saint_qmix,1.1901025772094727
7232,saint_qmix,1.6930179595947266
7233,saint_qmix,0.5245599746704102
7234,saint_qmix,1.6837129592895508
7235,saint_qmix,1.8494834899902344
7236,saint_qmix,-0.6302556991577148
7237,saint_qmix,-0.1276102066040039
7238,saint_qmix,0.7339878082275391
7239,saint_qmix,2.4977903366088867
7240,saint_qmix,1.5701818466186523
7241,saint_qmix,0.2975292205810547
7242,saint_qmix,0.0
7243,saint_qmix,2.1573305130004883
7244,saint_qmix,4.82293701171875
7245,saint_qmix,0.19799518585205078
7246,saint_qmix,0.7352161407470703
7247,saint_qmix,-1.8029022216796875
7248,saint_qmix,2.014772415161133
7249,saint_qmix,1.3943004608154297
7250,saint_qmix,-0.5521640777587891
7251,saint_qmix,0.5142087936401367
7252,saint_qmix,0.8466329574584961
7253,saint_qmix,1.3309898376464844
7254,saint_qmix,0.6608695983886719
7255,saint_qmix,2.9267687797546387
7256,saint_qmix,2.107107162475586
7257,saint_qmix,1.4829540252685547
7258,saint_qmix,0.681365966796875
7259,saint_qmix,0.05800056457519531
7260,saint_qmix,4.027711868286133
7261,saint_qmix,1.5237102508544922
7262,saint_qmix,0.5144071578979492
7263,saint_qmix,1.2920122146606445
7264,saint_qmix,1.2612953186035156
7265,saint_qmix,1.0947961807250977
7266,saint_qmix,2.1410560607910156
7267,saint_qmix,0.14772891998291016
7268,saint_qmix,1.0802726745605469
7269,saint_qmix,0.2731056213378906
7270,saint_qmix,2.358147621154785
7271,saint_qmix,0.7731609344482422
7272,saint_qmix,-1.4717035293579102
7273,saint_qmix,4.1422119140625
7274,saint_qmix,-0.4891805648803711
7275,saint_qmix,2.0419979095458984
7276,saint_qmix,0.7991228103637695
7277,saint_qmix,1.8056402206420898
7278,saint_qmix,2.9849510192871094
7279,saint_qmix,1.9152288436889648
7280,saint_qmix,0.19309139251708984
7281,saint_qmix,0.662907600402832
7282,saint_qmix,5.912112236022949
7283,saint_qmix,0.6342926025390625
7284,saint_qmix,3.9539413452148438
7285,saint_qmix,0.5602216720581055
7286,saint_qmix,0.0
7287,saint_qmix,1.5680694580078125
7288,saint_qmix,-1.5153131484985352
7289,saint_qmix,1.4582796096801758
7290,saint_qmix,2.4455814361572266
7291,saint_qmix,2.438570022583008
7292,saint_qmix,3.9719038009643555
7293,saint_qmix,0.3916149139404297
7294,saint_qmix,0.36464977264404297
7295,saint_qmix,0.47287654876708984
7296,saint_qmix,1.138901710510254
7297,saint_qmix,1.544571876525879
7298,saint_qmix,0.842041015625
7299,saint_qmix,1.9722023010253906
7300,saint_qmix,0.3726224899291992
7301,saint_qmix,1.5492067337036133
7302,saint_qmix,1.345292091369629
7303,saint_qmix,3.518705368041992
7304,saint_qmix,0.4633369445800781
7305,saint_qmix,2.106753349304199
7306,saint_qmix,-0.7920398712158203
7307,saint_qmix,0.5976476669311523
7308,saint_qmix,0.9115571975708008
7309,saint_qmix,1.0450124740600586
7310,saint_qmix,0.5264225006103516
7311,saint_qmix,2.2131853103637695
7312,saint_qmix,1.5779743194580078
7313,saint_qmix,1.4791717529296875
7314,saint_qmix,1.4913711547851562
7315,saint_qmix,1.698655128479004
7316,saint_qmix,2.851106643676758
7317,saint_qmix,0.6479969024658203
7318,saint_qmix,1.863856315612793
7319,saint_qmix,1.8591737747192383
7320,saint_qmix,2.4667110443115234
7321,saint_qmix,4.552001953125
7322,saint_qmix,3.880152702331543
7323,saint_qmix,1.6303415298461914
7324,saint_qmix,1.274892807006836
7325,saint_qmix,3.6932334899902344
7326,saint_qmix,1.1392154693603516
7327,saint_qmix,-1.0113649368286133
7328,saint_qmix,0.5309362411499023
7329,saint_qmix,1.0335760116577148
7330,saint_qmix,1.170414924621582
7331,saint_qmix,0.5562772750854492
7332,saint_qmix,1.5875091552734375
7333,saint_qmix,-0.5290746688842773
7334,saint_qmix,1.6261873245239258
7335,saint_qmix,1.7692832946777344
7336,saint_qmix,0.4072151184082031
7337,saint_qmix,0.4326038360595703
7338,saint_qmix,0.31487369537353516
7339,saint_qmix,1.3455982208251953
7340,saint_qmix,-0.4789314270019531
7341,saint_qmix,2.238740921020508
7342,saint_qmix,1.489400863647461
7343,saint_qmix,0.2730836868286133
7344,saint_qmix,5.986630439758301
7345,saint_qmix,-0.5010652542114258
7346,saint_qmix,-0.5697031021118164
7347,saint_qmix,-1.750946044921875
7348,saint_qmix,1.749354362487793
7349,saint_qmix,1.4200248718261719
7350,saint_qmix,2.187986373901367
7351,saint_qmix,0.0815277099609375
7352,saint_qmix,0.6823358535766602
7353,saint_qmix,4.1527910232543945
7354,saint_qmix,0.6008338928222656
7355,saint_qmix,2.6862096786499023
7356,saint_qmix,1.184554100036621
7357,saint_qmix,2.677515983581543
7358,saint_qmix,-0.24614334106445312
7359,saint_qmix,1.7617721557617188
7360,saint_qmix,2.302125930786133
7361,saint_qmix,3.276055335998535
7362,saint_qmix,-0.16608333587646484
7363,saint_qmix,2.2663183212280273
7364,saint_qmix,1.0947294235229492
7365,saint_qmix,-0.9543066024780273
7366,saint_qmix,0.741673469543457
7367,saint_qmix,1.1877737045288086
7368,saint_qmix,4.301393985748291
7369,saint_qmix,-0.4580860137939453
7370,saint_qmix,3.738740921020508
7371,saint_qmix,1.5710697174072266
7372,saint_qmix,1.6082229614257812
7373,saint_qmix,4.627734184265137
7374,saint_qmix,0.037436485290527344
7375,saint_qmix,3.2151308059692383
7376,saint_qmix,0.3247041702270508
7377,saint_qmix,0.9464206695556641
7378,saint_qmix,0.7236099243164062
7379,saint_qmix,1.0270214080810547
7380,saint_qmix,6.217540740966797
7381,saint_qmix,1.4400081634521484
7382,saint_qmix,1.4217166900634766
7383,saint_qmix,1.4833126068115234
7384,saint_qmix,5.007533073425293
7385,saint_qmix,3.668712615966797
7386,saint_qmix,0.82879638671875
7387,saint_qmix,0.10491943359375
7388,saint_qmix,1.5224895477294922
7389,saint_qmix,3.7608842849731445
7390,saint_qmix,0.37197399139404297
7391,saint_qmix,1.6920576095581055
7392,saint_qmix,-1.2158536911010742
7393,saint_qmix,1.9021930694580078
7394,saint_qmix,3.4237937927246094
7395,saint_qmix,0.11096858978271484
7396,saint_qmix,0.2055063247680664
7397,saint_qmix,1.2264976501464844
7398,saint_qmix,0.7833232879638672
7399,saint_qmix,1.787245750427246
7400,saint_qmix,0.8699913024902344
7401,saint_qmix,-1.3385324478149414
7402,saint_qmix,0.2835407257080078
7403,saint_qmix,1.116617202758789
7404,saint_qmix,1.7521076202392578
7405,saint_qmix,-0.7509031295776367
7406,saint_qmix,2.0086402893066406
7407,saint_qmix,3.4091110229492188
7408,saint_qmix,0.9116630554199219
7409,saint_qmix,2.864229202270508
7410,saint_qmix,1.7639579772949219
7411,saint_qmix,4.134950637817383
7412,saint_qmix,6.552404403686523
7413,saint_qmix,1.2442474365234375
7414,saint_qmix,-0.782252311706543
7415,saint_qmix,0.49539756774902344
7416,saint_qmix,-0.6536483764648438
7417,saint_qmix,2.0030174255371094
7418,saint_qmix,3.959665298461914
7419,saint_qmix,4.01310920715332
7420,saint_qmix,1.2270212173461914
7421,saint_qmix,1.9771919250488281
7422,saint_qmix,-1.8553247451782227
7423,saint_qmix,0.1423482894897461
7424,saint_qmix,2.4701709747314453
7425,saint_qmix,2.6918954849243164
7426,saint_qmix,0.46004295349121094
7427,saint_qmix,1.7626953125
7428,saint_qmix,3.8877077102661133
7429,saint_qmix,-0.3228034973144531
7430,saint_qmix,0.45760536193847656
7431,saint_qmix,0.9333038330078125
7432,saint_qmix,1.5728940963745117
7433,saint_qmix,2.5210494995117188
7434,saint_qmix,2.688138008117676
7435,saint_qmix,1.6994743347167969
7436,saint_qmix,-2.168421745300293
7437,saint_qmix,-1.7200307846069336
7438,saint_qmix,0.366426944732666
7439,saint_qmix,0.7276878356933594
7440,saint_qmix,-0.7840194702148438
7441,saint_qmix,-0.6854038238525391
7442,saint_qmix,1.1588020324707031
7443,saint_qmix,1.259511947631836
7444,saint_qmix,-2.2326974868774414
7445,saint_qmix,0.7372312545776367
7446,saint_qmix,1.9656009674072266
7447,saint_qmix,0.9396018981933594
7448,saint_qmix,0.1465911865234375
7449,saint_qmix,0.5113353729248047
7450,saint_qmix,1.9072189331054688
7451,saint_qmix,1.4828577041625977
7452,saint_qmix,0.1632089614868164
7453,saint_qmix,2.7378101348876953
7454,saint_qmix,-0.9334201812744141
7455,saint_qmix,4.410213470458984
7456,saint_qmix,0.09699535369873047
7457,saint_qmix,3.2875728607177734
7458,saint_qmix,1.8557891845703125
7459,saint_qmix,0.4246549606323242
7460,saint_qmix,2.143861770629883
7461,saint_qmix,2.9750289916992188
7462,saint_qmix,4.2920122146606445
7463,saint_qmix,3.7077436447143555
7464,saint_qmix,0.7435884475708008
7465,saint_qmix,-0.49640560150146484
7466,saint_qmix,0.131317138671875
7467,saint_qmix,2.2895212173461914
7468,saint_qmix,1.1984977722167969
7469,saint_qmix,4.7316741943359375
7470,saint_qmix,3.4988088607788086
7471,saint_qmix,-0.5278749465942383
7472,saint_qmix,2.954713821411133
7473,saint_qmix,3.028122901916504
7474,saint_qmix,4.081050395965576
7475,saint_qmix,0.3353767395019531
7476,saint_qmix,-0.7223186492919922
7477,saint_qmix,1.8274211883544922
7478,saint_qmix,0.8493614196777344
7479,saint_qmix,0.47097206115722656
7480,saint_qmix,2.3596439361572266
7481,saint_qmix,1.554513931274414
7482,saint_qmix,2.2728424072265625
7483,saint_qmix,1.7785100936889648
7484,saint_qmix,-0.07001590728759766
7485,saint_qmix,1.7886362075805664
7486,saint_qmix,1.539158821105957
7487,saint_qmix,1.071354866027832
7488,saint_qmix,1.3909034729003906
7489,saint_qmix,0.3413534164428711
7490,saint_qmix,0.4978761672973633
7491,saint_qmix,2.126959800720215
7492,saint_qmix,1.2501888275146484
7493,saint_qmix,0.21184349060058594
7494,saint_qmix,2.680126190185547
7495,saint_qmix,2.2548866271972656
7496,saint_qmix,1.8685503005981445
7497,saint_qmix,0.23520565032958984
7498,saint_qmix,1.821528434753418
7499,saint_qmix,1.0733871459960938
7500,saint_qmix,-0.027799606323242188
7501,saint_qmix,2.5631256103515625
7502,saint_qmix,1.915933609008789
7503,saint_qmix,0.987370491027832
7504,saint_qmix,3.4229793548583984
7505,saint_qmix,2.2903575897216797
7506,saint_qmix,4.029533386230469
7507,saint_qmix,0.8597478866577148
7508,saint_qmix,0.639185905456543
7509,saint_qmix,0.03156280517578125
7510,saint_qmix,3.6513261795043945
7511,saint_qmix,2.5341014862060547
7512,saint_qmix,1.456758975982666
7513,saint_qmix,4.72993278503418
7514,saint_qmix,4.334228992462158
7515,saint_qmix,1.5614128112792969
7516,saint_qmix,1.7233314514160156
7517,saint_qmix,0.8519058227539062
7518,saint_qmix,5.721479415893555
7519,saint_qmix,0.3793039321899414
7520,saint_qmix,3.198699951171875
7521,saint_qmix,2.836009979248047
7522,saint_qmix,0.2315053939819336
7523,saint_qmix,0.5209856033325195
7524,saint_qmix,-0.2009754180908203
7525,saint_qmix,1.4020919799804688
7526,saint_qmix,-1.8388195037841797
7527,saint_qmix,2.169013023376465
7528,saint_qmix,1.3248186111450195
7529,saint_qmix,4.441854476928711
7530,saint_qmix,1.9747724533081055
7531,saint_qmix,1.2124567031860352
7532,saint_qmix,1.6348209381103516
7533,saint_qmix,1.559891700744629
7534,saint_qmix,1.3327360153198242
7535,saint_qmix,0.4412574768066406
7536,saint_qmix,1.6981630325317383
7537,saint_qmix,2.159412384033203
7538,saint_qmix,1.7676010131835938
7539,saint_qmix,1.7544126510620117
7540,saint_qmix,0.7037324905395508
7541,saint_qmix,2.7476024627685547
7542,saint_qmix,1.0567865371704102
7543,saint_qmix,0.19599342346191406
7544,saint_qmix,1.6704339981079102
7545,saint_qmix,1.0203075408935547
7546,saint_qmix,-0.7396087646484375
7547,saint_qmix,0.34660911560058594
7548,saint_qmix,0.27396392822265625
7549,saint_qmix,0.8257484436035156
7550,saint_qmix,0.9414138793945312
7551,saint_qmix,2.9209537506103516
7552,saint_qmix,3.7947998046875
7553,saint_qmix,0.7526121139526367
7554,saint_qmix,0.8505887985229492
7555,saint_qmix,1.0998468399047852
7556,saint_qmix,6.385867118835449
7557,saint_qmix,0.6481170654296875
7558,saint_qmix,0.9534645080566406
7559,saint_qmix,-0.5408544540405273
7560,saint_qmix,1.9101781845092773
7561,saint_qmix,-0.16216468811035156
7562,saint_qmix,0.6163921356201172
7563,saint_qmix,0.26407432556152344
7564,saint_qmix,0.3447704315185547
7565,saint_qmix,-1.1853103637695312
7566,saint_qmix,0.07767391204833984
7567,saint_qmix,3.2494993209838867
7568,saint_qmix,-1.6867504119873047
7569,saint_qmix,4.320188999176025
7570,saint_qmix,2.519892692565918
7571,saint_qmix,3.7143688201904297
7572,saint_qmix,2.006582260131836
7573,saint_qmix,0.768183708190918
7574,saint_qmix,1.6527156829833984
7575,saint_qmix,3.1189403533935547
7576,saint_qmix,2.5423498153686523
7577,saint_qmix,0.6879911422729492
7578,saint_qmix,0.8069820404052734
7579,saint_qmix,3.4376325607299805
7580,saint_qmix,-0.07250785827636719
7581,saint_qmix,4.393402099609375
7582,saint_qmix,1.280898094177246
7583,saint_qmix,0.8906764984130859
7584,saint_qmix,0.8606033325195312
7585,saint_qmix,1.4613161087036133
7586,saint_qmix,0.27874183654785156
7587,saint_qmix,-0.5069761276245117
7588,saint_qmix,1.0996932983398438
7589,saint_qmix,5.133028984069824
7590,saint_qmix,-1.5132484436035156
7591,saint_qmix,1.2407541275024414
7592,saint_qmix,6.179648399353027
7593,saint_qmix,1.5478153228759766
7594,saint_qmix,1.604013442993164
7595,saint_qmix,2.111135482788086
7596,saint_qmix,4.768802642822266
7597,saint_qmix,0.9603366851806641
7598,saint_qmix,1.6730690002441406
7599,saint_qmix,2.019376754760742
7600,saint_qmix,1.2865934371948242
7601,saint_qmix,1.6765336990356445
7602,saint_qmix,2.717123031616211
7603,saint_qmix,-0.18980693817138672
7604,saint_qmix,0.27265501022338867
7605,saint_qmix,0.2197275161743164
7606,saint_qmix,2.7845115661621094
7607,saint_qmix,1.000986099243164
7608,saint_qmix,2.2362842559814453
7609,saint_qmix,1.6912555694580078
7610,saint_qmix,1.6127376556396484
7611,saint_qmix,3.6334457397460938
7612,saint_qmix,2.5413379669189453
7613,saint_qmix,1.0038843154907227
7614,saint_qmix,1.6716032028198242
7615,saint_qmix,1.402806282043457
7616,saint_qmix,5.405241012573242
7617,saint_qmix,1.223001480102539
7618,saint_qmix,2.188051223754883
7619,saint_qmix,0.7719841003417969
7620,saint_qmix,1.4788799285888672
7621,saint_qmix,3.7014389038085938
7622,saint_qmix,-0.36820507049560547
7623,saint_qmix,0.8106117248535156
7624,saint_qmix,1.2682933807373047
7625,saint_qmix,0.8876123428344727
7626,saint_qmix,0.10117387771606445
7627,saint_qmix,6.631900787353516
7628,saint_qmix,1.6022729873657227
7629,saint_qmix,0.8695240020751953
7630,saint_qmix,2.4848031997680664
7631,saint_qmix,3.9463539123535156
7632,saint_qmix,0.3138103485107422
7633,saint_qmix,0.8392648696899414
7634,saint_qmix,0.9878273010253906
7635,saint_qmix,0.7789630889892578
7636,saint_qmix,0.06966590881347656
7637,saint_qmix,-1.0823726654052734
7638,saint_qmix,0.32654380798339844
7639,saint_qmix,0.5849533081054688
7640,saint_qmix,7.300909042358398
7641,saint_qmix,2.9670562744140625
7642,saint_qmix,0.5507907867431641
7643,saint_qmix,2.1647605895996094
7644,saint_qmix,1.6890525817871094
7645,saint_qmix,0.8756160736083984
7646,saint_qmix,0.8343963623046875
7647,saint_qmix,2.2676053047180176
7648,saint_qmix,1.873438835144043
7649,saint_qmix,2.7674503326416016
7650,saint_qmix,1.3467731475830078
7651,saint_qmix,0.5017604827880859
7652,saint_qmix,0.7440214157104492
7653,saint_qmix,3.489569664001465
7654,saint_qmix,1.0689163208007812
7655,saint_qmix,1.6481266021728516
7656,saint_qmix,2.6181507110595703
7657,saint_qmix,1.6789636611938477
7658,saint_qmix,4.184419631958008
7659,saint_qmix,0.1684722900390625
7660,saint_qmix,1.5270423889160156
7661,saint_qmix,4.499990463256836
7662,saint_qmix,1.7869577407836914
7663,saint_qmix,1.0856666564941406
7664,saint_qmix,1.0629444122314453
7665,saint_qmix,0.10187244415283203
7666,saint_qmix,0.8428230285644531
7667,saint_qmix,1.0015649795532227
7668,saint_qmix,1.5340909957885742
7669,saint_qmix,0.12273979187011719
7670,saint_qmix,0.7109766006469727
7671,saint_qmix,0.4768714904785156
7672,saint_qmix,2.2634057998657227
7673,saint_qmix,1.1342887878417969
7674,saint_qmix,1.1679143905639648
7675,saint_qmix,1.7117929458618164
7676,saint_qmix,3.125072479248047
7677,saint_qmix,1.1270942687988281
7678,saint_qmix,3.6000795364379883
7679,saint_qmix,3.0253257751464844
7680,saint_qmix,1.6329689025878906
7681,saint_qmix,2.6787843704223633
7682,saint_qmix,-0.12259101867675781
7683,saint_qmix,6.363613128662109
7684,saint_qmix,3.084719657897949
7685,saint_qmix,0.2506284713745117
7686,saint_qmix,1.905247688293457
7687,saint_qmix,1.689305305480957
7688,saint_qmix,1.490891456604004
7689,saint_qmix,1.6603202819824219
7690,saint_qmix,1.4971466064453125
7691,saint_qmix,0.3348398208618164
7692,saint_qmix,1.8130712509155273
7693,saint_qmix,1.3630475997924805
7694,saint_qmix,1.197556495666504
7695,saint_qmix,1.4166250228881836
7696,saint_qmix,0.3778667449951172
7697,saint_qmix,0.07674217224121094
7698,saint_qmix,0.8643646240234375
7699,saint_qmix,4.588935852050781
7700,saint_qmix,1.6114921569824219
7701,saint_qmix,1.5630292892456055
7702,saint_qmix,1.4628238677978516
7703,saint_qmix,-1.0934162139892578
7704,saint_qmix,3.5138936042785645
7705,saint_qmix,4.998494625091553
7706,saint_qmix,2.6576528549194336
7707,saint_qmix,1.5071077346801758
7708,saint_qmix,1.2778472900390625
7709,saint_qmix,1.993612289428711
7710,saint_qmix,1.6265029907226562
7711,saint_qmix,2.019558906555176
7712,saint_qmix,-0.2340555191040039
7713,saint_qmix,4.973949432373047
7714,saint_qmix,1.3298587799072266
7715,saint_qmix,0.9525880813598633
7716,saint_qmix,1.0308113098144531
7717,saint_qmix,1.9030418395996094
7718,saint_qmix,0.25206470489501953
7719,saint_qmix,0.6918735504150391
7720,saint_qmix,2.5580968856811523
7721,saint_qmix,2.2256832122802734
7722,saint_qmix,1.5315799713134766
7723,saint_qmix,1.1144990921020508
7724,saint_qmix,-0.17321109771728516
7725,saint_qmix,1.5832757949829102
7726,saint_qmix,0.697265625
7727,saint_qmix,2.7756824493408203
7728,saint_qmix,3.0548477172851562
7729,saint_qmix,1.0669403076171875
7730,saint_qmix,0.895482063293457
7731,saint_qmix,0.4797849655151367
7732,saint_qmix,0.96875
7733,saint_qmix,0.6524372100830078
7734,saint_qmix,1.1588077545166016
7735,saint_qmix,-0.17513084411621094
7736,saint_qmix,1.8604230880737305
7737,saint_qmix,1.0963973999023438
7738,saint_qmix,0.849390983581543
7739,saint_qmix,2.7752017974853516
7740,saint_qmix,1.314072608947754
7741,saint_qmix,-0.01535797119140625
7742,saint_qmix,4.629029273986816
7743,saint_qmix,1.752293586730957
7744,saint_qmix,0.8344745635986328
7745,saint_qmix,1.7858428955078125
7746,saint_qmix,1.008833885192871
7747,saint_qmix,1.9889297485351562
7748,saint_qmix,2.243472099304199
7749,saint_qmix,0.26519012451171875
7750,saint_qmix,0.7812376022338867
7751,saint_qmix,0.03576183319091797
7752,saint_qmix,1.366140365600586
7753,saint_qmix,-0.3458089828491211
7754,saint_qmix,0.256134033203125
7755,saint_qmix,7.583785057067871
7756,saint_qmix,1.5229997634887695
7757,saint_qmix,3.9524459838867188
7758,saint_qmix,3.308169364929199
7759,saint_qmix,1.1672163009643555
7760,saint_qmix,1.5869483947753906
7761,saint_qmix,3.404343605041504
7762,saint_qmix,1.6364336013793945
7763,saint_qmix,2.025357246398926
7764,saint_qmix,0.17752647399902344
7765,saint_qmix,0.4642000198364258
7766,saint_qmix,1.9733037948608398
7767,saint_qmix,-0.09569263458251953
7768,saint_qmix,0.6768169403076172
7769,saint_qmix,0.0
7770,saint_qmix,4.5130462646484375
7771,saint_qmix,2.5821609497070312
7772,saint_qmix,1.8814830780029297
7773,saint_qmix,1.9584503173828125
7774,saint_qmix,1.5550041198730469
7775,saint_qmix,2.0774126052856445
7776,saint_qmix,0.94976806640625
7777,saint_qmix,0.9221220016479492
7778,saint_qmix,1.3075809478759766
7779,saint_qmix,4.465654373168945
7780,saint_qmix,0.3078193664550781
7781,saint_qmix,0.20473194122314453
7782,saint_qmix,1.5035734176635742
7783,saint_qmix,5.576167106628418
7784,saint_qmix,3.7080764770507812
7785,saint_qmix,3.3175716400146484
7786,saint_qmix,-0.41571617126464844
7787,saint_qmix,0.39275169372558594
7788,saint_qmix,5.325572967529297
7789,saint_qmix,0.4451894760131836
7790,saint_qmix,4.727594375610352
7791,saint_qmix,0.0055217742919921875
7792,saint_qmix,-0.40303897857666016
7793,saint_qmix,1.6739978790283203
7794,saint_qmix,1.8319149017333984
7795,saint_qmix,0.2809734344482422
7796,saint_qmix,2.329254150390625
7797,saint_qmix,4.685486793518066
7798,saint_qmix,1.5208454132080078
7799,saint_qmix,1.7558069229125977
7800,saint_qmix,-0.5788373947143555
7801,saint_qmix,1.8718328475952148
7802,saint_qmix,3.8110570907592773
7803,saint_qmix,3.1282644271850586
7804,saint_qmix,1.633749008178711
7805,saint_qmix,2.464327812194824
7806,saint_qmix,0.08187675476074219
7807,saint_qmix,4.509213924407959
7808,saint_qmix,-0.09590339660644531
7809,saint_qmix,0.9374618530273438
7810,saint_qmix,1.1640558242797852
7811,saint_qmix,1.5013694763183594
7812,saint_qmix,0.3337669372558594
7813,saint_qmix,-0.10686874389648438
7814,saint_qmix,0.6377925872802734
7815,saint_qmix,1.6871824264526367
7816,saint_qmix,2.234278678894043
7817,saint_qmix,0.9309520721435547
7818,saint_qmix,1.0821809768676758
7819,saint_qmix,1.5468673706054688
7820,saint_qmix,2.064237594604492
7821,saint_qmix,0.9058866500854492
7822,saint_qmix,1.0216569900512695
7823,saint_qmix,3.167902946472168
7824,saint_qmix,3.9332895278930664
7825,saint_qmix,1.523575782775879
7826,saint_qmix,1.9202966690063477
7827,saint_qmix,3.8823423385620117
7828,saint_qmix,3.225302219390869
7829,saint_qmix,1.2710456848144531
7830,saint_qmix,-0.2695484161376953
7831,saint_qmix,0.1609640121459961
7832,saint_qmix,-1.5053224563598633
7833,saint_qmix,4.005622863769531
7834,saint_qmix,1.3689203262329102
7835,saint_qmix,2.6206893920898438
7836,saint_qmix,1.5117321014404297
7837,saint_qmix,3.688190460205078
7838,saint_qmix,3.453737258911133
7839,saint_qmix,1.6584587097167969
7840,saint_qmix,-0.9497442245483398
7841,saint_qmix,4.9053955078125
7842,saint_qmix,0.503870964050293
7843,saint_qmix,1.1540203094482422
7844,saint_qmix,-0.44704437255859375
7845,saint_qmix,0.6771621704101562
7846,saint_qmix,1.3192920684814453
7847,saint_qmix,1.4300117492675781
7848,saint_qmix,2.137603759765625
7849,saint_qmix,5.733975410461426
7850,saint_qmix,0.9667234420776367
7851,saint_qmix,2.45389461517334
7852,saint_qmix,2.483570098876953
7853,saint_qmix,0.7502021789550781
7854,saint_qmix,3.9178504943847656
7855,saint_qmix,1.380711555480957
7856,saint_qmix,1.4784479141235352
7857,saint_qmix,0.8147268295288086
7858,saint_qmix,2.8817873001098633
7859,saint_qmix,1.9672603607177734
7860,saint_qmix,-0.3113727569580078
7861,saint_qmix,-0.3096036911010742
7862,saint_qmix,2.5131940841674805
7863,saint_qmix,0.5320901870727539
7864,saint_qmix,1.6365814208984375
7865,saint_qmix,0.12743854522705078
7866,saint_qmix,0.7830114364624023
7867,saint_qmix,0.1489238739013672
7868,saint_qmix,-0.6189985275268555
7869,saint_qmix,4.963029861450195
7870,saint_qmix,1.5960502624511719
7871,saint_qmix,3.187649726867676
7872,saint_qmix,3.46298885345459
7873,saint_qmix,-0.06786155700683594
7874,saint_qmix,0.16606426239013672
7875,saint_qmix,1.3607244491577148
7876,saint_qmix,1.6828107833862305
7877,saint_qmix,-0.16658306121826172
7878,saint_qmix,1.1625118255615234
7879,saint_qmix,4.502549171447754
7880,saint_qmix,1.3769035339355469
7881,saint_qmix,1.2611503601074219
7882,saint_qmix,1.1509218215942383
7883,saint_qmix,-0.12494564056396484
7884,saint_qmix,2.7074031829833984
7885,saint_qmix,0.5044393539428711
7886,saint_qmix,0.6494760513305664
7887,saint_qmix,-0.7862091064453125
7888,saint_qmix,0.8269109725952148
7889,saint_qmix,0.8348703384399414
7890,saint_qmix,1.097909927368164
7891,saint_qmix,2.4481992721557617
7892,saint_qmix,1.5831489562988281
7893,saint_qmix,-0.0061283111572265625
7894,saint_qmix,2.494138717651367
7895,saint_qmix,1.8358993530273438
7896,saint_qmix,0.878422737121582
7897,saint_qmix,2.9575414657592773
7898,saint_qmix,4.729188919067383
7899,saint_qmix,0.40084266662597656
7900,saint_qmix,-0.40320873260498047
7901,saint_qmix,1.0407638549804688
7902,saint_qmix,1.4513273239135742
7903,saint_qmix,0.43378257751464844
7904,saint_qmix,2.9998531341552734
7905,saint_qmix,1.7813100814819336
7906,saint_qmix,0.8675642013549805
7907,saint_qmix,0.23427963256835938
7908,saint_qmix,2.3947410583496094
7909,saint_qmix,0.9129209518432617
7910,saint_qmix,1.2857084274291992
7911,saint_qmix,2.128026008605957
7912,saint_qmix,1.9126825332641602
7913,saint_qmix,4.402307510375977
7914,saint_qmix,1.4990129470825195
7915,saint_qmix,3.584798812866211
7916,saint_qmix,-0.1382617950439453
7917,saint_qmix,-0.05323600769042969
7918,saint_qmix,2.5135726928710938
7919,saint_qmix,5.620006561279297
7920,saint_qmix,0.7251701354980469
7921,saint_qmix,1.3628339767456055
7922,saint_qmix,0.7705450057983398
7923,saint_qmix,1.7653264999389648
7924,saint_qmix,2.3323450088500977
7925,saint_qmix,2.8264236450195312
7926,saint_qmix,0.6469478607177734
7927,saint_qmix,1.2541961669921875
7928,saint_qmix,1.3444805145263672
7929,saint_qmix,0.6867227554321289
7930,saint_qmix,-0.3306560516357422
7931,saint_qmix,1.1939992904663086
7932,saint_qmix,1.832036018371582
7933,saint_qmix,2.446791648864746
7934,saint_qmix,1.2368049621582031
7935,saint_qmix,3.4090662002563477
7936,saint_qmix,0.9514579772949219
7937,saint_qmix,0.23521995544433594
7938,saint_qmix,1.4715185165405273
7939,saint_qmix,2.065380096435547
7940,saint_qmix,3.348435401916504
7941,saint_qmix,2.2269058227539062
7942,saint_qmix,1.640172004699707
7943,saint_qmix,-0.36932945251464844
7944,saint_qmix,0.9956855773925781
7945,saint_qmix,0.9496126174926758
7946,saint_qmix,2.896305561065674
7947,saint_qmix,1.8590612411499023
7948,saint_qmix,1.4208612442016602
7949,saint_qmix,2.6037673950195312
7950,saint_qmix,3.9194698333740234
7951,saint_qmix,1.3418502807617188
7952,saint_qmix,1.039011001586914
7953,saint_qmix,2.2974395751953125
7954,saint_qmix,3.786336898803711
7955,saint_qmix,4.8466596603393555
7956,saint_qmix,1.1681938171386719
7957,saint_qmix,1.1832876205444336
7958,saint_qmix,-0.7056293487548828
7959,saint_qmix,4.147976875305176
7960,saint_qmix,0.4827890396118164
7961,saint_qmix,2.677103042602539
7962,saint_qmix,0.7027244567871094
7963,saint_qmix,1.5124931335449219
7964,saint_qmix,1.5970191955566406
7965,saint_qmix,0.681035041809082
7966,saint_qmix,1.4232807159423828
7967,saint_qmix,0.696558952331543
7968,saint_qmix,-1.6877212524414062
7969,saint_qmix,2.9704275131225586
7970,saint_qmix,1.4110040664672852
7971,saint_qmix,4.765048980712891
7972,saint_qmix,0.14335250854492188
7973,saint_qmix,-0.748234748840332
7974,saint_qmix,2.9751548767089844
7975,saint_qmix,1.5340986251831055
7976,saint_qmix,1.9326057434082031
7977,saint_qmix,0.7648916244506836
7978,saint_qmix,0.45168590545654297
7979,saint_qmix,0.014818191528320312
7980,saint_qmix,2.3879613876342773
7981,saint_qmix,1.1302967071533203
7982,saint_qmix,1.2852420806884766
7983,saint_qmix,0.5635814666748047
7984,saint_qmix,1.5122127532958984
7985,saint_qmix,0.4868173599243164
7986,saint_qmix,1.0530710220336914
7987,saint_qmix,1.8406562805175781
7988,saint_qmix,1.6371784210205078
7989,saint_qmix,0.8325366973876953
7990,saint_qmix,2.9991989135742188
7991,saint_qmix,0.9585790634155273
7992,saint_qmix,1.235757827758789
7993,saint_qmix,1.9060564041137695
7994,saint_qmix,1.5139408111572266
7995,saint_qmix,1.8479242324829102
7996,saint_qmix,4.087404251098633
7997,saint_qmix,0.8986568450927734
7998,saint_qmix,1.104323387145996
7999,saint_qmix,1.8976554870605469
8000,saint_qmix,0.26080322265625
8001,saint_qmix,2.344207763671875
8002,saint_qmix,0.28332996368408203
8003,saint_qmix,2.288435935974121
8004,saint_qmix,1.79754638671875
8005,saint_qmix,1.3021879196166992
8006,saint_qmix,1.1955938339233398
8007,saint_qmix,1.640554428100586
8008,saint_qmix,0.25065040588378906
8009,saint_qmix,-1.6000699996948242
8010,saint_qmix,0.4230480194091797
8011,saint_qmix,0.23377227783203125
8012,saint_qmix,0.6125574111938477
8013,saint_qmix,3.6501951217651367
8014,saint_qmix,0.3787250518798828
8015,saint_qmix,1.4198331832885742
8016,saint_qmix,0.972437858581543
8017,saint_qmix,4.875334739685059
8018,saint_qmix,2.0752525329589844
8019,saint_qmix,1.3679513931274414
8020,saint_qmix,1.8498353958129883
8021,saint_qmix,0.03263664245605469
8022,saint_qmix,1.8271293640136719
8023,saint_qmix,0.8196201324462891
8024,saint_qmix,-0.01062774658203125
8025,saint_qmix,1.1627025604248047
8026,saint_qmix,3.1190271377563477
8027,saint_qmix,1.0349102020263672
8028,saint_qmix,1.2698698043823242
8029,saint_qmix,0.38634490966796875
8030,saint_qmix,1.4484834671020508
8031,saint_qmix,1.693272590637207
8032,saint_qmix,0.5649995803833008
8033,saint_qmix,1.716836929321289
8034,saint_qmix,0.9894475936889648
8035,saint_qmix,1.5124702453613281
8036,saint_qmix,1.5945148468017578
8037,saint_qmix,2.634676933288574
8038,saint_qmix,0.03758525848388672
8039,saint_qmix,0.9559526443481445
8040,saint_qmix,3.4972705841064453
8041,saint_qmix,1.4188146591186523
8042,saint_qmix,2.4297895431518555
8043,saint_qmix,-0.906768798828125
8044,saint_qmix,-1.879105567932129
8045,saint_qmix,1.1817131042480469
8046,saint_qmix,-0.018564224243164062
8047,saint_qmix,1.0200138092041016
8048,saint_qmix,0.8983488082885742
8049,saint_qmix,1.8564643859863281
8050,saint_qmix,0.7233924865722656
8051,saint_qmix,0.4456672668457031
8052,saint_qmix,0.3804817199707031
8053,saint_qmix,0.4977531433105469
8054,saint_qmix,3.2673959732055664
8055,saint_qmix,-0.040950775146484375
8056,saint_qmix,0.8322257995605469
8057,saint_qmix,1.5157032012939453
8058,saint_qmix,1.3940773010253906
8059,saint_qmix,1.182692527770996
8060,saint_qmix,1.7733936309814453
8061,saint_qmix,1.2450618743896484
8062,saint_qmix,4.119248390197754
8063,saint_qmix,4.032049179077148
8064,saint_qmix,0.12746906280517578
8065,saint_qmix,1.4285392761230469
8066,saint_qmix,1.4165658950805664
8067,saint_qmix,1.7627735137939453
8068,saint_qmix,2.1286401748657227
8069,saint_qmix,0.6413936614990234
8070,saint_qmix,1.5500459671020508
8071,saint_qmix,1.051711082458496
8072,saint_qmix,1.1274051666259766
8073,saint_qmix,4.343317985534668
8074,saint_qmix,0.3711977005004883
8075,saint_qmix,5.545806884765625
8076,saint_qmix,3.87966251373291
8077,saint_qmix,2.980923652648926
8078,saint_qmix,2.2844467163085938
8079,saint_qmix,0.9007110595703125
8080,saint_qmix,0.7434005737304688
8081,saint_qmix,3.3116636276245117
8082,saint_qmix,4.803753852844238
8083,saint_qmix,1.8805761337280273
8084,saint_qmix,0.27355098724365234
8085,saint_qmix,0.5331268310546875
8086,saint_qmix,0.28488826751708984
8087,saint_qmix,1.3508987426757812
8088,saint_qmix,0.39385032653808594
8089,saint_qmix,1.8037595748901367
8090,saint_qmix,-0.6416196823120117
8091,saint_qmix,0.33098411560058594
8092,saint_qmix,2.254055976867676
8093,saint_qmix,0.7202739715576172
8094,saint_qmix,4.573040962219238
8095,saint_qmix,0.1807384490966797
8096,saint_qmix,4.758069038391113
8097,saint_qmix,3.3416881561279297
8098,saint_qmix,-0.031876564025878906
8099,saint_qmix,1.9119148254394531
8100,saint_qmix,1.4868507385253906
8101,saint_qmix,0.739832878112793
8102,saint_qmix,2.193528175354004
8103,saint_qmix,1.1824254989624023
8104,saint_qmix,3.020782470703125
8105,saint_qmix,0.2040119171142578
8106,saint_qmix,1.351017951965332
8107,saint_qmix,2.2166357040405273
8108,saint_qmix,0.7043256759643555
8109,saint_qmix,-0.1916055679321289
8110,saint_qmix,1.3362598419189453
8111,saint_qmix,1.7283554077148438
8112,saint_qmix,2.1478986740112305
8113,saint_qmix,0.8074111938476562
8114,saint_qmix,2.3042049407958984
8115,saint_qmix,3.023843765258789
8116,saint_qmix,-0.6838665008544922
8117,saint_qmix,1.363718032836914
8118,saint_qmix,1.797062873840332
8119,saint_qmix,0.773320198059082
8120,saint_qmix,1.2896833419799805
8121,saint_qmix,2.9453649520874023
8122,saint_qmix,-1.31744384765625
8123,saint_qmix,4.681205749511719
8124,saint_qmix,2.532468795776367
8125,saint_qmix,0.18295669555664062
8126,saint_qmix,0.023525238037109375
8127,saint_qmix,0.9016246795654297
8128,saint_qmix,0.8136920928955078
8129,saint_qmix,0.4391326904296875
8130,saint_qmix,0.8855886459350586
8131,saint_qmix,2.349864959716797
8132,saint_qmix,0.8325271606445312
8133,saint_qmix,0.6054573059082031
8134,saint_qmix,0.1873016357421875
8135,saint_qmix,-1.092193603515625
8136,saint_qmix,3.943906784057617
8137,saint_qmix,3.5482025146484375
8138,saint_qmix,2.1118831634521484
8139,saint_qmix,0.08235931396484375
8140,saint_qmix,0.251739501953125
8141,saint_qmix,1.628952980041504
8142,saint_qmix,0.9670295715332031
8143,saint_qmix,1.8521318435668945
8144,saint_qmix,1.7385244369506836
8145,saint_qmix,2.0190982818603516
8146,saint_qmix,1.658677101135254
8147,saint_qmix,3.6457719802856445
8148,saint_qmix,2.214231491088867
8149,saint_qmix,1.9281845092773438
8150,saint_qmix,1.186279296875
8151,saint_qmix,4.260549545288086
8152,saint_qmix,6.855221748352051
8153,saint_qmix,4.5220489501953125
8154,saint_qmix,3.153949737548828
8155,saint_qmix,1.4962825775146484
8156,saint_qmix,0.5409145355224609
8157,saint_qmix,1.864126205444336
8158,saint_qmix,0.5210285186767578
8159,saint_qmix,0.19102191925048828
8160,saint_qmix,0.9696197509765625
8161,saint_qmix,0.54510498046875
8162,saint_qmix,-2.1880388259887695
8163,saint_qmix,3.7189559936523438
8164,saint_qmix,2.7944459915161133
8165,saint_qmix,1.475419044494629
8166,saint_qmix,-1.5481290817260742
8167,saint_qmix,1.8796453475952148
8168,saint_qmix,1.128662109375
8169,saint_qmix,2.6032276153564453
8170,saint_qmix,0.3325071334838867
8171,saint_qmix,1.5985679626464844
8172,saint_qmix,0.6387157440185547
8173,saint_qmix,0.6207427978515625
8174,saint_qmix,-0.7325153350830078
8175,saint_qmix,0.35259246826171875
8176,saint_qmix,-0.803584098815918
8177,saint_qmix,0.27463531494140625
8178,saint_qmix,-0.28447437286376953
8179,saint_qmix,0.9068498611450195
8180,saint_qmix,-0.6854572296142578
8181,saint_qmix,2.1902170181274414
8182,saint_qmix,2.0505523681640625
8183,saint_qmix,1.3055143356323242
8184,saint_qmix,1.691981315612793
8185,saint_qmix,1.462681770324707
8186,saint_qmix,0.8743677139282227
8187,saint_qmix,2.1409740447998047
8188,saint_qmix,1.7559947967529297
8189,saint_qmix,0.8681821823120117
8190,saint_qmix,0.6149492263793945
8191,saint_qmix,-0.1250782012939453
8192,saint_qmix,1.312417984008789
8193,saint_qmix,3.0061378479003906
8194,saint_qmix,2.066836357116699
8195,saint_qmix,1.4470720291137695
8196,saint_qmix,1.1302804946899414
8197,saint_qmix,-0.39658546447753906
8198,saint_qmix,0.5178737640380859
8199,saint_qmix,0.5501956939697266
8200,saint_qmix,-0.48886537551879883
8201,saint_qmix,0.5497303009033203
8202,saint_qmix,0.6506681442260742
8203,saint_qmix,-0.1694183349609375
8204,saint_qmix,-1.3275222778320312
8205,saint_qmix,3.065802574157715
8206,saint_qmix,2.588744640350342
8207,saint_qmix,1.5887527465820312
8208,saint_qmix,1.4159231185913086
8209,saint_qmix,1.6596193313598633
8210,saint_qmix,1.2863454818725586
8211,saint_qmix,1.3988828659057617
8212,saint_qmix,-1.0548639297485352
8213,saint_qmix,2.043604850769043
8214,saint_qmix,1.4839801788330078
8215,saint_qmix,2.330275535583496
8216,saint_qmix,0.7333469390869141
8217,saint_qmix,4.321077346801758
8218,saint_qmix,-0.11358261108398438
8219,saint_qmix,2.399928092956543
8220,saint_qmix,0.08721542358398438
8221,saint_qmix,1.0808401107788086
8222,saint_qmix,0.3201875686645508
8223,saint_qmix,-1.0186080932617188
8224,saint_qmix,0.8155307769775391
8225,saint_qmix,1.121048927307129
8226,saint_qmix,5.037322998046875
8227,saint_qmix,0.9687089920043945
8228,saint_qmix,1.525857925415039
8229,saint_qmix,1.6579856872558594
8230,saint_qmix,2.31229305267334
8231,saint_qmix,2.069375991821289
8232,saint_qmix,-0.63134765625
8233,saint_qmix,1.5691375732421875
8234,saint_qmix,0.7737197875976562
8235,saint_qmix,1.4576263427734375
8236,saint_qmix,4.826691627502441
8237,saint_qmix,1.6769428253173828
8238,saint_qmix,1.3767471313476562
8239,saint_qmix,0.015852928161621094
8240,saint_qmix,0.09438323974609375
8241,saint_qmix,-0.09580421447753906
8242,saint_qmix,0.49884700775146484
8243,saint_qmix,-1.3544096946716309
8244,saint_qmix,3.7675037384033203
8245,saint_qmix,2.1874570846557617
8246,saint_qmix,4.429203987121582
8247,saint_qmix,0.13989734649658203
8248,saint_qmix,3.074413299560547
8249,saint_qmix,3.940779209136963
8250,saint_qmix,2.4199886322021484
8251,saint_qmix,0.42833614349365234
8252,saint_qmix,1.7168102264404297
8253,saint_qmix,3.7760753631591797
8254,saint_qmix,3.3594703674316406
8255,saint_qmix,1.1123857498168945
8256,saint_qmix,-0.3843965530395508
8257,saint_qmix,2.116745948791504
8258,saint_qmix,3.795083522796631
8259,saint_qmix,0.5276660919189453
8260,saint_qmix,0.5684051513671875
8261,saint_qmix,2.938241958618164
8262,saint_qmix,2.6666412353515625
8263,saint_qmix,0.4481849670410156
8264,saint_qmix,-0.46856117248535156
8265,saint_qmix,4.304030418395996
8266,saint_qmix,5.149674415588379
8267,saint_qmix,1.4250469207763672
8268,saint_qmix,1.2901687622070312
8269,saint_qmix,0.4188251495361328
8270,saint_qmix,-0.6018466949462891
8271,saint_qmix,1.6723928451538086
8272,saint_qmix,0.7822818756103516
8273,saint_qmix,0.8845634460449219
8274,saint_qmix,0.8667287826538086
8275,saint_qmix,2.387833595275879
8276,saint_qmix,0.7005500793457031
8277,saint_qmix,0.7276487350463867
8278,saint_qmix,0.49163055419921875
8279,saint_qmix,0.37697410583496094
8280,saint_qmix,2.476304054260254
8281,saint_qmix,1.4295473098754883
8282,saint_qmix,0.81475830078125
8283,saint_qmix,0.444061279296875
8284,saint_qmix,1.1990118026733398
8285,saint_qmix,0.7266426086425781
8286,saint_qmix,5.665915489196777
8287,saint_qmix,1.2125368118286133
8288,saint_qmix,2.4362974166870117
8289,saint_qmix,1.2352285385131836
8290,saint_qmix,0.25843238830566406
8291,saint_qmix,1.8383560180664062
8292,saint_qmix,3.7401928901672363
8293,saint_qmix,1.6525392532348633
8294,saint_qmix,2.8883867263793945
8295,saint_qmix,0.507716178894043
8296,saint_qmix,4.806610107421875
8297,saint_qmix,1.541804313659668
8298,saint_qmix,0.9751548767089844
8299,saint_qmix,0.8908758163452148
8300,saint_qmix,0.3355293273925781
8301,saint_qmix,1.2615118026733398
8302,saint_qmix,4.19865608215332
8303,saint_qmix,0.40730857849121094
8304,saint_qmix,3.345460891723633
8305,saint_qmix,0.6957597732543945
8306,saint_qmix,2.5631885528564453
8307,saint_qmix,0.7424144744873047
8308,saint_qmix,1.263437271118164
8309,saint_qmix,3.8590993881225586
8310,saint_qmix,3.7305727005004883
8311,saint_qmix,-0.8394813537597656
8312,saint_qmix,2.971628189086914
8313,saint_qmix,3.9445133209228516
8314,saint_qmix,0.8602752685546875
8315,saint_qmix,1.9160785675048828
8316,saint_qmix,3.9111547470092773
8317,saint_qmix,0.10069465637207031
8318,saint_qmix,1.7134590148925781
8319,saint_qmix,0.8548336029052734
8320,saint_qmix,1.819122314453125
8321,saint_qmix,0.766596794128418
8322,saint_qmix,0.7095985412597656
8323,saint_qmix,0.4052925109863281
8324,saint_qmix,3.051105499267578
8325,saint_qmix,4.638794898986816
8326,saint_qmix,1.8795318603515625
8327,saint_qmix,0.21903228759765625
8328,saint_qmix,2.6365089416503906
8329,saint_qmix,0.1517658233642578
8330,saint_qmix,2.512277603149414
8331,saint_qmix,2.4609193801879883
8332,saint_qmix,1.8424463272094727
8333,saint_qmix,0.5009307861328125
8334,saint_qmix,0.8391971588134766
8335,saint_qmix,0.997685432434082
8336,saint_qmix,0.6366863250732422
8337,saint_qmix,0.9018154144287109
8338,saint_qmix,1.3374214172363281
8339,saint_qmix,2.635560989379883
8340,saint_qmix,0.8414897918701172
8341,saint_qmix,2.197157859802246
8342,saint_qmix,1.0062294006347656
8343,saint_qmix,-0.8364248275756836
8344,saint_qmix,0.7048025131225586
8345,saint_qmix,8.938291072845459
8346,saint_qmix,2.7003297805786133
8347,saint_qmix,0.39447784423828125
8348,saint_qmix,1.423126220703125
8349,saint_qmix,0.33591365814208984
8350,saint_qmix,1.893972396850586
8351,saint_qmix,4.040524482727051
8352,saint_qmix,0.056941986083984375
8353,saint_qmix,3.0468568801879883
8354,saint_qmix,1.5227766036987305
8355,saint_qmix,1.8810882568359375
8356,saint_qmix,0.7453737258911133
8357,saint_qmix,-1.4015111923217773
8358,saint_qmix,3.2677159309387207
8359,saint_qmix,2.214667320251465
8360,saint_qmix,0.9714221954345703
8361,saint_qmix,1.2563285827636719
8362,saint_qmix,0.05985736846923828
8363,saint_qmix,0.6131200790405273
8364,saint_qmix,1.9043159484863281
8365,saint_qmix,-0.7635488510131836
8366,saint_qmix,2.047051429748535
8367,saint_qmix,0.1559886932373047
8368,saint_qmix,4.208089828491211
8369,saint_qmix,1.8217763900756836
8370,saint_qmix,2.457766532897949
8371,saint_qmix,1.0835685729980469
8372,saint_qmix,1.793609619140625
8373,saint_qmix,3.4601221084594727
8374,saint_qmix,-0.5959377288818359
8375,saint_qmix,1.344808578491211
8376,saint_qmix,2.235685348510742
8377,saint_qmix,1.7809877395629883
8378,saint_qmix,-0.19531917572021484
8379,saint_qmix,2.102203369140625
8380,saint_qmix,1.7426786422729492
8381,saint_qmix,1.5575504302978516
8382,saint_qmix,1.01336669921875
8383,saint_qmix,5.871685028076172
8384,saint_qmix,4.6397905349731445
8385,saint_qmix,2.450796127319336
8386,saint_qmix,0.0025081634521484375
8387,saint_qmix,1.656290054321289
8388,saint_qmix,1.732046127319336
8389,saint_qmix,0.0
8390,saint_qmix,1.3501081466674805
8391,saint_qmix,1.2931585311889648
8392,saint_qmix,2.291004180908203
8393,saint_qmix,3.362558364868164
8394,saint_qmix,1.2148723602294922
8395,saint_qmix,0.5860843658447266
8396,saint_qmix,-0.1663980484008789
8397,saint_qmix,-1.348459243774414
8398,saint_qmix,2.236257553100586
8399,saint_qmix,1.7072210311889648
8400,saint_qmix,0.9730453491210938
8401,saint_qmix,2.4152441024780273
8402,saint_qmix,1.7800798416137695
8403,saint_qmix,-0.2601051330566406
8404,saint_qmix,3.5334339141845703
8405,saint_qmix,1.876267433166504
8406,saint_qmix,0.3132915496826172
8407,saint_qmix,3.7742252349853516
8408,saint_qmix,5.068910598754883
8409,saint_qmix,1.3389825820922852
8410,saint_qmix,0.16660308837890625
8411,saint_qmix,1.7249031066894531
8412,saint_qmix,0.9466915130615234
8413,saint_qmix,0.8337764739990234
8414,saint_qmix,1.9718189239501953
8415,saint_qmix,2.046536445617676
8416,saint_qmix,0.6655178070068359
8417,saint_qmix,2.9220895767211914
8418,saint_qmix,2.3745555877685547
8419,saint_qmix,1.4692811965942383
8420,saint_qmix,2.2643470764160156
8421,saint_qmix,4.67198371887207
8422,saint_qmix,0.884425163269043
8423,saint_qmix,0.3113698959350586
8424,saint_qmix,1.6718730926513672
8425,saint_qmix,1.567758560180664
8426,saint_qmix,1.794203758239746
8427,saint_qmix,3.608327865600586
8428,saint_qmix,1.9505290985107422
8429,saint_qmix,4.852786064147949
8430,saint_qmix,0.4234142303466797
8431,saint_qmix,1.1378803253173828
8432,saint_qmix,1.2472763061523438
8433,saint_qmix,-0.10931587219238281
8434,saint_qmix,1.8859291076660156
8435,saint_qmix,2.0142154693603516
8436,saint_qmix,1.7357711791992188
8437,saint_qmix,0.3183298110961914
8438,saint_qmix,1.3822660446166992
8439,saint_qmix,3.5748214721679688
8440,saint_qmix,0.5660400390625
8441,saint_qmix,0.2706117630004883
8442,saint_qmix,-0.3478231430053711
8443,saint_qmix,1.6894216537475586
8444,saint_qmix,1.6034221649169922
8445,saint_qmix,1.098546028137207
8446,saint_qmix,0.1698780059814453
8447,saint_qmix,0.7872505187988281
8448,saint_qmix,0.0
8449,saint_qmix,0.5287666320800781
8450,saint_qmix,-0.8869085311889648
8451,saint_qmix,1.214493751525879
8452,saint_qmix,-0.5876531600952148
8453,saint_qmix,1.4855165481567383
8454,saint_qmix,0.8376626968383789
8455,saint_qmix,0.0
8456,saint_qmix,4.3863019943237305
8457,saint_qmix,0.6198463439941406
8458,saint_qmix,0.7359628677368164
8459,saint_qmix,0.22317123413085938
8460,saint_qmix,-0.11032772064208984
8461,saint_qmix,0.14580249786376953
8462,saint_qmix,2.850728988647461
8463,saint_qmix,-0.877629280090332
8464,saint_qmix,2.1973628997802734
8465,saint_qmix,0.4557981491088867
8466,saint_qmix,1.4883289337158203
8467,saint_qmix,1.5927057266235352
8468,saint_qmix,4.709353446960449
8469,saint_qmix,-0.06996536254882812
8470,saint_qmix,1.3705949783325195
8471,saint_qmix,1.4009990692138672
8472,saint_qmix,0.5013427734375
8473,saint_qmix,1.6545686721801758
8474,saint_qmix,0.2815990447998047
8475,saint_qmix,3.0776634216308594
8476,saint_qmix,-0.3769235610961914
8477,saint_qmix,1.7897462844848633
8478,saint_qmix,1.8692007064819336
8479,saint_qmix,2.3237390518188477
8480,saint_qmix,0.8997879028320312
8481,saint_qmix,3.3963236808776855
8482,saint_qmix,1.8025741577148438
8483,saint_qmix,0.571807861328125
8484,saint_qmix,1.7654685974121094
8485,saint_qmix,2.4280824661254883
8486,saint_qmix,-0.5462684631347656
8487,saint_qmix,1.589029312133789
8488,saint_qmix,5.743267059326172
8489,saint_qmix,0.5496377944946289
8490,saint_qmix,1.1452093124389648
8491,saint_qmix,0.11428070068359375
8492,saint_qmix,0.9188413619995117
8493,saint_qmix,1.021031379699707
8494,saint_qmix,2.1865224838256836
8495,saint_qmix,0.7052640914916992
8496,saint_qmix,1.2870512008666992
8497,saint_qmix,4.076223373413086
8498,saint_qmix,-0.3554868698120117
8499,saint_qmix,2.3042240142822266
8500,saint_qmix,-0.183624267578125
8501,saint_qmix,1.1190252304077148
8502,saint_qmix,4.385215759277344
8503,saint_qmix,0.09294509887695312
8504,saint_qmix,1.570530891418457
8505,saint_qmix,2.4820566177368164
8506,saint_qmix,1.412893295288086
8507,saint_qmix,1.0382518768310547
8508,saint_qmix,1.6222248077392578
8509,saint_qmix,0.7931022644042969
8510,saint_qmix,4.558932781219482
8511,saint_qmix,2.304170608520508
8512,saint_qmix,1.3712797164916992
8513,saint_qmix,1.7828350067138672
8514,saint_qmix,4.48366641998291
8515,saint_qmix,0.49131202697753906
8516,saint_qmix,0.26573753356933594
8517,saint_qmix,1.5575246810913086
8518,saint_qmix,1.4427108764648438
8519,saint_qmix,0.19364070892333984
8520,saint_qmix,1.2845449447631836
8521,saint_qmix,4.028994560241699
8522,saint_qmix,1.7303152084350586
8523,saint_qmix,3.9809341430664062
8524,saint_qmix,3.090475082397461
8525,saint_qmix,2.786449432373047
8526,saint_qmix,1.5260543823242188
8527,saint_qmix,1.6049671173095703
8528,saint_qmix,0.7036342620849609
8529,saint_qmix,2.091397285461426
8530,saint_qmix,3.9403066635131836
8531,saint_qmix,4.343247413635254
8532,saint_qmix,1.0258474349975586
8533,saint_qmix,0.5899362564086914
8534,saint_qmix,1.2701425552368164
8535,saint_qmix,0.009518623352050781
8536,saint_qmix,1.7443180084228516
8537,saint_qmix,0.6355371475219727
8538,saint_qmix,5.046735763549805
8539,saint_qmix,0.4377727508544922
8540,saint_qmix,0.4762144088745117
8541,saint_qmix,1.254164695739746
8542,saint_qmix,1.215989112854004
8543,saint_qmix,1.3371553421020508
8544,saint_qmix,3.510446548461914
8545,saint_qmix,0.2455615997314453
8546,saint_qmix,2.808483123779297
8547,saint_qmix,4.906866073608398
8548,saint_qmix,1.3263263702392578
8549,saint_qmix,3.587362289428711
8550,saint_qmix,5.152695655822754
8551,saint_qmix,4.967615604400635
8552,saint_qmix,0.9628772735595703
8553,saint_qmix,1.854269027709961
8554,saint_qmix,3.3396196365356445
8555,saint_qmix,0.8724193572998047
8556,saint_qmix,4.072625160217285
8557,saint_qmix,1.922642707824707
8558,saint_qmix,0.7446479797363281
8559,saint_qmix,1.4316120147705078
8560,saint_qmix,1.0424766540527344
8561,saint_qmix,1.478011131286621
8562,saint_qmix,-0.6817197799682617
8563,saint_qmix,1.9370183944702148
8564,saint_qmix,2.255558967590332
8565,saint_qmix,0.0006608963012695312
8566,saint_qmix,0.9184169769287109
8567,saint_qmix,0.5681800842285156
8568,saint_qmix,0.6874427795410156
8569,saint_qmix,0.7398138046264648
8570,saint_qmix,3.2155895233154297
8571,saint_qmix,1.344019889831543
8572,saint_qmix,0.43247032165527344
8573,saint_qmix,0.8092708587646484
8574,saint_qmix,-0.043534278869628906
8575,saint_qmix,0.9949712753295898
8576,saint_qmix,3.3041296005249023
8577,saint_qmix,0.8261871337890625
8578,saint_qmix,1.2664995193481445
8579,saint_qmix,2.215195655822754
8580,saint_qmix,2.121591567993164
8581,saint_qmix,-0.2693662643432617
8582,saint_qmix,2.6483993530273438
8583,saint_qmix,2.411860466003418
8584,saint_qmix,6.012622833251953
8585,saint_qmix,1.284454345703125
8586,saint_qmix,0.26480674743652344
8587,saint_qmix,3.2222471237182617
8588,saint_qmix,0.054047584533691406
8589,saint_qmix,-0.14632320404052734
8590,saint_qmix,1.9013261795043945
8591,saint_qmix,2.438357353210449
8592,saint_qmix,2.7118940353393555
8593,saint_qmix,5.888188362121582
8594,saint_qmix,3.1296987533569336
8595,saint_qmix,1.872406005859375
8596,saint_qmix,1.4320812225341797
8597,saint_qmix,4.000836372375488
8598,saint_qmix,0.49376583099365234
8599,saint_qmix,1.1406841278076172
8600,saint_qmix,-0.1510334014892578
8601,saint_qmix,0.6752243041992188
8602,saint_qmix,2.0904321670532227
8603,saint_qmix,1.0476770401000977
8604,saint_qmix,1.6322517395019531
8605,saint_qmix,5.896162033081055
8606,saint_qmix,0.4357757568359375
8607,saint_qmix,1.2083415985107422
8608,saint_qmix,1.2970848083496094
8609,saint_qmix,1.0839815139770508
8610,saint_qmix,0.2545299530029297
8611,saint_qmix,1.6696624755859375
8612,saint_qmix,2.7028865814208984
8613,saint_qmix,-0.019458770751953125
8614,saint_qmix,4.024975776672363
8615,saint_qmix,1.4363508224487305
8616,saint_qmix,2.77459716796875
8617,saint_qmix,0.6011972427368164
8618,saint_qmix,1.0762500762939453
8619,saint_qmix,0.696162223815918
8620,saint_qmix,4.429376602172852
8621,saint_qmix,0.32708072662353516
8622,saint_qmix,-0.09235763549804688
8623,saint_qmix,-0.23508453369140625
8624,saint_qmix,1.2608752250671387
8625,saint_qmix,2.5084686279296875
8626,saint_qmix,0.434173583984375
8627,saint_qmix,5.280580520629883
8628,saint_qmix,2.6773366928100586
8629,saint_qmix,-0.3813667297363281
8630,saint_qmix,-0.3342447280883789
8631,saint_qmix,5.704919815063477
8632,saint_qmix,2.1588077545166016
8633,saint_qmix,4.741674423217773
8634,saint_qmix,0.2494974136352539
8635,saint_qmix,1.8313102722167969
8636,saint_qmix,2.22782039642334
8637,saint_qmix,2.5504751205444336
8638,saint_qmix,1.2002325057983398
8639,saint_qmix,2.1929779052734375
8640,saint_qmix,1.9601993560791016
8641,saint_qmix,-0.15000438690185547
8642,saint_qmix,1.477752685546875
8643,saint_qmix,1.3480949401855469
8644,saint_qmix,1.6822595596313477
8645,saint_qmix,5.782936096191406
8646,saint_qmix,4.778116703033447
8647,saint_qmix,-0.615687370300293
8648,saint_qmix,2.503331184387207
8649,saint_qmix,2.3722667694091797
8650,saint_qmix,0.0
8651,saint_qmix,-0.2351226806640625
8652,saint_qmix,1.3630847930908203
8653,saint_qmix,1.7777385711669922
8654,saint_qmix,0.22271251678466797
8655,saint_qmix,2.3479232788085938
8656,saint_qmix,0.8834114074707031
8657,saint_qmix,1.8574934005737305
8658,saint_qmix,0.6782455444335938
8659,saint_qmix,4.557586669921875
8660,saint_qmix,2.2591352462768555
8661,saint_qmix,0.627110481262207
8662,saint_qmix,1.8068342208862305
8663,saint_qmix,3.713484764099121
8664,saint_qmix,1.1605758666992188
8665,saint_qmix,-0.15465164184570312
8666,saint_qmix,-0.2200489044189453
8667,saint_qmix,0.0
8668,saint_qmix,1.4564685821533203
8669,saint_qmix,0.22612380981445312
8670,saint_qmix,2.965486526489258
8671,saint_qmix,0.061018943786621094
8672,saint_qmix,5.134334564208984
8673,saint_qmix,2.845682144165039
8674,saint_qmix,2.1206178665161133
8675,saint_qmix,0.17806243896484375
8676,saint_qmix,1.588444709777832
8677,saint_qmix,3.1231422424316406
8678,saint_qmix,2.6739444732666016
8679,saint_qmix,1.7754364013671875
8680,saint_qmix,1.1342849731445312
8681,saint_qmix,3.624479293823242
8682,saint_qmix,0.5562057495117188
8683,saint_qmix,3.4773435592651367
8684,saint_qmix,4.437156677246094
8685,saint_qmix,4.07697868347168
8686,saint_qmix,1.4501323699951172
8687,saint_qmix,2.578367233276367
8688,saint_qmix,3.7634477615356445
8689,saint_qmix,1.7226791381835938
8690,saint_qmix,3.118955612182617
8691,saint_qmix,3.7271575927734375
8692,saint_qmix,1.722010612487793
8693,saint_qmix,1.3911848068237305
8694,saint_qmix,0.9434709548950195
8695,saint_qmix,2.5100650787353516
8696,saint_qmix,1.1593189239501953
8697,saint_qmix,1.1994380950927734
8698,saint_qmix,0.5955343246459961
8699,saint_qmix,1.4751615524291992
8700,saint_qmix,3.8231678009033203
8701,saint_qmix,2.2875537872314453
8702,saint_qmix,1.0218544006347656
8703,saint_qmix,2.619460105895996
8704,saint_qmix,1.6312475204467773
8705,saint_qmix,4.35594367980957
8706,saint_qmix,1.8261022567749023
8707,saint_qmix,1.2842607498168945
8708,saint_qmix,4.646965980529785
8709,saint_qmix,0.4972095489501953
8710,saint_qmix,1.2067079544067383
8711,saint_qmix,1.3414993286132812
8712,saint_qmix,0.0028066635131835938
8713,saint_qmix,-0.04003715515136719
8714,saint_qmix,4.12702751159668
8715,saint_qmix,1.637181282043457
8716,saint_qmix,3.939146041870117
8717,saint_qmix,3.6199636459350586
8718,saint_qmix,0.9020824432373047
8719,saint_qmix,0.46616554260253906
8720,saint_qmix,0.2862892150878906
8721,saint_qmix,3.941666603088379
8722,saint_qmix,4.243152618408203
8723,saint_qmix,0.9732036590576172
8724,saint_qmix,1.259291648864746
8725,saint_qmix,1.716048240661621
8726,saint_qmix,1.6401176452636719
8727,saint_qmix,4.835886001586914
8728,saint_qmix,1.173727035522461
8729,saint_qmix,4.0087738037109375
8730,saint_qmix,2.7179031372070312
8731,saint_qmix,3.7986831665039062
8732,saint_qmix,2.0122556686401367
8733,saint_qmix,0.193206787109375
8734,saint_qmix,0.8285408020019531
8735,saint_qmix,0.41463756561279297
8736,saint_qmix,0.5902462005615234
8737,saint_qmix,0.3518505096435547
8738,saint_qmix,2.1735448837280273
8739,saint_qmix,2.261068344116211
8740,saint_qmix,2.513033866882324
8741,saint_qmix,3.19809627532959
8742,saint_qmix,1.590285301208496
8743,saint_qmix,1.2311267852783203
8744,saint_qmix,4.058411598205566
8745,saint_qmix,1.3477506637573242
8746,saint_qmix,1.9698314666748047
8747,saint_qmix,1.4187660217285156
8748,saint_qmix,0.9339303970336914
8749,saint_qmix,1.3355293273925781
8750,saint_qmix,2.986461639404297
8751,saint_qmix,-0.6966266632080078
8752,saint_qmix,-0.5272331237792969
8753,saint_qmix,2.4146413803100586
8754,saint_qmix,-0.9225997924804688
8755,saint_qmix,2.102240562438965
8756,saint_qmix,2.960651397705078
8757,saint_qmix,2.661611557006836
8758,saint_qmix,3.637942314147949
8759,saint_qmix,0.6749849319458008
8760,saint_qmix,1.6520071029663086
8761,saint_qmix,-1.684493064880371
8762,saint_qmix,1.3337602615356445
8763,saint_qmix,1.7432861328125
8764,saint_qmix,0.5361785888671875
8765,saint_qmix,0.3178119659423828
8766,saint_qmix,-0.9368686676025391
8767,saint_qmix,4.722097396850586
8768,saint_qmix,3.0193939208984375
8769,saint_qmix,0.12502288818359375
8770,saint_qmix,1.6811895370483398
8771,saint_qmix,4.552753448486328
8772,saint_qmix,0.9823360443115234
8773,saint_qmix,1.2098731994628906
8774,saint_qmix,1.308894157409668
8775,saint_qmix,-0.24294471740722656
8776,saint_qmix,2.3179101943969727
8777,saint_qmix,1.1832818984985352
8778,saint_qmix,0.0
8779,saint_qmix,1.2978487014770508
8780,saint_qmix,2.0908946990966797
8781,saint_qmix,0.040617942810058594
8782,saint_qmix,0.5204172134399414
8783,saint_qmix,2.122696876525879
8784,saint_qmix,3.107172966003418
8785,saint_qmix,1.6490716934204102
8786,saint_qmix,4.149031639099121
8787,saint_qmix,0.6528949737548828
8788,saint_qmix,1.1360578536987305
8789,saint_qmix,2.542170524597168
8790,saint_qmix,-1.1279821395874023
8791,saint_qmix,1.0236835479736328
8792,saint_qmix,4.681507110595703
8793,saint_qmix,0.8072757720947266
8794,saint_qmix,0.947056770324707
8795,saint_qmix,0.33603668212890625
8796,saint_qmix,4.249441146850586
8797,saint_qmix,1.9903392791748047
8798,saint_qmix,0.05194854736328125
8799,saint_qmix,1.0349559783935547
8800,saint_qmix,1.0456066131591797
8801,saint_qmix,0.8673772811889648
8802,saint_qmix,1.069533348083496
8803,saint_qmix,1.5867719650268555
8804,saint_qmix,1.8836116790771484
8805,saint_qmix,1.0472564697265625
8806,saint_qmix,0.9007425308227539
8807,saint_qmix,0.7808914184570312
8808,saint_qmix,0.8782234191894531
8809,saint_qmix,1.0563898086547852
8810,saint_qmix,1.1664514541625977
8811,saint_qmix,1.132523536682129
8812,saint_qmix,3.7659149169921875
8813,saint_qmix,0.6474475860595703
8814,saint_qmix,-0.049126625061035156
8815,saint_qmix,0.8912172317504883
8816,saint_qmix,3.2292652130126953
8817,saint_qmix,3.588778495788574
8818,saint_qmix,2.047952651977539
8819,saint_qmix,-0.19263744354248047
8820,saint_qmix,2.4222679138183594
8821,saint_qmix,0.7660923004150391
8822,saint_qmix,0.16835975646972656
8823,saint_qmix,1.3487720489501953
8824,saint_qmix,0.9812498092651367
8825,saint_qmix,1.692220687866211
8826,saint_qmix,1.3258047103881836
8827,saint_qmix,2.4588403701782227
8828,saint_qmix,0.8538064956665039
8829,saint_qmix,0.6351737976074219
8830,saint_qmix,2.0986762046813965
8831,saint_qmix,0.2555074691772461
8832,saint_qmix,0.7602052688598633
8833,saint_qmix,1.8741426467895508
8834,saint_qmix,2.375856399536133
8835,saint_qmix,0.925358772277832
8836,saint_qmix,2.417407989501953
8837,saint_qmix,1.486271858215332
8838,saint_qmix,-0.030628204345703125
8839,saint_qmix,1.465414047241211
8840,saint_qmix,1.8685626983642578
8841,saint_qmix,1.570901870727539
8842,saint_qmix,2.986994743347168
8843,saint_qmix,4.595930099487305
8844,saint_qmix,1.0700273513793945
8845,saint_qmix,2.1070313453674316
8846,saint_qmix,1.7100162506103516
8847,saint_qmix,0.29176998138427734
8848,saint_qmix,1.7109003067016602
8849,saint_qmix,1.3355865478515625
8850,saint_qmix,0.46695709228515625
8851,saint_qmix,2.7994375228881836
8852,saint_qmix,0.5132741928100586
8853,saint_qmix,7.112000465393066
8854,saint_qmix,1.312394142150879
8855,saint_qmix,1.4748201370239258
8856,saint_qmix,1.3061180114746094
8857,saint_qmix,1.1201419830322266
8858,saint_qmix,1.155888557434082
8859,saint_qmix,0.7899265289306641
8860,saint_qmix,1.5553178787231445
8861,saint_qmix,0.5567464828491211
8862,saint_qmix,1.5738410949707031
8863,saint_qmix,2.9913883209228516
8864,saint_qmix,2.01920223236084
8865,saint_qmix,3.700385093688965
8866,saint_qmix,1.5933761596679688
8867,saint_qmix,1.0606393814086914
8868,saint_qmix,1.755122184753418
8869,saint_qmix,2.2393875122070312
8870,saint_qmix,0.3248004913330078
8871,saint_qmix,2.472501754760742
8872,saint_qmix,2.2085113525390625
8873,saint_qmix,1.227686882019043
8874,saint_qmix,0.5192890167236328
8875,saint_qmix,1.9770097732543945
8876,saint_qmix,1.6643056869506836
8877,saint_qmix,1.05712890625
8878,saint_qmix,2.1937026977539062
8879,saint_qmix,0.08610153198242188
8880,saint_qmix,3.6010665893554688
8881,saint_qmix,1.1137065887451172
8882,saint_qmix,2.5544376373291016
8883,saint_qmix,1.3114604949951172
8884,saint_qmix,0.8492088317871094
8885,saint_qmix,0.9760751724243164
8886,saint_qmix,1.2533340454101562
8887,saint_qmix,0.5571279525756836
8888,saint_qmix,-0.9916896820068359
8889,saint_qmix,-1.531479835510254
8890,saint_qmix,1.0447149276733398
8891,saint_qmix,-0.6366710662841797
8892,saint_qmix,1.4528818130493164
8893,saint_qmix,3.093118667602539
8894,saint_qmix,0.4042644500732422
8895,saint_qmix,0.1232614517211914
8896,saint_qmix,0.7157068252563477
8897,saint_qmix,4.55535888671875
8898,saint_qmix,1.3663835525512695
8899,saint_qmix,2.558279037475586
8900,saint_qmix,-2.6622676849365234
8901,saint_qmix,1.6313800811767578
8902,saint_qmix,1.5359745025634766
8903,saint_qmix,1.4068841934204102
8904,saint_qmix,1.641815185546875
8905,saint_qmix,0.9059047698974609
8906,saint_qmix,0.7380342483520508
8907,saint_qmix,2.4084787368774414
8908,saint_qmix,-0.03828239440917969
8909,saint_qmix,1.7496519088745117
8910,saint_qmix,-0.12331390380859375
8911,saint_qmix,1.9078197479248047
8912,saint_qmix,-0.14947509765625
8913,saint_qmix,1.3695764541625977
8914,saint_qmix,1.799138069152832
8915,saint_qmix,3.080951690673828
8916,saint_qmix,4.333887100219727
8917,saint_qmix,1.1578874588012695
8918,saint_qmix,3.1223669052124023
8919,saint_qmix,1.2157783508300781
8920,saint_qmix,3.3209147453308105
8921,saint_qmix,1.052199363708496
8922,saint_qmix,0.8521738052368164
8923,saint_qmix,1.746434211730957
8924,saint_qmix,1.0569677352905273
8925,saint_qmix,6.431042671203613
8926,saint_qmix,5.521125793457031
8927,saint_qmix,1.1745119094848633
8928,saint_qmix,-0.027626991271972656
8929,saint_qmix,2.140827178955078
8930,saint_qmix,1.6072425842285156
8931,saint_qmix,3.3659095764160156
8932,saint_qmix,0.6596460342407227
8933,saint_qmix,0.8278465270996094
8934,saint_qmix,1.1174182891845703
8935,saint_qmix,1.6850271224975586
8936,saint_qmix,3.7168426513671875
8937,saint_qmix,1.3081111907958984
8938,saint_qmix,1.8629045486450195
8939,saint_qmix,2.6315746307373047
8940,saint_qmix,-0.21546363830566406
8941,saint_qmix,2.9339303970336914
8942,saint_qmix,1.288914680480957
8943,saint_qmix,6.234703540802002
8944,saint_qmix,2.156229019165039
8945,saint_qmix,0.7937698364257812
8946,saint_qmix,1.4085016250610352
8947,saint_qmix,0.7237138748168945
8948,saint_qmix,6.25266170501709
8949,saint_qmix,2.1914329528808594
8950,saint_qmix,2.497490882873535
8951,saint_qmix,-0.19056224822998047
8952,saint_qmix,5.524077415466309
8953,saint_qmix,0.37309837341308594
8954,saint_qmix,3.3138599395751953
8955,saint_qmix,1.1392793655395508
8956,saint_qmix,-0.1357097625732422
8957,saint_qmix,1.5077877044677734
8958,saint_qmix,1.9264068603515625
8959,saint_qmix,1.2245063781738281
8960,saint_qmix,1.3664464950561523
8961,saint_qmix,4.742881774902344
8962,saint_qmix,0.7585248947143555
8963,saint_qmix,0.5251436233520508
8964,saint_qmix,1.3262805938720703
8965,saint_qmix,1.2610273361206055
8966,saint_qmix,0.7824525833129883
8967,saint_qmix,3.068793296813965
8968,saint_qmix,1.794621467590332
8969,saint_qmix,1.1726207733154297
8970,saint_qmix,0.6975975036621094
8971,saint_qmix,1.0056324005126953
8972,saint_qmix,5.527849197387695
8973,saint_qmix,2.4067907333374023
8974,saint_qmix,-0.012607574462890625
8975,saint_qmix,0.8932666778564453
8976,saint_qmix,1.1692991256713867
8977,saint_qmix,1.3572473526000977
8978,saint_qmix,2.268671989440918
8979,saint_qmix,2.7335338592529297
8980,saint_qmix,2.685910224914551
8981,saint_qmix,4.523632049560547
8982,saint_qmix,-0.7342357635498047
8983,saint_qmix,2.0143089294433594
8984,saint_qmix,-0.8814754486083984
8985,saint_qmix,1.7321186065673828
8986,saint_qmix,2.1155309677124023
8987,saint_qmix,0.2283315658569336
8988,saint_qmix,0.455291748046875
8989,saint_qmix,1.190969467163086
8990,saint_qmix,-1.6526975631713867
8991,saint_qmix,-2.4778032302856445
8992,saint_qmix,-1.1252870559692383
8993,saint_qmix,1.1289758682250977
8994,saint_qmix,4.957535743713379
8995,saint_qmix,1.0800485610961914
8996,saint_qmix,1.9927921295166016
8997,saint_qmix,0.9145870208740234
8998,saint_qmix,-0.006053924560546875
8999,saint_qmix,1.9410343170166016
9000,saint_qmix,2.325554847717285
9001,saint_qmix,-2.2843198776245117
9002,saint_qmix,2.160062789916992
9003,saint_qmix,2.338937759399414
9004,saint_qmix,1.5550479888916016
9005,saint_qmix,1.8874492645263672
9006,saint_qmix,1.265787124633789
9007,saint_qmix,1.1155281066894531
9008,saint_qmix,2.304872512817383
9009,saint_qmix,1.7801752090454102
9010,saint_qmix,1.270857810974121
9011,saint_qmix,3.8919315338134766
9012,saint_qmix,0.8629093170166016
9013,saint_qmix,-2.1901607513427734
9014,saint_qmix,-0.09780120849609375
9015,saint_qmix,6.313899993896484
9016,saint_qmix,1.5385675430297852
9017,saint_qmix,0.9743900299072266
9018,saint_qmix,3.267366409301758
9019,saint_qmix,-0.4386930465698242
9020,saint_qmix,1.1724557876586914
9021,saint_qmix,1.7342796325683594
9022,saint_qmix,1.0149250030517578
9023,saint_qmix,3.9948501586914062
9024,saint_qmix,1.8159751892089844
9025,saint_qmix,2.305060386657715
9026,saint_qmix,0.8855419158935547
9027,saint_qmix,1.5008296966552734
9028,saint_qmix,-0.14023780822753906
9029,saint_qmix,1.4074287414550781
9030,saint_qmix,4.118621826171875
9031,saint_qmix,1.786020278930664
9032,saint_qmix,4.264730453491211
9033,saint_qmix,0.5173912048339844
9034,saint_qmix,1.0797224044799805
9035,saint_qmix,0.33664798736572266
9036,saint_qmix,1.201730728149414
9037,saint_qmix,0.9657783508300781
9038,saint_qmix,4.644298553466797
9039,saint_qmix,1.4855031967163086
9040,saint_qmix,1.450434684753418
9041,saint_qmix,1.902205467224121
9042,saint_qmix,0.9194297790527344
9043,saint_qmix,0.765986442565918
9044,saint_qmix,0.15201282501220703
9045,saint_qmix,1.5755529403686523
9046,saint_qmix,0.08062744140625
9047,saint_qmix,1.3966493606567383
9048,saint_qmix,2.122420310974121
9049,saint_qmix,3.9907264709472656
9050,saint_qmix,4.932759761810303
9051,saint_qmix,3.241495132446289
9052,saint_qmix,5.07647705078125
9053,saint_qmix,1.558258056640625
9054,saint_qmix,0.4136943817138672
9055,saint_qmix,1.4106836318969727
9056,saint_qmix,2.3239994049072266
9057,saint_qmix,1.4612007141113281
9058,saint_qmix,1.0502090454101562
9059,saint_qmix,-0.005364418029785156
9060,saint_qmix,-0.6891937255859375
9061,saint_qmix,0.6490211486816406
9062,saint_qmix,3.414274215698242
9063,saint_qmix,1.6893320083618164
9064,saint_qmix,-0.0792999267578125
9065,saint_qmix,4.175763130187988
9066,saint_qmix,2.2056713104248047
9067,saint_qmix,2.7951574325561523
9068,saint_qmix,1.4051361083984375
9069,saint_qmix,1.0361881256103516
9070,saint_qmix,1.2230100631713867
9071,saint_qmix,0.2805290222167969
9072,saint_qmix,-0.42833709716796875
9073,saint_qmix,3.3785505294799805
9074,saint_qmix,3.8321762084960938
9075,saint_qmix,1.1839027404785156
9076,saint_qmix,0.9194583892822266
9077,saint_qmix,0.9560689926147461
9078,saint_qmix,0.8550624847412109
9079,saint_qmix,0.3322296142578125
9080,saint_qmix,2.6436233520507812
9081,saint_qmix,1.4925355911254883
9082,saint_qmix,1.8817548751831055
9083,saint_qmix,0.3288707733154297
9084,saint_qmix,0.6586246490478516
9085,saint_qmix,4.3192291259765625
9086,saint_qmix,-0.4732494354248047
9087,saint_qmix,-1.0130596160888672
9088,saint_qmix,0.9204139709472656
9089,saint_qmix,1.9234962463378906
9090,saint_qmix,2.396773338317871
9091,saint_qmix,1.7629261016845703
9092,saint_qmix,5.658616065979004
9093,saint_qmix,2.0679426193237305
9094,saint_qmix,4.693954944610596
9095,saint_qmix,2.2109642028808594
9096,saint_qmix,3.891026496887207
9097,saint_qmix,3.861861228942871
9098,saint_qmix,0.0045337677001953125
9099,saint_qmix,1.9225854873657227
9100,saint_qmix,0.42203426361083984
9101,saint_qmix,0.31331539154052734
9102,saint_qmix,4.830039978027344
9103,saint_qmix,3.7169551849365234
9104,saint_qmix,0.44037437438964844
9105,saint_qmix,3.9609813690185547
9106,saint_qmix,-0.5615997314453125
9107,saint_qmix,0.31246471405029297
9108,saint_qmix,3.6531801223754883
9109,saint_qmix,0.8478517532348633
9110,saint_qmix,2.6891183853149414
9111,saint_qmix,0.46085643768310547
9112,saint_qmix,1.6853303909301758
9113,saint_qmix,-0.9658365249633789
9114,saint_qmix,1.6332988739013672
9115,saint_qmix,0.5955362319946289
9116,saint_qmix,0.9137468338012695
9117,saint_qmix,0.9745264053344727
9118,saint_qmix,1.9477424621582031
9119,saint_qmix,1.704453468322754
9120,saint_qmix,0.7683897018432617
9121,saint_qmix,1.0578746795654297
9122,saint_qmix,0.4524717330932617
9123,saint_qmix,0.8864946365356445
9124,saint_qmix,4.100105285644531
9125,saint_qmix,0.9445514678955078
9126,saint_qmix,0.0
9127,saint_qmix,5.817110061645508
9128,saint_qmix,1.0377931594848633
9129,saint_qmix,4.531869888305664
9130,saint_qmix,-0.08115386962890625
9131,saint_qmix,1.1152868270874023
9132,saint_qmix,0.2764730453491211
9133,saint_qmix,0.5048389434814453
9134,saint_qmix,0.09647560119628906
9135,saint_qmix,2.5682430267333984
9136,saint_qmix,0.816741943359375
9137,saint_qmix,3.6449294090270996
9138,saint_qmix,2.683382034301758
9139,saint_qmix,4.574716567993164
9140,saint_qmix,1.7423248291015625
9141,saint_qmix,0.8300943374633789
9142,saint_qmix,-0.10398674011230469
9143,saint_qmix,1.007293701171875
9144,saint_qmix,0.885340690612793
9145,saint_qmix,2.4083166122436523
9146,saint_qmix,0.24346256256103516
9147,saint_qmix,1.7273521423339844
9148,saint_qmix,1.1139698028564453
9149,saint_qmix,0.04928016662597656
9150,saint_qmix,1.3835783004760742
9151,saint_qmix,0.7415714263916016
9152,saint_qmix,1.8888559341430664
9153,saint_qmix,0.8265724182128906
9154,saint_qmix,3.5501346588134766
9155,saint_qmix,1.569594383239746
9156,saint_qmix,-0.9810943603515625
9157,saint_qmix,3.043508529663086
9158,saint_qmix,0.44841766357421875
9159,saint_qmix,0.40198802947998047
9160,saint_qmix,4.085083961486816
9161,saint_qmix,4.663909912109375
9162,saint_qmix,1.918182373046875
9163,saint_qmix,0.3343238830566406
9164,saint_qmix,4.889613151550293
9165,saint_qmix,-0.34583473205566406
9166,saint_qmix,1.9364614486694336
9167,saint_qmix,1.5194568634033203
9168,saint_qmix,0.8004531860351562
9169,saint_qmix,0.06915950775146484
9170,saint_qmix,-0.04228496551513672
9171,saint_qmix,2.17281436920166
9172,saint_qmix,3.3262643814086914
9173,saint_qmix,1.9958267211914062
9174,saint_qmix,0.39177894592285156
9175,saint_qmix,0.0
9176,saint_qmix,2.8489599227905273
9177,saint_qmix,2.32950496673584
9178,saint_qmix,-0.5031967163085938
9179,saint_qmix,0.9158744812011719
9180,saint_qmix,0.3608589172363281
9181,saint_qmix,1.4578218460083008
9182,saint_qmix,0.1723337173461914
9183,saint_qmix,5.443078994750977
9184,saint_qmix,2.2562408447265625
9185,saint_qmix,1.3909339904785156
9186,saint_qmix,2.1723594665527344
9187,saint_qmix,2.9911270141601562
9188,saint_qmix,3.9725818634033203
9189,saint_qmix,1.177699089050293
9190,saint_qmix,1.5059852600097656
9191,saint_qmix,0.32270145416259766
9192,saint_qmix,1.1083917617797852
9193,saint_qmix,0.34101104736328125
9194,saint_qmix,2.555832862854004
9195,saint_qmix,1.265355110168457
9196,saint_qmix,2.6689109802246094
9197,saint_qmix,0.20487689971923828
9198,saint_qmix,0.3895416259765625
9199,saint_qmix,5.749719619750977
9200,saint_qmix,5.47991943359375
9201,saint_qmix,2.3290719985961914
9202,saint_qmix,-0.08059406280517578
9203,saint_qmix,0.8258266448974609
9204,saint_qmix,0.9467430114746094
9205,saint_qmix,0.26471996307373047
9206,saint_qmix,1.1426677703857422
9207,saint_qmix,1.054469108581543
9208,saint_qmix,0.1333789825439453
9209,saint_qmix,1.5732860565185547
9210,saint_qmix,0.306854248046875
9211,saint_qmix,4.966316223144531
9212,saint_qmix,1.2425146102905273
9213,saint_qmix,2.194979667663574
9214,saint_qmix,1.757049560546875
9215,saint_qmix,1.7538166046142578
9216,saint_qmix,0.9334526062011719
9217,saint_qmix,0.39487552642822266
9218,saint_qmix,4.001616477966309
9219,saint_qmix,0.0
9220,saint_qmix,2.286804676055908
9221,saint_qmix,1.9361953735351562
9222,saint_qmix,1.5163021087646484
9223,saint_qmix,1.3473434448242188
9224,saint_qmix,0.5312099456787109
9225,saint_qmix,0.9993553161621094
9226,saint_qmix,1.0384750366210938
9227,saint_qmix,0.30120277404785156
9228,saint_qmix,3.1144590377807617
9229,saint_qmix,0.2972288131713867
9230,saint_qmix,1.670424461364746
9231,saint_qmix,1.0099973678588867
9232,saint_qmix,0.9061574935913086
9233,saint_qmix,1.7297649383544922
9234,saint_qmix,0.4934663772583008
9235,saint_qmix,2.398892402648926
9236,saint_qmix,0.9523773193359375
9237,saint_qmix,2.0857086181640625
9238,saint_qmix,2.565814971923828
9239,saint_qmix,-1.6721057891845703
9240,saint_qmix,2.471843719482422
9241,saint_qmix,3.8309755325317383
9242,saint_qmix,1.948744773864746
9243,saint_qmix,4.943239212036133
9244,saint_qmix,4.163186073303223
9245,saint_qmix,4.421542167663574
9246,saint_qmix,1.0652198791503906
9247,saint_qmix,2.188675880432129
9248,saint_qmix,1.0030717849731445
9249,saint_qmix,2.025022506713867
9250,saint_qmix,0.3083915710449219
9251,saint_qmix,0.7799921035766602
9252,saint_qmix,0.38780975341796875
9253,saint_qmix,0.0
9254,saint_qmix,0.6170597076416016
9255,saint_qmix,1.7631759643554688
9256,saint_qmix,2.291757583618164
9257,saint_qmix,-0.2999763488769531
9258,saint_qmix,1.0152664184570312
9259,saint_qmix,2.501835823059082
9260,saint_qmix,1.3218441009521484
9261,saint_qmix,0.750676155090332
9262,saint_qmix,1.9059982299804688
9263,saint_qmix,5.15034294128418
9264,saint_qmix,2.252760887145996
9265,saint_qmix,1.3343944549560547
9266,saint_qmix,0.692967414855957
9267,saint_qmix,0.14289188385009766
9268,saint_qmix,0.9426259994506836
9269,saint_qmix,5.064687728881836
9270,saint_qmix,1.2230110168457031
9271,saint_qmix,2.2422256469726562
9272,saint_qmix,0.9131813049316406
9273,saint_qmix,3.1049013137817383
9274,saint_qmix,0.0
9275,saint_qmix,1.1222000122070312
9276,saint_qmix,0.46155643463134766
9277,saint_qmix,4.943702697753906
9278,saint_qmix,1.4813871383666992
9279,saint_qmix,0.25449562072753906
9280,saint_qmix,2.0174360275268555
9281,saint_qmix,1.472203254699707
9282,saint_qmix,-0.33115577697753906
9283,saint_qmix,1.122161865234375
9284,saint_qmix,3.5113677978515625
9285,saint_qmix,2.3497018814086914
9286,saint_qmix,0.0
9287,saint_qmix,1.8768596649169922
9288,saint_qmix,-1.0743484497070312
9289,saint_qmix,6.236144065856934
9290,saint_qmix,2.12606143951416
9291,saint_qmix,0.13761138916015625
9292,saint_qmix,0.7588634490966797
9293,saint_qmix,3.2697744369506836
9294,saint_qmix,1.226898193359375
9295,saint_qmix,1.618668556213379
9296,saint_qmix,1.481825828552246
9297,saint_qmix,1.462759017944336
9298,saint_qmix,2.4701242446899414
9299,saint_qmix,0.5376157760620117
9300,saint_qmix,4.120105743408203
9301,saint_qmix,1.1826057434082031
9302,saint_qmix,3.664238929748535
9303,saint_qmix,3.8217411041259766
9304,saint_qmix,1.6039085388183594
9305,saint_qmix,2.700258255004883
9306,saint_qmix,1.3113059997558594
9307,saint_qmix,2.0854921340942383
9308,saint_qmix,1.6282386779785156
9309,saint_qmix,3.593812942504883
9310,saint_qmix,0.6427240371704102
9311,saint_qmix,0.5812492370605469
9312,saint_qmix,0.6929225921630859
9313,saint_qmix,2.0286388397216797
9314,saint_qmix,1.1583232879638672
9315,saint_qmix,4.237135887145996
9316,saint_qmix,1.1056194305419922
9317,saint_qmix,2.9888839721679688
9318,saint_qmix,0.7653512954711914
9319,saint_qmix,2.122640609741211
9320,saint_qmix,1.7893409729003906
9321,saint_qmix,-0.1939401626586914
9322,saint_qmix,0.0051631927490234375
9323,saint_qmix,1.5953521728515625
9324,saint_qmix,4.361331939697266
9325,saint_qmix,0.0
9326,saint_qmix,0.3093376159667969
9327,saint_qmix,1.8880424499511719
9328,saint_qmix,4.570191383361816
9329,saint_qmix,0.7756471633911133
9330,saint_qmix,0.6356430053710938
9331,saint_qmix,1.586263656616211
9332,saint_qmix,3.875981330871582
9333,saint_qmix,0.32161617279052734
9334,saint_qmix,2.662607192993164
9335,saint_qmix,1.10028076171875
9336,saint_qmix,2.123708724975586
9337,saint_qmix,1.0211315155029297
9338,saint_qmix,0.5365715026855469
9339,saint_qmix,0.0
9340,saint_qmix,0.9117202758789062
9341,saint_qmix,3.381566047668457
9342,saint_qmix,5.316246032714844
9343,saint_qmix,1.2889652252197266
9344,saint_qmix,5.011987686157227
9345,saint_qmix,0.31504154205322266
9346,saint_qmix,1.156081199645996
9347,saint_qmix,1.3914384841918945
9348,saint_qmix,-1.7441434860229492
9349,saint_qmix,2.128416061401367
9350,saint_qmix,2.236996650695801
9351,saint_qmix,0.9941339492797852
9352,saint_qmix,-0.30222129821777344
9353,saint_qmix,2.1454296112060547
9354,saint_qmix,0.8403797149658203
9355,saint_qmix,0.8001155853271484
9356,saint_qmix,5.583992958068848
9357,saint_qmix,-0.6708793640136719
9358,saint_qmix,0.7569379806518555
9359,saint_qmix,1.7258987426757812
9360,saint_qmix,1.841038703918457
9361,saint_qmix,0.8601284027099609
9362,saint_qmix,1.0930824279785156
9363,saint_qmix,0.8373184204101562
9364,saint_qmix,3.9113712310791016
9365,saint_qmix,-2.59700870513916
9366,saint_qmix,-1.4748525619506836
9367,saint_qmix,0.27150678634643555
9368,saint_qmix,3.496194839477539
9369,saint_qmix,6.778680801391602
9370,saint_qmix,4.511397361755371
9371,saint_qmix,6.393912315368652
9372,saint_qmix,1.3961753845214844
9373,saint_qmix,1.432307243347168
9374,saint_qmix,4.131021499633789
9375,saint_qmix,1.7793025970458984
9376,saint_qmix,0.6519231796264648
9377,saint_qmix,2.074643135070801
9378,saint_qmix,2.2077341079711914
9379,saint_qmix,4.51338005065918
9380,saint_qmix,0.9765720367431641
9381,saint_qmix,1.4265327453613281
9382,saint_qmix,3.005730628967285
9383,saint_qmix,3.688632011413574
9384,saint_qmix,1.5102214813232422
9385,saint_qmix,0.7686223983764648
9386,saint_qmix,3.884373664855957
9387,saint_qmix,0.2756948471069336
9388,saint_qmix,3.135289192199707
9389,saint_qmix,3.3020105361938477
9390,saint_qmix,2.5143518447875977
9391,saint_qmix,3.2403478622436523
9392,saint_qmix,1.6362314224243164
9393,saint_qmix,1.5674209594726562
9394,saint_qmix,1.8112335205078125
9395,saint_qmix,3.5219879150390625
9396,saint_qmix,5.149981498718262
9397,saint_qmix,-1.1258163452148438
9398,saint_qmix,0.9125137329101562
9399,saint_qmix,0.9655618667602539
9400,saint_qmix,3.5202407836914062
9401,saint_qmix,0.3575630187988281
9402,saint_qmix,0.8262176513671875
9403,saint_qmix,0.5923366546630859
9404,saint_qmix,4.193783760070801
9405,saint_qmix,1.6039867401123047
9406,saint_qmix,1.7290592193603516
9407,saint_qmix,2.1285037994384766
9408,saint_qmix,-0.6505537033081055
9409,saint_qmix,-0.032593727111816406
9410,saint_qmix,3.8479995727539062
9411,saint_qmix,1.3688278198242188
9412,saint_qmix,4.587719917297363
9413,saint_qmix,1.2315797805786133
9414,saint_qmix,4.608525276184082
9415,saint_qmix,1.8094863891601562
9416,saint_qmix,0.14177989959716797
9417,saint_qmix,1.1025419235229492
9418,saint_qmix,0.39197349548339844
9419,saint_qmix,1.6154594421386719
9420,saint_qmix,3.215945243835449
9421,saint_qmix,1.7123680114746094
9422,saint_qmix,4.7513933181762695
9423,saint_qmix,-0.9612855911254883
9424,saint_qmix,0.10795783996582031
9425,saint_qmix,-1.649221420288086
9426,saint_qmix,3.2251949310302734
9427,saint_qmix,0.161041259765625
9428,saint_qmix,0.2635812759399414
9429,saint_qmix,0.7937717437744141
9430,saint_qmix,0.9689979553222656
9431,saint_qmix,2.458303451538086
9432,saint_qmix,1.5006418228149414
9433,saint_qmix,1.6101655960083008
9434,saint_qmix,1.4795417785644531
9435,saint_qmix,0.6647138595581055
9436,saint_qmix,1.4175748825073242
9437,saint_qmix,1.355936050415039
9438,saint_qmix,0.9503145217895508
9439,saint_qmix,-0.032906532287597656
9440,saint_qmix,1.0223827362060547
9441,saint_qmix,2.1063709259033203
9442,saint_qmix,-0.07528305053710938
9443,saint_qmix,1.312295913696289
9444,saint_qmix,0.8467941284179688
9445,saint_qmix,0.9454545974731445
9446,saint_qmix,-1.3075141906738281
9447,saint_qmix,1.4732542037963867
9448,saint_qmix,-1.0693492889404297
9449,saint_qmix,-0.4078855514526367
9450,saint_qmix,2.2785301208496094
9451,saint_qmix,3.1738691329956055
9452,saint_qmix,3.1537952423095703
9453,saint_qmix,4.506862640380859
9454,saint_qmix,-0.0768270492553711
9455,saint_qmix,0.20207977294921875
9456,saint_qmix,0.8499002456665039
9457,saint_qmix,1.2759742736816406
9458,saint_qmix,1.7163610458374023
9459,saint_qmix,1.210392951965332
9460,saint_qmix,1.0250377655029297
9461,saint_qmix,0.3592262268066406
9462,saint_qmix,1.016251564025879
9463,saint_qmix,0.883514404296875
9464,saint_qmix,1.1643247604370117
9465,saint_qmix,3.660630226135254
9466,saint_qmix,0.5042295455932617
9467,saint_qmix,-0.43091392517089844
9468,saint_qmix,0.6384925842285156
9469,saint_qmix,1.719827651977539
9470,saint_qmix,2.93192195892334
9471,saint_qmix,0.7986240386962891
9472,saint_qmix,1.4805269241333008
9473,saint_qmix,1.670562744140625
9474,saint_qmix,1.0912542343139648
9475,saint_qmix,4.124960899353027
9476,saint_qmix,-0.03853797912597656
9477,saint_qmix,3.4491519927978516
9478,saint_qmix,2.209567070007324
9479,saint_qmix,0.5913629531860352
9480,saint_qmix,1.4816608428955078
9481,saint_qmix,1.3054084777832031
9482,saint_qmix,4.7761077880859375
9483,saint_qmix,1.9224576950073242
9484,saint_qmix,1.6527748107910156
9485,saint_qmix,0.7063188552856445
9486,saint_qmix,1.255584716796875
9487,saint_qmix,1.5102205276489258
9488,saint_qmix,0.7724485397338867
9489,saint_qmix,0.9232978820800781
9490,saint_qmix,1.993997573852539
9491,saint_qmix,0.9338865280151367
9492,saint_qmix,4.087589263916016
9493,saint_qmix,1.4742116928100586
9494,saint_qmix,1.6228504180908203
9495,saint_qmix,-0.4503021240234375
9496,saint_qmix,1.2884254455566406
9497,saint_qmix,1.1667804718017578
9498,saint_qmix,1.525792121887207
9499,saint_qmix,0.39138031005859375
9500,saint_qmix,0.9548320770263672
9501,saint_qmix,0.9308986663818359
9502,saint_qmix,0.33676815032958984
9503,saint_qmix,1.7706937789916992
9504,saint_qmix,4.178938865661621
9505,saint_qmix,3.633819103240967
9506,saint_qmix,4.100539207458496
9507,saint_qmix,1.04400634765625
9508,saint_qmix,2.1317996978759766
9509,saint_qmix,1.0934677124023438
9510,saint_qmix,1.2983226776123047
9511,saint_qmix,1.779526710510254
9512,saint_qmix,1.256082534790039
9513,saint_qmix,1.2431936264038086
9514,saint_qmix,3.3877906799316406
9515,saint_qmix,2.3167476654052734
9516,saint_qmix,1.7136507034301758
9517,saint_qmix,0.33240318298339844
9518,saint_qmix,2.48140811920166
9519,saint_qmix,0.9287557601928711
9520,saint_qmix,1.4667577743530273
9521,saint_qmix,4.274657249450684
9522,saint_qmix,1.8498334884643555
9523,saint_qmix,0.24658584594726562
9524,saint_qmix,1.581944465637207
9525,saint_qmix,1.5761442184448242
9526,saint_qmix,4.592185020446777
9527,saint_qmix,1.3889837265014648
9528,saint_qmix,1.0804433822631836
9529,saint_qmix,1.3124570846557617
9530,saint_qmix,1.5994892120361328
9531,saint_qmix,2.367055892944336
9532,saint_qmix,4.421445846557617
9533,saint_qmix,3.3143997192382812
9534,saint_qmix,2.8060922622680664
9535,saint_qmix,1.3935441970825195
9536,saint_qmix,0.18513774871826172
9537,saint_qmix,3.3963022232055664
9538,saint_qmix,0.7301702499389648
9539,saint_qmix,0.7742958068847656
9540,saint_qmix,2.127627372741699
9541,saint_qmix,1.736149787902832
9542,saint_qmix,1.0631647109985352
9543,saint_qmix,1.0564231872558594
9544,saint_qmix,1.9554939270019531
9545,saint_qmix,-0.42735862731933594
9546,saint_qmix,0.9284648895263672
9547,saint_qmix,1.5890941619873047
9548,saint_qmix,0.20769691467285156
9549,saint_qmix,-0.17132949829101562
9550,saint_qmix,1.5474004745483398
9551,saint_qmix,1.0635766983032227
9552,saint_qmix,5.044085502624512
9553,saint_qmix,-0.6888160705566406
9554,saint_qmix,1.72955322265625
9555,saint_qmix,2.6842880249023438
9556,saint_qmix,0.5562152862548828
9557,saint_qmix,0.23850059509277344
9558,saint_qmix,3.553206443786621
9559,saint_qmix,0.2848548889160156
9560,saint_qmix,0.7021379470825195
9561,saint_qmix,1.8772468566894531
9562,saint_qmix,1.8037443161010742
9563,saint_qmix,1.6990127563476562
9564,saint_qmix,1.2584056854248047
9565,saint_qmix,1.5636730194091797
9566,saint_qmix,0.5113258361816406
9567,saint_qmix,1.4375104904174805
9568,saint_qmix,3.745476722717285
9569,saint_qmix,1.774789810180664
9570,saint_qmix,1.6057634353637695
9571,saint_qmix,3.623948097229004
9572,saint_qmix,2.0427894592285156
9573,saint_qmix,1.5324726104736328
9574,saint_qmix,-0.9176673889160156
9575,saint_qmix,1.4618844985961914
9576,saint_qmix,5.810792922973633
9577,saint_qmix,0.7426490783691406
9578,saint_qmix,6.353511810302734
9579,saint_qmix,-0.6013040542602539
9580,saint_qmix,1.7230720520019531
9581,saint_qmix,1.7494783401489258
9582,saint_qmix,1.5971012115478516
9583,saint_qmix,0.30861854553222656
9584,saint_qmix,-0.12884140014648438
9585,saint_qmix,1.2371463775634766
9586,saint_qmix,0.9962759017944336
9587,saint_qmix,2.020212173461914
9588,saint_qmix,1.7897796630859375
9589,saint_qmix,1.753143310546875
9590,saint_qmix,0.3565349578857422
9591,saint_qmix,2.200680732727051
9592,saint_qmix,-0.8122167587280273
9593,saint_qmix,0.907684326171875
9594,saint_qmix,2.476228713989258
9595,saint_qmix,0.8482637405395508
9596,saint_qmix,3.724079132080078
9597,saint_qmix,0.7796401977539062
9598,saint_qmix,1.8058271408081055
9599,saint_qmix,1.1475648880004883
9600,saint_qmix,0.06458759307861328
9601,saint_qmix,1.9685230255126953
9602,saint_qmix,2.000886917114258
9603,saint_qmix,1.742365837097168
9604,saint_qmix,4.542348861694336
9605,saint_qmix,1.5151290893554688
9606,saint_qmix,0.3081245422363281
9607,saint_qmix,1.359283447265625
9608,saint_qmix,3.513713836669922
9609,saint_qmix,3.3297595977783203
9610,saint_qmix,1.838216781616211
9611,saint_qmix,0.9614009857177734
9612,saint_qmix,-0.9534916877746582
9613,saint_qmix,3.7822465896606445
9614,saint_qmix,3.924221992492676
9615,saint_qmix,1.832855224609375
9616,saint_qmix,1.6620187759399414
9617,saint_qmix,2.6988277435302734
9618,saint_qmix,1.193577766418457
9619,saint_qmix,1.023721694946289
9620,saint_qmix,1.7218952178955078
9621,saint_qmix,2.8616456985473633
9622,saint_qmix,3.6252031326293945
9623,saint_qmix,0.46488285064697266
9624,saint_qmix,1.4673824310302734
9625,saint_qmix,0.4879798889160156
9626,saint_qmix,3.7876968383789062
9627,saint_qmix,0.7856426239013672
9628,saint_qmix,2.8083114624023438
9629,saint_qmix,3.819944381713867
9630,saint_qmix,1.3341131210327148
9631,saint_qmix,0.7035188674926758
9632,saint_qmix,1.4295654296875
9633,saint_qmix,-0.3001747131347656
9634,saint_qmix,-0.46356868743896484
9635,saint_qmix,0.5601215362548828
9636,saint_qmix,4.865739822387695
9637,saint_qmix,1.9604849815368652
9638,saint_qmix,0.005322456359863281
9639,saint_qmix,-0.6638813018798828
9640,saint_qmix,1.4467954635620117
9641,saint_qmix,2.0150108337402344
9642,saint_qmix,1.1474990844726562
9643,saint_qmix,0.7253007888793945
9644,saint_qmix,0.5387840270996094
9645,saint_qmix,3.806818962097168
9646,saint_qmix,-0.03524494171142578
9647,saint_qmix,-0.29833507537841797
9648,saint_qmix,1.4336376190185547
9649,saint_qmix,1.1127052307128906
9650,saint_qmix,3.219851493835449
9651,saint_qmix,1.646718978881836
9652,saint_qmix,1.7057743072509766
9653,saint_qmix,1.6887578964233398
9654,saint_qmix,2.1654815673828125
9655,saint_qmix,1.076777458190918
9656,saint_qmix,4.010927200317383
9657,saint_qmix,0.19872665405273438
9658,saint_qmix,3.5925798416137695
9659,saint_qmix,0.04376220703125
9660,saint_qmix,1.4039583206176758
9661,saint_qmix,1.7140932083129883
9662,saint_qmix,0.8474416732788086
9663,saint_qmix,1.5278167724609375
9664,saint_qmix,1.8926010131835938
9665,saint_qmix,1.191335678100586
9666,saint_qmix,0.9276847839355469
9667,saint_qmix,1.3121204376220703
9668,saint_qmix,4.238075256347656
9669,saint_qmix,4.293525695800781
9670,saint_qmix,2.012941360473633
9671,saint_qmix,1.307042121887207
9672,saint_qmix,-0.24625873565673828
9673,saint_qmix,1.2603263854980469
9674,saint_qmix,0.9770965576171875
9675,saint_qmix,1.6257686614990234
9676,saint_qmix,1.3519344329833984
9677,saint_qmix,-1.1491365432739258
9678,saint_qmix,0.22034645080566406
9679,saint_qmix,1.9414777755737305
9680,saint_qmix,1.0874061584472656
9681,saint_qmix,1.3695125579833984
9682,saint_qmix,1.8866615295410156
9683,saint_qmix,1.8165760040283203
9684,saint_qmix,1.604222297668457
9685,saint_qmix,-0.6141576766967773
9686,saint_qmix,3.2716293334960938
9687,saint_qmix,6.083974838256836
9688,saint_qmix,5.538073539733887
9689,saint_qmix,1.027273178100586
9690,saint_qmix,1.5694513320922852
9691,saint_qmix,-0.6139430999755859
9692,saint_qmix,-0.9350576400756836
9693,saint_qmix,1.6657485961914062
9694,saint_qmix,5.907732009887695
9695,saint_qmix,0.44526100158691406
9696,saint_qmix,-0.47319984436035156
9697,saint_qmix,0.6779966354370117
9698,saint_qmix,0.35727691650390625
9699,saint_qmix,1.8199329376220703
9700,saint_qmix,1.8891525268554688
9701,saint_qmix,0.6152496337890625
9702,saint_qmix,2.866647720336914
9703,saint_qmix,-0.6057529449462891
9704,saint_qmix,2.494095802307129
9705,saint_qmix,0.13422775268554688
9706,saint_qmix,0.9776115417480469
9707,saint_qmix,0.8183374404907227
9708,saint_qmix,-0.11475563049316406
9709,saint_qmix,1.224496841430664
9710,saint_qmix,-0.16351604461669922
9711,saint_qmix,-0.3648338317871094
9712,saint_qmix,0.2648744583129883
9713,saint_qmix,1.3853874206542969
9714,saint_qmix,0.7092876434326172
9715,saint_qmix,0.9412975311279297
9716,saint_qmix,3.0011463165283203
9717,saint_qmix,2.7391481399536133
9718,saint_qmix,-1.605351448059082
9719,saint_qmix,4.070491790771484
9720,saint_qmix,-1.1904678344726562
9721,saint_qmix,5.055536270141602
9722,saint_qmix,-1.996382713317871
9723,saint_qmix,1.0329904556274414
9724,saint_qmix,1.057180404663086
9725,saint_qmix,3.722649574279785
9726,saint_qmix,1.6775169372558594
9727,saint_qmix,0.7987632751464844
9728,saint_qmix,2.1983184814453125
9729,saint_qmix,0.4485788345336914
9730,saint_qmix,1.5264215469360352
9731,saint_qmix,1.479853630065918
9732,saint_qmix,0.8932962417602539
9733,saint_qmix,1.2534732818603516
9734,saint_qmix,-0.12584400177001953
9735,saint_qmix,0.57733154296875
9736,saint_qmix,1.5430192947387695
9737,saint_qmix,1.2966499328613281
9738,saint_qmix,4.086203575134277
9739,saint_qmix,1.025803565979004
9740,saint_qmix,0.5616340637207031
9741,saint_qmix,1.1423988342285156
9742,saint_qmix,1.141427993774414
9743,saint_qmix,2.8178844451904297
9744,saint_qmix,0.8483638763427734
9745,saint_qmix,-0.05881977081298828
9746,saint_qmix,6.567023277282715
9747,saint_qmix,1.7451696395874023
9748,saint_qmix,1.0347309112548828
9749,saint_qmix,5.04226541519165
9750,saint_qmix,0.9653434753417969
9751,saint_qmix,0.7132091522216797
9752,saint_qmix,1.5693845748901367
9753,saint_qmix,1.2345199584960938
9754,saint_qmix,1.7959308624267578
9755,saint_qmix,2.3223419189453125
9756,saint_qmix,0.1848888397216797
9757,saint_qmix,4.586321830749512
9758,saint_qmix,2.039653778076172
9759,saint_qmix,3.3591346740722656
9760,saint_qmix,-0.26941394805908203
9761,saint_qmix,1.783503532409668
9762,saint_qmix,0.8993043899536133
9763,saint_qmix,1.5295867919921875
9764,saint_qmix,0.929652214050293
9765,saint_qmix,2.144577980041504
9766,saint_qmix,2.576901435852051
9767,saint_qmix,0.19235992431640625
9768,saint_qmix,0.928253173828125
9769,saint_qmix,4.280551910400391
9770,saint_qmix,0.5689373016357422
9771,saint_qmix,0.9656457901000977
9772,saint_qmix,3.3930158615112305
9773,saint_qmix,0.08316516876220703
9774,saint_qmix,0.12397384643554688
9775,saint_qmix,1.7352380752563477
9776,saint_qmix,-0.22684764862060547
9777,saint_qmix,1.5240459442138672
9778,saint_qmix,1.0510320663452148
9779,saint_qmix,1.0298919677734375
9780,saint_qmix,2.2291460037231445
9781,saint_qmix,2.686896324157715
9782,saint_qmix,1.6443662643432617
9783,saint_qmix,2.130434989929199
9784,saint_qmix,0.3467693328857422
9785,saint_qmix,0.8144207000732422
9786,saint_qmix,-0.23917579650878906
9787,saint_qmix,-0.6490354537963867
9788,saint_qmix,1.5295515060424805
9789,saint_qmix,4.776937484741211
9790,saint_qmix,1.1911859512329102
9791,saint_qmix,1.7724437713623047
9792,saint_qmix,0.31842899322509766
9793,saint_qmix,0.23747634887695312
9794,saint_qmix,1.0810909271240234
9795,saint_qmix,-0.5825939178466797
9796,saint_qmix,1.1991243362426758
9797,saint_qmix,1.2749309539794922
9798,saint_qmix,0.711700439453125
9799,saint_qmix,0.47675037384033203
9800,saint_qmix,0.0
9801,saint_qmix,1.574798583984375
9802,saint_qmix,1.4566287994384766
9803,saint_qmix,0.8438777923583984
9804,saint_qmix,2.9618873596191406
9805,saint_qmix,5.274877548217773
9806,saint_qmix,1.4994421005249023
9807,saint_qmix,1.9751911163330078
9808,saint_qmix,4.4171857833862305
9809,saint_qmix,2.061746597290039
9810,saint_qmix,1.1401500701904297
9811,saint_qmix,1.7716846466064453
9812,saint_qmix,0.9344902038574219
9813,saint_qmix,4.757345199584961
9814,saint_qmix,0.7221498489379883
9815,saint_qmix,1.7127513885498047
9816,saint_qmix,2.4276819229125977
9817,saint_qmix,1.8623933792114258
9818,saint_qmix,5.8331298828125
9819,saint_qmix,2.290982246398926
9820,saint_qmix,1.8214473724365234
9821,saint_qmix,1.3131093978881836
9822,saint_qmix,2.048956871032715
9823,saint_qmix,-0.9003372192382812
9824,saint_qmix,4.016759872436523
9825,saint_qmix,3.9267959594726562
9826,saint_qmix,0.48903656005859375
9827,saint_qmix,1.9100399017333984
9828,saint_qmix,0.1868724822998047
9829,saint_qmix,3.483433723449707
9830,saint_qmix,3.0932092666625977
9831,saint_qmix,2.295332908630371
9832,saint_qmix,2.2043886184692383
9833,saint_qmix,0.8115930557250977
9834,saint_qmix,1.3238372802734375
9835,saint_qmix,0.6300973892211914
9836,saint_qmix,0.8099632263183594
9837,saint_qmix,2.2888364791870117
9838,saint_qmix,1.5017995834350586
9839,saint_qmix,0.18928909301757812
9840,saint_qmix,-0.1183633804321289
9841,saint_qmix,2.3515329360961914
9842,saint_qmix,0.2105722427368164
9843,saint_qmix,0.5591516494750977
9844,saint_qmix,0.5285720825195312
9845,saint_qmix,-0.516657829284668
9846,saint_qmix,4.215320587158203
9847,saint_qmix,1.7915458679199219
9848,saint_qmix,1.6992483139038086
9849,saint_qmix,1.638533592224121
9850,saint_qmix,3.260104179382324
9851,saint_qmix,3.9743404388427734
9852,saint_qmix,-0.7015256881713867
9853,saint_qmix,0.0546112060546875
9854,saint_qmix,1.2071857452392578
9855,saint_qmix,1.3407506942749023
9856,saint_qmix,1.4663639068603516
9857,saint_qmix,0.3901042938232422
9858,saint_qmix,1.0767908096313477
9859,saint_qmix,1.6003532409667969
9860,saint_qmix,1.3378353118896484
9861,saint_qmix,2.3234472274780273
9862,saint_qmix,-1.6068859100341797
9863,saint_qmix,1.6778249740600586
9864,saint_qmix,2.082761764526367
9865,saint_qmix,3.436190605163574
9866,saint_qmix,-0.15621280670166016
9867,saint_qmix,5.227038383483887
9868,saint_qmix,3.0566091537475586
9869,saint_qmix,0.9918413162231445
9870,saint_qmix,0.32349300384521484
9871,saint_qmix,0.3825044631958008
9872,saint_qmix,1.2283430099487305
9873,saint_qmix,2.422290802001953
9874,saint_qmix,0.7830390930175781
9875,saint_qmix,0.719609260559082
9876,saint_qmix,1.6593074798583984
9877,saint_qmix,1.1418123245239258
9878,saint_qmix,1.479288101196289
9879,saint_qmix,4.463347434997559
9880,saint_qmix,1.4964771270751953
9881,saint_qmix,1.319890022277832
9882,saint_qmix,3.270136833190918
9883,saint_qmix,2.6354265213012695
9884,saint_qmix,1.708353042602539
9885,saint_qmix,0.7220497131347656
9886,saint_qmix,0.5032634735107422
9887,saint_qmix,4.266115188598633
9888,saint_qmix,1.763406753540039
9889,saint_qmix,1.409942626953125
9890,saint_qmix,2.085455894470215
9891,saint_qmix,2.0672597885131836
9892,saint_qmix,1.0402469635009766
9893,saint_qmix,-0.1939706802368164
9894,saint_qmix,0.8868503570556641
9895,saint_qmix,1.2857427597045898
9896,saint_qmix,3.41135311126709
9897,saint_qmix,1.8596382141113281
9898,saint_qmix,0.4850473403930664
9899,saint_qmix,3.4155025482177734
9900,saint_qmix,0.4886484146118164
9901,saint_qmix,2.4932785034179688
9902,saint_qmix,2.2201013565063477
9903,saint_qmix,0.017516136169433594
9904,saint_qmix,0.8334646224975586
9905,saint_qmix,4.421627044677734
9906,saint_qmix,1.4341630935668945
9907,saint_qmix,3.052492141723633
9908,saint_qmix,1.4223356246948242
9909,saint_qmix,3.02783203125
9910,saint_qmix,1.2068309783935547
9911,saint_qmix,1.5977106094360352
9912,saint_qmix,3.4601402282714844
9913,saint_qmix,2.074601650238037
9914,saint_qmix,4.648191452026367
9915,saint_qmix,4.570838928222656
9916,saint_qmix,1.8054046630859375
9917,saint_qmix,1.8449420928955078
9918,saint_qmix,0.9431858062744141
9919,saint_qmix,0.48862361907958984
9920,saint_qmix,1.171712875366211
9921,saint_qmix,4.073627471923828
9922,saint_qmix,1.6817779541015625
9923,saint_qmix,0.6530160903930664
9924,saint_qmix,1.4335088729858398
9925,saint_qmix,-0.13971710205078125
9926,saint_qmix,0.15614891052246094
9927,saint_qmix,1.8570785522460938
9928,saint_qmix,4.0898332595825195
9929,saint_qmix,-0.042140960693359375
9930,saint_qmix,4.813742637634277
9931,saint_qmix,2.060762405395508
9932,saint_qmix,1.3601617813110352
9933,saint_qmix,0.23388099670410156
9934,saint_qmix,0.0
9935,saint_qmix,2.5557565689086914
9936,saint_qmix,0.7318496704101562
9937,saint_qmix,0.3861045837402344
9938,saint_qmix,2.1596927642822266
9939,saint_qmix,1.2286081314086914
9940,saint_qmix,1.2691144943237305
9941,saint_qmix,2.5984954833984375
9942,saint_qmix,2.7960872650146484
9943,saint_qmix,2.458303451538086
9944,saint_qmix,5.615629196166992
9945,saint_qmix,3.2393112182617188
9946,saint_qmix,2.611806869506836
9947,saint_qmix,1.5526981353759766
9948,saint_qmix,2.3381996154785156
9949,saint_qmix,1.7348194122314453
9950,saint_qmix,3.7294111251831055
9951,saint_qmix,-0.854644775390625
9952,saint_qmix,0.5080175399780273
9953,saint_qmix,6.140427589416504
9954,saint_qmix,4.340227127075195
9955,saint_qmix,0.8589401245117188
9956,saint_qmix,2.4225120544433594
9957,saint_qmix,0.001743316650390625
9958,saint_qmix,3.6126089096069336
9959,saint_qmix,1.2100553512573242
9960,saint_qmix,0.5370283126831055
9961,saint_qmix,1.4454288482666016
9962,saint_qmix,4.155450820922852
9963,saint_qmix,0.9886884689331055
9964,saint_qmix,0.03942680358886719
9965,saint_qmix,2.1357383728027344
9966,saint_qmix,1.9712333679199219
9967,saint_qmix,2.2155513763427734
9968,saint_qmix,1.7073431015014648
9969,saint_qmix,3.4995174407958984
9970,saint_qmix,1.3564157485961914
9971,saint_qmix,1.4921398162841797
9972,saint_qmix,1.4944267272949219
9973,saint_qmix,1.3068504333496094
9974,saint_qmix,-0.1192169189453125
9975,saint_qmix,1.6354141235351562
9976,saint_qmix,0.6098241806030273
9977,saint_qmix,2.7803125381469727
9978,saint_qmix,4.485296249389648
9979,saint_qmix,0.0033102035522460938
9980,saint_qmix,0.010896682739257812
9981,saint_qmix,0.3187990188598633
9982,saint_qmix,3.6880970001220703
9983,saint_qmix,1.383223533630371
9984,saint_qmix,1.881394386291504
9985,saint_qmix,1.6311111450195312
9986,saint_qmix,0.28217220306396484
9987,saint_qmix,1.3527698516845703
9988,saint_qmix,1.1406183242797852
9989,saint_qmix,6.519375801086426
9990,saint_qmix,1.3351993560791016
9991,saint_qmix,0.8356704711914062
9992,saint_qmix,1.069122314453125
9993,saint_qmix,0.6832942962646484
9994,saint_qmix,-0.4163675308227539
9995,saint_qmix,2.3474807739257812
9996,saint_qmix,0.9480752944946289
9997,saint_qmix,3.0981149673461914
9998,saint_qmix,0.6882238388061523
9999,saint_qmix,2.4637527465820312
10000,saint_qmix,3.7153196334838867
