episode,algo,episode_return
1,saint_sac,0.4226350784301758
2,saint_sac,-0.14501190185546875
3,saint_sac,0.0012826919555664062
4,saint_sac,-0.8914833068847656
5,saint_sac,0.4907054901123047
6,saint_sac,0.1587085723876953
7,saint_sac,0.14497089385986328
8,saint_sac,-0.02706146240234375
9,saint_sac,-0.4400172233581543
10,saint_sac,-0.3541526794433594
11,saint_sac,0.6467742919921875
12,saint_sac,-0.4783897399902344
13,saint_sac,-0.9130935668945312
14,saint_sac,-1.606943130493164
15,saint_sac,-0.47991085052490234
16,saint_sac,0.6990666389465332
17,saint_sac,-0.2873106002807617
18,saint_sac,-0.6441278457641602
19,saint_sac,0.3327217102050781
20,saint_sac,-0.038041114807128906
21,saint_sac,-1.2611627578735352
22,saint_sac,-0.5148296356201172
23,saint_sac,-0.4123659133911133
24,saint_sac,-0.9417638778686523
25,saint_sac,-0.66961669921875
26,saint_sac,0.41944217681884766
27,saint_sac,0.0460357666015625
28,saint_sac,0.011816978454589844
29,saint_sac,-0.12418746948242188
30,saint_sac,-1.2530479431152344
31,saint_sac,0.34017276763916016
32,saint_sac,-0.5868053436279297
33,saint_sac,0.07606124877929688
34,saint_sac,-0.23620128631591797
35,saint_sac,-0.9360208511352539
36,saint_sac,-1.2394390106201172
37,saint_sac,-0.13743019104003906
38,saint_sac,0.35935401916503906
39,saint_sac,0.43013572692871094
40,saint_sac,-0.012115478515625
41,saint_sac,1.4429512023925781
42,saint_sac,-0.15550899505615234
43,saint_sac,-0.08161449432373047
44,saint_sac,-0.08620166778564453
45,saint_sac,-0.5553731918334961
46,saint_sac,-0.37228870391845703
47,saint_sac,0.39627647399902344
48,saint_sac,-0.5316362380981445
49,saint_sac,0.3009147644042969
50,saint_sac,0.013894081115722656
51,saint_sac,0.7602348327636719
52,saint_sac,0.6035270690917969
53,saint_sac,2.6250057220458984
54,saint_sac,1.208298683166504
55,saint_sac,0.874053955078125
56,saint_sac,0.5012521743774414
57,saint_sac,-1.1255035400390625
58,saint_sac,0.5560617446899414
59,saint_sac,1.1910600662231445
60,saint_sac,2.1578855514526367
61,saint_sac,2.1353530883789062
62,saint_sac,1.1413183212280273
63,saint_sac,0.5399627685546875
64,saint_sac,1.2775020599365234
65,saint_sac,2.1163291931152344
66,saint_sac,1.8860149383544922
67,saint_sac,2.675868034362793
68,saint_sac,0.5661716461181641
69,saint_sac,0.3462095260620117
70,saint_sac,-0.03231048583984375
71,saint_sac,1.208857536315918
72,saint_sac,0.4976520538330078
73,saint_sac,0.1603860855102539
74,saint_sac,0.34099769592285156
75,saint_sac,0.47954368591308594
76,saint_sac,2.2775344848632812
77,saint_sac,0.9554042816162109
78,saint_sac,0.7057371139526367
79,saint_sac,1.5165433883666992
80,saint_sac,-1.197432518005371
81,saint_sac,0.12096214294433594
82,saint_sac,0.5332164764404297
83,saint_sac,0.2816963195800781
84,saint_sac,1.4410476684570312
85,saint_sac,-1.0726604461669922
86,saint_sac,2.7068405151367188
87,saint_sac,-0.23414134979248047
88,saint_sac,-0.6395282745361328
89,saint_sac,0.27452754974365234
90,saint_sac,0.4085845947265625
91,saint_sac,0.22880172729492188
92,saint_sac,-0.4679737091064453
93,saint_sac,1.713897705078125
94,saint_sac,1.1883745193481445
95,saint_sac,0.8606185913085938
96,saint_sac,1.1664657592773438
97,saint_sac,0.9812355041503906
98,saint_sac,0.6695022583007812
99,saint_sac,0.6979265213012695
100,saint_sac,2.646181106567383
101,saint_sac,-0.48204803466796875
102,saint_sac,0.6171369552612305
103,saint_sac,2.18985652923584
104,saint_sac,1.9459409713745117
105,saint_sac,-0.011513710021972656
106,saint_sac,0.7097549438476562
107,saint_sac,1.371628761291504
108,saint_sac,1.6876859664916992
109,saint_sac,-0.5146274566650391
110,saint_sac,0.3721761703491211
111,saint_sac,1.620595932006836
112,saint_sac,3.7351131439208984
113,saint_sac,-0.7927780151367188
114,saint_sac,0.46296119689941406
115,saint_sac,1.8856000900268555
116,saint_sac,0.2940988540649414
117,saint_sac,1.2292242050170898
118,saint_sac,-0.10253524780273438
119,saint_sac,3.354279041290283
120,saint_sac,0.10239601135253906
121,saint_sac,0.6853084564208984
122,saint_sac,-1.5927982330322266
123,saint_sac,0.9236927032470703
124,saint_sac,3.7431135177612305
125,saint_sac,0.5708599090576172
126,saint_sac,0.624150276184082
127,saint_sac,0.8644266128540039
128,saint_sac,1.3628177642822266
129,saint_sac,0.8230514526367188
130,saint_sac,-0.06576919555664062
131,saint_sac,2.226705551147461
132,saint_sac,2.0762834548950195
133,saint_sac,2.5313568115234375
134,saint_sac,1.3747615814208984
135,saint_sac,0.2710437774658203
136,saint_sac,0.2433481216430664
137,saint_sac,0.6248588562011719
138,saint_sac,0.2810506820678711
139,saint_sac,-0.9017620086669922
140,saint_sac,1.1831130981445312
141,saint_sac,2.196491241455078
142,saint_sac,0.07600688934326172
143,saint_sac,0.9817676544189453
144,saint_sac,1.179856300354004
145,saint_sac,-0.5530900955200195
146,saint_sac,-0.23407363891601562
147,saint_sac,1.2629165649414062
148,saint_sac,2.5866775512695312
149,saint_sac,-0.45041656494140625
150,saint_sac,0.8696174621582031
151,saint_sac,1.5083980560302734
152,saint_sac,1.000535011291504
153,saint_sac,0.4761981964111328
154,saint_sac,2.985708236694336
155,saint_sac,0.6146478652954102
156,saint_sac,1.5481491088867188
157,saint_sac,1.6166038513183594
158,saint_sac,0.7567424774169922
159,saint_sac,1.3871679306030273
160,saint_sac,1.193582534790039
161,saint_sac,-0.1711864471435547
162,saint_sac,2.149843215942383
163,saint_sac,1.5090827941894531
164,saint_sac,2.859370231628418
165,saint_sac,0.2161569595336914
166,saint_sac,0.5035791397094727
167,saint_sac,1.4836091995239258
168,saint_sac,0.4295930862426758
169,saint_sac,0.6044778823852539
170,saint_sac,-0.1974477767944336
171,saint_sac,2.584871292114258
172,saint_sac,1.0178918838500977
173,saint_sac,0.7178354263305664
174,saint_sac,0.4714679718017578
175,saint_sac,2.317218780517578
176,saint_sac,1.4775581359863281
177,saint_sac,0.9671144485473633
178,saint_sac,1.0822439193725586
179,saint_sac,2.7300548553466797
180,saint_sac,1.027151107788086
181,saint_sac,2.534745216369629
182,saint_sac,0.6363677978515625
183,saint_sac,2.130727767944336
184,saint_sac,1.6686182022094727
185,saint_sac,0.9981517791748047
186,saint_sac,1.364898681640625
187,saint_sac,0.5991191864013672
188,saint_sac,0.14870643615722656
189,saint_sac,0.6651830673217773
190,saint_sac,1.3346023559570312
191,saint_sac,-0.4694175720214844
192,saint_sac,0.608668327331543
193,saint_sac,0.8787336349487305
194,saint_sac,3.561189651489258
195,saint_sac,0.9184322357177734
196,saint_sac,0.1103658676147461
197,saint_sac,2.597874641418457
198,saint_sac,0.5392780303955078
199,saint_sac,-0.07752323150634766
200,saint_sac,2.6687240600585938
201,saint_sac,0.5138397216796875
202,saint_sac,-0.4930438995361328
203,saint_sac,1.0981245040893555
204,saint_sac,2.6229381561279297
205,saint_sac,1.8719358444213867
206,saint_sac,0.6671638488769531
207,saint_sac,0.4653806686401367
208,saint_sac,1.801966667175293
209,saint_sac,-0.22949981689453125
210,saint_sac,1.5122709274291992
211,saint_sac,2.008901596069336
212,saint_sac,-1.0167570114135742
213,saint_sac,-0.914128303527832
214,saint_sac,0.18474960327148438
215,saint_sac,3.6894192695617676
216,saint_sac,-0.33298397064208984
217,saint_sac,1.0938854217529297
218,saint_sac,-0.43241214752197266
219,saint_sac,0.4689664840698242
220,saint_sac,2.2234182357788086
221,saint_sac,0.9996280670166016
222,saint_sac,0.48556995391845703
223,saint_sac,1.5796699523925781
224,saint_sac,2.4903087615966797
225,saint_sac,-0.00994110107421875
226,saint_sac,0.8473443984985352
227,saint_sac,4.585051536560059
228,saint_sac,1.7110891342163086
229,saint_sac,2.18868350982666
230,saint_sac,1.8063440322875977
231,saint_sac,0.6265268325805664
232,saint_sac,1.2102928161621094
233,saint_sac,0.08492374420166016
234,saint_sac,-1.5152225494384766
235,saint_sac,1.7336616516113281
236,saint_sac,-0.2590322494506836
237,saint_sac,0.9509191513061523
238,saint_sac,0.7950649261474609
239,saint_sac,0.72760009765625
240,saint_sac,0.32510852813720703
241,saint_sac,0.5247278213500977
242,saint_sac,0.5581321716308594
243,saint_sac,2.2314224243164062
244,saint_sac,2.5775890350341797
245,saint_sac,0.20731258392333984
246,saint_sac,0.6439800262451172
247,saint_sac,1.0720605850219727
248,saint_sac,1.5614018440246582
249,saint_sac,-2.2223291397094727
250,saint_sac,-0.44718456268310547
251,saint_sac,2.0059804916381836
252,saint_sac,-0.19464778900146484
253,saint_sac,0.13671588897705078
254,saint_sac,-0.2860536575317383
255,saint_sac,2.7345762252807617
256,saint_sac,1.656458854675293
257,saint_sac,-0.9544906616210938
258,saint_sac,0.9195184707641602
259,saint_sac,0.624110221862793
260,saint_sac,1.0830535888671875
261,saint_sac,0.5698986053466797
262,saint_sac,1.293604850769043
263,saint_sac,0.9134502410888672
264,saint_sac,0.870976448059082
265,saint_sac,-0.02249908447265625
266,saint_sac,2.524868965148926
267,saint_sac,-2.681696891784668
268,saint_sac,0.37381935119628906
269,saint_sac,1.4333257675170898
270,saint_sac,-0.5238094329833984
271,saint_sac,2.5407657623291016
272,saint_sac,0.8578815460205078
273,saint_sac,2.218165397644043
274,saint_sac,0.5226688385009766
275,saint_sac,1.653402328491211
276,saint_sac,1.3709564208984375
277,saint_sac,0.6324043273925781
278,saint_sac,0.5070295333862305
279,saint_sac,1.1432266235351562
280,saint_sac,1.8027420043945312
281,saint_sac,0.947810173034668
282,saint_sac,0.46462345123291016
283,saint_sac,-0.14503097534179688
284,saint_sac,0.8871116638183594
285,saint_sac,0.8131923675537109
286,saint_sac,1.8910446166992188
287,saint_sac,-0.16368484497070312
288,saint_sac,1.3343658447265625
289,saint_sac,0.14472293853759766
290,saint_sac,1.5680828094482422
291,saint_sac,-0.07703495025634766
292,saint_sac,0.19149303436279297
293,saint_sac,1.71337890625
294,saint_sac,1.4532642364501953
295,saint_sac,-0.20798587799072266
296,saint_sac,-0.035378456115722656
297,saint_sac,2.2494382858276367
298,saint_sac,1.0845756530761719
299,saint_sac,1.945155143737793
300,saint_sac,-0.1190032958984375
301,saint_sac,2.2033891677856445
302,saint_sac,2.5752315521240234
303,saint_sac,2.8819713592529297
304,saint_sac,-0.6583442687988281
305,saint_sac,0.5872688293457031
306,saint_sac,1.0151262283325195
307,saint_sac,0.6996803283691406
308,saint_sac,1.0299949645996094
309,saint_sac,1.762807846069336
310,saint_sac,0.6755313873291016
311,saint_sac,0.3642091751098633
312,saint_sac,1.6802959442138672
313,saint_sac,-1.9009342193603516
314,saint_sac,2.124817371368408
315,saint_sac,0.0055675506591796875
316,saint_sac,-0.11288738250732422
317,saint_sac,1.395437240600586
318,saint_sac,-0.6114406585693359
319,saint_sac,0.2833375930786133
320,saint_sac,1.4235954284667969
321,saint_sac,0.5671758651733398
322,saint_sac,0.7009258270263672
323,saint_sac,-0.33411121368408203
324,saint_sac,5.827783584594727
325,saint_sac,2.2096357345581055
326,saint_sac,1.475149154663086
327,saint_sac,-2.016233444213867
328,saint_sac,2.3254175186157227
329,saint_sac,0.26425743103027344
330,saint_sac,1.344773292541504
331,saint_sac,1.767110824584961
332,saint_sac,0.9935007095336914
333,saint_sac,1.2438364028930664
334,saint_sac,0.6165494918823242
335,saint_sac,0.8667325973510742
336,saint_sac,0.4872922897338867
337,saint_sac,0.9104690551757812
338,saint_sac,0.7374944686889648
339,saint_sac,3.031278133392334
340,saint_sac,0.4740171432495117
341,saint_sac,0.9227066040039062
342,saint_sac,1.6034278869628906
343,saint_sac,2.491238594055176
344,saint_sac,-0.2477703094482422
345,saint_sac,1.5252361297607422
346,saint_sac,-0.8196401596069336
347,saint_sac,1.6818008422851562
348,saint_sac,0.1910114288330078
349,saint_sac,4.209918975830078
350,saint_sac,2.240123748779297
351,saint_sac,2.429716110229492
352,saint_sac,1.2694625854492188
353,saint_sac,1.3493232727050781
354,saint_sac,0.1100912094116211
355,saint_sac,-0.42998218536376953
356,saint_sac,2.448880195617676
357,saint_sac,0.778834342956543
358,saint_sac,1.5993547439575195
359,saint_sac,0.7201299667358398
360,saint_sac,-0.27576637268066406
361,saint_sac,1.0533866882324219
362,saint_sac,0.4728431701660156
363,saint_sac,0.5254621505737305
364,saint_sac,-0.7803134918212891
365,saint_sac,0.47347354888916016
366,saint_sac,1.568979263305664
367,saint_sac,2.627251625061035
368,saint_sac,0.6229248046875
369,saint_sac,1.2038764953613281
370,saint_sac,1.0006341934204102
371,saint_sac,1.3045063018798828
372,saint_sac,-0.02625751495361328
373,saint_sac,1.3567419052124023
374,saint_sac,1.6990470886230469
375,saint_sac,2.0033512115478516
376,saint_sac,2.1672520637512207
377,saint_sac,1.4126653671264648
378,saint_sac,0.6833047866821289
379,saint_sac,-0.23070526123046875
380,saint_sac,-0.012348175048828125
381,saint_sac,0.19733428955078125
382,saint_sac,2.068589210510254
383,saint_sac,-0.44864845275878906
384,saint_sac,0.9631385803222656
385,saint_sac,2.4713573455810547
386,saint_sac,0.9491024017333984
387,saint_sac,1.889383316040039
388,saint_sac,1.6816530227661133
389,saint_sac,0.3780679702758789
390,saint_sac,0.3602752685546875
391,saint_sac,2.3376665115356445
392,saint_sac,-0.3475942611694336
393,saint_sac,-0.19478988647460938
394,saint_sac,2.218170166015625
395,saint_sac,0.8058452606201172
396,saint_sac,1.6626625061035156
397,saint_sac,1.3030166625976562
398,saint_sac,0.8282690048217773
399,saint_sac,0.7723703384399414
400,saint_sac,0.9302873611450195
401,saint_sac,0.28204822540283203
402,saint_sac,-0.49388694763183594
403,saint_sac,0.15758705139160156
404,saint_sac,-1.0874710083007812
405,saint_sac,-0.033550262451171875
406,saint_sac,0.1423959732055664
407,saint_sac,0.4027557373046875
408,saint_sac,2.005126953125
409,saint_sac,-0.36585426330566406
410,saint_sac,3.393880844116211
411,saint_sac,0.9782037734985352
412,saint_sac,1.0740480422973633
413,saint_sac,1.2913522720336914
414,saint_sac,0.4233818054199219
415,saint_sac,0.6649808883666992
416,saint_sac,1.6180963516235352
417,saint_sac,1.6443500518798828
418,saint_sac,3.083754539489746
419,saint_sac,3.2480993270874023
420,saint_sac,1.7529497146606445
421,saint_sac,-0.5546169281005859
422,saint_sac,3.2503509521484375
423,saint_sac,1.679610252380371
424,saint_sac,1.5560369491577148
425,saint_sac,1.3499584197998047
426,saint_sac,4.326522350311279
427,saint_sac,0.5179653167724609
428,saint_sac,0.24857234954833984
429,saint_sac,3.3893613815307617
430,saint_sac,0.9110994338989258
431,saint_sac,1.4599428176879883
432,saint_sac,2.1946563720703125
433,saint_sac,3.0129165649414062
434,saint_sac,0.3169393539428711
435,saint_sac,0.945220947265625
436,saint_sac,1.0134525299072266
437,saint_sac,0.29523372650146484
438,saint_sac,0.7833881378173828
439,saint_sac,0.29538726806640625
440,saint_sac,0.5186672210693359
441,saint_sac,-0.15421199798583984
442,saint_sac,-0.10438346862792969
443,saint_sac,0.5665283203125
444,saint_sac,0.22056198120117188
445,saint_sac,0.5801773071289062
446,saint_sac,0.8505983352661133
447,saint_sac,0.7166042327880859
448,saint_sac,0.5797643661499023
449,saint_sac,1.3619880676269531
450,saint_sac,1.0362730026245117
451,saint_sac,1.7642383575439453
452,saint_sac,-0.3360328674316406
453,saint_sac,2.6668825149536133
454,saint_sac,-0.3470191955566406
455,saint_sac,0.8238449096679688
456,saint_sac,-0.2669715881347656
457,saint_sac,1.3493452072143555
458,saint_sac,0.8010044097900391
459,saint_sac,0.825404167175293
460,saint_sac,1.0519218444824219
461,saint_sac,0.6700649261474609
462,saint_sac,0.2869577407836914
463,saint_sac,1.653672218322754
464,saint_sac,0.8594751358032227
465,saint_sac,0.7884721755981445
466,saint_sac,2.2762956619262695
467,saint_sac,5.522310733795166
468,saint_sac,0.6294946670532227
469,saint_sac,1.4820632934570312
470,saint_sac,1.695404052734375
471,saint_sac,-0.33971691131591797
472,saint_sac,0.6321401596069336
473,saint_sac,2.25893497467041
474,saint_sac,2.253032684326172
475,saint_sac,0.9577274322509766
476,saint_sac,-0.9945001602172852
477,saint_sac,0.24517822265625
478,saint_sac,1.797964096069336
479,saint_sac,1.1409368515014648
480,saint_sac,-0.3920154571533203
481,saint_sac,1.052175521850586
482,saint_sac,2.131350517272949
483,saint_sac,-0.6042900085449219
484,saint_sac,1.1944761276245117
485,saint_sac,0.6066675186157227
486,saint_sac,2.428609848022461
487,saint_sac,0.7601766586303711
488,saint_sac,1.8811407089233398
489,saint_sac,0.5333080291748047
490,saint_sac,1.4103126525878906
491,saint_sac,1.063328742980957
492,saint_sac,0.5089092254638672
493,saint_sac,3.747091293334961
494,saint_sac,-1.696096420288086
495,saint_sac,2.137571334838867
496,saint_sac,2.448945999145508
497,saint_sac,1.224308967590332
498,saint_sac,3.8956289291381836
499,saint_sac,0.9136085510253906
500,saint_sac,1.6127519607543945
501,saint_sac,0.8351716995239258
502,saint_sac,0.6166954040527344
503,saint_sac,2.3250741958618164
504,saint_sac,0.6640539169311523
505,saint_sac,1.0589427947998047
506,saint_sac,0.8254985809326172
507,saint_sac,2.9558801651000977
508,saint_sac,1.1775016784667969
509,saint_sac,0.38074302673339844
510,saint_sac,0.5101690292358398
511,saint_sac,1.1124610900878906
512,saint_sac,-0.5128517150878906
513,saint_sac,4.768937587738037
514,saint_sac,1.8693056106567383
515,saint_sac,0.7423429489135742
516,saint_sac,-0.3359508514404297
517,saint_sac,0.5314970016479492
518,saint_sac,-0.24861812591552734
519,saint_sac,-0.9410514831542969
520,saint_sac,1.5820283889770508
521,saint_sac,2.367094039916992
522,saint_sac,-1.619135856628418
523,saint_sac,0.7764797210693359
524,saint_sac,0.4788341522216797
525,saint_sac,0.9448642730712891
526,saint_sac,0.6293764114379883
527,saint_sac,0.8893527984619141
528,saint_sac,1.397629737854004
529,saint_sac,-0.21222972869873047
530,saint_sac,0.7266092300415039
531,saint_sac,0.9370250701904297
532,saint_sac,2.3851871490478516
533,saint_sac,3.226613998413086
534,saint_sac,0.9115104675292969
535,saint_sac,4.112093925476074
536,saint_sac,0.32426929473876953
537,saint_sac,-0.43578338623046875
538,saint_sac,0.9813060760498047
539,saint_sac,0.8998517990112305
540,saint_sac,1.1929960250854492
541,saint_sac,1.5532922744750977
542,saint_sac,1.2235565185546875
543,saint_sac,1.2699575424194336
544,saint_sac,2.0707244873046875
545,saint_sac,-0.2225017547607422
546,saint_sac,1.8698463439941406
547,saint_sac,2.6706175804138184
548,saint_sac,1.2371902465820312
549,saint_sac,-0.3926582336425781
550,saint_sac,0.7468156814575195
551,saint_sac,-0.6564359664916992
552,saint_sac,1.8777313232421875
553,saint_sac,0.41057777404785156
554,saint_sac,0.47509002685546875
555,saint_sac,0.42544078826904297
556,saint_sac,1.3536653518676758
557,saint_sac,2.1184911727905273
558,saint_sac,1.6597604751586914
559,saint_sac,-0.6533384323120117
560,saint_sac,0.7492341995239258
561,saint_sac,1.5318737030029297
562,saint_sac,-0.5740852355957031
563,saint_sac,-0.5513734817504883
564,saint_sac,2.8749561309814453
565,saint_sac,1.0705699920654297
566,saint_sac,3.5457239151000977
567,saint_sac,1.5300517082214355
568,saint_sac,1.3036613464355469
569,saint_sac,0.5427875518798828
570,saint_sac,0.07305526733398438
571,saint_sac,0.39705848693847656
572,saint_sac,1.258103370666504
573,saint_sac,1.2731008529663086
574,saint_sac,1.4194602966308594
575,saint_sac,0.5405569076538086
576,saint_sac,1.222273826599121
577,saint_sac,-0.47464466094970703
578,saint_sac,1.4053964614868164
579,saint_sac,0.5950088500976562
580,saint_sac,1.1609811782836914
581,saint_sac,0.3396148681640625
582,saint_sac,1.793802261352539
583,saint_sac,2.3831167221069336
584,saint_sac,-0.026190757751464844
585,saint_sac,0.2644176483154297
586,saint_sac,2.096165657043457
587,saint_sac,3.6539649963378906
588,saint_sac,-0.4985694885253906
589,saint_sac,-0.015583038330078125
590,saint_sac,-0.7798023223876953
591,saint_sac,-0.42919254302978516
592,saint_sac,-0.5381240844726562
593,saint_sac,1.34869384765625
594,saint_sac,0.2484149932861328
595,saint_sac,0.7098684310913086
596,saint_sac,-0.09254169464111328
597,saint_sac,0.49853515625
598,saint_sac,0.9872550964355469
599,saint_sac,-0.9140377044677734
600,saint_sac,1.0260705947875977
601,saint_sac,1.5509138107299805
602,saint_sac,1.3512229919433594
603,saint_sac,-0.7236433029174805
604,saint_sac,4.2195329666137695
605,saint_sac,-0.42977046966552734
606,saint_sac,1.3294391632080078
607,saint_sac,1.0380430221557617
608,saint_sac,1.7150583267211914
609,saint_sac,0.7915439605712891
610,saint_sac,0.9440412521362305
611,saint_sac,-0.47743701934814453
612,saint_sac,-0.25047779083251953
613,saint_sac,2.1531124114990234
614,saint_sac,0.05364799499511719
615,saint_sac,0.6359272003173828
616,saint_sac,0.22910213470458984
617,saint_sac,2.7919082641601562
618,saint_sac,-1.3060245513916016
619,saint_sac,1.0484952926635742
620,saint_sac,1.1777467727661133
621,saint_sac,1.8370790481567383
622,saint_sac,1.2237663269042969
623,saint_sac,1.1893301010131836
624,saint_sac,-0.01682567596435547
625,saint_sac,0.5094385147094727
626,saint_sac,2.860431671142578
627,saint_sac,0.604191780090332
628,saint_sac,1.2114429473876953
629,saint_sac,0.19617176055908203
630,saint_sac,0.4454822540283203
631,saint_sac,1.3446836471557617
632,saint_sac,-0.8663177490234375
633,saint_sac,0.8702907562255859
634,saint_sac,1.2133541107177734
635,saint_sac,0.7260026931762695
636,saint_sac,1.4535140991210938
637,saint_sac,1.9628190994262695
638,saint_sac,0.5327873229980469
639,saint_sac,-0.16694355010986328
640,saint_sac,-0.02890491485595703
641,saint_sac,-0.7446966171264648
642,saint_sac,4.184568405151367
643,saint_sac,1.3441410064697266
644,saint_sac,0.7927446365356445
645,saint_sac,0.08513641357421875
646,saint_sac,1.4505300521850586
647,saint_sac,0.6978025436401367
648,saint_sac,0.22130584716796875
649,saint_sac,-1.0758914947509766
650,saint_sac,1.2381410598754883
651,saint_sac,-1.2528085708618164
652,saint_sac,1.2922725677490234
653,saint_sac,0.5129795074462891
654,saint_sac,0.7187051773071289
655,saint_sac,3.635650634765625
656,saint_sac,1.2673635482788086
657,saint_sac,1.600703239440918
658,saint_sac,1.267599105834961
659,saint_sac,1.1135358810424805
660,saint_sac,1.5814619064331055
661,saint_sac,3.6002912521362305
662,saint_sac,2.361448287963867
663,saint_sac,2.575777053833008
664,saint_sac,0.9233732223510742
665,saint_sac,-0.23861217498779297
666,saint_sac,0.9186286926269531
667,saint_sac,-0.09367942810058594
668,saint_sac,2.249422550201416
669,saint_sac,0.2950153350830078
670,saint_sac,0.17339229583740234
671,saint_sac,0.17029380798339844
672,saint_sac,1.6885604858398438
673,saint_sac,0.3807554244995117
674,saint_sac,1.2143268585205078
675,saint_sac,3.2364463806152344
676,saint_sac,1.1884431838989258
677,saint_sac,1.966752052307129
678,saint_sac,1.273838996887207
679,saint_sac,-0.5047216415405273
680,saint_sac,1.465022087097168
681,saint_sac,0.9061870574951172
682,saint_sac,2.1247763633728027
683,saint_sac,1.3190345764160156
684,saint_sac,0.592437744140625
685,saint_sac,1.040740966796875
686,saint_sac,1.7326412200927734
687,saint_sac,3.5968570709228516
688,saint_sac,0.2108154296875
689,saint_sac,1.5998525619506836
690,saint_sac,0.9222259521484375
691,saint_sac,0.5533533096313477
692,saint_sac,2.0789899826049805
693,saint_sac,0.27575016021728516
694,saint_sac,1.2435188293457031
695,saint_sac,1.4662837982177734
696,saint_sac,-0.2988471984863281
697,saint_sac,2.7822914123535156
698,saint_sac,1.999119758605957
699,saint_sac,1.8476905822753906
700,saint_sac,0.37470245361328125
701,saint_sac,1.1396284103393555
702,saint_sac,0.4364290237426758
703,saint_sac,1.9873743057250977
704,saint_sac,1.787632942199707
705,saint_sac,1.3416194915771484
706,saint_sac,1.0112762451171875
707,saint_sac,3.61331844329834
708,saint_sac,1.0947685241699219
709,saint_sac,-1.2434682846069336
710,saint_sac,1.2063255310058594
711,saint_sac,1.8504829406738281
712,saint_sac,0.3322763442993164
713,saint_sac,0.9625053405761719
714,saint_sac,1.9793815612792969
715,saint_sac,1.0391759872436523
716,saint_sac,2.7153711318969727
717,saint_sac,0.42371177673339844
718,saint_sac,-0.11540031433105469
719,saint_sac,2.312196731567383
720,saint_sac,1.6205101013183594
721,saint_sac,1.3997173309326172
722,saint_sac,2.0668716430664062
723,saint_sac,1.7695026397705078
724,saint_sac,1.1499147415161133
725,saint_sac,1.4164600372314453
726,saint_sac,-1.1728935241699219
727,saint_sac,0.5083703994750977
728,saint_sac,0.5601997375488281
729,saint_sac,1.9715766906738281
730,saint_sac,2.9532241821289062
731,saint_sac,3.365652084350586
732,saint_sac,1.1491212844848633
733,saint_sac,1.8467655181884766
734,saint_sac,1.1564512252807617
735,saint_sac,0.6177186965942383
736,saint_sac,0.2618827819824219
737,saint_sac,0.9190587997436523
738,saint_sac,2.8284988403320312
739,saint_sac,0.6789627075195312
740,saint_sac,-0.20242977142333984
741,saint_sac,0.8488273620605469
742,saint_sac,0.2303304672241211
743,saint_sac,-0.22095680236816406
744,saint_sac,1.2771100997924805
745,saint_sac,1.6038284301757812
746,saint_sac,2.6351985931396484
747,saint_sac,0.20138263702392578
748,saint_sac,2.303765296936035
749,saint_sac,2.217327117919922
750,saint_sac,1.358098030090332
751,saint_sac,0.7611780166625977
752,saint_sac,0.33537960052490234
753,saint_sac,-0.05350971221923828
754,saint_sac,0.4341926574707031
755,saint_sac,0.9410629272460938
756,saint_sac,1.1297836303710938
757,saint_sac,2.4921140670776367
758,saint_sac,0.5538787841796875
759,saint_sac,0.21199512481689453
760,saint_sac,0.2404308319091797
761,saint_sac,0.816411018371582
762,saint_sac,1.7461366653442383
763,saint_sac,2.3180408477783203
764,saint_sac,1.607269287109375
765,saint_sac,0.6292457580566406
766,saint_sac,-0.14110279083251953
767,saint_sac,1.792795181274414
768,saint_sac,0.7106618881225586
769,saint_sac,0.5777797698974609
770,saint_sac,1.3162775039672852
771,saint_sac,0.03932666778564453
772,saint_sac,0.9906349182128906
773,saint_sac,0.850677490234375
774,saint_sac,0.8977575302124023
775,saint_sac,2.5548620223999023
776,saint_sac,2.2750606536865234
777,saint_sac,0.27588367462158203
778,saint_sac,0.7551059722900391
779,saint_sac,0.8475894927978516
780,saint_sac,1.6135950088500977
781,saint_sac,0.032405853271484375
782,saint_sac,0.21658897399902344
783,saint_sac,4.6639404296875
784,saint_sac,-0.09200191497802734
785,saint_sac,0.9942636489868164
786,saint_sac,1.2849054336547852
787,saint_sac,1.0373907089233398
788,saint_sac,1.0998353958129883
789,saint_sac,0.9636259078979492
790,saint_sac,1.5838594436645508
791,saint_sac,0.6444778442382812
792,saint_sac,1.8378047943115234
793,saint_sac,0.9710607528686523
794,saint_sac,-1.7375545501708984
795,saint_sac,1.7892646789550781
796,saint_sac,-0.6593713760375977
797,saint_sac,0.8497934341430664
798,saint_sac,0.3626127243041992
799,saint_sac,1.2469148635864258
800,saint_sac,2.382169723510742
801,saint_sac,1.942631721496582
802,saint_sac,-0.21134281158447266
803,saint_sac,0.793004035949707
804,saint_sac,1.5099563598632812
805,saint_sac,0.8927640914916992
806,saint_sac,3.061145782470703
807,saint_sac,1.8867626190185547
808,saint_sac,-0.34323883056640625
809,saint_sac,2.0227088928222656
810,saint_sac,0.09444618225097656
811,saint_sac,1.1513757705688477
812,saint_sac,0.3104429244995117
813,saint_sac,2.282991409301758
814,saint_sac,0.17223358154296875
815,saint_sac,1.5146417617797852
816,saint_sac,3.4086923599243164
817,saint_sac,0.7840070724487305
818,saint_sac,1.5524349212646484
819,saint_sac,4.532254219055176
820,saint_sac,-0.25127124786376953
821,saint_sac,1.5387458801269531
822,saint_sac,0.36754512786865234
823,saint_sac,4.510459899902344
824,saint_sac,0.9176111221313477
825,saint_sac,1.085214614868164
826,saint_sac,0.5540399551391602
827,saint_sac,0.4452857971191406
828,saint_sac,1.374476432800293
829,saint_sac,1.973221778869629
830,saint_sac,4.770793914794922
831,saint_sac,-0.32466697692871094
832,saint_sac,2.235271453857422
833,saint_sac,1.0502891540527344
834,saint_sac,0.8665924072265625
835,saint_sac,2.244016647338867
836,saint_sac,0.5507888793945312
837,saint_sac,4.075911521911621
838,saint_sac,0.38576698303222656
839,saint_sac,3.6374387741088867
840,saint_sac,3.3513317108154297
841,saint_sac,0.9745750427246094
842,saint_sac,2.6951398849487305
843,saint_sac,0.2400074005126953
844,saint_sac,0.7685461044311523
845,saint_sac,2.6245527267456055
846,saint_sac,1.9773683547973633
847,saint_sac,1.131826400756836
848,saint_sac,-0.6262350082397461
849,saint_sac,-0.1034097671508789
850,saint_sac,1.369537353515625
851,saint_sac,1.9436874389648438
852,saint_sac,2.5393877029418945
853,saint_sac,6.570199489593506
854,saint_sac,-0.541630744934082
855,saint_sac,0.3042888641357422
856,saint_sac,0.6650800704956055
857,saint_sac,1.098078727722168
858,saint_sac,1.204228401184082
859,saint_sac,0.2291584014892578
860,saint_sac,2.117173194885254
861,saint_sac,-0.22685909271240234
862,saint_sac,0.6788120269775391
863,saint_sac,0.4092826843261719
864,saint_sac,2.029129981994629
865,saint_sac,2.2290563583374023
866,saint_sac,0.05059051513671875
867,saint_sac,0.3048591613769531
868,saint_sac,1.9052295684814453
869,saint_sac,-2.0325393676757812
870,saint_sac,1.5960445404052734
871,saint_sac,2.4856605529785156
872,saint_sac,0.6713981628417969
873,saint_sac,2.4894628524780273
874,saint_sac,-0.14024734497070312
875,saint_sac,2.3861637115478516
876,saint_sac,0.20068645477294922
877,saint_sac,1.8829517364501953
878,saint_sac,1.7626161575317383
879,saint_sac,1.0159072875976562
880,saint_sac,0.5752077102661133
881,saint_sac,-0.1205282211303711
882,saint_sac,1.3517045974731445
883,saint_sac,1.8277368545532227
884,saint_sac,4.210358619689941
885,saint_sac,0.6564159393310547
886,saint_sac,1.402231216430664
887,saint_sac,0.8703794479370117
888,saint_sac,-0.14554882049560547
889,saint_sac,0.9183368682861328
890,saint_sac,2.557253837585449
891,saint_sac,0.7294206619262695
892,saint_sac,-0.12557411193847656
893,saint_sac,2.839980125427246
894,saint_sac,0.48474884033203125
895,saint_sac,1.8548669815063477
896,saint_sac,0.3686971664428711
897,saint_sac,2.1792802810668945
898,saint_sac,3.64089298248291
899,saint_sac,2.091197967529297
900,saint_sac,1.5067081451416016
901,saint_sac,-0.3806142807006836
902,saint_sac,4.907441139221191
903,saint_sac,0.9006557464599609
904,saint_sac,2.1377334594726562
905,saint_sac,1.3504600524902344
906,saint_sac,-0.17799949645996094
907,saint_sac,1.2535314559936523
908,saint_sac,1.2908077239990234
909,saint_sac,0.8972949981689453
910,saint_sac,1.8657894134521484
911,saint_sac,1.3559207916259766
912,saint_sac,2.6087846755981445
913,saint_sac,0.770747184753418
914,saint_sac,2.2273406982421875
915,saint_sac,-0.9388256072998047
916,saint_sac,1.4905176162719727
917,saint_sac,1.3581924438476562
918,saint_sac,0.5021743774414062
919,saint_sac,0.06343460083007812
920,saint_sac,1.9055967330932617
921,saint_sac,-1.0940399169921875
922,saint_sac,2.7422094345092773
923,saint_sac,0.7194080352783203
924,saint_sac,0.8945684432983398
925,saint_sac,0.28192901611328125
926,saint_sac,1.1558208465576172
927,saint_sac,0.30420684814453125
928,saint_sac,0.5244789123535156
929,saint_sac,0.36670494079589844
930,saint_sac,1.2754545211791992
931,saint_sac,2.476565361022949
932,saint_sac,2.237700939178467
933,saint_sac,1.9684066772460938
934,saint_sac,-0.09729766845703125
935,saint_sac,0.2050037384033203
936,saint_sac,0.44976806640625
937,saint_sac,2.0225391387939453
938,saint_sac,0.8292245864868164
939,saint_sac,0.6282062530517578
940,saint_sac,3.131056785583496
941,saint_sac,0.08530616760253906
942,saint_sac,0.5880241394042969
943,saint_sac,0.5883579254150391
944,saint_sac,1.0683832168579102
945,saint_sac,1.7110109329223633
946,saint_sac,3.292252540588379
947,saint_sac,0.40145397186279297
948,saint_sac,1.110548973083496
949,saint_sac,1.3256301879882812
950,saint_sac,1.0835752487182617
951,saint_sac,0.44211292266845703
952,saint_sac,1.4304590225219727
953,saint_sac,1.0750799179077148
954,saint_sac,0.3776063919067383
955,saint_sac,0.1655588150024414
956,saint_sac,0.5281877517700195
957,saint_sac,2.8032588958740234
958,saint_sac,3.0766263008117676
959,saint_sac,0.2784757614135742
960,saint_sac,3.796842575073242
961,saint_sac,1.7823591232299805
962,saint_sac,0.7234010696411133
963,saint_sac,0.23336029052734375
964,saint_sac,2.31400203704834
965,saint_sac,1.177347183227539
966,saint_sac,8.04267692565918
967,saint_sac,-0.3514518737792969
968,saint_sac,3.2956275939941406
969,saint_sac,3.246572971343994
970,saint_sac,2.7567191123962402
971,saint_sac,1.336273193359375
972,saint_sac,-0.44213199615478516
973,saint_sac,1.6440181732177734
974,saint_sac,2.8782310485839844
975,saint_sac,1.4889440536499023
976,saint_sac,2.108242988586426
977,saint_sac,0.5562849044799805
978,saint_sac,0.023481369018554688
979,saint_sac,1.7962532043457031
980,saint_sac,-0.5660429000854492
981,saint_sac,0.9229402542114258
982,saint_sac,1.3739404678344727
983,saint_sac,0.9635066986083984
984,saint_sac,-0.7807245254516602
985,saint_sac,2.2221670150756836
986,saint_sac,1.7634553909301758
987,saint_sac,0.42989063262939453
988,saint_sac,2.925410270690918
989,saint_sac,-0.3593416213989258
990,saint_sac,0.2910614013671875
991,saint_sac,1.7284622192382812
992,saint_sac,0.06911659240722656
993,saint_sac,2.0152292251586914
994,saint_sac,0.6453332901000977
995,saint_sac,-0.4758777618408203
996,saint_sac,-1.2881927490234375
997,saint_sac,-0.6275501251220703
998,saint_sac,0.8164663314819336
999,saint_sac,0.5846662521362305
1000,saint_sac,1.939438819885254
1001,saint_sac,-0.6483583450317383
1002,saint_sac,1.6356582641601562
1003,saint_sac,0.7026395797729492
1004,saint_sac,-0.04183387756347656
1005,saint_sac,0.37327003479003906
1006,saint_sac,0.7323112487792969
1007,saint_sac,1.7094669342041016
1008,saint_sac,1.1234445571899414
1009,saint_sac,1.9227628707885742
1010,saint_sac,2.2440881729125977
1011,saint_sac,1.2725811004638672
1012,saint_sac,0.15122222900390625
1013,saint_sac,2.737363815307617
1014,saint_sac,1.366684913635254
1015,saint_sac,1.404740333557129
1016,saint_sac,2.460873603820801
1017,saint_sac,-0.2047576904296875
1018,saint_sac,0.27977848052978516
1019,saint_sac,1.4589815139770508
1020,saint_sac,0.2599201202392578
1021,saint_sac,0.9237728118896484
1022,saint_sac,1.961019515991211
1023,saint_sac,3.953268051147461
1024,saint_sac,1.0968360900878906
1025,saint_sac,0.1121206283569336
1026,saint_sac,2.9734859466552734
1027,saint_sac,1.1115121841430664
1028,saint_sac,2.401524543762207
1029,saint_sac,-1.1000299453735352
1030,saint_sac,-0.815281867980957
1031,saint_sac,0.6910762786865234
1032,saint_sac,-0.7074775695800781
1033,saint_sac,2.7892847061157227
1034,saint_sac,2.4899702072143555
1035,saint_sac,0.19176483154296875
1036,saint_sac,1.2481660842895508
1037,saint_sac,1.8839588165283203
1038,saint_sac,0.7606353759765625
1039,saint_sac,1.938295841217041
1040,saint_sac,0.6154537200927734
1041,saint_sac,-0.5448322296142578
1042,saint_sac,1.0337467193603516
1043,saint_sac,-0.4246559143066406
1044,saint_sac,0.8996076583862305
1045,saint_sac,-1.0661745071411133
1046,saint_sac,1.9269790649414062
1047,saint_sac,0.09769535064697266
1048,saint_sac,1.934682846069336
1049,saint_sac,1.0163869857788086
1050,saint_sac,3.2368698120117188
1051,saint_sac,2.2152504920959473
1052,saint_sac,3.2100839614868164
1053,saint_sac,1.6312360763549805
1054,saint_sac,0.6006402969360352
1055,saint_sac,1.747903823852539
1056,saint_sac,0.8289508819580078
1057,saint_sac,0.3673267364501953
1058,saint_sac,1.5457229614257812
1059,saint_sac,-0.3049135208129883
1060,saint_sac,1.469186782836914
1061,saint_sac,0.239593505859375
1062,saint_sac,0.6463832855224609
1063,saint_sac,-1.466421127319336
1064,saint_sac,4.961878776550293
1065,saint_sac,0.7778301239013672
1066,saint_sac,1.5524959564208984
1067,saint_sac,1.3030433654785156
1068,saint_sac,0.36015892028808594
1069,saint_sac,-0.1414175033569336
1070,saint_sac,1.0519886016845703
1071,saint_sac,2.4657373428344727
1072,saint_sac,0.9124841690063477
1073,saint_sac,1.7202072143554688
1074,saint_sac,2.348237991333008
1075,saint_sac,0.43587303161621094
1076,saint_sac,-0.044663429260253906
1077,saint_sac,3.491352081298828
1078,saint_sac,0.4848508834838867
1079,saint_sac,1.7333106994628906
1080,saint_sac,0.6692419052124023
1081,saint_sac,2.12369441986084
1082,saint_sac,0.05826759338378906
1083,saint_sac,4.704322338104248
1084,saint_sac,0.45116615295410156
1085,saint_sac,-0.7264547348022461
1086,saint_sac,0.6743612289428711
1087,saint_sac,1.3466110229492188
1088,saint_sac,1.645401954650879
1089,saint_sac,0.39167118072509766
1090,saint_sac,0.12018585205078125
1091,saint_sac,-0.19419002532958984
1092,saint_sac,-0.28929996490478516
1093,saint_sac,-0.04366302490234375
1094,saint_sac,2.056534767150879
1095,saint_sac,-1.495615005493164
1096,saint_sac,0.501368522644043
1097,saint_sac,0.7095575332641602
1098,saint_sac,0.2733306884765625
1099,saint_sac,1.4181127548217773
1100,saint_sac,5.139665603637695
1101,saint_sac,1.239095687866211
1102,saint_sac,2.0738296508789062
1103,saint_sac,-0.7021636962890625
1104,saint_sac,1.1194896697998047
1105,saint_sac,0.44576358795166016
1106,saint_sac,0.557835578918457
1107,saint_sac,1.481846809387207
1108,saint_sac,0.024627685546875
1109,saint_sac,1.3485832214355469
1110,saint_sac,-0.6757144927978516
1111,saint_sac,1.271122932434082
1112,saint_sac,-0.25099658966064453
1113,saint_sac,0.7310848236083984
1114,saint_sac,3.0198450088500977
1115,saint_sac,-1.7417068481445312
1116,saint_sac,1.8892431259155273
1117,saint_sac,0.8176631927490234
1118,saint_sac,3.544046401977539
1119,saint_sac,-0.20612335205078125
1120,saint_sac,0.05147838592529297
1121,saint_sac,0.535456657409668
1122,saint_sac,-1.7071008682250977
1123,saint_sac,0.9828968048095703
1124,saint_sac,0.8259792327880859
1125,saint_sac,0.8463516235351562
1126,saint_sac,5.247760772705078
1127,saint_sac,-0.17574214935302734
1128,saint_sac,2.1032724380493164
1129,saint_sac,0.3177833557128906
1130,saint_sac,0.41379642486572266
1131,saint_sac,0.7536640167236328
1132,saint_sac,1.8431034088134766
1133,saint_sac,3.5881361961364746
1134,saint_sac,-0.9021673202514648
1135,saint_sac,-0.6995296478271484
1136,saint_sac,0.6984562873840332
1137,saint_sac,-1.2570476531982422
1138,saint_sac,2.982301712036133
1139,saint_sac,0.10137653350830078
1140,saint_sac,1.6025629043579102
1141,saint_sac,0.28594112396240234
1142,saint_sac,2.86417818069458
1143,saint_sac,1.6577186584472656
1144,saint_sac,4.33799934387207
1145,saint_sac,0.6709098815917969
1146,saint_sac,2.1713333129882812
1147,saint_sac,1.4995851516723633
1148,saint_sac,-0.16331100463867188
1149,saint_sac,2.211162567138672
1150,saint_sac,0.7446565628051758
1151,saint_sac,3.8149633407592773
1152,saint_sac,1.6545047760009766
1153,saint_sac,1.7210721969604492
1154,saint_sac,2.224996566772461
1155,saint_sac,1.064061164855957
1156,saint_sac,2.157632827758789
1157,saint_sac,-0.3490142822265625
1158,saint_sac,3.360383987426758
1159,saint_sac,0.21098709106445312
1160,saint_sac,2.9240055084228516
1161,saint_sac,2.008119583129883
1162,saint_sac,0.7759885787963867
1163,saint_sac,-1.2541427612304688
1164,saint_sac,4.180481910705566
1165,saint_sac,0.0032625198364257812
1166,saint_sac,3.1415481567382812
1167,saint_sac,3.196096420288086
1168,saint_sac,0.6892890930175781
1169,saint_sac,-0.24974536895751953
1170,saint_sac,2.2632017135620117
1171,saint_sac,1.5073585510253906
1172,saint_sac,0.9940299987792969
1173,saint_sac,0.6050758361816406
1174,saint_sac,3.806084156036377
1175,saint_sac,-0.20151710510253906
1176,saint_sac,0.39281272888183594
1177,saint_sac,1.0516090393066406
1178,saint_sac,0.7727203369140625
1179,saint_sac,2.095089912414551
1180,saint_sac,1.641897201538086
1181,saint_sac,0.8618965148925781
1182,saint_sac,1.0938043594360352
1183,saint_sac,2.1469078063964844
1184,saint_sac,1.2044811248779297
1185,saint_sac,0.7560691833496094
1186,saint_sac,2.5938663482666016
1187,saint_sac,1.868546485900879
1188,saint_sac,3.656588554382324
1189,saint_sac,1.2534637451171875
1190,saint_sac,1.9920949935913086
1191,saint_sac,-0.054152488708496094
1192,saint_sac,0.8967599868774414
1193,saint_sac,3.036026954650879
1194,saint_sac,0.9788122177124023
1195,saint_sac,-0.32863330841064453
1196,saint_sac,0.3366889953613281
1197,saint_sac,2.186433792114258
1198,saint_sac,0.43358516693115234
1199,saint_sac,1.8981494903564453
1200,saint_sac,0.8028984069824219
1201,saint_sac,1.440770149230957
1202,saint_sac,-0.6510915756225586
1203,saint_sac,-0.700444221496582
1204,saint_sac,0.0804586410522461
1205,saint_sac,3.3970870971679688
1206,saint_sac,0.1567363739013672
1207,saint_sac,1.207204818725586
1208,saint_sac,2.2930288314819336
1209,saint_sac,0.8124113082885742
1210,saint_sac,1.3961868286132812
1211,saint_sac,2.0943069458007812
1212,saint_sac,0.7858810424804688
1213,saint_sac,3.3794775009155273
1214,saint_sac,0.8340845108032227
1215,saint_sac,0.9017744064331055
1216,saint_sac,0.9261941909790039
1217,saint_sac,1.2674779891967773
1218,saint_sac,-0.6951112747192383
1219,saint_sac,0.4128713607788086
1220,saint_sac,4.0721893310546875
1221,saint_sac,1.3855657577514648
1222,saint_sac,3.5211563110351562
1223,saint_sac,0.5697975158691406
1224,saint_sac,0.3398628234863281
1225,saint_sac,1.9494686126708984
1226,saint_sac,2.4023284912109375
1227,saint_sac,0.4911346435546875
1228,saint_sac,2.038548469543457
1229,saint_sac,2.57283878326416
1230,saint_sac,2.894763946533203
1231,saint_sac,1.1855583190917969
1232,saint_sac,0.6733217239379883
1233,saint_sac,0.3285789489746094
1234,saint_sac,2.8468856811523438
1235,saint_sac,1.9297943115234375
1236,saint_sac,1.9059152603149414
1237,saint_sac,1.236307144165039
1238,saint_sac,2.3283557891845703
1239,saint_sac,-0.29584693908691406
1240,saint_sac,2.054229736328125
1241,saint_sac,4.317400932312012
1242,saint_sac,2.734339714050293
1243,saint_sac,1.3350582122802734
1244,saint_sac,1.9615478515625
1245,saint_sac,0.4833049774169922
1246,saint_sac,0.8906545639038086
1247,saint_sac,0.7611083984375
1248,saint_sac,0.5197105407714844
1249,saint_sac,-0.0430145263671875
1250,saint_sac,-0.4732236862182617
1251,saint_sac,1.3198318481445312
1252,saint_sac,0.6255407333374023
1253,saint_sac,4.101626396179199
1254,saint_sac,1.6603021621704102
1255,saint_sac,-0.7265987396240234
1256,saint_sac,1.0088691711425781
1257,saint_sac,1.1349992752075195
1258,saint_sac,1.9459562301635742
1259,saint_sac,0.7497797012329102
1260,saint_sac,0.7073440551757812
1261,saint_sac,0.9558391571044922
1262,saint_sac,0.8919706344604492
1263,saint_sac,3.3082046508789062
1264,saint_sac,0.12310123443603516
1265,saint_sac,-0.5771322250366211
1266,saint_sac,1.3467597961425781
1267,saint_sac,4.07066535949707
1268,saint_sac,1.5432205200195312
1269,saint_sac,0.21497154235839844
1270,saint_sac,1.559159278869629
1271,saint_sac,-0.17195987701416016
1272,saint_sac,-0.4570960998535156
1273,saint_sac,3.4645376205444336
1274,saint_sac,0.8500194549560547
1275,saint_sac,2.6048316955566406
1276,saint_sac,1.115340232849121
1277,saint_sac,1.9078311920166016
1278,saint_sac,2.558931350708008
1279,saint_sac,1.080923080444336
1280,saint_sac,1.621565818786621
1281,saint_sac,0.8237171173095703
1282,saint_sac,3.4275808334350586
1283,saint_sac,0.9339284896850586
1284,saint_sac,1.7292852401733398
1285,saint_sac,1.0850677490234375
1286,saint_sac,1.315032958984375
1287,saint_sac,0.7005672454833984
1288,saint_sac,0.10836505889892578
1289,saint_sac,2.2184810638427734
1290,saint_sac,1.8159675598144531
1291,saint_sac,5.786055564880371
1292,saint_sac,2.4363174438476562
1293,saint_sac,0.5886068344116211
1294,saint_sac,0.15831375122070312
1295,saint_sac,2.6849679946899414
1296,saint_sac,0.6964797973632812
1297,saint_sac,0.7304306030273438
1298,saint_sac,2.0236363410949707
1299,saint_sac,2.2803192138671875
1300,saint_sac,3.706130027770996
1301,saint_sac,0.9184532165527344
1302,saint_sac,0.6205511093139648
1303,saint_sac,2.122530937194824
1304,saint_sac,1.3031911849975586
1305,saint_sac,1.0791606903076172
1306,saint_sac,1.5976486206054688
1307,saint_sac,2.0213704109191895
1308,saint_sac,1.4424762725830078
1309,saint_sac,0.2238759994506836
1310,saint_sac,0.1323690414428711
1311,saint_sac,2.010403633117676
1312,saint_sac,3.576503276824951
1313,saint_sac,3.2546567916870117
1314,saint_sac,-0.025617599487304688
1315,saint_sac,1.3667488098144531
1316,saint_sac,0.2793092727661133
1317,saint_sac,1.5726776123046875
1318,saint_sac,4.424936294555664
1319,saint_sac,3.064568519592285
1320,saint_sac,2.2911930084228516
1321,saint_sac,3.9528980255126953
1322,saint_sac,1.2515687942504883
1323,saint_sac,0.598088264465332
1324,saint_sac,0.8548555374145508
1325,saint_sac,2.645021438598633
1326,saint_sac,4.249039649963379
1327,saint_sac,-0.0984964370727539
1328,saint_sac,0.6317005157470703
1329,saint_sac,1.878580093383789
1330,saint_sac,0.290435791015625
1331,saint_sac,2.827869415283203
1332,saint_sac,0.4901304244995117
1333,saint_sac,0.8624744415283203
1334,saint_sac,-0.5573482513427734
1335,saint_sac,1.4277124404907227
1336,saint_sac,1.4851493835449219
1337,saint_sac,0.6491203308105469
1338,saint_sac,1.4851799011230469
1339,saint_sac,1.0300884246826172
1340,saint_sac,0.6630525588989258
1341,saint_sac,-0.5108804702758789
1342,saint_sac,0.2596778869628906
1343,saint_sac,0.8405904769897461
1344,saint_sac,-0.7655773162841797
1345,saint_sac,3.2210965156555176
1346,saint_sac,0.1087942123413086
1347,saint_sac,2.4792118072509766
1348,saint_sac,0.9237146377563477
1349,saint_sac,1.0571327209472656
1350,saint_sac,1.5727806091308594
1351,saint_sac,2.123713493347168
1352,saint_sac,-0.04277610778808594
1353,saint_sac,1.0139341354370117
1354,saint_sac,1.5105953216552734
1355,saint_sac,0.755645751953125
1356,saint_sac,1.4618587493896484
1357,saint_sac,0.862884521484375
1358,saint_sac,0.6890478134155273
1359,saint_sac,2.0247421264648438
1360,saint_sac,4.128437042236328
1361,saint_sac,2.1070804595947266
1362,saint_sac,0.8708057403564453
1363,saint_sac,-0.2025127410888672
1364,saint_sac,1.0501928329467773
1365,saint_sac,0.7122020721435547
1366,saint_sac,0.4526824951171875
1367,saint_sac,1.5002384185791016
1368,saint_sac,0.3900899887084961
1369,saint_sac,1.986220359802246
1370,saint_sac,1.3763980865478516
1371,saint_sac,0.5758590698242188
1372,saint_sac,1.2164716720581055
1373,saint_sac,0.9359731674194336
1374,saint_sac,1.5309171676635742
1375,saint_sac,1.3456697463989258
1376,saint_sac,1.0757818222045898
1377,saint_sac,2.692850112915039
1378,saint_sac,0.7601842880249023
1379,saint_sac,1.3831100463867188
1380,saint_sac,-0.6489677429199219
1381,saint_sac,2.573369026184082
1382,saint_sac,1.2453269958496094
1383,saint_sac,1.264460563659668
1384,saint_sac,1.1730384826660156
1385,saint_sac,2.2954416275024414
1386,saint_sac,2.0600662231445312
1387,saint_sac,0.5668458938598633
1388,saint_sac,2.6860666275024414
1389,saint_sac,3.2824792861938477
1390,saint_sac,3.425168991088867
1391,saint_sac,1.6999216079711914
1392,saint_sac,-0.2754058837890625
1393,saint_sac,1.1256217956542969
1394,saint_sac,1.5988712310791016
1395,saint_sac,2.791278839111328
1396,saint_sac,1.4189424514770508
1397,saint_sac,0.1825408935546875
1398,saint_sac,2.3270301818847656
1399,saint_sac,2.397266387939453
1400,saint_sac,-1.7468891143798828
1401,saint_sac,0.9880867004394531
1402,saint_sac,1.6175670623779297
1403,saint_sac,-0.5245361328125
1404,saint_sac,0.45047664642333984
1405,saint_sac,0.5726699829101562
1406,saint_sac,0.941096305847168
1407,saint_sac,0.17623615264892578
1408,saint_sac,0.7899703979492188
1409,saint_sac,1.9406843185424805
1410,saint_sac,1.3387994766235352
1411,saint_sac,0.28565025329589844
1412,saint_sac,1.2165651321411133
1413,saint_sac,1.0987281799316406
1414,saint_sac,-0.8813924789428711
1415,saint_sac,0.20797348022460938
1416,saint_sac,0.4720020294189453
1417,saint_sac,1.1730365753173828
1418,saint_sac,1.4712772369384766
1419,saint_sac,0.41794300079345703
1420,saint_sac,-0.5765228271484375
1421,saint_sac,0.48301029205322266
1422,saint_sac,3.901667594909668
1423,saint_sac,1.240525245666504
1424,saint_sac,2.9108352661132812
1425,saint_sac,0.5932188034057617
1426,saint_sac,0.7626800537109375
1427,saint_sac,0.7342987060546875
1428,saint_sac,2.5314130783081055
1429,saint_sac,2.161893844604492
1430,saint_sac,2.204644203186035
1431,saint_sac,2.4596080780029297
1432,saint_sac,0.8245153427124023
1433,saint_sac,-0.30259132385253906
1434,saint_sac,2.403993606567383
1435,saint_sac,0.1257495880126953
1436,saint_sac,0.11327648162841797
1437,saint_sac,0.03876018524169922
1438,saint_sac,0.9569149017333984
1439,saint_sac,-0.37937355041503906
1440,saint_sac,1.8933534622192383
1441,saint_sac,-0.02445507049560547
1442,saint_sac,0.7022514343261719
1443,saint_sac,0.2833595275878906
1444,saint_sac,-1.1721467971801758
1445,saint_sac,6.423548698425293
1446,saint_sac,1.3082752227783203
1447,saint_sac,1.26251220703125
1448,saint_sac,-2.0943384170532227
1449,saint_sac,0.13561439514160156
1450,saint_sac,0.7039775848388672
1451,saint_sac,2.123872756958008
1452,saint_sac,-0.7352428436279297
1453,saint_sac,0.03436565399169922
1454,saint_sac,3.089151382446289
1455,saint_sac,1.618917465209961
1456,saint_sac,0.6940374374389648
1457,saint_sac,0.8264360427856445
1458,saint_sac,2.2130918502807617
1459,saint_sac,3.566436767578125
1460,saint_sac,1.8054542541503906
1461,saint_sac,0.5714292526245117
1462,saint_sac,2.5547714233398438
1463,saint_sac,3.7255043983459473
1464,saint_sac,0.5318574905395508
1465,saint_sac,2.2561349868774414
1466,saint_sac,0.7813148498535156
1467,saint_sac,-0.5259857177734375
1468,saint_sac,0.5277833938598633
1469,saint_sac,0.40322399139404297
1470,saint_sac,1.7516489028930664
1471,saint_sac,1.2407474517822266
1472,saint_sac,0.8341293334960938
1473,saint_sac,1.8480405807495117
1474,saint_sac,-0.17012786865234375
1475,saint_sac,0.3187131881713867
1476,saint_sac,1.2043914794921875
1477,saint_sac,0.22896862030029297
1478,saint_sac,-0.5004196166992188
1479,saint_sac,1.0216503143310547
1480,saint_sac,1.725107192993164
1481,saint_sac,1.3321142196655273
1482,saint_sac,0.8180999755859375
1483,saint_sac,4.592682838439941
1484,saint_sac,0.7844715118408203
1485,saint_sac,0.06289005279541016
1486,saint_sac,0.928492546081543
1487,saint_sac,4.714814186096191
1488,saint_sac,0.22181320190429688
1489,saint_sac,1.6145648956298828
1490,saint_sac,1.8631105422973633
1491,saint_sac,3.763589859008789
1492,saint_sac,0.9972000122070312
1493,saint_sac,4.025406837463379
1494,saint_sac,1.1428794860839844
1495,saint_sac,-0.5377521514892578
1496,saint_sac,2.246199607849121
1497,saint_sac,-0.6699800491333008
1498,saint_sac,-0.2390146255493164
1499,saint_sac,0.24462127685546875
1500,saint_sac,0.9194812774658203
1501,saint_sac,0.1664905548095703
1502,saint_sac,3.27780818939209
1503,saint_sac,-0.3689403533935547
1504,saint_sac,0.5372829437255859
1505,saint_sac,0.7468376159667969
1506,saint_sac,0.32354068756103516
1507,saint_sac,1.584280014038086
1508,saint_sac,4.206391334533691
1509,saint_sac,1.3866796493530273
1510,saint_sac,1.3915252685546875
1511,saint_sac,0.9412260055541992
1512,saint_sac,3.5920753479003906
1513,saint_sac,3.1195950508117676
1514,saint_sac,-1.247056007385254
1515,saint_sac,-0.0018129348754882812
1516,saint_sac,-0.1897573471069336
1517,saint_sac,1.6557483673095703
1518,saint_sac,0.3928499221801758
1519,saint_sac,2.257812023162842
1520,saint_sac,2.4884204864501953
1521,saint_sac,1.0053634643554688
1522,saint_sac,0.6625709533691406
1523,saint_sac,0.6463184356689453
1524,saint_sac,0.8851556777954102
1525,saint_sac,2.5997962951660156
1526,saint_sac,-0.021468162536621094
1527,saint_sac,2.293123245239258
1528,saint_sac,0.9646444320678711
1529,saint_sac,1.7035894393920898
1530,saint_sac,3.0339765548706055
1531,saint_sac,3.4074201583862305
1532,saint_sac,1.725020408630371
1533,saint_sac,1.8790521621704102
1534,saint_sac,0.3067512512207031
1535,saint_sac,-0.2229137420654297
1536,saint_sac,-0.6221828460693359
1537,saint_sac,-1.2456741333007812
1538,saint_sac,0.12688446044921875
1539,saint_sac,0.8791065216064453
1540,saint_sac,2.5037317276000977
1541,saint_sac,0.7728977203369141
1542,saint_sac,1.2486152648925781
1543,saint_sac,-0.30480194091796875
1544,saint_sac,1.047663688659668
1545,saint_sac,0.9607028961181641
1546,saint_sac,1.937657356262207
1547,saint_sac,-0.5851001739501953
1548,saint_sac,0.3953218460083008
1549,saint_sac,0.5913629531860352
1550,saint_sac,0.8372993469238281
1551,saint_sac,1.678945541381836
1552,saint_sac,0.8542881011962891
1553,saint_sac,1.7956809997558594
1554,saint_sac,1.1981372833251953
1555,saint_sac,-1.8355827331542969
1556,saint_sac,0.34461402893066406
1557,saint_sac,1.4918537139892578
1558,saint_sac,0.12629127502441406
1559,saint_sac,2.5279078483581543
1560,saint_sac,1.4326133728027344
1561,saint_sac,0.09195613861083984
1562,saint_sac,1.0738277435302734
1563,saint_sac,1.0064620971679688
1564,saint_sac,0.09523582458496094
1565,saint_sac,1.1685142517089844
1566,saint_sac,1.3784284591674805
1567,saint_sac,0.11638641357421875
1568,saint_sac,0.6072940826416016
1569,saint_sac,2.8661556243896484
1570,saint_sac,1.6558666229248047
1571,saint_sac,1.5743999481201172
1572,saint_sac,-0.27863311767578125
1573,saint_sac,1.634516716003418
1574,saint_sac,1.361557960510254
1575,saint_sac,1.9496536254882812
1576,saint_sac,1.6647138595581055
1577,saint_sac,0.7550697326660156
1578,saint_sac,-0.2378854751586914
1579,saint_sac,-0.2191143035888672
1580,saint_sac,3.639280319213867
1581,saint_sac,1.1607532501220703
1582,saint_sac,1.886673927307129
1583,saint_sac,-2.2112693786621094
1584,saint_sac,3.367542266845703
1585,saint_sac,2.2100086212158203
1586,saint_sac,2.1641693115234375
1587,saint_sac,0.039947509765625
1588,saint_sac,1.0774774551391602
1589,saint_sac,1.1722192764282227
1590,saint_sac,1.1385698318481445
1591,saint_sac,1.6875123977661133
1592,saint_sac,2.064983367919922
1593,saint_sac,1.0455865859985352
1594,saint_sac,1.460275650024414
1595,saint_sac,-0.6895456314086914
1596,saint_sac,0.19168853759765625
1597,saint_sac,0.5609197616577148
1598,saint_sac,0.7188777923583984
1599,saint_sac,0.5781974792480469
1600,saint_sac,1.791543960571289
1601,saint_sac,0.7648591995239258
1602,saint_sac,1.4709243774414062
1603,saint_sac,0.6654834747314453
1604,saint_sac,2.7913026809692383
1605,saint_sac,-0.17938613891601562
1606,saint_sac,1.2419567108154297
1607,saint_sac,1.3217859268188477
1608,saint_sac,2.2885818481445312
1609,saint_sac,0.08680152893066406
1610,saint_sac,0.2830228805541992
1611,saint_sac,1.1604204177856445
1612,saint_sac,1.1018142700195312
1613,saint_sac,-0.11209869384765625
1614,saint_sac,0.8207426071166992
1615,saint_sac,1.6044025421142578
1616,saint_sac,-0.19396018981933594
1617,saint_sac,1.0833778381347656
1618,saint_sac,1.1294832229614258
1619,saint_sac,0.7236213684082031
1620,saint_sac,0.35701751708984375
1621,saint_sac,0.3720521926879883
1622,saint_sac,1.1937675476074219
1623,saint_sac,1.1746883392333984
1624,saint_sac,0.5224847793579102
1625,saint_sac,-0.09870719909667969
1626,saint_sac,0.32581329345703125
1627,saint_sac,1.3300399780273438
1628,saint_sac,0.5596170425415039
1629,saint_sac,0.6945056915283203
1630,saint_sac,0.2206106185913086
1631,saint_sac,0.4404115676879883
1632,saint_sac,0.6847724914550781
1633,saint_sac,-0.9285440444946289
1634,saint_sac,2.5298023223876953
1635,saint_sac,0.8267412185668945
1636,saint_sac,2.15303897857666
1637,saint_sac,0.3439216613769531
1638,saint_sac,1.6261911392211914
1639,saint_sac,-0.7561378479003906
1640,saint_sac,0.8027029037475586
1641,saint_sac,0.8904590606689453
1642,saint_sac,0.26819801330566406
1643,saint_sac,1.2839946746826172
1644,saint_sac,2.7002315521240234
1645,saint_sac,0.5579605102539062
1646,saint_sac,1.2194929122924805
1647,saint_sac,1.6496820449829102
1648,saint_sac,1.3911657333374023
1649,saint_sac,0.9008007049560547
1650,saint_sac,3.3227462768554688
1651,saint_sac,1.695028305053711
1652,saint_sac,1.195939064025879
1653,saint_sac,0.568943977355957
1654,saint_sac,0.39922523498535156
1655,saint_sac,0.04924964904785156
1656,saint_sac,0.6322536468505859
1657,saint_sac,1.3444385528564453
1658,saint_sac,0.9810056686401367
1659,saint_sac,1.116715431213379
1660,saint_sac,0.49005603790283203
1661,saint_sac,-0.27797603607177734
1662,saint_sac,2.0729808807373047
1663,saint_sac,0.6110734939575195
1664,saint_sac,1.4209680557250977
1665,saint_sac,1.0328178405761719
1666,saint_sac,1.1083183288574219
1667,saint_sac,0.8430414199829102
1668,saint_sac,1.3280086517333984
1669,saint_sac,1.272451400756836
1670,saint_sac,3.700385093688965
1671,saint_sac,2.0726146697998047
1672,saint_sac,1.575887680053711
1673,saint_sac,-0.5901298522949219
1674,saint_sac,-0.09560394287109375
1675,saint_sac,0.4650611877441406
1676,saint_sac,0.1493206024169922
1677,saint_sac,0.722926139831543
1678,saint_sac,2.7159423828125
1679,saint_sac,3.850102424621582
1680,saint_sac,1.1809520721435547
1681,saint_sac,-1.2037687301635742
1682,saint_sac,0.7095680236816406
1683,saint_sac,1.0322399139404297
1684,saint_sac,1.511876106262207
1685,saint_sac,1.8305444717407227
1686,saint_sac,1.2138700485229492
1687,saint_sac,0.9335556030273438
1688,saint_sac,0.07768058776855469
1689,saint_sac,0.23778820037841797
1690,saint_sac,0.8919401168823242
1691,saint_sac,1.4248647689819336
1692,saint_sac,1.1630277633666992
1693,saint_sac,1.094426155090332
1694,saint_sac,1.7502050399780273
1695,saint_sac,2.1810617446899414
1696,saint_sac,1.7548942565917969
1697,saint_sac,0.7147970199584961
1698,saint_sac,0.7541322708129883
1699,saint_sac,0.4848299026489258
1700,saint_sac,1.5015697479248047
1701,saint_sac,1.1437311172485352
1702,saint_sac,1.8537960052490234
1703,saint_sac,1.7759618759155273
1704,saint_sac,1.1031036376953125
1705,saint_sac,1.0768547058105469
1706,saint_sac,2.4242658615112305
1707,saint_sac,1.6654205322265625
1708,saint_sac,5.37957239151001
1709,saint_sac,0.5566368103027344
1710,saint_sac,2.8689231872558594
1711,saint_sac,3.998455047607422
1712,saint_sac,1.3433399200439453
1713,saint_sac,0.3213787078857422
1714,saint_sac,2.0253524780273438
1715,saint_sac,-0.7487726211547852
1716,saint_sac,4.763206481933594
1717,saint_sac,3.011514663696289
1718,saint_sac,0.12321281433105469
1719,saint_sac,-1.518082618713379
1720,saint_sac,2.354074478149414
1721,saint_sac,0.7720632553100586
1722,saint_sac,1.190237045288086
1723,saint_sac,0.7919111251831055
1724,saint_sac,0.6447000503540039
1725,saint_sac,0.044989585876464844
1726,saint_sac,0.9617691040039062
1727,saint_sac,-0.5005531311035156
1728,saint_sac,3.230815887451172
1729,saint_sac,2.6557884216308594
1730,saint_sac,0.5386447906494141
1731,saint_sac,0.5655899047851562
1732,saint_sac,0.9561061859130859
1733,saint_sac,-0.31671810150146484
1734,saint_sac,1.077188491821289
1735,saint_sac,0.9308929443359375
1736,saint_sac,3.876392364501953
1737,saint_sac,1.5154809951782227
1738,saint_sac,1.107316017150879
1739,saint_sac,1.2855587005615234
1740,saint_sac,-0.11556816101074219
1741,saint_sac,-0.020900726318359375
1742,saint_sac,0.3884563446044922
1743,saint_sac,0.3936033248901367
1744,saint_sac,0.4944467544555664
1745,saint_sac,2.988398551940918
1746,saint_sac,1.013138771057129
1747,saint_sac,1.533029556274414
1748,saint_sac,0.9735260009765625
1749,saint_sac,1.5286483764648438
1750,saint_sac,0.24169540405273438
1751,saint_sac,-0.03011798858642578
1752,saint_sac,1.3975486755371094
1753,saint_sac,-0.4891166687011719
1754,saint_sac,0.3034658432006836
1755,saint_sac,0.5044326782226562
1756,saint_sac,2.1885738372802734
1757,saint_sac,2.2533111572265625
1758,saint_sac,0.32471370697021484
1759,saint_sac,1.351430892944336
1760,saint_sac,2.277019500732422
1761,saint_sac,-0.35030555725097656
1762,saint_sac,1.8475656509399414
1763,saint_sac,5.157605171203613
1764,saint_sac,-0.772791862487793
1765,saint_sac,1.1551971435546875
1766,saint_sac,1.1426362991333008
1767,saint_sac,2.302978515625
1768,saint_sac,0.9382839202880859
1769,saint_sac,0.11056137084960938
1770,saint_sac,1.199777603149414
1771,saint_sac,4.2464094161987305
1772,saint_sac,0.522242546081543
1773,saint_sac,0.6878595352172852
1774,saint_sac,1.5525217056274414
1775,saint_sac,1.9434919357299805
1776,saint_sac,0.056003570556640625
1777,saint_sac,1.2314891815185547
1778,saint_sac,0.9016189575195312
1779,saint_sac,0.6233110427856445
1780,saint_sac,1.1560344696044922
1781,saint_sac,3.1854000091552734
1782,saint_sac,1.240243911743164
1783,saint_sac,1.2655067443847656
1784,saint_sac,0.21051311492919922
1785,saint_sac,3.9519119262695312
1786,saint_sac,0.09750843048095703
1787,saint_sac,0.4647388458251953
1788,saint_sac,1.0023345947265625
1789,saint_sac,0.22923946380615234
1790,saint_sac,0.7278957366943359
1791,saint_sac,0.6988649368286133
1792,saint_sac,3.5757246017456055
1793,saint_sac,1.5649738311767578
1794,saint_sac,3.169997215270996
1795,saint_sac,1.2244281768798828
1796,saint_sac,0.9714603424072266
1797,saint_sac,1.4487724304199219
1798,saint_sac,0.8555755615234375
1799,saint_sac,0.6089382171630859
1800,saint_sac,3.703413963317871
1801,saint_sac,0.9554681777954102
1802,saint_sac,2.4128618240356445
1803,saint_sac,-0.06793975830078125
1804,saint_sac,1.2697114944458008
1805,saint_sac,3.382802963256836
1806,saint_sac,2.797675132751465
1807,saint_sac,-0.02875232696533203
1808,saint_sac,1.2405414581298828
1809,saint_sac,2.9640674591064453
1810,saint_sac,2.1024169921875
1811,saint_sac,3.7858200073242188
1812,saint_sac,3.613862991333008
1813,saint_sac,0.1611461639404297
1814,saint_sac,0.7991523742675781
1815,saint_sac,1.3381385803222656
1816,saint_sac,1.1430559158325195
1817,saint_sac,0.3901033401489258
1818,saint_sac,1.3912391662597656
1819,saint_sac,2.595500946044922
1820,saint_sac,2.6161422729492188
1821,saint_sac,0.5409727096557617
1822,saint_sac,2.614325523376465
1823,saint_sac,1.8506841659545898
1824,saint_sac,-2.4507646560668945
1825,saint_sac,3.703951835632324
1826,saint_sac,1.16595458984375
1827,saint_sac,1.262918472290039
1828,saint_sac,2.9426422119140625
1829,saint_sac,1.6235666275024414
1830,saint_sac,1.8228082656860352
1831,saint_sac,2.5158777236938477
1832,saint_sac,1.883000373840332
1833,saint_sac,-0.4552946090698242
1834,saint_sac,2.204939842224121
1835,saint_sac,-0.3758049011230469
1836,saint_sac,1.7327709197998047
1837,saint_sac,0.45136165618896484
1838,saint_sac,0.7738428115844727
1839,saint_sac,0.5221977233886719
1840,saint_sac,0.7474870681762695
1841,saint_sac,-0.07327842712402344
1842,saint_sac,0.4346284866333008
1843,saint_sac,1.4881839752197266
1844,saint_sac,1.415487289428711
1845,saint_sac,1.1531562805175781
1846,saint_sac,3.8882341384887695
1847,saint_sac,0.9974966049194336
1848,saint_sac,1.0519638061523438
1849,saint_sac,0.5243797302246094
1850,saint_sac,-0.051731109619140625
1851,saint_sac,-0.7433795928955078
1852,saint_sac,1.0399904251098633
1853,saint_sac,0.8238143920898438
1854,saint_sac,1.5590705871582031
1855,saint_sac,1.3693084716796875
1856,saint_sac,1.1869373321533203
1857,saint_sac,0.14774799346923828
1858,saint_sac,1.2179431915283203
1859,saint_sac,-0.3722820281982422
1860,saint_sac,0.6292095184326172
1861,saint_sac,-1.3321294784545898
1862,saint_sac,1.2969083786010742
1863,saint_sac,2.3818492889404297
1864,saint_sac,4.3938140869140625
1865,saint_sac,1.1151819229125977
1866,saint_sac,1.424905776977539
1867,saint_sac,5.055171012878418
1868,saint_sac,1.2908248901367188
1869,saint_sac,0.898564338684082
1870,saint_sac,1.0384740829467773
1871,saint_sac,0.6465730667114258
1872,saint_sac,1.5413169860839844
1873,saint_sac,2.498764991760254
1874,saint_sac,1.4171905517578125
1875,saint_sac,2.9385814666748047
1876,saint_sac,0.9918708801269531
1877,saint_sac,1.6259708404541016
1878,saint_sac,2.3832759857177734
1879,saint_sac,0.8004207611083984
1880,saint_sac,0.27105712890625
1881,saint_sac,2.6252641677856445
1882,saint_sac,1.3969497680664062
1883,saint_sac,3.097689628601074
1884,saint_sac,1.1343870162963867
1885,saint_sac,0.9316701889038086
1886,saint_sac,1.2764244079589844
1887,saint_sac,0.48305416107177734
1888,saint_sac,0.21805953979492188
1889,saint_sac,1.1156673431396484
1890,saint_sac,1.4656267166137695
1891,saint_sac,1.6948480606079102
1892,saint_sac,2.0189762115478516
1893,saint_sac,1.1735477447509766
1894,saint_sac,1.120091438293457
1895,saint_sac,1.527730941772461
1896,saint_sac,4.303236961364746
1897,saint_sac,1.2535514831542969
1898,saint_sac,1.4238510131835938
1899,saint_sac,0.4092836380004883
1900,saint_sac,1.4219598770141602
1901,saint_sac,1.0302667617797852
1902,saint_sac,2.4761924743652344
1903,saint_sac,2.920927047729492
1904,saint_sac,-0.37394142150878906
1905,saint_sac,0.29814815521240234
1906,saint_sac,1.2461013793945312
1907,saint_sac,3.8270740509033203
1908,saint_sac,4.100632667541504
1909,saint_sac,1.2695026397705078
1910,saint_sac,0.5534381866455078
1911,saint_sac,-0.018468856811523438
1912,saint_sac,2.4676284790039062
1913,saint_sac,1.8954782485961914
1914,saint_sac,0.51239013671875
1915,saint_sac,0.6169118881225586
1916,saint_sac,0.9008293151855469
1917,saint_sac,3.155520439147949
1918,saint_sac,2.4829893112182617
1919,saint_sac,0.8093795776367188
1920,saint_sac,2.2766647338867188
1921,saint_sac,0.7121286392211914
1922,saint_sac,-0.48888492584228516
1923,saint_sac,0.8932476043701172
1924,saint_sac,2.305708885192871
1925,saint_sac,1.9289207458496094
1926,saint_sac,0.47847652435302734
1927,saint_sac,0.4887094497680664
1928,saint_sac,0.3946685791015625
1929,saint_sac,2.2183876037597656
1930,saint_sac,1.0734672546386719
1931,saint_sac,2.3663082122802734
1932,saint_sac,0.6453828811645508
1933,saint_sac,1.7666826248168945
1934,saint_sac,0.9923486709594727
1935,saint_sac,-0.0167236328125
1936,saint_sac,-0.6452627182006836
1937,saint_sac,2.2250680923461914
1938,saint_sac,-0.3385486602783203
1939,saint_sac,1.4141502380371094
1940,saint_sac,1.8501105308532715
1941,saint_sac,2.461122512817383
1942,saint_sac,1.131826400756836
1943,saint_sac,-0.7216815948486328
1944,saint_sac,0.29895973205566406
1945,saint_sac,2.653982162475586
1946,saint_sac,1.0341501235961914
1947,saint_sac,0.33403491973876953
1948,saint_sac,0.3055248260498047
1949,saint_sac,2.781431198120117
1950,saint_sac,-0.6113433837890625
1951,saint_sac,1.6182117462158203
1952,saint_sac,1.9005651473999023
1953,saint_sac,0.2563915252685547
1954,saint_sac,1.9622869491577148
1955,saint_sac,1.5811195373535156
1956,saint_sac,0.48836708068847656
1957,saint_sac,0.29378223419189453
1958,saint_sac,-0.2989034652709961
1959,saint_sac,0.8129863739013672
1960,saint_sac,-0.534912109375
1961,saint_sac,2.062922477722168
1962,saint_sac,0.8332986831665039
1963,saint_sac,0.9051713943481445
1964,saint_sac,0.6081438064575195
1965,saint_sac,1.6516494750976562
1966,saint_sac,1.85552978515625
1967,saint_sac,1.3608007431030273
1968,saint_sac,2.4886226654052734
1969,saint_sac,1.9380817413330078
1970,saint_sac,0.287109375
1971,saint_sac,1.4888525009155273
1972,saint_sac,1.520289421081543
1973,saint_sac,0.4369077682495117
1974,saint_sac,0.8283872604370117
1975,saint_sac,0.22196197509765625
1976,saint_sac,0.9779815673828125
1977,saint_sac,0.008242607116699219
1978,saint_sac,0.6707954406738281
1979,saint_sac,1.6964683532714844
1980,saint_sac,0.43721675872802734
1981,saint_sac,1.241556167602539
1982,saint_sac,1.322382926940918
1983,saint_sac,0.2282886505126953
1984,saint_sac,0.06573867797851562
1985,saint_sac,-1.2453680038452148
1986,saint_sac,4.789196968078613
1987,saint_sac,1.636545181274414
1988,saint_sac,2.3649024963378906
1989,saint_sac,0.4754371643066406
1990,saint_sac,0.986750602722168
1991,saint_sac,1.476597785949707
1992,saint_sac,0.17594337463378906
1993,saint_sac,-0.1668548583984375
1994,saint_sac,0.3524446487426758
1995,saint_sac,2.138448715209961
1996,saint_sac,3.436473846435547
1997,saint_sac,1.0602474212646484
1998,saint_sac,1.7293024063110352
1999,saint_sac,1.3132038116455078
2000,saint_sac,1.576751708984375
2001,saint_sac,-0.13286972045898438
2002,saint_sac,-0.020647048950195312
2003,saint_sac,2.647634506225586
2004,saint_sac,3.106165885925293
2005,saint_sac,1.4443082809448242
2006,saint_sac,1.3415517807006836
2007,saint_sac,0.7986669540405273
2008,saint_sac,0.31766414642333984
2009,saint_sac,1.1637506484985352
2010,saint_sac,1.9553937911987305
2011,saint_sac,1.2391529083251953
2012,saint_sac,1.5012054443359375
2013,saint_sac,-0.15448379516601562
2014,saint_sac,2.088320732116699
2015,saint_sac,0.8460941314697266
2016,saint_sac,-0.7215290069580078
2017,saint_sac,1.357344627380371
2018,saint_sac,0.5340509414672852
2019,saint_sac,3.2039031982421875
2020,saint_sac,1.205780029296875
2021,saint_sac,0.8377342224121094
2022,saint_sac,2.1172256469726562
2023,saint_sac,2.406855583190918
2024,saint_sac,1.714120864868164
2025,saint_sac,1.4485149383544922
2026,saint_sac,2.2779436111450195
2027,saint_sac,2.146493911743164
2028,saint_sac,1.0185976028442383
2029,saint_sac,-1.1877861022949219
2030,saint_sac,2.049274444580078
2031,saint_sac,1.4078330993652344
2032,saint_sac,1.9819087982177734
2033,saint_sac,2.3049211502075195
2034,saint_sac,0.689387321472168
2035,saint_sac,0.8963432312011719
2036,saint_sac,1.122178077697754
2037,saint_sac,1.7650299072265625
2038,saint_sac,0.24149513244628906
2039,saint_sac,2.48819637298584
2040,saint_sac,2.6550064086914062
2041,saint_sac,2.209779739379883
2042,saint_sac,1.0003461837768555
2043,saint_sac,-0.0953521728515625
2044,saint_sac,0.7294492721557617
2045,saint_sac,1.311020851135254
2046,saint_sac,0.5123395919799805
2047,saint_sac,3.58978271484375
2048,saint_sac,0.7875461578369141
2049,saint_sac,2.277475357055664
2050,saint_sac,1.695425033569336
2051,saint_sac,1.7329912185668945
2052,saint_sac,0.16751384735107422
2053,saint_sac,1.056814193725586
2054,saint_sac,2.1151256561279297
2055,saint_sac,0.7591276168823242
2056,saint_sac,0.5751733779907227
2057,saint_sac,0.5274600982666016
2058,saint_sac,3.9244022369384766
2059,saint_sac,1.7122411727905273
2060,saint_sac,1.0470600128173828
2061,saint_sac,1.047506332397461
2062,saint_sac,3.625514507293701
2063,saint_sac,2.2034530639648438
2064,saint_sac,0.93426513671875
2065,saint_sac,1.6940956115722656
2066,saint_sac,4.028460502624512
2067,saint_sac,2.0316123962402344
2068,saint_sac,-0.06658267974853516
2069,saint_sac,0.25683116912841797
2070,saint_sac,2.5201354026794434
2071,saint_sac,0.9723854064941406
2072,saint_sac,1.7855701446533203
2073,saint_sac,0.19472122192382812
2074,saint_sac,3.1072168350219727
2075,saint_sac,0.9993705749511719
2076,saint_sac,1.1491975784301758
2077,saint_sac,0.5412817001342773
2078,saint_sac,0.4653463363647461
2079,saint_sac,1.3816633224487305
2080,saint_sac,-0.07948017120361328
2081,saint_sac,2.715911865234375
2082,saint_sac,0.6735668182373047
2083,saint_sac,0.5018634796142578
2084,saint_sac,0.5622386932373047
2085,saint_sac,1.673166275024414
2086,saint_sac,5.166208267211914
2087,saint_sac,1.559377670288086
2088,saint_sac,0.6202077865600586
2089,saint_sac,0.8321609497070312
2090,saint_sac,-0.28228282928466797
2091,saint_sac,1.5271568298339844
2092,saint_sac,2.010542869567871
2093,saint_sac,1.1333770751953125
2094,saint_sac,1.0727338790893555
2095,saint_sac,0.6967811584472656
2096,saint_sac,1.3904237747192383
2097,saint_sac,0.8464241027832031
2098,saint_sac,0.5811548233032227
2099,saint_sac,1.6303958892822266
2100,saint_sac,0.591242790222168
2101,saint_sac,0.22919464111328125
2102,saint_sac,1.1217718124389648
2103,saint_sac,0.5209426879882812
2104,saint_sac,2.959897994995117
2105,saint_sac,0.8000221252441406
2106,saint_sac,0.8832578659057617
2107,saint_sac,2.481006622314453
2108,saint_sac,-0.17985820770263672
2109,saint_sac,1.4555788040161133
2110,saint_sac,-0.43924999237060547
2111,saint_sac,3.096538543701172
2112,saint_sac,1.4397783279418945
2113,saint_sac,0.7814292907714844
2114,saint_sac,2.0522613525390625
2115,saint_sac,0.9215793609619141
2116,saint_sac,0.06127738952636719
2117,saint_sac,-0.569279670715332
2118,saint_sac,1.4298229217529297
2119,saint_sac,1.9225053787231445
2120,saint_sac,-0.6702880859375
2121,saint_sac,0.26392364501953125
2122,saint_sac,0.216094970703125
2123,saint_sac,1.2599163055419922
2124,saint_sac,1.154806137084961
2125,saint_sac,-0.25290393829345703
2126,saint_sac,0.3945016860961914
2127,saint_sac,2.716207504272461
2128,saint_sac,1.2409486770629883
2129,saint_sac,-0.36181068420410156
2130,saint_sac,0.26732635498046875
2131,saint_sac,0.3423604965209961
2132,saint_sac,1.9018688201904297
2133,saint_sac,1.4453449249267578
2134,saint_sac,-0.27128028869628906
2135,saint_sac,0.9598054885864258
2136,saint_sac,-0.5495061874389648
2137,saint_sac,0.5165328979492188
2138,saint_sac,1.1491107940673828
2139,saint_sac,-0.2263956069946289
2140,saint_sac,0.6138744354248047
2141,saint_sac,1.7134017944335938
2142,saint_sac,1.4804573059082031
2143,saint_sac,3.398418426513672
2144,saint_sac,2.7072505950927734
2145,saint_sac,2.1984968185424805
2146,saint_sac,1.4687919616699219
2147,saint_sac,1.8999557495117188
2148,saint_sac,0.48076534271240234
2149,saint_sac,1.6333608627319336
2150,saint_sac,2.7577390670776367
2151,saint_sac,1.9527654647827148
2152,saint_sac,1.6116571426391602
2153,saint_sac,0.9462051391601562
2154,saint_sac,0.5482759475708008
2155,saint_sac,1.1596717834472656
2156,saint_sac,2.673727035522461
2157,saint_sac,0.630828857421875
2158,saint_sac,-0.17889022827148438
2159,saint_sac,2.5371150970458984
2160,saint_sac,2.661540985107422
2161,saint_sac,4.381776809692383
2162,saint_sac,3.9780168533325195
2163,saint_sac,2.790010452270508
2164,saint_sac,2.106416702270508
2165,saint_sac,4.207028388977051
2166,saint_sac,1.3962469100952148
2167,saint_sac,0.1914968490600586
2168,saint_sac,2.960538864135742
2169,saint_sac,0.08381080627441406
2170,saint_sac,1.9157485961914062
2171,saint_sac,2.007784843444824
2172,saint_sac,1.4833698272705078
2173,saint_sac,0.8050689697265625
2174,saint_sac,-1.6380062103271484
2175,saint_sac,-0.16270732879638672
2176,saint_sac,1.8562498092651367
2177,saint_sac,1.5389060974121094
2178,saint_sac,1.7849130630493164
2179,saint_sac,1.8148317337036133
2180,saint_sac,0.5063495635986328
2181,saint_sac,3.771024703979492
2182,saint_sac,1.006546974182129
2183,saint_sac,-0.7089176177978516
2184,saint_sac,0.19404125213623047
2185,saint_sac,0.3100109100341797
2186,saint_sac,1.1020622253417969
2187,saint_sac,2.0285911560058594
2188,saint_sac,1.9244890213012695
2189,saint_sac,4.586408615112305
2190,saint_sac,1.5715999603271484
2191,saint_sac,-0.45429325103759766
2192,saint_sac,1.3549013137817383
2193,saint_sac,0.1645660400390625
2194,saint_sac,0.22034263610839844
2195,saint_sac,4.442448616027832
2196,saint_sac,1.990457534790039
2197,saint_sac,1.3352813720703125
2198,saint_sac,0.6270942687988281
2199,saint_sac,1.473006248474121
2200,saint_sac,2.9823102951049805
2201,saint_sac,1.019770622253418
2202,saint_sac,0.8607339859008789
2203,saint_sac,4.3798017501831055
2204,saint_sac,-0.5562238693237305
2205,saint_sac,0.29163551330566406
2206,saint_sac,-0.37749576568603516
2207,saint_sac,1.7057371139526367
2208,saint_sac,0.2993288040161133
2209,saint_sac,1.549555778503418
2210,saint_sac,3.0284900665283203
2211,saint_sac,-1.0441951751708984
2212,saint_sac,0.5421466827392578
2213,saint_sac,0.31626224517822266
2214,saint_sac,2.0261430740356445
2215,saint_sac,-0.2435169219970703
2216,saint_sac,1.4601860046386719
2217,saint_sac,1.0937423706054688
2218,saint_sac,2.753835678100586
2219,saint_sac,3.0934066772460938
2220,saint_sac,0.7366132736206055
2221,saint_sac,1.5617027282714844
2222,saint_sac,1.5413579940795898
2223,saint_sac,2.56121826171875
2224,saint_sac,3.1753644943237305
2225,saint_sac,1.757685661315918
2226,saint_sac,0.6930046081542969
2227,saint_sac,-0.20906639099121094
2228,saint_sac,0.5969715118408203
2229,saint_sac,0.0594635009765625
2230,saint_sac,0.8314781188964844
2231,saint_sac,1.1267776489257812
2232,saint_sac,0.15885543823242188
2233,saint_sac,1.4390907287597656
2234,saint_sac,0.5982494354248047
2235,saint_sac,0.7444276809692383
2236,saint_sac,1.532339096069336
2237,saint_sac,0.3970937728881836
2238,saint_sac,0.8856296539306641
2239,saint_sac,3.7677879333496094
2240,saint_sac,0.07085132598876953
2241,saint_sac,-1.9336872100830078
2242,saint_sac,0.18317508697509766
2243,saint_sac,1.1683692932128906
2244,saint_sac,0.2787599563598633
2245,saint_sac,0.40111255645751953
2246,saint_sac,0.42198657989501953
2247,saint_sac,4.031955718994141
2248,saint_sac,1.896225929260254
2249,saint_sac,0.9253206253051758
2250,saint_sac,0.2648506164550781
2251,saint_sac,2.2575159072875977
2252,saint_sac,3.4766149520874023
2253,saint_sac,0.6533412933349609
2254,saint_sac,1.0364761352539062
2255,saint_sac,1.347799301147461
2256,saint_sac,1.9587116241455078
2257,saint_sac,1.4072113037109375
2258,saint_sac,0.3907337188720703
2259,saint_sac,2.602174758911133
2260,saint_sac,0.2834806442260742
2261,saint_sac,0.4537696838378906
2262,saint_sac,0.48497867584228516
2263,saint_sac,2.7891664505004883
2264,saint_sac,1.7675323486328125
2265,saint_sac,0.8524799346923828
2266,saint_sac,1.7295780181884766
2267,saint_sac,0.740966796875
2268,saint_sac,0.5086326599121094
2269,saint_sac,5.289768218994141
2270,saint_sac,1.661147117614746
2271,saint_sac,2.1290979385375977
2272,saint_sac,-0.08762836456298828
2273,saint_sac,1.335251808166504
2274,saint_sac,1.3013973236083984
2275,saint_sac,1.480550765991211
2276,saint_sac,2.760356903076172
2277,saint_sac,2.2624940872192383
2278,saint_sac,1.436655044555664
2279,saint_sac,0.5870447158813477
2280,saint_sac,1.229818344116211
2281,saint_sac,-0.9191179275512695
2282,saint_sac,2.440488815307617
2283,saint_sac,1.7493524551391602
2284,saint_sac,1.4563179016113281
2285,saint_sac,1.3393659591674805
2286,saint_sac,1.207956314086914
2287,saint_sac,2.4011735916137695
2288,saint_sac,4.40955924987793
2289,saint_sac,0.9018964767456055
2290,saint_sac,2.060596466064453
2291,saint_sac,0.8484277725219727
2292,saint_sac,0.7864933013916016
2293,saint_sac,0.17176532745361328
2294,saint_sac,1.2827844619750977
2295,saint_sac,-0.3625812530517578
2296,saint_sac,1.2813053131103516
2297,saint_sac,1.464186668395996
2298,saint_sac,0.674443244934082
2299,saint_sac,1.4035253524780273
2300,saint_sac,0.4012632369995117
2301,saint_sac,0.9254837036132812
2302,saint_sac,2.072392463684082
2303,saint_sac,-0.17551517486572266
2304,saint_sac,1.312495231628418
2305,saint_sac,1.123147964477539
2306,saint_sac,0.19995594024658203
2307,saint_sac,-0.6274652481079102
2308,saint_sac,0.1670055389404297
2309,saint_sac,1.9573211669921875
2310,saint_sac,0.15807342529296875
2311,saint_sac,2.5626964569091797
2312,saint_sac,2.788325309753418
2313,saint_sac,0.7494363784790039
2314,saint_sac,2.5392208099365234
2315,saint_sac,0.5489940643310547
2316,saint_sac,0.6488971710205078
2317,saint_sac,2.0919694900512695
2318,saint_sac,1.4380407333374023
2319,saint_sac,0.6172370910644531
2320,saint_sac,2.1006593704223633
2321,saint_sac,2.6380324363708496
2322,saint_sac,1.951582908630371
2323,saint_sac,1.218881607055664
2324,saint_sac,0.3384132385253906
2325,saint_sac,-0.27643394470214844
2326,saint_sac,0.6665592193603516
2327,saint_sac,2.280843734741211
2328,saint_sac,0.3454704284667969
2329,saint_sac,0.6117839813232422
2330,saint_sac,0.45440673828125
2331,saint_sac,1.6097488403320312
2332,saint_sac,0.7828645706176758
2333,saint_sac,0.9836034774780273
2334,saint_sac,3.9167375564575195
2335,saint_sac,0.7305278778076172
2336,saint_sac,1.409505844116211
2337,saint_sac,0.8764963150024414
2338,saint_sac,0.5094137191772461
2339,saint_sac,3.132936477661133
2340,saint_sac,0.9978389739990234
2341,saint_sac,-1.3037700653076172
2342,saint_sac,0.7721233367919922
2343,saint_sac,0.8762731552124023
2344,saint_sac,1.2804527282714844
2345,saint_sac,2.041926383972168
2346,saint_sac,1.4058523178100586
2347,saint_sac,-1.054666519165039
2348,saint_sac,2.981509208679199
2349,saint_sac,1.5458755493164062
2350,saint_sac,0.8882980346679688
2351,saint_sac,-0.35372257232666016
2352,saint_sac,1.6070747375488281
2353,saint_sac,2.2159900665283203
2354,saint_sac,1.6096229553222656
2355,saint_sac,1.8858585357666016
2356,saint_sac,3.860182762145996
2357,saint_sac,0.4262113571166992
2358,saint_sac,1.3977699279785156
2359,saint_sac,3.962038040161133
2360,saint_sac,2.8724212646484375
2361,saint_sac,0.6762104034423828
2362,saint_sac,3.9531450271606445
2363,saint_sac,1.4667301177978516
2364,saint_sac,1.855642318725586
2365,saint_sac,0.8998374938964844
2366,saint_sac,1.2159309387207031
2367,saint_sac,-0.3224935531616211
2368,saint_sac,3.4157233238220215
2369,saint_sac,0.8455419540405273
2370,saint_sac,1.3198747634887695
2371,saint_sac,0.17470264434814453
2372,saint_sac,0.707026481628418
2373,saint_sac,-0.9609584808349609
2374,saint_sac,1.196253776550293
2375,saint_sac,1.4034996032714844
2376,saint_sac,-0.19645118713378906
2377,saint_sac,1.2350549697875977
2378,saint_sac,2.5623416900634766
2379,saint_sac,0.8686304092407227
2380,saint_sac,0.6963615417480469
2381,saint_sac,0.7209949493408203
2382,saint_sac,0.20254135131835938
2383,saint_sac,0.5100345611572266
2384,saint_sac,0.7504005432128906
2385,saint_sac,2.0164318084716797
2386,saint_sac,1.4764232635498047
2387,saint_sac,1.2196369171142578
2388,saint_sac,0.06077003479003906
2389,saint_sac,1.4115095138549805
2390,saint_sac,-0.2140798568725586
2391,saint_sac,1.0400094985961914
2392,saint_sac,2.588104248046875
2393,saint_sac,1.9905281066894531
2394,saint_sac,1.1017255783081055
2395,saint_sac,1.5326042175292969
2396,saint_sac,2.11653995513916
2397,saint_sac,1.666590690612793
2398,saint_sac,0.7437191009521484
2399,saint_sac,0.08514404296875
2400,saint_sac,4.993104934692383
2401,saint_sac,0.9639225006103516
2402,saint_sac,1.8573627471923828
2403,saint_sac,0.5844612121582031
2404,saint_sac,1.756068229675293
2405,saint_sac,2.380082130432129
2406,saint_sac,1.196578025817871
2407,saint_sac,1.6146221160888672
2408,saint_sac,2.187859535217285
2409,saint_sac,1.3087787628173828
2410,saint_sac,1.979288101196289
2411,saint_sac,-0.07835674285888672
2412,saint_sac,1.9436359405517578
2413,saint_sac,3.1144580841064453
2414,saint_sac,0.30132007598876953
2415,saint_sac,1.700087547302246
2416,saint_sac,1.5287084579467773
2417,saint_sac,-0.4902801513671875
2418,saint_sac,3.7768898010253906
2419,saint_sac,1.237417221069336
2420,saint_sac,3.2051897048950195
2421,saint_sac,1.4420185089111328
2422,saint_sac,0.764805793762207
2423,saint_sac,1.4470129013061523
2424,saint_sac,1.3136329650878906
2425,saint_sac,1.7299327850341797
2426,saint_sac,-0.8482561111450195
2427,saint_sac,2.803403854370117
2428,saint_sac,0.8023347854614258
2429,saint_sac,2.121114730834961
2430,saint_sac,3.7598581314086914
2431,saint_sac,2.022915840148926
2432,saint_sac,1.1797142028808594
2433,saint_sac,1.2660808563232422
2434,saint_sac,0.45209693908691406
2435,saint_sac,0.2847013473510742
2436,saint_sac,1.1954708099365234
2437,saint_sac,3.358804702758789
2438,saint_sac,1.0471410751342773
2439,saint_sac,0.8416957855224609
2440,saint_sac,1.8118400573730469
2441,saint_sac,0.6469764709472656
2442,saint_sac,1.4707984924316406
2443,saint_sac,0.08324718475341797
2444,saint_sac,2.073413848876953
2445,saint_sac,1.683793067932129
2446,saint_sac,2.825009346008301
2447,saint_sac,1.4608755111694336
2448,saint_sac,1.5113706588745117
2449,saint_sac,1.3063764572143555
2450,saint_sac,1.1051626205444336
2451,saint_sac,1.875838279724121
2452,saint_sac,1.1361932754516602
2453,saint_sac,0.8464736938476562
2454,saint_sac,1.1764812469482422
2455,saint_sac,0.7292623519897461
2456,saint_sac,0.9642524719238281
2457,saint_sac,-0.6797027587890625
2458,saint_sac,2.189103126525879
2459,saint_sac,1.701120376586914
2460,saint_sac,2.6013736724853516
2461,saint_sac,0.9961833953857422
2462,saint_sac,1.0930452346801758
2463,saint_sac,1.9838056564331055
2464,saint_sac,0.5212640762329102
2465,saint_sac,0.9376096725463867
2466,saint_sac,2.537135124206543
2467,saint_sac,1.2997503280639648
2468,saint_sac,-0.3825387954711914
2469,saint_sac,3.2477149963378906
2470,saint_sac,-0.22826099395751953
2471,saint_sac,2.9383392333984375
2472,saint_sac,2.667078971862793
2473,saint_sac,0.048564910888671875
2474,saint_sac,0.6386346817016602
2475,saint_sac,2.0613813400268555
2476,saint_sac,0.21493244171142578
2477,saint_sac,-0.4420652389526367
2478,saint_sac,1.3859367370605469
2479,saint_sac,2.153585433959961
2480,saint_sac,2.3285093307495117
2481,saint_sac,3.931520462036133
2482,saint_sac,0.5707054138183594
2483,saint_sac,2.5582122802734375
2484,saint_sac,0.5279989242553711
2485,saint_sac,2.3113021850585938
2486,saint_sac,1.0419378280639648
2487,saint_sac,1.0910615921020508
2488,saint_sac,1.8186655044555664
2489,saint_sac,0.8372087478637695
2490,saint_sac,1.6383781433105469
2491,saint_sac,0.3016500473022461
2492,saint_sac,0.9381446838378906
2493,saint_sac,1.48675537109375
2494,saint_sac,-0.05002307891845703
2495,saint_sac,3.7923455238342285
2496,saint_sac,1.7626953125
2497,saint_sac,1.1361713409423828
2498,saint_sac,1.7186193466186523
2499,saint_sac,4.093843460083008
2500,saint_sac,0.933344841003418
2501,saint_sac,2.356368064880371
2502,saint_sac,-0.10770702362060547
2503,saint_sac,4.567939758300781
2504,saint_sac,1.2042274475097656
2505,saint_sac,1.0945005416870117
2506,saint_sac,0.6429357528686523
2507,saint_sac,1.0357980728149414
2508,saint_sac,2.422750473022461
2509,saint_sac,2.5586318969726562
2510,saint_sac,-0.5504989624023438
2511,saint_sac,1.4017486572265625
2512,saint_sac,0.8462705612182617
2513,saint_sac,3.400242805480957
2514,saint_sac,1.011124610900879
2515,saint_sac,0.7054424285888672
2516,saint_sac,0.8162975311279297
2517,saint_sac,0.6616735458374023
2518,saint_sac,2.2396974563598633
2519,saint_sac,1.5696496963500977
2520,saint_sac,0.6335945129394531
2521,saint_sac,1.145167350769043
2522,saint_sac,2.307234764099121
2523,saint_sac,2.1254425048828125
2524,saint_sac,1.226785659790039
2525,saint_sac,1.295034408569336
2526,saint_sac,0.4386568069458008
2527,saint_sac,-0.2901039123535156
2528,saint_sac,0.6438579559326172
2529,saint_sac,0.6187400817871094
2530,saint_sac,1.7420225143432617
2531,saint_sac,1.8282346725463867
2532,saint_sac,1.5380449295043945
2533,saint_sac,1.6210565567016602
2534,saint_sac,-0.04553031921386719
2535,saint_sac,0.5599899291992188
2536,saint_sac,1.3121671676635742
2537,saint_sac,5.723533630371094
2538,saint_sac,1.007925033569336
2539,saint_sac,0.9617013931274414
2540,saint_sac,0.3537120819091797
2541,saint_sac,0.5627574920654297
2542,saint_sac,1.4614324569702148
2543,saint_sac,1.3483142852783203
2544,saint_sac,1.0173110961914062
2545,saint_sac,1.0581436157226562
2546,saint_sac,1.3541259765625
2547,saint_sac,0.8023567199707031
2548,saint_sac,1.1724653244018555
2549,saint_sac,0.5305366516113281
2550,saint_sac,1.831277847290039
2551,saint_sac,2.041712760925293
2552,saint_sac,0.13018226623535156
2553,saint_sac,2.3872528076171875
2554,saint_sac,1.0144720077514648
2555,saint_sac,1.0842170715332031
2556,saint_sac,1.588059425354004
2557,saint_sac,4.468561172485352
2558,saint_sac,0.2980766296386719
2559,saint_sac,-0.03777885437011719
2560,saint_sac,1.8815832138061523
2561,saint_sac,0.5392684936523438
2562,saint_sac,4.882498741149902
2563,saint_sac,1.1680059432983398
2564,saint_sac,2.150509834289551
2565,saint_sac,2.636972427368164
2566,saint_sac,6.170604705810547
2567,saint_sac,1.5355091094970703
2568,saint_sac,0.9113883972167969
2569,saint_sac,1.9005680084228516
2570,saint_sac,0.3939485549926758
2571,saint_sac,3.1771373748779297
2572,saint_sac,1.8894224166870117
2573,saint_sac,0.778376579284668
2574,saint_sac,1.4109010696411133
2575,saint_sac,-0.07247257232666016
2576,saint_sac,1.6339092254638672
2577,saint_sac,1.990910530090332
2578,saint_sac,-2.1273374557495117
2579,saint_sac,0.4002857208251953
2580,saint_sac,1.8942413330078125
2581,saint_sac,2.266444206237793
2582,saint_sac,1.2200489044189453
2583,saint_sac,3.013361930847168
2584,saint_sac,-0.7956151962280273
2585,saint_sac,4.359681129455566
2586,saint_sac,0.3444805145263672
2587,saint_sac,2.693113327026367
2588,saint_sac,1.0920953750610352
2589,saint_sac,0.43604564666748047
2590,saint_sac,0.5452613830566406
2591,saint_sac,1.394582748413086
2592,saint_sac,4.026566505432129
2593,saint_sac,1.7758502960205078
2594,saint_sac,4.507590293884277
2595,saint_sac,0.11249256134033203
2596,saint_sac,0.6675739288330078
2597,saint_sac,0.7915763854980469
2598,saint_sac,3.329692840576172
2599,saint_sac,1.8140068054199219
2600,saint_sac,-0.805516242980957
2601,saint_sac,1.1248092651367188
2602,saint_sac,0.8327932357788086
2603,saint_sac,3.234910011291504
2604,saint_sac,-0.08260154724121094
2605,saint_sac,0.5621500015258789
2606,saint_sac,2.4582347869873047
2607,saint_sac,0.6146564483642578
2608,saint_sac,0.23317432403564453
2609,saint_sac,0.17530536651611328
2610,saint_sac,2.0738534927368164
2611,saint_sac,0.017757415771484375
2612,saint_sac,2.4247665405273438
2613,saint_sac,0.8244390487670898
2614,saint_sac,1.7728233337402344
2615,saint_sac,3.1126108169555664
2616,saint_sac,2.1954345703125
2617,saint_sac,0.7204408645629883
2618,saint_sac,0.00843048095703125
2619,saint_sac,-0.6966352462768555
2620,saint_sac,3.7294387817382812
2621,saint_sac,3.2164955139160156
2622,saint_sac,1.7765426635742188
2623,saint_sac,2.120330810546875
2624,saint_sac,0.32515811920166016
2625,saint_sac,1.1799430847167969
2626,saint_sac,0.4256734848022461
2627,saint_sac,1.5915603637695312
2628,saint_sac,-0.904083251953125
2629,saint_sac,0.38320064544677734
2630,saint_sac,1.3543682098388672
2631,saint_sac,1.2656669616699219
2632,saint_sac,1.0864620208740234
2633,saint_sac,1.4087982177734375
2634,saint_sac,3.0383386611938477
2635,saint_sac,0.13458824157714844
2636,saint_sac,1.1581048965454102
2637,saint_sac,2.026364326477051
2638,saint_sac,1.9327716827392578
2639,saint_sac,1.2360258102416992
2640,saint_sac,0.5936975479125977
2641,saint_sac,0.9465675354003906
2642,saint_sac,0.6839475631713867
2643,saint_sac,1.9356088638305664
2644,saint_sac,1.3051033020019531
2645,saint_sac,0.7160444259643555
2646,saint_sac,1.6684370040893555
2647,saint_sac,1.565683364868164
2648,saint_sac,-0.7415990829467773
2649,saint_sac,0.1168203353881836
2650,saint_sac,-0.07781505584716797
2651,saint_sac,1.0700807571411133
2652,saint_sac,1.0097389221191406
2653,saint_sac,0.9941930770874023
2654,saint_sac,0.9231891632080078
2655,saint_sac,-1.3790626525878906
2656,saint_sac,0.24182510375976562
2657,saint_sac,2.073727607727051
2658,saint_sac,3.4534549713134766
2659,saint_sac,0.059523582458496094
2660,saint_sac,0.934025764465332
2661,saint_sac,0.915034294128418
2662,saint_sac,3.5425491333007812
2663,saint_sac,0.6097297668457031
2664,saint_sac,0.5396537780761719
2665,saint_sac,2.9014739990234375
2666,saint_sac,1.4930543899536133
2667,saint_sac,0.6137475967407227
2668,saint_sac,-0.11897468566894531
2669,saint_sac,-0.19907379150390625
2670,saint_sac,3.1908559799194336
2671,saint_sac,1.4565906524658203
2672,saint_sac,0.1463165283203125
2673,saint_sac,0.8367395401000977
2674,saint_sac,3.4755935668945312
2675,saint_sac,1.3110599517822266
2676,saint_sac,3.368210792541504
2677,saint_sac,1.35137939453125
2678,saint_sac,1.6394615173339844
2679,saint_sac,1.107461929321289
2680,saint_sac,0.9774246215820312
2681,saint_sac,1.0544319152832031
2682,saint_sac,-1.4484825134277344
2683,saint_sac,1.437668800354004
2684,saint_sac,0.20841693878173828
2685,saint_sac,0.9104728698730469
2686,saint_sac,1.253554344177246
2687,saint_sac,1.5924596786499023
2688,saint_sac,1.2864532470703125
2689,saint_sac,0.37438297271728516
2690,saint_sac,0.8234033584594727
2691,saint_sac,2.2385149002075195
2692,saint_sac,0.6199264526367188
2693,saint_sac,0.7674627304077148
2694,saint_sac,1.7077245712280273
2695,saint_sac,1.4114742279052734
2696,saint_sac,2.144444465637207
2697,saint_sac,0.9570169448852539
2698,saint_sac,1.9665718078613281
2699,saint_sac,2.068328857421875
2700,saint_sac,1.8538875579833984
2701,saint_sac,-0.9487295150756836
2702,saint_sac,4.6626691818237305
2703,saint_sac,2.229437828063965
2704,saint_sac,1.4256134033203125
2705,saint_sac,0.7742509841918945
2706,saint_sac,2.010265350341797
2707,saint_sac,0.4682121276855469
2708,saint_sac,0.3872804641723633
2709,saint_sac,0.29566383361816406
2710,saint_sac,0.1508159637451172
2711,saint_sac,0.4745769500732422
2712,saint_sac,2.6349220275878906
2713,saint_sac,2.5503616333007812
2714,saint_sac,1.4639892578125
2715,saint_sac,1.6196403503417969
2716,saint_sac,0.06969165802001953
2717,saint_sac,0.843719482421875
2718,saint_sac,-0.14707565307617188
2719,saint_sac,1.706057071685791
2720,saint_sac,1.2311391830444336
2721,saint_sac,1.7098770141601562
2722,saint_sac,2.9880075454711914
2723,saint_sac,0.33373546600341797
2724,saint_sac,0.010729789733886719
2725,saint_sac,1.3631649017333984
2726,saint_sac,0.360443115234375
2727,saint_sac,0.9353199005126953
2728,saint_sac,1.246891975402832
2729,saint_sac,0.9010581970214844
2730,saint_sac,0.9405908584594727
2731,saint_sac,1.0163726806640625
2732,saint_sac,2.681307792663574
2733,saint_sac,1.0414934158325195
2734,saint_sac,1.1517791748046875
2735,saint_sac,1.5386314392089844
2736,saint_sac,2.6362266540527344
2737,saint_sac,1.2459983825683594
2738,saint_sac,0.3596363067626953
2739,saint_sac,6.0765767097473145
2740,saint_sac,-0.42049407958984375
2741,saint_sac,-1.0104589462280273
2742,saint_sac,1.7344350814819336
2743,saint_sac,2.815629005432129
2744,saint_sac,1.565908432006836
2745,saint_sac,1.2154293060302734
2746,saint_sac,0.4276885986328125
2747,saint_sac,0.8059978485107422
2748,saint_sac,-1.246953010559082
2749,saint_sac,0.7390384674072266
2750,saint_sac,2.350606918334961
2751,saint_sac,1.9745874404907227
2752,saint_sac,0.8414134979248047
2753,saint_sac,2.8007278442382812
2754,saint_sac,1.6063785552978516
2755,saint_sac,2.579376220703125
2756,saint_sac,0.5826320648193359
2757,saint_sac,4.802952289581299
2758,saint_sac,1.2212200164794922
2759,saint_sac,1.7410564422607422
2760,saint_sac,1.8325824737548828
2761,saint_sac,1.1200523376464844
2762,saint_sac,1.7417964935302734
2763,saint_sac,0.12458038330078125
2764,saint_sac,1.3352947235107422
2765,saint_sac,0.6380777359008789
2766,saint_sac,0.6807842254638672
2767,saint_sac,2.363697052001953
2768,saint_sac,0.5110054016113281
2769,saint_sac,3.134768486022949
2770,saint_sac,1.6094255447387695
2771,saint_sac,1.5562610626220703
2772,saint_sac,1.516331672668457
2773,saint_sac,1.3409814834594727
2774,saint_sac,1.303441047668457
2775,saint_sac,0.7105264663696289
2776,saint_sac,1.1884050369262695
2777,saint_sac,1.1147489547729492
2778,saint_sac,0.6082038879394531
2779,saint_sac,0.4088268280029297
2780,saint_sac,1.087961196899414
2781,saint_sac,0.05953407287597656
2782,saint_sac,0.40996265411376953
2783,saint_sac,0.37926387786865234
2784,saint_sac,0.42458438873291016
2785,saint_sac,2.264272689819336
2786,saint_sac,0.6886215209960938
2787,saint_sac,1.527958869934082
2788,saint_sac,1.2370977401733398
2789,saint_sac,3.2481184005737305
2790,saint_sac,1.9964838027954102
2791,saint_sac,2.652629852294922
2792,saint_sac,1.0218849182128906
2793,saint_sac,3.2415666580200195
2794,saint_sac,2.9910717010498047
2795,saint_sac,1.1696968078613281
2796,saint_sac,1.1486930847167969
2797,saint_sac,0.80712890625
2798,saint_sac,0.13574981689453125
2799,saint_sac,4.77580451965332
2800,saint_sac,-0.13224029541015625
2801,saint_sac,3.7126636505126953
2802,saint_sac,1.6341123580932617
2803,saint_sac,2.6025772094726562
2804,saint_sac,4.268977165222168
2805,saint_sac,1.551473617553711
2806,saint_sac,1.2020807266235352
2807,saint_sac,0.8940315246582031
2808,saint_sac,0.6262302398681641
2809,saint_sac,1.4423131942749023
2810,saint_sac,-0.7650442123413086
2811,saint_sac,0.6140069961547852
2812,saint_sac,2.771953582763672
2813,saint_sac,-0.13843727111816406
2814,saint_sac,3.146434783935547
2815,saint_sac,0.1926116943359375
2816,saint_sac,3.32895565032959
2817,saint_sac,2.3944931030273438
2818,saint_sac,0.6728544235229492
2819,saint_sac,0.33649730682373047
2820,saint_sac,1.7460174560546875
2821,saint_sac,-0.0069561004638671875
2822,saint_sac,-0.481781005859375
2823,saint_sac,1.8098039627075195
2824,saint_sac,1.0069761276245117
2825,saint_sac,-0.02662181854248047
2826,saint_sac,1.7163066864013672
2827,saint_sac,2.811098098754883
2828,saint_sac,0.12473297119140625
2829,saint_sac,2.497865676879883
2830,saint_sac,4.062816619873047
2831,saint_sac,1.5094776153564453
2832,saint_sac,-3.9225597381591797
2833,saint_sac,0.05338287353515625
2834,saint_sac,1.4679784774780273
2835,saint_sac,0.2670269012451172
2836,saint_sac,1.5545244216918945
2837,saint_sac,0.47908973693847656
2838,saint_sac,0.31231212615966797
2839,saint_sac,2.0336198806762695
2840,saint_sac,1.7227258682250977
2841,saint_sac,1.1949005126953125
2842,saint_sac,-0.015753746032714844
2843,saint_sac,0.5436878204345703
2844,saint_sac,2.8663854598999023
2845,saint_sac,1.8720645904541016
2846,saint_sac,2.093019485473633
2847,saint_sac,1.9558095932006836
2848,saint_sac,2.01352596282959
2849,saint_sac,1.9129018783569336
2850,saint_sac,1.5263242721557617
2851,saint_sac,2.0653743743896484
2852,saint_sac,2.338772773742676
2853,saint_sac,1.0212059020996094
2854,saint_sac,0.8652553558349609
2855,saint_sac,2.217905044555664
2856,saint_sac,1.8418445587158203
2857,saint_sac,2.2576684951782227
2858,saint_sac,2.6451234817504883
2859,saint_sac,2.1194701194763184
2860,saint_sac,2.4059295654296875
2861,saint_sac,-0.2268657684326172
2862,saint_sac,-0.35903453826904297
2863,saint_sac,0.5713367462158203
2864,saint_sac,1.5388507843017578
2865,saint_sac,1.1848888397216797
2866,saint_sac,1.7651309967041016
2867,saint_sac,1.5757951736450195
2868,saint_sac,0.8621854782104492
2869,saint_sac,0.2679452896118164
2870,saint_sac,1.0085382461547852
2871,saint_sac,2.1705713272094727
2872,saint_sac,-0.36502742767333984
2873,saint_sac,0.3834514617919922
2874,saint_sac,2.6970300674438477
2875,saint_sac,1.4879016876220703
2876,saint_sac,2.097256660461426
2877,saint_sac,1.4197216033935547
2878,saint_sac,-0.11662006378173828
2879,saint_sac,0.8259897232055664
2880,saint_sac,1.612025260925293
2881,saint_sac,0.7019748687744141
2882,saint_sac,1.2565021514892578
2883,saint_sac,0.4426765441894531
2884,saint_sac,1.530228614807129
2885,saint_sac,0.4803886413574219
2886,saint_sac,0.2614450454711914
2887,saint_sac,0.943359375
2888,saint_sac,4.439476490020752
2889,saint_sac,1.810328483581543
2890,saint_sac,1.5892152786254883
2891,saint_sac,1.1248550415039062
2892,saint_sac,0.2850685119628906
2893,saint_sac,1.5639944076538086
2894,saint_sac,6.700651168823242
2895,saint_sac,1.467839241027832
2896,saint_sac,2.8875226974487305
2897,saint_sac,1.1185054779052734
2898,saint_sac,0.20121288299560547
2899,saint_sac,1.0086688995361328
2900,saint_sac,-0.15103816986083984
2901,saint_sac,-0.4530754089355469
2902,saint_sac,1.1696500778198242
2903,saint_sac,-0.12897205352783203
2904,saint_sac,1.9736042022705078
2905,saint_sac,0.7726068496704102
2906,saint_sac,0.36819934844970703
2907,saint_sac,1.5857868194580078
2908,saint_sac,0.6830520629882812
2909,saint_sac,2.3180980682373047
2910,saint_sac,1.7682104110717773
2911,saint_sac,-0.3334980010986328
2912,saint_sac,1.8505029678344727
2913,saint_sac,2.3278236389160156
2914,saint_sac,0.0008916854858398438
2915,saint_sac,1.1265106201171875
2916,saint_sac,1.1699342727661133
2917,saint_sac,1.0437374114990234
2918,saint_sac,1.1990633010864258
2919,saint_sac,1.2847557067871094
2920,saint_sac,5.480438232421875
2921,saint_sac,1.7360782623291016
2922,saint_sac,2.0959177017211914
2923,saint_sac,2.4096899032592773
2924,saint_sac,1.2628889083862305
2925,saint_sac,1.5482683181762695
2926,saint_sac,3.1118602752685547
2927,saint_sac,1.5574140548706055
2928,saint_sac,1.8317337036132812
2929,saint_sac,1.538496971130371
2930,saint_sac,1.957158088684082
2931,saint_sac,2.9732980728149414
2932,saint_sac,-0.2720832824707031
2933,saint_sac,0.27064990997314453
2934,saint_sac,3.2032222747802734
2935,saint_sac,4.635485649108887
2936,saint_sac,2.8786306381225586
2937,saint_sac,0.5467729568481445
2938,saint_sac,0.5788431167602539
2939,saint_sac,0.1138620376586914
2940,saint_sac,0.993351936340332
2941,saint_sac,0.7698764801025391
2942,saint_sac,0.7955989837646484
2943,saint_sac,1.5639967918395996
2944,saint_sac,2.588080406188965
2945,saint_sac,0.5302848815917969
2946,saint_sac,0.5434131622314453
2947,saint_sac,1.650003433227539
2948,saint_sac,0.24158763885498047
2949,saint_sac,2.264446258544922
2950,saint_sac,2.46140193939209
2951,saint_sac,3.1767168045043945
2952,saint_sac,1.7424955368041992
2953,saint_sac,1.9839515686035156
2954,saint_sac,0.5468940734863281
2955,saint_sac,1.393101692199707
2956,saint_sac,0.5407161712646484
2957,saint_sac,2.262701988220215
2958,saint_sac,1.7491931915283203
2959,saint_sac,3.8619461059570312
2960,saint_sac,0.9436702728271484
2961,saint_sac,1.0784320831298828
2962,saint_sac,1.0240392684936523
2963,saint_sac,2.9452342987060547
2964,saint_sac,0.36724281311035156
2965,saint_sac,1.3878355026245117
2966,saint_sac,-0.03405189514160156
2967,saint_sac,3.150911331176758
2968,saint_sac,1.9622178077697754
2969,saint_sac,2.5249457359313965
2970,saint_sac,0.2707071304321289
2971,saint_sac,2.808110237121582
2972,saint_sac,0.8518610000610352
2973,saint_sac,-0.0009002685546875
2974,saint_sac,2.2347660064697266
2975,saint_sac,0.7877044677734375
2976,saint_sac,0.9105453491210938
2977,saint_sac,1.4756584167480469
2978,saint_sac,-0.39391136169433594
2979,saint_sac,2.4972848892211914
2980,saint_sac,-0.24130821228027344
2981,saint_sac,1.6398582458496094
2982,saint_sac,1.1308889389038086
2983,saint_sac,0.3419675827026367
2984,saint_sac,0.06624507904052734
2985,saint_sac,0.9458160400390625
2986,saint_sac,1.2955865859985352
2987,saint_sac,1.0816869735717773
2988,saint_sac,1.7342462539672852
2989,saint_sac,1.7412843704223633
2990,saint_sac,1.506993293762207
2991,saint_sac,1.1678752899169922
2992,saint_sac,1.8387088775634766
2993,saint_sac,1.0327939987182617
2994,saint_sac,0.7135629653930664
2995,saint_sac,0.8725786209106445
2996,saint_sac,2.142401695251465
2997,saint_sac,0.799983024597168
2998,saint_sac,0.6728296279907227
2999,saint_sac,-0.0790414810180664
3000,saint_sac,2.1692724227905273
3001,saint_sac,2.235520362854004
3002,saint_sac,-0.23217201232910156
3003,saint_sac,-0.22436237335205078
3004,saint_sac,0.7561836242675781
3005,saint_sac,1.0076208114624023
3006,saint_sac,0.9715290069580078
3007,saint_sac,0.06638336181640625
3008,saint_sac,1.4655380249023438
3009,saint_sac,0.045368194580078125
3010,saint_sac,0.9267520904541016
3011,saint_sac,0.03507041931152344
3012,saint_sac,1.8866825103759766
3013,saint_sac,1.014683723449707
3014,saint_sac,1.0698490142822266
3015,saint_sac,3.283932685852051
3016,saint_sac,3.752079963684082
3017,saint_sac,3.759389877319336
3018,saint_sac,-0.1026296615600586
3019,saint_sac,2.993144989013672
3020,saint_sac,0.902557373046875
3021,saint_sac,2.2820653915405273
3022,saint_sac,0.06632518768310547
3023,saint_sac,3.2068843841552734
3024,saint_sac,2.166651725769043
3025,saint_sac,1.0085506439208984
3026,saint_sac,0.2659645080566406
3027,saint_sac,0.5671854019165039
3028,saint_sac,1.615884780883789
3029,saint_sac,1.2482128143310547
3030,saint_sac,1.4368152618408203
3031,saint_sac,0.8360748291015625
3032,saint_sac,3.9552536010742188
3033,saint_sac,1.7028923034667969
3034,saint_sac,2.986980438232422
3035,saint_sac,1.1624841690063477
3036,saint_sac,0.6579475402832031
3037,saint_sac,4.24484920501709
3038,saint_sac,0.7788467407226562
3039,saint_sac,1.161850929260254
3040,saint_sac,6.388171195983887
3041,saint_sac,1.4912290573120117
3042,saint_sac,0.3704261779785156
3043,saint_sac,1.143763542175293
3044,saint_sac,0.5444192886352539
3045,saint_sac,0.010672569274902344
3046,saint_sac,0.7245817184448242
3047,saint_sac,0.2534942626953125
3048,saint_sac,2.332839012145996
3049,saint_sac,2.1663389205932617
3050,saint_sac,0.7377490997314453
3051,saint_sac,0.4480905532836914
3052,saint_sac,2.6799631118774414
3053,saint_sac,0.722808837890625
3054,saint_sac,1.264780044555664
3055,saint_sac,0.11471843719482422
3056,saint_sac,1.8409490585327148
3057,saint_sac,1.2163429260253906
3058,saint_sac,1.4433174133300781
3059,saint_sac,2.470766067504883
3060,saint_sac,2.081035614013672
3061,saint_sac,1.5820388793945312
3062,saint_sac,0.06468582153320312
3063,saint_sac,-0.19244670867919922
3064,saint_sac,1.230931282043457
3065,saint_sac,5.112336158752441
3066,saint_sac,0.5019588470458984
3067,saint_sac,3.7243900299072266
3068,saint_sac,1.2821807861328125
3069,saint_sac,0.8809223175048828
3070,saint_sac,1.191720962524414
3071,saint_sac,0.4881925582885742
3072,saint_sac,-0.050194740295410156
3073,saint_sac,2.0752363204956055
3074,saint_sac,1.2891616821289062
3075,saint_sac,3.293598175048828
3076,saint_sac,1.1985807418823242
3077,saint_sac,2.2454538345336914
3078,saint_sac,1.42291259765625
3079,saint_sac,1.1381864547729492
3080,saint_sac,0.9560146331787109
3081,saint_sac,2.4957399368286133
3082,saint_sac,0.24938583374023438
3083,saint_sac,1.400970458984375
3084,saint_sac,0.3855628967285156
3085,saint_sac,0.7406139373779297
3086,saint_sac,1.5010395050048828
3087,saint_sac,2.134505271911621
3088,saint_sac,-0.85223388671875
3089,saint_sac,4.575746536254883
3090,saint_sac,3.2898035049438477
3091,saint_sac,1.6975059509277344
3092,saint_sac,1.8787460327148438
3093,saint_sac,1.0669746398925781
3094,saint_sac,0.9773368835449219
3095,saint_sac,1.1492624282836914
3096,saint_sac,0.7351045608520508
3097,saint_sac,-0.15889358520507812
3098,saint_sac,1.573831558227539
3099,saint_sac,-0.4442596435546875
3100,saint_sac,1.7427196502685547
3101,saint_sac,0.8279666900634766
3102,saint_sac,1.667353630065918
3103,saint_sac,1.7033257484436035
3104,saint_sac,-0.33707237243652344
3105,saint_sac,2.153306007385254
3106,saint_sac,-1.3504667282104492
3107,saint_sac,1.2531089782714844
3108,saint_sac,1.1172962188720703
3109,saint_sac,-0.120086669921875
3110,saint_sac,0.7743816375732422
3111,saint_sac,1.3019161224365234
3112,saint_sac,-1.4883556365966797
3113,saint_sac,2.9970598220825195
3114,saint_sac,1.21728515625
3115,saint_sac,1.2565622329711914
3116,saint_sac,1.7867469787597656
3117,saint_sac,1.3508787155151367
3118,saint_sac,1.3784351348876953
3119,saint_sac,1.451517105102539
3120,saint_sac,0.9645595550537109
3121,saint_sac,2.5632286071777344
3122,saint_sac,0.8014888763427734
3123,saint_sac,0.3960132598876953
3124,saint_sac,1.3078546524047852
3125,saint_sac,0.6173620223999023
3126,saint_sac,0.6894693374633789
3127,saint_sac,0.6859149932861328
3128,saint_sac,1.2577381134033203
3129,saint_sac,2.401461601257324
3130,saint_sac,2.0688352584838867
3131,saint_sac,3.135603904724121
3132,saint_sac,1.3033437728881836
3133,saint_sac,0.18190670013427734
3134,saint_sac,1.1687240600585938
3135,saint_sac,1.9362993240356445
3136,saint_sac,-1.4713754653930664
3137,saint_sac,0.941309928894043
3138,saint_sac,1.436614990234375
3139,saint_sac,0.3108396530151367
3140,saint_sac,3.4500207901000977
3141,saint_sac,1.3183708190917969
3142,saint_sac,2.291762351989746
3143,saint_sac,1.185633659362793
3144,saint_sac,1.585916519165039
3145,saint_sac,2.4933242797851562
3146,saint_sac,4.021728515625
3147,saint_sac,-0.04525566101074219
3148,saint_sac,1.0552539825439453
3149,saint_sac,0.7762622833251953
3150,saint_sac,0.6217269897460938
3151,saint_sac,0.6708011627197266
3152,saint_sac,0.4703702926635742
3153,saint_sac,2.1587533950805664
3154,saint_sac,1.6244087219238281
3155,saint_sac,1.9242801666259766
3156,saint_sac,1.8322429656982422
3157,saint_sac,1.8373889923095703
3158,saint_sac,0.17113685607910156
3159,saint_sac,0.1766986846923828
3160,saint_sac,1.333695411682129
3161,saint_sac,0.6234865188598633
3162,saint_sac,0.03980255126953125
3163,saint_sac,1.257974624633789
3164,saint_sac,3.022127151489258
3165,saint_sac,1.028982162475586
3166,saint_sac,2.3099355697631836
3167,saint_sac,1.308201789855957
3168,saint_sac,2.129047393798828
3169,saint_sac,0.2833118438720703
3170,saint_sac,0.9879894256591797
3171,saint_sac,1.2506446838378906
3172,saint_sac,1.6577110290527344
3173,saint_sac,1.730952262878418
3174,saint_sac,1.7728776931762695
3175,saint_sac,0.7329950332641602
3176,saint_sac,0.4600381851196289
3177,saint_sac,1.5852060317993164
3178,saint_sac,0.18788814544677734
3179,saint_sac,0.3310689926147461
3180,saint_sac,3.2853102684020996
3181,saint_sac,0.9359045028686523
3182,saint_sac,3.1821746826171875
3183,saint_sac,1.5637025833129883
3184,saint_sac,2.001789093017578
3185,saint_sac,1.7303314208984375
3186,saint_sac,3.151515007019043
3187,saint_sac,0.8842506408691406
3188,saint_sac,0.8663845062255859
3189,saint_sac,1.7448253631591797
3190,saint_sac,1.219430923461914
3191,saint_sac,1.4995145797729492
3192,saint_sac,1.022181510925293
3193,saint_sac,-0.28177452087402344
3194,saint_sac,1.1660356521606445
3195,saint_sac,0.13928890228271484
3196,saint_sac,1.6668767929077148
3197,saint_sac,0.1455841064453125
3198,saint_sac,0.46300601959228516
3199,saint_sac,-0.4569978713989258
3200,saint_sac,1.0015745162963867
3201,saint_sac,1.6935482025146484
3202,saint_sac,0.1793384552001953
3203,saint_sac,2.377882957458496
3204,saint_sac,0.1026763916015625
3205,saint_sac,0.3732118606567383
3206,saint_sac,0.6882534027099609
3207,saint_sac,2.6035051345825195
3208,saint_sac,0.3892946243286133
3209,saint_sac,1.747136116027832
3210,saint_sac,3.5942792892456055
3211,saint_sac,0.7398872375488281
3212,saint_sac,0.8998680114746094
3213,saint_sac,2.584029197692871
3214,saint_sac,-0.2887125015258789
3215,saint_sac,0.14245891571044922
3216,saint_sac,5.043045520782471
3217,saint_sac,1.3398313522338867
3218,saint_sac,3.110963821411133
3219,saint_sac,0.5348968505859375
3220,saint_sac,0.34696102142333984
3221,saint_sac,2.279494285583496
3222,saint_sac,1.9873695373535156
3223,saint_sac,0.2642650604248047
3224,saint_sac,1.5108470916748047
3225,saint_sac,2.144969940185547
3226,saint_sac,3.6591110229492188
3227,saint_sac,1.15570068359375
3228,saint_sac,1.232797622680664
3229,saint_sac,0.08894777297973633
3230,saint_sac,1.0156898498535156
3231,saint_sac,2.1357498168945312
3232,saint_sac,1.446859359741211
3233,saint_sac,0.4411354064941406
3234,saint_sac,0.6235055923461914
3235,saint_sac,0.4165630340576172
3236,saint_sac,1.530543327331543
3237,saint_sac,1.8799924850463867
3238,saint_sac,-0.33951568603515625
3239,saint_sac,2.9978981018066406
3240,saint_sac,2.7448863983154297
3241,saint_sac,1.7397565841674805
3242,saint_sac,0.8230991363525391
3243,saint_sac,1.4262380599975586
3244,saint_sac,1.2216997146606445
3245,saint_sac,0.7629203796386719
3246,saint_sac,0.7207956314086914
3247,saint_sac,0.3530101776123047
3248,saint_sac,1.6398916244506836
3249,saint_sac,4.951603889465332
3250,saint_sac,1.6837310791015625
3251,saint_sac,0.4193143844604492
3252,saint_sac,-0.6392707824707031
3253,saint_sac,-0.09482955932617188
3254,saint_sac,4.099360466003418
3255,saint_sac,0.41153907775878906
3256,saint_sac,1.6939754486083984
3257,saint_sac,1.5283479690551758
3258,saint_sac,0.20619487762451172
3259,saint_sac,0.7036142349243164
3260,saint_sac,0.19895362854003906
3261,saint_sac,0.9166431427001953
3262,saint_sac,3.688654899597168
3263,saint_sac,1.4676895141601562
3264,saint_sac,1.455103874206543
3265,saint_sac,0.9207754135131836
3266,saint_sac,0.8369112014770508
3267,saint_sac,1.4605741500854492
3268,saint_sac,4.550312042236328
3269,saint_sac,0.7273921966552734
3270,saint_sac,-0.7663345336914062
3271,saint_sac,1.508620262145996
3272,saint_sac,0.8515815734863281
3273,saint_sac,0.7095155715942383
3274,saint_sac,2.644364356994629
3275,saint_sac,1.6887149810791016
3276,saint_sac,3.842066764831543
3277,saint_sac,0.7932415008544922
3278,saint_sac,1.7023124694824219
3279,saint_sac,4.879672527313232
3280,saint_sac,0.7213802337646484
3281,saint_sac,1.479771614074707
3282,saint_sac,1.5881528854370117
3283,saint_sac,3.206732749938965
3284,saint_sac,1.774209976196289
3285,saint_sac,2.177968978881836
3286,saint_sac,1.2802982330322266
3287,saint_sac,1.8963794708251953
3288,saint_sac,4.377277374267578
3289,saint_sac,0.658900260925293
3290,saint_sac,0.09767913818359375
3291,saint_sac,1.998122215270996
3292,saint_sac,1.4896430969238281
3293,saint_sac,0.835723876953125
3294,saint_sac,1.5865039825439453
3295,saint_sac,2.5774049758911133
3296,saint_sac,1.487605094909668
3297,saint_sac,1.6514453887939453
3298,saint_sac,1.619668960571289
3299,saint_sac,2.195718765258789
3300,saint_sac,3.0066967010498047
3301,saint_sac,1.183633804321289
3302,saint_sac,1.516646385192871
3303,saint_sac,3.172515869140625
3304,saint_sac,3.1368579864501953
3305,saint_sac,1.0281858444213867
3306,saint_sac,0.02384185791015625
3307,saint_sac,-0.0067043304443359375
3308,saint_sac,-1.7689018249511719
3309,saint_sac,1.9613981246948242
3310,saint_sac,0.8134908676147461
3311,saint_sac,0.16607952117919922
3312,saint_sac,1.862727165222168
3313,saint_sac,1.1086111068725586
3314,saint_sac,2.032939910888672
3315,saint_sac,1.979313850402832
3316,saint_sac,3.079868793487549
3317,saint_sac,0.6939878463745117
3318,saint_sac,1.612548828125
3319,saint_sac,0.9080219268798828
3320,saint_sac,1.9817485809326172
3321,saint_sac,3.0826282501220703
3322,saint_sac,2.3434858322143555
3323,saint_sac,1.807175636291504
3324,saint_sac,1.3130083084106445
3325,saint_sac,-0.7989978790283203
3326,saint_sac,2.855923652648926
3327,saint_sac,1.0336084365844727
3328,saint_sac,0.6815776824951172
3329,saint_sac,1.3532676696777344
3330,saint_sac,3.092646598815918
3331,saint_sac,0.49663639068603516
3332,saint_sac,2.929567337036133
3333,saint_sac,0.8266897201538086
3334,saint_sac,0.817988395690918
3335,saint_sac,0.35482215881347656
3336,saint_sac,1.4657869338989258
3337,saint_sac,0.4994983673095703
3338,saint_sac,1.1152305603027344
3339,saint_sac,3.905339241027832
3340,saint_sac,0.46451663970947266
3341,saint_sac,0.7031497955322266
3342,saint_sac,0.6031866073608398
3343,saint_sac,0.9318180084228516
3344,saint_sac,1.0492019653320312
3345,saint_sac,3.258817672729492
3346,saint_sac,1.1266775131225586
3347,saint_sac,2.51336669921875
3348,saint_sac,1.142404556274414
3349,saint_sac,0.9692001342773438
3350,saint_sac,0.6605911254882812
3351,saint_sac,1.2629776000976562
3352,saint_sac,0.3678016662597656
3353,saint_sac,0.5568647384643555
3354,saint_sac,0.7913637161254883
3355,saint_sac,2.5339794158935547
3356,saint_sac,0.5243501663208008
3357,saint_sac,-0.35576438903808594
3358,saint_sac,-0.09371662139892578
3359,saint_sac,1.4300642013549805
3360,saint_sac,0.6017189025878906
3361,saint_sac,0.4495820999145508
3362,saint_sac,0.9023580551147461
3363,saint_sac,1.1369361877441406
3364,saint_sac,0.811671257019043
3365,saint_sac,1.3958406448364258
3366,saint_sac,2.124598503112793
3367,saint_sac,-0.13123416900634766
3368,saint_sac,2.1023969650268555
3369,saint_sac,1.1701889038085938
3370,saint_sac,3.0446090698242188
3371,saint_sac,0.9487171173095703
3372,saint_sac,0.6852188110351562
3373,saint_sac,0.4598674774169922
3374,saint_sac,-0.43089771270751953
3375,saint_sac,1.320526123046875
3376,saint_sac,2.397139549255371
3377,saint_sac,2.003323554992676
3378,saint_sac,1.3396015167236328
3379,saint_sac,0.9976634979248047
3380,saint_sac,0.8177433013916016
3381,saint_sac,1.468153953552246
3382,saint_sac,1.875452995300293
3383,saint_sac,1.1483659744262695
3384,saint_sac,0.9368371963500977
3385,saint_sac,1.6593360900878906
3386,saint_sac,-0.0064067840576171875
3387,saint_sac,2.1154298782348633
3388,saint_sac,0.4388580322265625
3389,saint_sac,1.004190444946289
3390,saint_sac,0.7771129608154297
3391,saint_sac,1.5319089889526367
3392,saint_sac,2.5017900466918945
3393,saint_sac,3.4674854278564453
3394,saint_sac,2.2132568359375
3395,saint_sac,0.5754671096801758
3396,saint_sac,1.054245948791504
3397,saint_sac,2.115475654602051
3398,saint_sac,1.2760438919067383
3399,saint_sac,0.5392045974731445
3400,saint_sac,-0.5739917755126953
3401,saint_sac,1.785771369934082
3402,saint_sac,3.6038475036621094
3403,saint_sac,1.4417753219604492
3404,saint_sac,3.750528335571289
3405,saint_sac,0.5984296798706055
3406,saint_sac,1.5678377151489258
3407,saint_sac,1.519333839416504
3408,saint_sac,0.6096086502075195
3409,saint_sac,0.6342802047729492
3410,saint_sac,0.9519443511962891
3411,saint_sac,0.8942298889160156
3412,saint_sac,1.511977195739746
3413,saint_sac,3.0904464721679688
3414,saint_sac,1.0139589309692383
3415,saint_sac,2.642329216003418
3416,saint_sac,0.26854991912841797
3417,saint_sac,0.1464080810546875
3418,saint_sac,0.5600757598876953
3419,saint_sac,1.7385988235473633
3420,saint_sac,1.4507074356079102
3421,saint_sac,1.2230377197265625
3422,saint_sac,3.981973648071289
3423,saint_sac,1.7315101623535156
3424,saint_sac,1.6917619705200195
3425,saint_sac,0.8432989120483398
3426,saint_sac,0.6979284286499023
3427,saint_sac,1.1087779998779297
3428,saint_sac,0.2761831283569336
3429,saint_sac,2.031794548034668
3430,saint_sac,-0.5392303466796875
3431,saint_sac,0.717890739440918
3432,saint_sac,2.9232215881347656
3433,saint_sac,1.5697259902954102
3434,saint_sac,2.6633758544921875
3435,saint_sac,1.6163921356201172
3436,saint_sac,0.26573753356933594
3437,saint_sac,0.9313144683837891
3438,saint_sac,1.584707260131836
3439,saint_sac,2.985287666320801
3440,saint_sac,0.2764921188354492
3441,saint_sac,1.6427602767944336
3442,saint_sac,2.363056182861328
3443,saint_sac,0.8580493927001953
3444,saint_sac,1.8364753723144531
3445,saint_sac,0.4256744384765625
3446,saint_sac,2.5108156204223633
3447,saint_sac,0.7817955017089844
3448,saint_sac,0.5284824371337891
3449,saint_sac,1.1841630935668945
3450,saint_sac,0.4571247100830078
3451,saint_sac,0.7427549362182617
3452,saint_sac,1.9057178497314453
3453,saint_sac,1.2161235809326172
3454,saint_sac,-0.13536739349365234
3455,saint_sac,0.2899351119995117
3456,saint_sac,1.4650297164916992
3457,saint_sac,1.1667089462280273
3458,saint_sac,0.16841411590576172
3459,saint_sac,1.7389659881591797
3460,saint_sac,0.899683952331543
3461,saint_sac,2.0748863220214844
3462,saint_sac,1.065328598022461
3463,saint_sac,2.83261775970459
3464,saint_sac,0.9803600311279297
3465,saint_sac,1.2562713623046875
3466,saint_sac,0.3788118362426758
3467,saint_sac,1.7825002670288086
3468,saint_sac,-0.129241943359375
3469,saint_sac,1.5618667602539062
3470,saint_sac,1.034459114074707
3471,saint_sac,0.05230522155761719
3472,saint_sac,1.0479259490966797
3473,saint_sac,-0.2970304489135742
3474,saint_sac,0.14911746978759766
3475,saint_sac,1.3200645446777344
3476,saint_sac,3.4897708892822266
3477,saint_sac,1.8185482025146484
3478,saint_sac,2.6149849891662598
3479,saint_sac,0.7755346298217773
3480,saint_sac,0.008414268493652344
3481,saint_sac,1.3670158386230469
3482,saint_sac,0.764897346496582
3483,saint_sac,-0.19622802734375
3484,saint_sac,2.1957759857177734
3485,saint_sac,0.8585929870605469
3486,saint_sac,0.7245693206787109
3487,saint_sac,1.9028844833374023
3488,saint_sac,0.09371280670166016
3489,saint_sac,3.0278701782226562
3490,saint_sac,-1.5161972045898438
3491,saint_sac,-0.3240690231323242
3492,saint_sac,-0.6992835998535156
3493,saint_sac,-0.5261716842651367
3494,saint_sac,1.7328128814697266
3495,saint_sac,0.7608346939086914
3496,saint_sac,0.06103801727294922
3497,saint_sac,1.192556381225586
3498,saint_sac,1.9004144668579102
3499,saint_sac,1.0537137985229492
3500,saint_sac,4.719081878662109
3501,saint_sac,0.8628044128417969
3502,saint_sac,1.986043930053711
3503,saint_sac,0.2136240005493164
3504,saint_sac,-0.09253597259521484
3505,saint_sac,2.4910383224487305
3506,saint_sac,0.3851737976074219
3507,saint_sac,1.2296180725097656
3508,saint_sac,1.6502084732055664
3509,saint_sac,-0.047332763671875
3510,saint_sac,0.061432838439941406
3511,saint_sac,0.7927541732788086
3512,saint_sac,-0.24707317352294922
3513,saint_sac,0.8678865432739258
3514,saint_sac,1.7111854553222656
3515,saint_sac,2.8675003051757812
3516,saint_sac,2.4938793182373047
3517,saint_sac,1.694967269897461
3518,saint_sac,1.435807228088379
3519,saint_sac,0.7831916809082031
3520,saint_sac,0.9407520294189453
3521,saint_sac,-0.9318332672119141
3522,saint_sac,1.3416414260864258
3523,saint_sac,1.4736576080322266
3524,saint_sac,1.0349769592285156
3525,saint_sac,-0.10747146606445312
3526,saint_sac,1.853555679321289
3527,saint_sac,1.429525375366211
3528,saint_sac,2.3204164505004883
3529,saint_sac,0.7413473129272461
3530,saint_sac,0.5356588363647461
3531,saint_sac,-0.4198017120361328
3532,saint_sac,0.8341751098632812
3533,saint_sac,2.848017692565918
3534,saint_sac,3.425690174102783
3535,saint_sac,7.443350315093994
3536,saint_sac,5.8220977783203125
3537,saint_sac,1.6117324829101562
3538,saint_sac,-0.13082504272460938
3539,saint_sac,2.057321548461914
3540,saint_sac,0.5177440643310547
3541,saint_sac,1.6618738174438477
3542,saint_sac,0.9495878219604492
3543,saint_sac,1.521432876586914
3544,saint_sac,3.84824275970459
3545,saint_sac,5.309797286987305
3546,saint_sac,3.2984437942504883
3547,saint_sac,3.683950424194336
3548,saint_sac,1.0626258850097656
3549,saint_sac,1.8463726043701172
3550,saint_sac,2.7691497802734375
3551,saint_sac,2.4574851989746094
3552,saint_sac,0.13559341430664062
3553,saint_sac,0.9547538757324219
3554,saint_sac,1.6725006103515625
3555,saint_sac,0.4322032928466797
3556,saint_sac,2.5032758712768555
3557,saint_sac,2.81442928314209
3558,saint_sac,3.2118101119995117
3559,saint_sac,0.5110158920288086
3560,saint_sac,1.1669836044311523
3561,saint_sac,1.9084205627441406
3562,saint_sac,-0.0008392333984375
3563,saint_sac,1.0874004364013672
3564,saint_sac,1.389425277709961
3565,saint_sac,0.6227149963378906
3566,saint_sac,0.10071563720703125
3567,saint_sac,1.7966079711914062
3568,saint_sac,0.5680160522460938
3569,saint_sac,3.6736602783203125
3570,saint_sac,1.7686958312988281
3571,saint_sac,-0.0016393661499023438
3572,saint_sac,2.686915397644043
3573,saint_sac,0.4505023956298828
3574,saint_sac,4.5450592041015625
3575,saint_sac,2.9558801651000977
3576,saint_sac,1.0704946517944336
3577,saint_sac,2.165372848510742
3578,saint_sac,2.5090417861938477
3579,saint_sac,1.227670669555664
3580,saint_sac,1.3735342025756836
3581,saint_sac,2.2361583709716797
3582,saint_sac,2.2702951431274414
3583,saint_sac,1.6122798919677734
3584,saint_sac,2.212538719177246
3585,saint_sac,1.2119598388671875
3586,saint_sac,2.0233068466186523
3587,saint_sac,3.7593002319335938
3588,saint_sac,3.041292667388916
3589,saint_sac,1.251154899597168
3590,saint_sac,1.3606319427490234
3591,saint_sac,0.8535146713256836
3592,saint_sac,1.4057979583740234
3593,saint_sac,1.9171409606933594
3594,saint_sac,3.6758804321289062
3595,saint_sac,2.1501102447509766
3596,saint_sac,1.7852811813354492
3597,saint_sac,1.8106050491333008
3598,saint_sac,1.7403678894042969
3599,saint_sac,2.3564815521240234
3600,saint_sac,1.3969507217407227
3601,saint_sac,1.2031440734863281
3602,saint_sac,2.579172134399414
3603,saint_sac,4.251883506774902
3604,saint_sac,0.08517932891845703
3605,saint_sac,1.1880998611450195
3606,saint_sac,-0.1392650604248047
3607,saint_sac,1.3069877624511719
3608,saint_sac,1.4691658020019531
3609,saint_sac,-0.3267812728881836
3610,saint_sac,2.0709152221679688
3611,saint_sac,1.078439712524414
3612,saint_sac,3.686695098876953
3613,saint_sac,1.0136070251464844
3614,saint_sac,0.8753595352172852
3615,saint_sac,2.2692718505859375
3616,saint_sac,2.274899482727051
3617,saint_sac,0.5695180892944336
3618,saint_sac,2.7853078842163086
3619,saint_sac,2.040492057800293
3620,saint_sac,1.701314926147461
3621,saint_sac,0.9065151214599609
3622,saint_sac,0.8550329208374023
3623,saint_sac,0.17321109771728516
3624,saint_sac,0.9789619445800781
3625,saint_sac,2.620027542114258
3626,saint_sac,0.4233112335205078
3627,saint_sac,1.1894245147705078
3628,saint_sac,1.9357099533081055
3629,saint_sac,0.24187088012695312
3630,saint_sac,0.2446756362915039
3631,saint_sac,0.3918285369873047
3632,saint_sac,3.6082944869995117
3633,saint_sac,0.9156990051269531
3634,saint_sac,2.12949275970459
3635,saint_sac,2.522054672241211
3636,saint_sac,0.17889404296875
3637,saint_sac,0.0744314193725586
3638,saint_sac,2.2292098999023438
3639,saint_sac,1.6841297149658203
3640,saint_sac,1.6392536163330078
3641,saint_sac,2.930291175842285
3642,saint_sac,2.126483917236328
3643,saint_sac,-0.5223884582519531
3644,saint_sac,3.459146499633789
3645,saint_sac,3.01419734954834
3646,saint_sac,1.8377723693847656
3647,saint_sac,0.030977249145507812
3648,saint_sac,1.59307861328125
3649,saint_sac,1.7859201431274414
3650,saint_sac,0.4054603576660156
3651,saint_sac,0.8820838928222656
3652,saint_sac,2.264859199523926
3653,saint_sac,1.5972166061401367
3654,saint_sac,1.5601224899291992
3655,saint_sac,2.1151037216186523
3656,saint_sac,0.36572265625
3657,saint_sac,0.8280324935913086
3658,saint_sac,5.13370943069458
3659,saint_sac,1.739375114440918
3660,saint_sac,2.3670759201049805
3661,saint_sac,2.3493471145629883
3662,saint_sac,1.0618877410888672
3663,saint_sac,-0.040470123291015625
3664,saint_sac,2.8167052268981934
3665,saint_sac,-0.9286785125732422
3666,saint_sac,0.06453895568847656
3667,saint_sac,0.11334800720214844
3668,saint_sac,0.8972940444946289
3669,saint_sac,1.2952051162719727
3670,saint_sac,0.5546226501464844
3671,saint_sac,0.8507833480834961
3672,saint_sac,-0.15065956115722656
3673,saint_sac,3.024746894836426
3674,saint_sac,1.9864835739135742
3675,saint_sac,-0.2027912139892578
3676,saint_sac,1.2142620086669922
3677,saint_sac,0.2849159240722656
3678,saint_sac,1.3374176025390625
3679,saint_sac,1.7960271835327148
3680,saint_sac,-0.3874177932739258
3681,saint_sac,3.8208274841308594
3682,saint_sac,0.5608921051025391
3683,saint_sac,0.3189125061035156
3684,saint_sac,1.6020593643188477
3685,saint_sac,1.1211729049682617
3686,saint_sac,4.2857208251953125
3687,saint_sac,0.6724586486816406
3688,saint_sac,2.239755630493164
3689,saint_sac,0.8233118057250977
3690,saint_sac,0.25168895721435547
3691,saint_sac,1.0022268295288086
3692,saint_sac,1.5530672073364258
3693,saint_sac,1.6223392486572266
3694,saint_sac,3.023982048034668
3695,saint_sac,3.950751304626465
3696,saint_sac,0.5485773086547852
3697,saint_sac,1.236581802368164
3698,saint_sac,4.214201927185059
3699,saint_sac,2.5674266815185547
3700,saint_sac,1.5025415420532227
3701,saint_sac,3.3585424423217773
3702,saint_sac,0.2301921844482422
3703,saint_sac,-0.34116458892822266
3704,saint_sac,0.7790412902832031
3705,saint_sac,2.221057891845703
3706,saint_sac,1.4401664733886719
3707,saint_sac,1.7028865814208984
3708,saint_sac,2.382615089416504
3709,saint_sac,-0.7537422180175781
3710,saint_sac,0.8590078353881836
3711,saint_sac,1.0568618774414062
3712,saint_sac,-0.18036937713623047
3713,saint_sac,0.031340599060058594
3714,saint_sac,1.7394237518310547
3715,saint_sac,1.5153694152832031
3716,saint_sac,1.7584285736083984
3717,saint_sac,-0.48755550384521484
3718,saint_sac,2.5191268920898438
3719,saint_sac,0.7249422073364258
3720,saint_sac,0.8520669937133789
3721,saint_sac,3.3978652954101562
3722,saint_sac,1.5405158996582031
3723,saint_sac,3.909463882446289
3724,saint_sac,2.1314926147460938
3725,saint_sac,4.260097503662109
3726,saint_sac,-0.017200469970703125
3727,saint_sac,1.6798620223999023
3728,saint_sac,2.325590133666992
3729,saint_sac,0.512537956237793
3730,saint_sac,0.35141944885253906
3731,saint_sac,1.5617084503173828
3732,saint_sac,1.2826766967773438
3733,saint_sac,3.4644412994384766
3734,saint_sac,1.3968992233276367
3735,saint_sac,1.5419740676879883
3736,saint_sac,1.2884654998779297
3737,saint_sac,1.6871423721313477
3738,saint_sac,1.4236783981323242
3739,saint_sac,0.38594722747802734
3740,saint_sac,1.8183555603027344
3741,saint_sac,1.8042879104614258
3742,saint_sac,1.5260992050170898
3743,saint_sac,3.568410873413086
3744,saint_sac,1.4742307662963867
3745,saint_sac,2.594202995300293
3746,saint_sac,2.681912422180176
3747,saint_sac,4.532055377960205
3748,saint_sac,3.279571533203125
3749,saint_sac,1.8281021118164062
3750,saint_sac,0.7919712066650391
3751,saint_sac,1.0171899795532227
3752,saint_sac,-0.3439483642578125
3753,saint_sac,0.02847766876220703
3754,saint_sac,1.8211889266967773
3755,saint_sac,1.4239702224731445
3756,saint_sac,4.636420249938965
3757,saint_sac,2.4847965240478516
3758,saint_sac,3.4902563095092773
3759,saint_sac,3.0008134841918945
3760,saint_sac,4.317841529846191
3761,saint_sac,1.0745487213134766
3762,saint_sac,0.4643096923828125
3763,saint_sac,2.358999252319336
3764,saint_sac,0.13986682891845703
3765,saint_sac,1.8626070022583008
3766,saint_sac,3.7747135162353516
3767,saint_sac,0.45310211181640625
3768,saint_sac,0.675044059753418
3769,saint_sac,0.13532543182373047
3770,saint_sac,1.601766586303711
3771,saint_sac,2.0165939331054688
3772,saint_sac,-0.1984272003173828
3773,saint_sac,2.21547794342041
3774,saint_sac,2.1823549270629883
3775,saint_sac,3.4967803955078125
3776,saint_sac,2.4558515548706055
3777,saint_sac,2.473827362060547
3778,saint_sac,1.9592323303222656
3779,saint_sac,5.126617431640625
3780,saint_sac,0.7155647277832031
3781,saint_sac,3.640939712524414
3782,saint_sac,1.1904401779174805
3783,saint_sac,0.8071660995483398
3784,saint_sac,1.6492938995361328
3785,saint_sac,-0.21115875244140625
3786,saint_sac,1.7324914932250977
3787,saint_sac,-0.5348110198974609
3788,saint_sac,1.9380369186401367
3789,saint_sac,2.256389617919922
3790,saint_sac,1.3044261932373047
3791,saint_sac,1.7210044860839844
3792,saint_sac,0.024977684020996094
3793,saint_sac,2.7911643981933594
3794,saint_sac,1.5908231735229492
3795,saint_sac,0.8944025039672852
3796,saint_sac,0.4144887924194336
3797,saint_sac,-0.164642333984375
3798,saint_sac,0.9132728576660156
3799,saint_sac,3.7137088775634766
3800,saint_sac,0.261566162109375
3801,saint_sac,0.6980371475219727
3802,saint_sac,3.839352607727051
3803,saint_sac,1.7474288940429688
3804,saint_sac,1.5500240325927734
3805,saint_sac,0.6840915679931641
3806,saint_sac,0.16054725646972656
3807,saint_sac,0.8109073638916016
3808,saint_sac,1.347620964050293
3809,saint_sac,0.9785671234130859
3810,saint_sac,1.6237602233886719
3811,saint_sac,1.0012435913085938
3812,saint_sac,1.1274356842041016
3813,saint_sac,-0.46321582794189453
3814,saint_sac,0.49759864807128906
3815,saint_sac,3.6024017333984375
3816,saint_sac,0.8404407501220703
3817,saint_sac,1.9562492370605469
3818,saint_sac,6.199976444244385
3819,saint_sac,-0.5058784484863281
3820,saint_sac,1.5667343139648438
3821,saint_sac,1.7284469604492188
3822,saint_sac,1.9450550079345703
3823,saint_sac,1.1997566223144531
3824,saint_sac,0.7629423141479492
3825,saint_sac,-0.11041450500488281
3826,saint_sac,0.9159421920776367
3827,saint_sac,2.265514373779297
3828,saint_sac,1.1823530197143555
3829,saint_sac,1.8862791061401367
3830,saint_sac,3.082265853881836
3831,saint_sac,1.3945884704589844
3832,saint_sac,-0.6456422805786133
3833,saint_sac,2.2970094680786133
3834,saint_sac,0.37047767639160156
3835,saint_sac,2.1056528091430664
3836,saint_sac,0.16265487670898438
3837,saint_sac,2.4515161514282227
3838,saint_sac,2.7658939361572266
3839,saint_sac,4.412269592285156
3840,saint_sac,2.2337894439697266
3841,saint_sac,1.2484197616577148
3842,saint_sac,1.6383905410766602
3843,saint_sac,3.7719669342041016
3844,saint_sac,2.5163631439208984
3845,saint_sac,-0.25618553161621094
3846,saint_sac,2.9321694374084473
3847,saint_sac,5.0872955322265625
3848,saint_sac,0.7127580642700195
3849,saint_sac,-0.5777978897094727
3850,saint_sac,2.0341224670410156
3851,saint_sac,1.8091182708740234
3852,saint_sac,1.4768104553222656
3853,saint_sac,-0.6786661148071289
3854,saint_sac,1.8733291625976562
3855,saint_sac,0.7495241165161133
3856,saint_sac,2.603351593017578
3857,saint_sac,0.7718324661254883
3858,saint_sac,0.6146402359008789
3859,saint_sac,5.014042854309082
3860,saint_sac,0.581730842590332
3861,saint_sac,1.7004261016845703
3862,saint_sac,3.764512062072754
3863,saint_sac,3.010409355163574
3864,saint_sac,4.573256492614746
3865,saint_sac,1.3350515365600586
3866,saint_sac,0.3895101547241211
3867,saint_sac,-0.3780546188354492
3868,saint_sac,2.14119815826416
3869,saint_sac,0.6690597534179688
3870,saint_sac,1.425689697265625
3871,saint_sac,-0.0583343505859375
3872,saint_sac,2.4469118118286133
3873,saint_sac,-0.16741371154785156
3874,saint_sac,0.9732646942138672
3875,saint_sac,3.735264778137207
3876,saint_sac,0.8086862564086914
3877,saint_sac,2.477635383605957
3878,saint_sac,2.276914596557617
3879,saint_sac,1.2424030303955078
3880,saint_sac,0.4244117736816406
3881,saint_sac,-0.21551799774169922
3882,saint_sac,1.358358383178711
3883,saint_sac,0.3347339630126953
3884,saint_sac,-0.4739522933959961
3885,saint_sac,1.0930461883544922
3886,saint_sac,-0.4295063018798828
3887,saint_sac,1.469390869140625
3888,saint_sac,1.1847496032714844
3889,saint_sac,0.595789909362793
3890,saint_sac,1.8462281227111816
3891,saint_sac,1.978525161743164
3892,saint_sac,3.759357452392578
3893,saint_sac,2.590787887573242
3894,saint_sac,1.5632820129394531
3895,saint_sac,0.7328453063964844
3896,saint_sac,0.7109537124633789
3897,saint_sac,1.4974250793457031
3898,saint_sac,2.491548538208008
3899,saint_sac,1.5960512161254883
3900,saint_sac,0.12927818298339844
3901,saint_sac,2.1483278274536133
3902,saint_sac,0.2891502380371094
3903,saint_sac,0.7471580505371094
3904,saint_sac,1.7377500534057617
3905,saint_sac,1.6201038360595703
3906,saint_sac,2.82037353515625
3907,saint_sac,1.746795654296875
3908,saint_sac,2.461801528930664
3909,saint_sac,1.6759681701660156
3910,saint_sac,0.8075284957885742
3911,saint_sac,0.9505853652954102
3912,saint_sac,1.028564453125
3913,saint_sac,0.953826904296875
3914,saint_sac,0.78668212890625
3915,saint_sac,2.651906967163086
3916,saint_sac,0.8708553314208984
3917,saint_sac,1.1276588439941406
3918,saint_sac,1.5665359497070312
3919,saint_sac,0.7869758605957031
3920,saint_sac,1.809469223022461
3921,saint_sac,0.7241477966308594
3922,saint_sac,0.9637613296508789
3923,saint_sac,2.030116081237793
3924,saint_sac,0.9649076461791992
3925,saint_sac,1.3379230499267578
3926,saint_sac,1.9301748275756836
3927,saint_sac,0.0006170272827148438
3928,saint_sac,0.2023906707763672
3929,saint_sac,0.4774436950683594
3930,saint_sac,0.6876497268676758
3931,saint_sac,2.321202278137207
3932,saint_sac,1.2496709823608398
3933,saint_sac,1.2891407012939453
3934,saint_sac,2.60239315032959
3935,saint_sac,3.9490013122558594
3936,saint_sac,0.8992547988891602
3937,saint_sac,0.8079795837402344
3938,saint_sac,1.3747596740722656
3939,saint_sac,0.0931081771850586
3940,saint_sac,0.46384525299072266
3941,saint_sac,1.2692890167236328
3942,saint_sac,3.0813064575195312
3943,saint_sac,0.6294794082641602
3944,saint_sac,3.4204444885253906
3945,saint_sac,2.3717880249023438
3946,saint_sac,5.167560577392578
3947,saint_sac,1.1997575759887695
3948,saint_sac,0.16333484649658203
3949,saint_sac,1.6293058395385742
3950,saint_sac,2.955921173095703
3951,saint_sac,0.8796520233154297
3952,saint_sac,-0.00037860870361328125
3953,saint_sac,1.9232635498046875
3954,saint_sac,3.495734214782715
3955,saint_sac,1.7522954940795898
3956,saint_sac,2.3936281204223633
3957,saint_sac,0.820612907409668
3958,saint_sac,2.203845977783203
3959,saint_sac,1.746673583984375
3960,saint_sac,3.8848886489868164
3961,saint_sac,0.3126802444458008
3962,saint_sac,0.9745349884033203
3963,saint_sac,6.113605499267578
3964,saint_sac,1.2322864532470703
3965,saint_sac,-0.8079605102539062
3966,saint_sac,1.9704761505126953
3967,saint_sac,3.355769157409668
3968,saint_sac,0.5175018310546875
3969,saint_sac,2.4113540649414062
3970,saint_sac,1.2416114807128906
3971,saint_sac,1.8672685623168945
3972,saint_sac,0.8366842269897461
3973,saint_sac,0.4445228576660156
3974,saint_sac,2.1325502395629883
3975,saint_sac,2.482694625854492
3976,saint_sac,0.7771224975585938
3977,saint_sac,1.366994857788086
3978,saint_sac,-0.5535621643066406
3979,saint_sac,0.6980266571044922
3980,saint_sac,1.0108299255371094
3981,saint_sac,2.2708072662353516
3982,saint_sac,3.17694091796875
3983,saint_sac,1.899759292602539
3984,saint_sac,1.0600299835205078
3985,saint_sac,1.0860319137573242
3986,saint_sac,-0.6387033462524414
3987,saint_sac,1.4872922897338867
3988,saint_sac,3.5168561935424805
3989,saint_sac,0.27465343475341797
3990,saint_sac,2.603379249572754
3991,saint_sac,0.3462810516357422
3992,saint_sac,0.7866764068603516
3993,saint_sac,3.9170703887939453
3994,saint_sac,1.7026004791259766
3995,saint_sac,0.8173303604125977
3996,saint_sac,3.696319580078125
3997,saint_sac,-0.7632989883422852
3998,saint_sac,-0.49829578399658203
3999,saint_sac,0.23567962646484375
4000,saint_sac,1.8699779510498047
4001,saint_sac,2.943758010864258
4002,saint_sac,1.6069450378417969
4003,saint_sac,1.200301170349121
4004,saint_sac,1.211808204650879
4005,saint_sac,1.1649770736694336
4006,saint_sac,5.163434982299805
4007,saint_sac,2.77443790435791
4008,saint_sac,2.506924629211426
4009,saint_sac,1.8239822387695312
4010,saint_sac,1.8985729217529297
4011,saint_sac,1.3856792449951172
4012,saint_sac,0.6603498458862305
4013,saint_sac,0.5278768539428711
4014,saint_sac,0.6106557846069336
4015,saint_sac,7.377355575561523
4016,saint_sac,3.111617088317871
4017,saint_sac,-0.2153949737548828
4018,saint_sac,1.827840805053711
4019,saint_sac,4.286160469055176
4020,saint_sac,4.7156548500061035
4021,saint_sac,1.985952377319336
4022,saint_sac,0.9241695404052734
4023,saint_sac,0.6816120147705078
4024,saint_sac,3.0271987915039062
4025,saint_sac,1.1135530471801758
4026,saint_sac,2.1524038314819336
4027,saint_sac,1.6172971725463867
4028,saint_sac,2.8168773651123047
4029,saint_sac,1.1708908081054688
4030,saint_sac,0.9452524185180664
4031,saint_sac,1.6560754776000977
4032,saint_sac,3.3813838958740234
4033,saint_sac,3.184788703918457
4034,saint_sac,1.9432706832885742
4035,saint_sac,2.734638214111328
4036,saint_sac,1.3226251602172852
4037,saint_sac,2.56191349029541
4038,saint_sac,1.3010330200195312
4039,saint_sac,0.9658689498901367
4040,saint_sac,1.78125
4041,saint_sac,1.5804872512817383
4042,saint_sac,1.172043800354004
4043,saint_sac,1.4825115203857422
4044,saint_sac,1.3767757415771484
4045,saint_sac,0.2630424499511719
4046,saint_sac,0.1785745620727539
4047,saint_sac,3.5315465927124023
4048,saint_sac,1.347416877746582
4049,saint_sac,2.263731002807617
4050,saint_sac,1.052734375
4051,saint_sac,2.0237183570861816
4052,saint_sac,1.2429323196411133
4053,saint_sac,1.1851444244384766
4054,saint_sac,1.695570945739746
4055,saint_sac,3.2371749877929688
4056,saint_sac,1.7716541290283203
4057,saint_sac,-0.047486305236816406
4058,saint_sac,1.2590103149414062
4059,saint_sac,0.686182975769043
4060,saint_sac,4.576972961425781
4061,saint_sac,1.1630620956420898
4062,saint_sac,0.8997249603271484
4063,saint_sac,0.7162666320800781
4064,saint_sac,-0.16756248474121094
4065,saint_sac,0.952606201171875
4066,saint_sac,1.7241363525390625
4067,saint_sac,-0.049834251403808594
4068,saint_sac,1.5331878662109375
4069,saint_sac,0.2420063018798828
4070,saint_sac,0.5265417098999023
4071,saint_sac,0.25675010681152344
4072,saint_sac,4.070347785949707
4073,saint_sac,2.0055456161499023
4074,saint_sac,1.3733539581298828
4075,saint_sac,1.4717588424682617
4076,saint_sac,3.605001926422119
4077,saint_sac,2.0606203079223633
4078,saint_sac,0.8333120346069336
4079,saint_sac,1.1125645637512207
4080,saint_sac,1.6546554565429688
4081,saint_sac,2.5466880798339844
4082,saint_sac,0.8295421600341797
4083,saint_sac,1.3289241790771484
4084,saint_sac,1.5739383697509766
4085,saint_sac,2.365323066711426
4086,saint_sac,2.390194892883301
4087,saint_sac,0.8477373123168945
4088,saint_sac,2.733274459838867
4089,saint_sac,2.805675506591797
4090,saint_sac,1.3844194412231445
4091,saint_sac,2.3173398971557617
4092,saint_sac,1.0822019577026367
4093,saint_sac,2.0264358520507812
4094,saint_sac,1.8725605010986328
4095,saint_sac,6.419075012207031
4096,saint_sac,1.7500190734863281
4097,saint_sac,1.2081003189086914
4098,saint_sac,1.7718534469604492
4099,saint_sac,3.359959602355957
4100,saint_sac,-0.7428131103515625
4101,saint_sac,1.9348344802856445
4102,saint_sac,2.053285598754883
4103,saint_sac,1.237187385559082
4104,saint_sac,0.7627878189086914
4105,saint_sac,1.3361587524414062
4106,saint_sac,-0.45394039154052734
4107,saint_sac,-1.420182228088379
4108,saint_sac,3.9918251037597656
4109,saint_sac,0.49822139739990234
4110,saint_sac,3.7903671264648438
4111,saint_sac,1.1214628219604492
4112,saint_sac,2.1142845153808594
4113,saint_sac,1.7009859085083008
4114,saint_sac,0.33919334411621094
4115,saint_sac,2.533784866333008
4116,saint_sac,1.840622901916504
4117,saint_sac,0.928797721862793
4118,saint_sac,-0.8469314575195312
4119,saint_sac,2.3266983032226562
4120,saint_sac,0.3993053436279297
4121,saint_sac,4.528903961181641
4122,saint_sac,2.842517852783203
4123,saint_sac,0.9259672164916992
4124,saint_sac,3.100733757019043
4125,saint_sac,0.3867015838623047
4126,saint_sac,0.617030143737793
4127,saint_sac,1.199432373046875
4128,saint_sac,1.1770868301391602
4129,saint_sac,3.8282175064086914
4130,saint_sac,2.5980124473571777
4131,saint_sac,1.523406982421875
4132,saint_sac,0.2306680679321289
4133,saint_sac,1.267603874206543
4134,saint_sac,1.6409931182861328
4135,saint_sac,1.6134490966796875
4136,saint_sac,-0.9701604843139648
4137,saint_sac,0.40681934356689453
4138,saint_sac,3.646341323852539
4139,saint_sac,1.4019641876220703
4140,saint_sac,2.5792770385742188
4141,saint_sac,1.0165472030639648
4142,saint_sac,0.09178733825683594
4143,saint_sac,0.5103130340576172
4144,saint_sac,1.5673751831054688
4145,saint_sac,2.6024084091186523
4146,saint_sac,1.8092060089111328
4147,saint_sac,3.443984031677246
4148,saint_sac,0.23296451568603516
4149,saint_sac,0.3268280029296875
4150,saint_sac,2.5754318237304688
4151,saint_sac,1.853865623474121
4152,saint_sac,0.8863105773925781
4153,saint_sac,3.176788330078125
4154,saint_sac,2.637120246887207
4155,saint_sac,0.44856739044189453
4156,saint_sac,2.8001585006713867
4157,saint_sac,2.128664016723633
4158,saint_sac,4.416200637817383
4159,saint_sac,1.3088951110839844
4160,saint_sac,0.7480173110961914
4161,saint_sac,0.3369302749633789
4162,saint_sac,1.6938753128051758
4163,saint_sac,0.6511459350585938
4164,saint_sac,1.1489086151123047
4165,saint_sac,1.8576488494873047
4166,saint_sac,1.9735746383666992
4167,saint_sac,1.5132713317871094
4168,saint_sac,1.137887954711914
4169,saint_sac,0.4441690444946289
4170,saint_sac,2.6217498779296875
4171,saint_sac,-0.15561771392822266
4172,saint_sac,1.3203954696655273
4173,saint_sac,1.6907682418823242
4174,saint_sac,1.3375797271728516
4175,saint_sac,0.584228515625
4176,saint_sac,1.901728630065918
4177,saint_sac,1.119405746459961
4178,saint_sac,0.47900390625
4179,saint_sac,0.09293079376220703
4180,saint_sac,2.164243698120117
4181,saint_sac,5.409747123718262
4182,saint_sac,1.7689323425292969
4183,saint_sac,0.43563270568847656
4184,saint_sac,1.8957328796386719
4185,saint_sac,0.1813344955444336
4186,saint_sac,5.8312883377075195
4187,saint_sac,0.7895965576171875
4188,saint_sac,1.4827136993408203
4189,saint_sac,2.1964292526245117
4190,saint_sac,0.9314432144165039
4191,saint_sac,3.7017393112182617
4192,saint_sac,0.7813625335693359
4193,saint_sac,0.6529207229614258
4194,saint_sac,1.7264842987060547
4195,saint_sac,1.8465242385864258
4196,saint_sac,2.0496044158935547
4197,saint_sac,0.35443115234375
4198,saint_sac,2.2132062911987305
4199,saint_sac,1.6296710968017578
4200,saint_sac,1.4239320755004883
4201,saint_sac,0.07074451446533203
4202,saint_sac,5.070522308349609
4203,saint_sac,-0.2891254425048828
4204,saint_sac,-1.0320053100585938
4205,saint_sac,-0.0058231353759765625
4206,saint_sac,0.2512493133544922
4207,saint_sac,0.8267707824707031
4208,saint_sac,2.5317649841308594
4209,saint_sac,2.0525684356689453
4210,saint_sac,3.230804443359375
4211,saint_sac,1.925368309020996
4212,saint_sac,-0.15534210205078125
4213,saint_sac,1.716196060180664
4214,saint_sac,2.1750059127807617
4215,saint_sac,0.7481899261474609
4216,saint_sac,2.8140668869018555
4217,saint_sac,1.1804733276367188
4218,saint_sac,1.3944950103759766
4219,saint_sac,1.376683235168457
4220,saint_sac,1.6146202087402344
4221,saint_sac,0.9617795944213867
4222,saint_sac,0.8352298736572266
4223,saint_sac,0.37209033966064453
4224,saint_sac,1.2507057189941406
4225,saint_sac,3.3882808685302734
4226,saint_sac,4.413291931152344
4227,saint_sac,1.3036928176879883
4228,saint_sac,0.39003944396972656
4229,saint_sac,1.041438102722168
4230,saint_sac,2.7596683502197266
4231,saint_sac,1.818105697631836
4232,saint_sac,1.8967323303222656
4233,saint_sac,0.8939275741577148
4234,saint_sac,1.619095802307129
4235,saint_sac,1.4211950302124023
4236,saint_sac,2.90822696685791
4237,saint_sac,1.3781137466430664
4238,saint_sac,1.1186962127685547
4239,saint_sac,0.8785247802734375
4240,saint_sac,1.9526453018188477
4241,saint_sac,0.8987483978271484
4242,saint_sac,1.8818721771240234
4243,saint_sac,1.6166162490844727
4244,saint_sac,0.9869270324707031
4245,saint_sac,2.004261016845703
4246,saint_sac,1.2485580444335938
4247,saint_sac,6.050398826599121
4248,saint_sac,1.2105131149291992
4249,saint_sac,1.0239572525024414
4250,saint_sac,-1.0082635879516602
4251,saint_sac,1.0575170516967773
4252,saint_sac,1.542017936706543
4253,saint_sac,3.262875556945801
4254,saint_sac,1.7146244049072266
4255,saint_sac,1.7173986434936523
4256,saint_sac,0.9695281982421875
4257,saint_sac,1.0492591857910156
4258,saint_sac,0.8449239730834961
4259,saint_sac,1.2612800598144531
4260,saint_sac,0.9311790466308594
4261,saint_sac,-0.12261295318603516
4262,saint_sac,3.3865604400634766
4263,saint_sac,1.5463953018188477
4264,saint_sac,2.059133529663086
4265,saint_sac,0.17636489868164062
4266,saint_sac,0.7446432113647461
4267,saint_sac,2.578319549560547
4268,saint_sac,0.9506368637084961
4269,saint_sac,1.7217578887939453
4270,saint_sac,-0.4774007797241211
4271,saint_sac,0.3561239242553711
4272,saint_sac,2.3895998001098633
4273,saint_sac,2.011549949645996
4274,saint_sac,1.4659786224365234
4275,saint_sac,2.2295312881469727
4276,saint_sac,3.084416389465332
4277,saint_sac,2.1901731491088867
4278,saint_sac,0.9050531387329102
4279,saint_sac,0.9687166213989258
4280,saint_sac,1.3045787811279297
4281,saint_sac,4.517339706420898
4282,saint_sac,1.9651403427124023
4283,saint_sac,1.4670820236206055
4284,saint_sac,-0.12997913360595703
4285,saint_sac,3.5562744140625
4286,saint_sac,2.935633659362793
4287,saint_sac,0.7241373062133789
4288,saint_sac,1.8598709106445312
4289,saint_sac,0.1618804931640625
4290,saint_sac,1.3089075088500977
4291,saint_sac,0.6222324371337891
4292,saint_sac,5.945788383483887
4293,saint_sac,1.7522649765014648
4294,saint_sac,2.337789535522461
4295,saint_sac,1.9940805435180664
4296,saint_sac,-0.16371536254882812
4297,saint_sac,0.642791748046875
4298,saint_sac,3.6044530868530273
4299,saint_sac,1.6018619537353516
4300,saint_sac,3.8998470306396484
4301,saint_sac,1.386697769165039
4302,saint_sac,0.8088455200195312
4303,saint_sac,0.27518177032470703
4304,saint_sac,1.0294256210327148
4305,saint_sac,1.2185735702514648
4306,saint_sac,0.28009033203125
4307,saint_sac,1.5216598510742188
4308,saint_sac,0.9937906265258789
4309,saint_sac,3.5617523193359375
4310,saint_sac,2.2804460525512695
4311,saint_sac,0.9724636077880859
4312,saint_sac,0.9774417877197266
4313,saint_sac,1.9700956344604492
4314,saint_sac,1.7923173904418945
4315,saint_sac,0.7094907760620117
4316,saint_sac,2.3963260650634766
4317,saint_sac,1.7149696350097656
4318,saint_sac,1.8365230560302734
4319,saint_sac,2.5292816162109375
4320,saint_sac,-0.11649131774902344
4321,saint_sac,-0.5466499328613281
4322,saint_sac,0.3275880813598633
4323,saint_sac,0.26615047454833984
4324,saint_sac,0.6243076324462891
4325,saint_sac,0.2774667739868164
4326,saint_sac,1.370065689086914
4327,saint_sac,2.240675926208496
4328,saint_sac,1.8926877975463867
4329,saint_sac,1.4766054153442383
4330,saint_sac,0.29985904693603516
4331,saint_sac,2.6758956909179688
4332,saint_sac,0.7215385437011719
4333,saint_sac,2.6056976318359375
4334,saint_sac,-1.2613248825073242
4335,saint_sac,0.8629131317138672
4336,saint_sac,1.5571613311767578
4337,saint_sac,0.671818733215332
4338,saint_sac,1.1740999221801758
4339,saint_sac,0.7191658020019531
4340,saint_sac,2.1262388229370117
4341,saint_sac,4.042461395263672
4342,saint_sac,0.7384567260742188
4343,saint_sac,1.338465690612793
4344,saint_sac,0.2208385467529297
4345,saint_sac,4.899957656860352
4346,saint_sac,1.6743202209472656
4347,saint_sac,3.1754817962646484
4348,saint_sac,0.009920120239257812
4349,saint_sac,2.014498710632324
4350,saint_sac,0.7877531051635742
4351,saint_sac,1.7206220626831055
4352,saint_sac,-0.5908527374267578
4353,saint_sac,1.722853660583496
4354,saint_sac,1.954458236694336
4355,saint_sac,0.8070278167724609
4356,saint_sac,2.1288976669311523
4357,saint_sac,2.792186737060547
4358,saint_sac,1.8627910614013672
4359,saint_sac,0.5550956726074219
4360,saint_sac,1.5081701278686523
4361,saint_sac,4.594322204589844
4362,saint_sac,1.5507402420043945
4363,saint_sac,0.03130626678466797
4364,saint_sac,1.8246889114379883
4365,saint_sac,0.6344032287597656
4366,saint_sac,1.0175542831420898
4367,saint_sac,2.409881591796875
4368,saint_sac,0.14207839965820312
4369,saint_sac,2.1785669326782227
4370,saint_sac,0.6297636032104492
4371,saint_sac,1.3010196685791016
4372,saint_sac,1.5747756958007812
4373,saint_sac,3.0425777435302734
4374,saint_sac,2.488128662109375
4375,saint_sac,3.5820178985595703
4376,saint_sac,0.15837860107421875
4377,saint_sac,1.4355754852294922
4378,saint_sac,1.7555503845214844
4379,saint_sac,1.8603143692016602
4380,saint_sac,3.286876678466797
4381,saint_sac,2.3786182403564453
4382,saint_sac,1.4359550476074219
4383,saint_sac,1.0453643798828125
4384,saint_sac,2.4424734115600586
4385,saint_sac,3.5061826705932617
4386,saint_sac,1.3314952850341797
4387,saint_sac,4.6880950927734375
4388,saint_sac,-0.5825395584106445
4389,saint_sac,0.16970062255859375
4390,saint_sac,1.400771141052246
4391,saint_sac,1.8008747100830078
4392,saint_sac,2.182986259460449
4393,saint_sac,1.5585193634033203
4394,saint_sac,0.9694356918334961
4395,saint_sac,3.0591650009155273
4396,saint_sac,1.4164657592773438
4397,saint_sac,4.258014678955078
4398,saint_sac,2.4891767501831055
4399,saint_sac,2.0719165802001953
4400,saint_sac,1.313680648803711
4401,saint_sac,2.1901350021362305
4402,saint_sac,0.5284576416015625
4403,saint_sac,0.9308156967163086
4404,saint_sac,3.5842018127441406
4405,saint_sac,1.4528636932373047
4406,saint_sac,5.502546787261963
4407,saint_sac,3.6179637908935547
4408,saint_sac,3.783079147338867
4409,saint_sac,0.9853134155273438
4410,saint_sac,0.36952686309814453
4411,saint_sac,0.7188053131103516
4412,saint_sac,1.358022689819336
4413,saint_sac,2.1900367736816406
4414,saint_sac,2.1103458404541016
4415,saint_sac,1.366450309753418
4416,saint_sac,-0.49607276916503906
4417,saint_sac,1.1826419830322266
4418,saint_sac,1.2577219009399414
4419,saint_sac,3.617582321166992
4420,saint_sac,0.04799652099609375
4421,saint_sac,2.7782821655273438
4422,saint_sac,0.14574718475341797
4423,saint_sac,0.6741943359375
4424,saint_sac,1.8494553565979004
4425,saint_sac,3.7453269958496094
4426,saint_sac,1.7314891815185547
4427,saint_sac,2.0638790130615234
4428,saint_sac,1.014042854309082
4429,saint_sac,5.176855087280273
4430,saint_sac,1.6700868606567383
4431,saint_sac,-0.5834693908691406
4432,saint_sac,1.1430110931396484
4433,saint_sac,1.062586784362793
4434,saint_sac,0.038360595703125
4435,saint_sac,1.6216182708740234
4436,saint_sac,1.2370100021362305
4437,saint_sac,1.681447982788086
4438,saint_sac,0.4498100280761719
4439,saint_sac,1.6687946319580078
4440,saint_sac,1.3073959350585938
4441,saint_sac,-1.1703357696533203
4442,saint_sac,0.6323976516723633
4443,saint_sac,1.729604721069336
4444,saint_sac,0.8070573806762695
4445,saint_sac,-0.0897512435913086
4446,saint_sac,0.25006675720214844
4447,saint_sac,4.443382263183594
4448,saint_sac,1.1115894317626953
4449,saint_sac,0.5665035247802734
4450,saint_sac,3.8531923294067383
4451,saint_sac,2.7497358322143555
4452,saint_sac,1.0220146179199219
4453,saint_sac,0.7242612838745117
4454,saint_sac,1.5970277786254883
4455,saint_sac,4.542244911193848
4456,saint_sac,2.1821374893188477
4457,saint_sac,2.550168991088867
4458,saint_sac,-0.9226598739624023
4459,saint_sac,-0.11413383483886719
4460,saint_sac,1.555715560913086
4461,saint_sac,4.059126853942871
4462,saint_sac,1.7676172256469727
4463,saint_sac,0.4559783935546875
4464,saint_sac,1.0625791549682617
4465,saint_sac,2.446056365966797
4466,saint_sac,2.3281679153442383
4467,saint_sac,1.6674127578735352
4468,saint_sac,0.5025854110717773
4469,saint_sac,0.16281890869140625
4470,saint_sac,3.959012508392334
4471,saint_sac,1.2080097198486328
4472,saint_sac,1.5526313781738281
4473,saint_sac,2.438779830932617
4474,saint_sac,5.575283050537109
4475,saint_sac,3.7945327758789062
4476,saint_sac,1.7361946105957031
4477,saint_sac,1.0793161392211914
4478,saint_sac,2.5657615661621094
4479,saint_sac,2.2321624755859375
4480,saint_sac,1.9918670654296875
4481,saint_sac,0.32248878479003906
4482,saint_sac,3.1883602142333984
4483,saint_sac,2.3967199325561523
4484,saint_sac,2.5939550399780273
4485,saint_sac,0.3654613494873047
4486,saint_sac,1.0050535202026367
4487,saint_sac,3.3616647720336914
4488,saint_sac,2.387989044189453
4489,saint_sac,0.5319557189941406
4490,saint_sac,1.348337173461914
4491,saint_sac,-0.6264839172363281
4492,saint_sac,2.42364501953125
4493,saint_sac,2.1362228393554688
4494,saint_sac,4.730982780456543
4495,saint_sac,2.2309017181396484
4496,saint_sac,0.27454280853271484
4497,saint_sac,2.670931816101074
4498,saint_sac,2.3928403854370117
4499,saint_sac,0.30379676818847656
4500,saint_sac,-0.35814380645751953
4501,saint_sac,1.4480619430541992
4502,saint_sac,1.6716432571411133
4503,saint_sac,1.4308080673217773
4504,saint_sac,5.491971015930176
4505,saint_sac,3.4498414993286133
4506,saint_sac,2.5292253494262695
4507,saint_sac,0.5176382064819336
4508,saint_sac,1.0647125244140625
4509,saint_sac,-0.3378410339355469
4510,saint_sac,0.8913059234619141
4511,saint_sac,4.328597068786621
4512,saint_sac,4.013607025146484
4513,saint_sac,0.920527458190918
4514,saint_sac,0.8603019714355469
4515,saint_sac,1.1408653259277344
4516,saint_sac,1.3216686248779297
4517,saint_sac,-0.27493762969970703
4518,saint_sac,0.5340557098388672
4519,saint_sac,3.1304550170898438
4520,saint_sac,4.635103225708008
4521,saint_sac,0.7640895843505859
4522,saint_sac,0.27027320861816406
4523,saint_sac,0.4866142272949219
4524,saint_sac,0.1021871566772461
4525,saint_sac,1.3678112030029297
4526,saint_sac,2.4516258239746094
4527,saint_sac,1.399582862854004
4528,saint_sac,0.31926441192626953
4529,saint_sac,-0.013065338134765625
4530,saint_sac,2.2105674743652344
4531,saint_sac,1.583038330078125
4532,saint_sac,-0.535679817199707
4533,saint_sac,1.2740440368652344
4534,saint_sac,2.5638351440429688
4535,saint_sac,3.1007018089294434
4536,saint_sac,1.0974369049072266
4537,saint_sac,0.7764501571655273
4538,saint_sac,4.136469841003418
4539,saint_sac,2.7164058685302734
4540,saint_sac,1.378373146057129
4541,saint_sac,1.2564468383789062
4542,saint_sac,0.9647207260131836
4543,saint_sac,0.19097518920898438
4544,saint_sac,1.1465044021606445
4545,saint_sac,1.4703388214111328
4546,saint_sac,0.739349365234375
4547,saint_sac,2.3063182830810547
4548,saint_sac,2.022146224975586
4549,saint_sac,-0.17618465423583984
4550,saint_sac,1.3607568740844727
4551,saint_sac,5.622983932495117
4552,saint_sac,0.09883308410644531
4553,saint_sac,2.672178268432617
4554,saint_sac,0.378692626953125
4555,saint_sac,1.4757795333862305
4556,saint_sac,1.429422378540039
4557,saint_sac,0.6648788452148438
4558,saint_sac,0.85009765625
4559,saint_sac,3.261685848236084
4560,saint_sac,0.5528316497802734
4561,saint_sac,0.7911319732666016
4562,saint_sac,2.6183056831359863
4563,saint_sac,2.020136833190918
4564,saint_sac,1.4430818557739258
4565,saint_sac,2.6566600799560547
4566,saint_sac,1.4336214065551758
4567,saint_sac,1.3230676651000977
4568,saint_sac,1.416712760925293
4569,saint_sac,0.9481649398803711
4570,saint_sac,6.698131084442139
4571,saint_sac,2.223163604736328
4572,saint_sac,0.422149658203125
4573,saint_sac,0.8341054916381836
4574,saint_sac,1.7352828979492188
4575,saint_sac,0.80816650390625
4576,saint_sac,-0.4179973602294922
4577,saint_sac,1.5344457626342773
4578,saint_sac,2.084771156311035
4579,saint_sac,5.750641822814941
4580,saint_sac,3.234011650085449
4581,saint_sac,3.0583953857421875
4582,saint_sac,0.6512451171875
4583,saint_sac,2.05206298828125
4584,saint_sac,3.5371837615966797
4585,saint_sac,-0.41292667388916016
4586,saint_sac,1.2219505310058594
4587,saint_sac,4.510553359985352
4588,saint_sac,1.2390871047973633
4589,saint_sac,0.21471786499023438
4590,saint_sac,0.8616371154785156
4591,saint_sac,0.2198810577392578
4592,saint_sac,1.7980537414550781
4593,saint_sac,0.11507034301757812
4594,saint_sac,0.6443014144897461
4595,saint_sac,1.535740852355957
4596,saint_sac,2.0368423461914062
4597,saint_sac,0.8633337020874023
4598,saint_sac,0.32439422607421875
4599,saint_sac,0.1264934539794922
4600,saint_sac,1.4411544799804688
4601,saint_sac,1.8442363739013672
4602,saint_sac,1.0208892822265625
4603,saint_sac,4.115782737731934
4604,saint_sac,1.168717384338379
4605,saint_sac,-0.35496044158935547
4606,saint_sac,0.9227027893066406
4607,saint_sac,4.122986793518066
4608,saint_sac,1.8803796768188477
4609,saint_sac,-0.8821649551391602
4610,saint_sac,0.9931039810180664
4611,saint_sac,1.8830232620239258
4612,saint_sac,1.8055076599121094
4613,saint_sac,-0.21987533569335938
4614,saint_sac,1.9405536651611328
4615,saint_sac,2.502582550048828
4616,saint_sac,0.5958118438720703
4617,saint_sac,1.0121498107910156
4618,saint_sac,0.3667945861816406
4619,saint_sac,4.184385299682617
4620,saint_sac,2.611496925354004
4621,saint_sac,1.488525390625
4622,saint_sac,-0.4715852737426758
4623,saint_sac,3.3508682250976562
4624,saint_sac,3.0770044326782227
4625,saint_sac,0.6452760696411133
4626,saint_sac,1.1277532577514648
4627,saint_sac,2.819812774658203
4628,saint_sac,0.1327228546142578
4629,saint_sac,2.354036331176758
4630,saint_sac,1.072479248046875
4631,saint_sac,0.7701358795166016
4632,saint_sac,3.0412044525146484
4633,saint_sac,0.4580516815185547
4634,saint_sac,0.7063407897949219
4635,saint_sac,2.763495445251465
4636,saint_sac,1.8876771926879883
4637,saint_sac,1.4979515075683594
4638,saint_sac,3.3143720626831055
4639,saint_sac,1.6166105270385742
4640,saint_sac,2.5335769653320312
4641,saint_sac,1.3162765502929688
4642,saint_sac,-0.6002397537231445
4643,saint_sac,1.0351247787475586
4644,saint_sac,1.0114631652832031
4645,saint_sac,-0.13658809661865234
4646,saint_sac,2.2785587310791016
4647,saint_sac,2.7465896606445312
4648,saint_sac,1.8872241973876953
4649,saint_sac,4.341020584106445
4650,saint_sac,0.9760274887084961
4651,saint_sac,1.4384374618530273
4652,saint_sac,1.2634057998657227
4653,saint_sac,0.52337646484375
4654,saint_sac,5.384535789489746
4655,saint_sac,-0.0035142898559570312
4656,saint_sac,0.7071313858032227
4657,saint_sac,0.05824851989746094
4658,saint_sac,-0.02499103546142578
4659,saint_sac,2.684040069580078
4660,saint_sac,1.5663232803344727
4661,saint_sac,1.558741569519043
4662,saint_sac,4.203054428100586
4663,saint_sac,4.367953300476074
4664,saint_sac,1.5657453536987305
4665,saint_sac,1.64935302734375
4666,saint_sac,1.0647411346435547
4667,saint_sac,1.8369722366333008
4668,saint_sac,1.6508827209472656
4669,saint_sac,1.9076004028320312
4670,saint_sac,1.3005867004394531
4671,saint_sac,1.6809978485107422
4672,saint_sac,0.5465030670166016
4673,saint_sac,1.0938739776611328
4674,saint_sac,1.4277849197387695
4675,saint_sac,2.7111921310424805
4676,saint_sac,0.048919677734375
4677,saint_sac,-0.6249475479125977
4678,saint_sac,0.24338245391845703
4679,saint_sac,1.119729995727539
4680,saint_sac,0.3567781448364258
4681,saint_sac,2.501070022583008
4682,saint_sac,2.598931312561035
4683,saint_sac,1.046280860900879
4684,saint_sac,1.1040096282958984
4685,saint_sac,1.7703189849853516
4686,saint_sac,0.6201314926147461
4687,saint_sac,1.4867010116577148
4688,saint_sac,1.617112159729004
4689,saint_sac,2.3080806732177734
4690,saint_sac,1.1133594512939453
4691,saint_sac,6.306344985961914
4692,saint_sac,2.2649006843566895
4693,saint_sac,0.3393135070800781
4694,saint_sac,0.2029857635498047
4695,saint_sac,2.8097987174987793
4696,saint_sac,1.9358367919921875
4697,saint_sac,5.257406234741211
4698,saint_sac,1.0477466583251953
4699,saint_sac,2.076542854309082
4700,saint_sac,1.808563232421875
4701,saint_sac,1.3317365646362305
4702,saint_sac,0.9196195602416992
4703,saint_sac,1.880392074584961
4704,saint_sac,1.1001300811767578
4705,saint_sac,0.5591945648193359
4706,saint_sac,2.186093330383301
4707,saint_sac,-0.12397384643554688
4708,saint_sac,1.4889488220214844
4709,saint_sac,3.4100561141967773
4710,saint_sac,1.333169937133789
4711,saint_sac,2.160281181335449
4712,saint_sac,-0.5037899017333984
4713,saint_sac,0.012958526611328125
4714,saint_sac,-0.07154560089111328
4715,saint_sac,4.90993595123291
4716,saint_sac,1.0726490020751953
4717,saint_sac,0.7471208572387695
4718,saint_sac,4.956345558166504
4719,saint_sac,1.0115270614624023
4720,saint_sac,1.588362693786621
4721,saint_sac,1.2693471908569336
4722,saint_sac,-0.556056022644043
4723,saint_sac,4.131361961364746
4724,saint_sac,0.23602581024169922
4725,saint_sac,2.083089828491211
4726,saint_sac,0.9389944076538086
4727,saint_sac,0.8381290435791016
4728,saint_sac,1.9268312454223633
4729,saint_sac,2.118046760559082
4730,saint_sac,2.532299041748047
4731,saint_sac,1.1889753341674805
4732,saint_sac,0.7776937484741211
4733,saint_sac,7.41105842590332
4734,saint_sac,2.130552291870117
4735,saint_sac,0.9540386199951172
4736,saint_sac,1.2386703491210938
4737,saint_sac,1.8316898345947266
4738,saint_sac,1.4413480758666992
4739,saint_sac,4.740901947021484
4740,saint_sac,1.218637466430664
4741,saint_sac,-0.9717121124267578
4742,saint_sac,1.809575080871582
4743,saint_sac,0.05050373077392578
4744,saint_sac,1.8373546600341797
4745,saint_sac,-0.2792654037475586
4746,saint_sac,2.1450109481811523
4747,saint_sac,0.6991405487060547
4748,saint_sac,0.5971136093139648
4749,saint_sac,2.859640121459961
4750,saint_sac,1.7429752349853516
4751,saint_sac,1.8924665451049805
4752,saint_sac,0.3422689437866211
4753,saint_sac,1.5130367279052734
4754,saint_sac,0.7782878875732422
4755,saint_sac,4.0418853759765625
4756,saint_sac,2.100393295288086
4757,saint_sac,0.8482475280761719
4758,saint_sac,1.0017404556274414
4759,saint_sac,3.138606071472168
4760,saint_sac,1.9822282791137695
4761,saint_sac,1.3104009628295898
4762,saint_sac,1.4729423522949219
4763,saint_sac,5.889452934265137
4764,saint_sac,-0.07714557647705078
4765,saint_sac,1.669403076171875
4766,saint_sac,0.7904052734375
4767,saint_sac,2.5899696350097656
4768,saint_sac,1.2293338775634766
4769,saint_sac,1.7225713729858398
4770,saint_sac,4.469893455505371
4771,saint_sac,1.9027976989746094
4772,saint_sac,0.30600547790527344
4773,saint_sac,2.2817001342773438
4774,saint_sac,0.9545345306396484
4775,saint_sac,1.4070911407470703
4776,saint_sac,1.713205337524414
4777,saint_sac,0.16605758666992188
4778,saint_sac,0.7597436904907227
4779,saint_sac,1.1846656799316406
4780,saint_sac,1.3935537338256836
4781,saint_sac,0.613062858581543
4782,saint_sac,2.5294933319091797
4783,saint_sac,0.2111034393310547
4784,saint_sac,0.6246547698974609
4785,saint_sac,-0.28229713439941406
4786,saint_sac,1.37091064453125
4787,saint_sac,1.3399457931518555
4788,saint_sac,-0.4614992141723633
4789,saint_sac,-0.22112560272216797
4790,saint_sac,2.268220901489258
4791,saint_sac,3.433979034423828
4792,saint_sac,0.9860897064208984
4793,saint_sac,1.0613479614257812
4794,saint_sac,0.6414508819580078
4795,saint_sac,0.3209714889526367
4796,saint_sac,1.7695159912109375
4797,saint_sac,1.278580665588379
4798,saint_sac,2.7610816955566406
4799,saint_sac,2.853321075439453
4800,saint_sac,-0.35094165802001953
4801,saint_sac,0.1521005630493164
4802,saint_sac,1.1408004760742188
4803,saint_sac,2.786031723022461
4804,saint_sac,1.3364830017089844
4805,saint_sac,0.18779373168945312
4806,saint_sac,0.8950681686401367
4807,saint_sac,1.0072517395019531
4808,saint_sac,0.5924596786499023
4809,saint_sac,2.372272491455078
4810,saint_sac,0.22795677185058594
4811,saint_sac,0.9994087219238281
4812,saint_sac,1.4141664505004883
4813,saint_sac,-0.5119428634643555
4814,saint_sac,0.38753414154052734
4815,saint_sac,1.4331226348876953
4816,saint_sac,0.42082977294921875
4817,saint_sac,0.8919897079467773
4818,saint_sac,2.4313955307006836
4819,saint_sac,4.818580627441406
4820,saint_sac,-0.1830453872680664
4821,saint_sac,1.4546699523925781
4822,saint_sac,1.4300756454467773
4823,saint_sac,-0.27755165100097656
4824,saint_sac,-0.2507448196411133
4825,saint_sac,1.0737619400024414
4826,saint_sac,1.5346860885620117
4827,saint_sac,4.761740684509277
4828,saint_sac,1.4819526672363281
4829,saint_sac,1.6308650970458984
4830,saint_sac,2.047821044921875
4831,saint_sac,1.8939847946166992
4832,saint_sac,0.33698177337646484
4833,saint_sac,0.32410526275634766
4834,saint_sac,4.779241561889648
4835,saint_sac,0.6717290878295898
4836,saint_sac,1.3905220031738281
4837,saint_sac,1.6033859252929688
4838,saint_sac,1.1332225799560547
4839,saint_sac,3.3341894149780273
4840,saint_sac,0.4880208969116211
4841,saint_sac,1.2870283126831055
4842,saint_sac,1.040755271911621
4843,saint_sac,1.9305362701416016
4844,saint_sac,0.4464540481567383
4845,saint_sac,1.5340642929077148
4846,saint_sac,2.33255672454834
4847,saint_sac,1.3184242248535156
4848,saint_sac,0.48424243927001953
4849,saint_sac,3.916828155517578
4850,saint_sac,4.545376777648926
4851,saint_sac,2.679305076599121
4852,saint_sac,0.5591897964477539
4853,saint_sac,2.972249984741211
4854,saint_sac,-0.02389812469482422
4855,saint_sac,0.4141378402709961
4856,saint_sac,4.002626419067383
4857,saint_sac,1.9824848175048828
4858,saint_sac,2.9981698989868164
4859,saint_sac,-1.000905990600586
4860,saint_sac,0.9197673797607422
4861,saint_sac,0.8832492828369141
4862,saint_sac,3.8505916595458984
4863,saint_sac,2.167398452758789
4864,saint_sac,1.556757926940918
4865,saint_sac,0.5049619674682617
4866,saint_sac,3.1172642707824707
4867,saint_sac,2.2448081970214844
4868,saint_sac,-1.298344612121582
4869,saint_sac,1.6563777923583984
4870,saint_sac,6.7819061279296875
4871,saint_sac,2.257056713104248
4872,saint_sac,1.0958623886108398
4873,saint_sac,1.0819511413574219
4874,saint_sac,2.6588306427001953
4875,saint_sac,1.1966266632080078
4876,saint_sac,0.868525505065918
4877,saint_sac,0.5056352615356445
4878,saint_sac,0.9654264450073242
4879,saint_sac,1.2701759338378906
4880,saint_sac,4.830192565917969
4881,saint_sac,1.203444480895996
4882,saint_sac,2.731015205383301
4883,saint_sac,0.8775558471679688
4884,saint_sac,1.3975248336791992
4885,saint_sac,1.1940088272094727
4886,saint_sac,0.9955577850341797
4887,saint_sac,2.4297237396240234
4888,saint_sac,0.18083477020263672
4889,saint_sac,4.474740028381348
4890,saint_sac,1.165797233581543
4891,saint_sac,1.3642358779907227
4892,saint_sac,3.0192222595214844
4893,saint_sac,1.9210281372070312
4894,saint_sac,1.1864776611328125
4895,saint_sac,0.5803508758544922
4896,saint_sac,2.241241455078125
4897,saint_sac,0.3356914520263672
4898,saint_sac,-0.7094564437866211
4899,saint_sac,-0.08196735382080078
4900,saint_sac,0.8921775817871094
4901,saint_sac,2.5333499908447266
4902,saint_sac,0.7795600891113281
4903,saint_sac,1.5264968872070312
4904,saint_sac,4.563323974609375
4905,saint_sac,1.9565496444702148
4906,saint_sac,2.223094940185547
4907,saint_sac,1.4560766220092773
4908,saint_sac,0.09739017486572266
4909,saint_sac,-0.23798847198486328
4910,saint_sac,0.22258377075195312
4911,saint_sac,2.0092086791992188
4912,saint_sac,1.368753433227539
4913,saint_sac,2.538421630859375
4914,saint_sac,1.0507268905639648
4915,saint_sac,5.037210464477539
4916,saint_sac,2.368671417236328
4917,saint_sac,0.28797149658203125
4918,saint_sac,5.304487228393555
4919,saint_sac,1.1605424880981445
4920,saint_sac,2.580963134765625
4921,saint_sac,0.8632736206054688
4922,saint_sac,0.1850128173828125
4923,saint_sac,2.5500831604003906
4924,saint_sac,1.8303890228271484
4925,saint_sac,3.6946234703063965
4926,saint_sac,1.05670166015625
4927,saint_sac,0.9031591415405273
4928,saint_sac,2.2138824462890625
4929,saint_sac,1.9928712844848633
4930,saint_sac,1.473236083984375
4931,saint_sac,4.946808815002441
4932,saint_sac,1.3460397720336914
4933,saint_sac,2.320087432861328
4934,saint_sac,0.9917850494384766
4935,saint_sac,2.2079010009765625
4936,saint_sac,0.46187591552734375
4937,saint_sac,6.094182968139648
4938,saint_sac,1.4548311233520508
4939,saint_sac,0.6438198089599609
4940,saint_sac,1.6123285293579102
4941,saint_sac,0.04954719543457031
4942,saint_sac,1.4618024826049805
4943,saint_sac,1.7358531951904297
4944,saint_sac,4.606916427612305
4945,saint_sac,-0.9043912887573242
4946,saint_sac,0.7789573669433594
4947,saint_sac,1.3949146270751953
4948,saint_sac,-1.1911888122558594
4949,saint_sac,1.0591506958007812
4950,saint_sac,1.1324567794799805
4951,saint_sac,1.3077592849731445
4952,saint_sac,0.16576385498046875
4953,saint_sac,3.280776023864746
4954,saint_sac,1.0584793090820312
4955,saint_sac,1.9330224990844727
4956,saint_sac,1.4084281921386719
4957,saint_sac,4.481666564941406
4958,saint_sac,1.0394783020019531
4959,saint_sac,-0.1133279800415039
4960,saint_sac,1.8555011749267578
4961,saint_sac,1.4375905990600586
4962,saint_sac,1.6974363327026367
4963,saint_sac,2.4718589782714844
4964,saint_sac,1.5168571472167969
4965,saint_sac,3.8661508560180664
4966,saint_sac,0.6841421127319336
4967,saint_sac,1.023275375366211
4968,saint_sac,1.8004341125488281
4969,saint_sac,1.5052642822265625
4970,saint_sac,2.6004996299743652
4971,saint_sac,1.0665206909179688
4972,saint_sac,1.0242910385131836
4973,saint_sac,0.7188959121704102
4974,saint_sac,5.496097564697266
4975,saint_sac,2.16861629486084
4976,saint_sac,0.8431634902954102
4977,saint_sac,1.7971057891845703
4978,saint_sac,2.15981388092041
4979,saint_sac,0.03959846496582031
4980,saint_sac,0.6037654876708984
4981,saint_sac,1.0964069366455078
4982,saint_sac,2.363471031188965
4983,saint_sac,0.3994407653808594
4984,saint_sac,1.8613109588623047
4985,saint_sac,2.1941795349121094
4986,saint_sac,0.7991542816162109
4987,saint_sac,1.716496467590332
4988,saint_sac,1.4932374954223633
4989,saint_sac,4.497859954833984
4990,saint_sac,2.405620574951172
4991,saint_sac,8.251581192016602
4992,saint_sac,2.3179149627685547
4993,saint_sac,1.6683530807495117
4994,saint_sac,1.0565729141235352
4995,saint_sac,5.991479873657227
4996,saint_sac,3.891974449157715
4997,saint_sac,1.039933204650879
4998,saint_sac,3.5844554901123047
4999,saint_sac,0.7195854187011719
5000,saint_sac,0.5441808700561523
5001,saint_sac,1.0209016799926758
5002,saint_sac,0.6760673522949219
5003,saint_sac,1.407247543334961
5004,saint_sac,1.687209129333496
5005,saint_sac,1.1561279296875
5006,saint_sac,1.4768495559692383
5007,saint_sac,1.4700145721435547
5008,saint_sac,1.1597681045532227
5009,saint_sac,1.5229759216308594
5010,saint_sac,1.3730955123901367
5011,saint_sac,2.2881603240966797
5012,saint_sac,0.04488086700439453
5013,saint_sac,0.9422245025634766
5014,saint_sac,4.210853576660156
5015,saint_sac,1.6668453216552734
5016,saint_sac,3.4701709747314453
5017,saint_sac,2.106198310852051
5018,saint_sac,1.053365707397461
5019,saint_sac,1.1901702880859375
5020,saint_sac,1.9781646728515625
5021,saint_sac,2.7764883041381836
5022,saint_sac,3.103013038635254
5023,saint_sac,3.629283905029297
5024,saint_sac,1.2720603942871094
5025,saint_sac,3.0050153732299805
5026,saint_sac,1.271749496459961
5027,saint_sac,0.5440158843994141
5028,saint_sac,1.4732627868652344
5029,saint_sac,2.8949708938598633
5030,saint_sac,2.037569999694824
5031,saint_sac,1.4379386901855469
5032,saint_sac,1.9258136749267578
5033,saint_sac,4.3314714431762695
5034,saint_sac,1.6609058380126953
5035,saint_sac,1.2966079711914062
5036,saint_sac,1.4685068130493164
5037,saint_sac,3.4897451400756836
5038,saint_sac,5.042999267578125
5039,saint_sac,1.353693962097168
5040,saint_sac,3.068549156188965
5041,saint_sac,2.2751941680908203
5042,saint_sac,0.3090944290161133
5043,saint_sac,1.112013816833496
5044,saint_sac,2.9141550064086914
5045,saint_sac,4.394359588623047
5046,saint_sac,3.437729835510254
5047,saint_sac,1.4819316864013672
5048,saint_sac,0.44904518127441406
5049,saint_sac,1.2068300247192383
5050,saint_sac,2.4543981552124023
5051,saint_sac,4.945579528808594
5052,saint_sac,1.6150999069213867
5053,saint_sac,3.3538475036621094
5054,saint_sac,2.391392707824707
5055,saint_sac,8.239263534545898
5056,saint_sac,1.3666448593139648
5057,saint_sac,3.6416983604431152
5058,saint_sac,1.4471616744995117
5059,saint_sac,2.5668201446533203
5060,saint_sac,0.2718648910522461
5061,saint_sac,0.1246337890625
5062,saint_sac,-0.3958015441894531
5063,saint_sac,1.809870719909668
5064,saint_sac,1.8152379989624023
5065,saint_sac,2.551126480102539
5066,saint_sac,1.778935432434082
5067,saint_sac,3.3502416610717773
5068,saint_sac,3.117521286010742
5069,saint_sac,2.544923782348633
5070,saint_sac,2.631956100463867
5071,saint_sac,0.9796867370605469
5072,saint_sac,0.8099842071533203
5073,saint_sac,5.314525604248047
5074,saint_sac,1.191544532775879
5075,saint_sac,1.407186508178711
5076,saint_sac,0.5847463607788086
5077,saint_sac,4.683427810668945
5078,saint_sac,1.7284469604492188
5079,saint_sac,1.0864362716674805
5080,saint_sac,1.2670707702636719
5081,saint_sac,2.701763153076172
5082,saint_sac,1.665761947631836
5083,saint_sac,1.702580451965332
5084,saint_sac,3.8992919921875
5085,saint_sac,7.227455139160156
5086,saint_sac,0.9157047271728516
5087,saint_sac,1.059835433959961
5088,saint_sac,1.6905345916748047
5089,saint_sac,2.340273857116699
5090,saint_sac,1.620224952697754
5091,saint_sac,-0.5017528533935547
5092,saint_sac,1.1485118865966797
5093,saint_sac,1.2297163009643555
5094,saint_sac,3.123246192932129
5095,saint_sac,0.6034202575683594
5096,saint_sac,1.838139533996582
5097,saint_sac,2.6044044494628906
5098,saint_sac,2.343719482421875
5099,saint_sac,0.8625917434692383
5100,saint_sac,1.4125947952270508
5101,saint_sac,3.66201114654541
5102,saint_sac,-0.3777027130126953
5103,saint_sac,1.347146987915039
5104,saint_sac,1.7042980194091797
5105,saint_sac,2.740992546081543
5106,saint_sac,2.603785514831543
5107,saint_sac,-0.19245147705078125
5108,saint_sac,5.805354118347168
5109,saint_sac,0.5903396606445312
5110,saint_sac,1.2256584167480469
5111,saint_sac,0.926783561706543
5112,saint_sac,3.4353246688842773
5113,saint_sac,4.935917854309082
5114,saint_sac,0.2948026657104492
5115,saint_sac,0.2350778579711914
5116,saint_sac,0.9548912048339844
5117,saint_sac,1.6178369522094727
5118,saint_sac,3.0795860290527344
5119,saint_sac,1.6577568054199219
5120,saint_sac,1.606511116027832
5121,saint_sac,0.35045814514160156
5122,saint_sac,1.0427589416503906
5123,saint_sac,2.640413284301758
5124,saint_sac,3.9436655044555664
5125,saint_sac,3.1608190536499023
5126,saint_sac,2.0720767974853516
5127,saint_sac,2.047175407409668
5128,saint_sac,-0.5563554763793945
5129,saint_sac,4.273927688598633
5130,saint_sac,1.0214920043945312
5131,saint_sac,5.767388343811035
5132,saint_sac,4.957372665405273
5133,saint_sac,3.7143850326538086
5134,saint_sac,0.9750995635986328
5135,saint_sac,5.482758522033691
5136,saint_sac,3.825113296508789
5137,saint_sac,1.0940532684326172
5138,saint_sac,3.762918472290039
5139,saint_sac,1.2780723571777344
5140,saint_sac,1.252854347229004
5141,saint_sac,1.336599349975586
5142,saint_sac,0.5038280487060547
5143,saint_sac,1.6363706588745117
5144,saint_sac,0.9472513198852539
5145,saint_sac,3.4939842224121094
5146,saint_sac,0.7586936950683594
5147,saint_sac,2.0495166778564453
5148,saint_sac,0.7626504898071289
5149,saint_sac,2.3729429244995117
5150,saint_sac,1.6557579040527344
5151,saint_sac,1.836115837097168
5152,saint_sac,0.08253097534179688
5153,saint_sac,1.6361207962036133
5154,saint_sac,2.826052665710449
5155,saint_sac,1.9411821365356445
5156,saint_sac,2.8486251831054688
5157,saint_sac,1.7022743225097656
5158,saint_sac,0.9918422698974609
5159,saint_sac,1.7682571411132812
5160,saint_sac,0.10648727416992188
5161,saint_sac,0.7829666137695312
5162,saint_sac,3.762563705444336
5163,saint_sac,0.05078315734863281
5164,saint_sac,0.8791770935058594
5165,saint_sac,5.187863349914551
5166,saint_sac,0.44763755798339844
5167,saint_sac,2.6281299591064453
5168,saint_sac,0.23651885986328125
5169,saint_sac,0.7796030044555664
5170,saint_sac,2.8739099502563477
5171,saint_sac,0.3286142349243164
5172,saint_sac,2.312779426574707
5173,saint_sac,3.6602821350097656
5174,saint_sac,1.4832963943481445
5175,saint_sac,0.6064071655273438
5176,saint_sac,4.439545631408691
5177,saint_sac,1.4135847091674805
5178,saint_sac,-1.0703277587890625
5179,saint_sac,5.648612976074219
5180,saint_sac,0.6370792388916016
5181,saint_sac,1.2742719650268555
5182,saint_sac,1.2367610931396484
5183,saint_sac,1.9437990188598633
5184,saint_sac,0.8933334350585938
5185,saint_sac,0.2145700454711914
5186,saint_sac,2.0108890533447266
5187,saint_sac,0.06200981140136719
5188,saint_sac,3.1366138458251953
5189,saint_sac,1.4709768295288086
5190,saint_sac,0.673832893371582
5191,saint_sac,0.9398555755615234
5192,saint_sac,2.400970458984375
5193,saint_sac,1.883040428161621
5194,saint_sac,2.6638336181640625
5195,saint_sac,5.277344703674316
5196,saint_sac,1.418919563293457
5197,saint_sac,3.6017942428588867
5198,saint_sac,2.7777061462402344
5199,saint_sac,1.967245101928711
5200,saint_sac,2.0904340744018555
5201,saint_sac,1.3565940856933594
5202,saint_sac,4.425897598266602
5203,saint_sac,0.4718303680419922
5204,saint_sac,-1.6044416427612305
5205,saint_sac,2.940549850463867
5206,saint_sac,3.227724075317383
5207,saint_sac,1.155949592590332
5208,saint_sac,4.851911544799805
5209,saint_sac,0.1432332992553711
5210,saint_sac,2.2281494140625
5211,saint_sac,1.3772554397583008
5212,saint_sac,1.181600570678711
5213,saint_sac,1.2595834732055664
5214,saint_sac,0.7171478271484375
5215,saint_sac,2.329317092895508
5216,saint_sac,1.546579360961914
5217,saint_sac,1.311232566833496
5218,saint_sac,3.2670974731445312
5219,saint_sac,-0.9464149475097656
5220,saint_sac,2.1160049438476562
5221,saint_sac,1.4792261123657227
5222,saint_sac,0.22789287567138672
5223,saint_sac,5.131855010986328
5224,saint_sac,1.9841642379760742
5225,saint_sac,2.5980353355407715
5226,saint_sac,2.3923282623291016
5227,saint_sac,1.0339937210083008
5228,saint_sac,0.9832372665405273
5229,saint_sac,2.9704484939575195
5230,saint_sac,0.294586181640625
5231,saint_sac,0.28902530670166016
5232,saint_sac,1.959268569946289
5233,saint_sac,0.04940032958984375
5234,saint_sac,1.5122337341308594
5235,saint_sac,1.4355411529541016
5236,saint_sac,1.8597545623779297
5237,saint_sac,-0.7507648468017578
5238,saint_sac,2.235764503479004
5239,saint_sac,1.7932376861572266
5240,saint_sac,1.831446647644043
5241,saint_sac,3.5710291862487793
5242,saint_sac,0.7453384399414062
5243,saint_sac,1.7461175918579102
5244,saint_sac,0.681248664855957
5245,saint_sac,2.846529960632324
5246,saint_sac,1.7907447814941406
5247,saint_sac,1.5982513427734375
5248,saint_sac,0.24853038787841797
5249,saint_sac,1.2015552520751953
5250,saint_sac,1.6651287078857422
5251,saint_sac,2.5899734497070312
5252,saint_sac,-0.42566680908203125
5253,saint_sac,-0.7554540634155273
5254,saint_sac,1.626429557800293
5255,saint_sac,1.267496109008789
5256,saint_sac,6.487987518310547
5257,saint_sac,1.8459596633911133
5258,saint_sac,0.8229703903198242
5259,saint_sac,2.7813968658447266
5260,saint_sac,2.6307363510131836
5261,saint_sac,2.8673410415649414
5262,saint_sac,0.8038387298583984
5263,saint_sac,3.2481555938720703
5264,saint_sac,1.6007728576660156
5265,saint_sac,2.2509021759033203
5266,saint_sac,2.21187686920166
5267,saint_sac,1.0766916275024414
5268,saint_sac,2.2524242401123047
5269,saint_sac,0.37629032135009766
5270,saint_sac,1.5340642929077148
5271,saint_sac,2.2909488677978516
5272,saint_sac,1.2737760543823242
5273,saint_sac,1.8030309677124023
5274,saint_sac,2.1436166763305664
5275,saint_sac,3.15008544921875
5276,saint_sac,0.8355245590209961
5277,saint_sac,4.016581058502197
5278,saint_sac,1.824319839477539
5279,saint_sac,0.8366365432739258
5280,saint_sac,3.022049903869629
5281,saint_sac,0.00012302398681640625
5282,saint_sac,0.873870849609375
5283,saint_sac,2.0345001220703125
5284,saint_sac,1.442453384399414
5285,saint_sac,2.670370101928711
5286,saint_sac,2.97530460357666
5287,saint_sac,1.1030330657958984
5288,saint_sac,5.148791313171387
5289,saint_sac,1.7434377670288086
5290,saint_sac,0.790043830871582
5291,saint_sac,1.1256389617919922
5292,saint_sac,0.20044326782226562
5293,saint_sac,-0.0006151199340820312
5294,saint_sac,1.7235078811645508
5295,saint_sac,1.432887077331543
5296,saint_sac,1.2514104843139648
5297,saint_sac,0.00035190582275390625
5298,saint_sac,1.6734647750854492
5299,saint_sac,1.9463682174682617
5300,saint_sac,1.6792926788330078
5301,saint_sac,0.5781755447387695
5302,saint_sac,1.4740581512451172
5303,saint_sac,3.290799140930176
5304,saint_sac,0.8959779739379883
5305,saint_sac,1.243363380432129
5306,saint_sac,0.9371566772460938
5307,saint_sac,1.2819643020629883
5308,saint_sac,0.8599777221679688
5309,saint_sac,4.611494064331055
5310,saint_sac,0.7970695495605469
5311,saint_sac,1.5318632125854492
5312,saint_sac,1.3935890197753906
5313,saint_sac,1.765152931213379
5314,saint_sac,1.1183528900146484
5315,saint_sac,1.4972457885742188
5316,saint_sac,0.5459136962890625
5317,saint_sac,0.5163354873657227
5318,saint_sac,6.267017364501953
5319,saint_sac,3.410597801208496
5320,saint_sac,3.4033937454223633
5321,saint_sac,1.0260391235351562
5322,saint_sac,1.205887794494629
5323,saint_sac,1.797175407409668
5324,saint_sac,2.2007246017456055
5325,saint_sac,1.037428855895996
5326,saint_sac,1.3460006713867188
5327,saint_sac,0.8190345764160156
5328,saint_sac,5.443678855895996
5329,saint_sac,7.559630870819092
5330,saint_sac,0.2320261001586914
5331,saint_sac,1.0717430114746094
5332,saint_sac,2.5976781845092773
5333,saint_sac,4.228049278259277
5334,saint_sac,2.095348358154297
5335,saint_sac,0.44188499450683594
5336,saint_sac,1.5415992736816406
5337,saint_sac,1.6365156173706055
5338,saint_sac,4.408870697021484
5339,saint_sac,2.6456174850463867
5340,saint_sac,3.1186180114746094
5341,saint_sac,-0.23699665069580078
5342,saint_sac,0.243927001953125
5343,saint_sac,1.0699968338012695
5344,saint_sac,4.760162353515625
5345,saint_sac,3.244752883911133
5346,saint_sac,0.6869735717773438
5347,saint_sac,2.2661828994750977
5348,saint_sac,1.7820730209350586
5349,saint_sac,0.1178731918334961
5350,saint_sac,1.6782217025756836
5351,saint_sac,0.08576297760009766
5352,saint_sac,6.660706520080566
5353,saint_sac,0.5583677291870117
5354,saint_sac,2.6068782806396484
5355,saint_sac,0.25137901306152344
5356,saint_sac,3.0224685668945312
5357,saint_sac,4.904720306396484
5358,saint_sac,0.8592233657836914
5359,saint_sac,6.342445373535156
5360,saint_sac,3.2333316802978516
5361,saint_sac,2.337383270263672
5362,saint_sac,6.61574649810791
5363,saint_sac,1.9191150665283203
5364,saint_sac,2.6840667724609375
5365,saint_sac,6.386636734008789
5366,saint_sac,0.4166450500488281
5367,saint_sac,2.173276901245117
5368,saint_sac,1.6338434219360352
5369,saint_sac,3.086334228515625
5370,saint_sac,4.524457931518555
5371,saint_sac,3.3169164657592773
5372,saint_sac,1.5480670928955078
5373,saint_sac,1.8111343383789062
5374,saint_sac,1.0152816772460938
5375,saint_sac,4.354987144470215
5376,saint_sac,0.7111177444458008
5377,saint_sac,-0.09855175018310547
5378,saint_sac,6.932884216308594
5379,saint_sac,1.3006153106689453
5380,saint_sac,0.9595069885253906
5381,saint_sac,0.6274738311767578
5382,saint_sac,2.467090606689453
5383,saint_sac,3.7337541580200195
5384,saint_sac,5.055063247680664
5385,saint_sac,1.7101993560791016
5386,saint_sac,1.8300466537475586
5387,saint_sac,6.290528297424316
5388,saint_sac,1.2408323287963867
5389,saint_sac,0.2206745147705078
5390,saint_sac,1.1880912780761719
5391,saint_sac,0.700648307800293
5392,saint_sac,1.027634620666504
5393,saint_sac,3.5952816009521484
5394,saint_sac,1.0032920837402344
5395,saint_sac,-0.20888519287109375
5396,saint_sac,0.7159767150878906
5397,saint_sac,-0.3914461135864258
5398,saint_sac,0.6315193176269531
5399,saint_sac,1.7452850341796875
5400,saint_sac,1.1350021362304688
5401,saint_sac,0.3049488067626953
5402,saint_sac,1.6723699569702148
5403,saint_sac,0.9068632125854492
5404,saint_sac,2.857417106628418
5405,saint_sac,1.8159313201904297
5406,saint_sac,0.35650634765625
5407,saint_sac,1.628087043762207
5408,saint_sac,2.2689638137817383
5409,saint_sac,3.2660884857177734
5410,saint_sac,2.676179885864258
5411,saint_sac,0.17485618591308594
5412,saint_sac,1.477055549621582
5413,saint_sac,0.542231559753418
5414,saint_sac,0.9434471130371094
5415,saint_sac,1.6564559936523438
5416,saint_sac,1.5950555801391602
5417,saint_sac,4.150464057922363
5418,saint_sac,2.241973876953125
5419,saint_sac,1.0584392547607422
5420,saint_sac,0.2695913314819336
5421,saint_sac,0.31064796447753906
5422,saint_sac,1.3536205291748047
5423,saint_sac,2.1724014282226562
5424,saint_sac,-0.4093942642211914
5425,saint_sac,4.85734748840332
5426,saint_sac,1.4083728790283203
5427,saint_sac,1.2928810119628906
5428,saint_sac,1.1472454071044922
5429,saint_sac,1.9717817306518555
5430,saint_sac,1.8841133117675781
5431,saint_sac,1.7259559631347656
5432,saint_sac,8.34687852859497
5433,saint_sac,1.2265434265136719
5434,saint_sac,2.777616500854492
5435,saint_sac,1.0672731399536133
5436,saint_sac,1.8117856979370117
5437,saint_sac,0.5429000854492188
5438,saint_sac,1.7033567428588867
5439,saint_sac,1.0489025115966797
5440,saint_sac,3.294727325439453
5441,saint_sac,0.6515035629272461
5442,saint_sac,1.370595932006836
5443,saint_sac,1.3901281356811523
5444,saint_sac,1.3123540878295898
5445,saint_sac,2.0345287322998047
5446,saint_sac,3.3620872497558594
5447,saint_sac,2.7458009719848633
5448,saint_sac,0.8441877365112305
5449,saint_sac,0.9262933731079102
5450,saint_sac,1.7993803024291992
5451,saint_sac,0.7360239028930664
5452,saint_sac,1.003622055053711
5453,saint_sac,0.3024272918701172
5454,saint_sac,-0.28009891510009766
5455,saint_sac,0.7823324203491211
5456,saint_sac,2.207517623901367
5457,saint_sac,1.2511777877807617
5458,saint_sac,0.26943397521972656
5459,saint_sac,1.1799898147583008
5460,saint_sac,1.944117546081543
5461,saint_sac,4.42934513092041
5462,saint_sac,1.4921150207519531
5463,saint_sac,1.737173080444336
5464,saint_sac,1.5434246063232422
5465,saint_sac,1.9226479530334473
5466,saint_sac,4.562358856201172
5467,saint_sac,2.301980972290039
5468,saint_sac,0.1429615020751953
5469,saint_sac,1.08172607421875
5470,saint_sac,4.408602237701416
5471,saint_sac,2.0571727752685547
5472,saint_sac,0.7230491638183594
5473,saint_sac,2.615631103515625
5474,saint_sac,1.1553516387939453
5475,saint_sac,1.364776611328125
5476,saint_sac,1.592820167541504
5477,saint_sac,0.8981657028198242
5478,saint_sac,0.44742298126220703
5479,saint_sac,1.6057615280151367
5480,saint_sac,4.896878242492676
5481,saint_sac,3.312685012817383
5482,saint_sac,0.9029521942138672
5483,saint_sac,0.7851781845092773
5484,saint_sac,2.1988754272460938
5485,saint_sac,0.15662384033203125
5486,saint_sac,2.159700393676758
5487,saint_sac,2.295111656188965
5488,saint_sac,1.0636701583862305
5489,saint_sac,1.6378002166748047
5490,saint_sac,1.3238697052001953
5491,saint_sac,1.5698537826538086
5492,saint_sac,0.9001874923706055
5493,saint_sac,2.160593032836914
5494,saint_sac,0.8472681045532227
5495,saint_sac,0.0631399154663086
5496,saint_sac,3.807758331298828
5497,saint_sac,0.24118900299072266
5498,saint_sac,0.9123754501342773
5499,saint_sac,0.6291284561157227
5500,saint_sac,2.251408576965332
5501,saint_sac,1.4079837799072266
5502,saint_sac,1.4529495239257812
5503,saint_sac,2.1377744674682617
5504,saint_sac,0.3566455841064453
5505,saint_sac,1.3345928192138672
5506,saint_sac,1.971339225769043
5507,saint_sac,2.836113929748535
5508,saint_sac,1.3609113693237305
5509,saint_sac,3.4409875869750977
5510,saint_sac,2.9010820388793945
5511,saint_sac,5.233138084411621
5512,saint_sac,1.7857465744018555
5513,saint_sac,1.7577009201049805
5514,saint_sac,2.4903411865234375
5515,saint_sac,2.9635934829711914
5516,saint_sac,4.740761756896973
5517,saint_sac,2.926034927368164
5518,saint_sac,0.19793701171875
5519,saint_sac,0.15906143188476562
5520,saint_sac,-0.024913787841796875
5521,saint_sac,1.029587745666504
5522,saint_sac,0.9835281372070312
5523,saint_sac,1.535853385925293
5524,saint_sac,4.646237373352051
5525,saint_sac,0.7780704498291016
5526,saint_sac,2.0978546142578125
5527,saint_sac,0.7814970016479492
5528,saint_sac,2.6980485916137695
5529,saint_sac,1.858292579650879
5530,saint_sac,6.834738731384277
5531,saint_sac,1.2393436431884766
5532,saint_sac,3.8509483337402344
5533,saint_sac,2.022989273071289
5534,saint_sac,0.30637550354003906
5535,saint_sac,0.8079862594604492
5536,saint_sac,1.805037498474121
5537,saint_sac,1.6193904876708984
5538,saint_sac,0.8879251480102539
5539,saint_sac,1.1873979568481445
5540,saint_sac,1.1333494186401367
5541,saint_sac,0.679962158203125
5542,saint_sac,1.3598690032958984
5543,saint_sac,-0.6574106216430664
5544,saint_sac,0.8196344375610352
5545,saint_sac,5.1251068115234375
5546,saint_sac,5.069393157958984
5547,saint_sac,2.2993297576904297
5548,saint_sac,2.475813865661621
5549,saint_sac,1.482595443725586
5550,saint_sac,1.0276241302490234
5551,saint_sac,2.323674201965332
5552,saint_sac,0.9345769882202148
5553,saint_sac,2.242898941040039
5554,saint_sac,1.9189109802246094
5555,saint_sac,2.105152130126953
5556,saint_sac,1.0448799133300781
5557,saint_sac,1.6496086120605469
5558,saint_sac,1.326136589050293
5559,saint_sac,-0.03196430206298828
5560,saint_sac,0.9140262603759766
5561,saint_sac,1.6752586364746094
5562,saint_sac,3.977214813232422
5563,saint_sac,2.2997922897338867
5564,saint_sac,1.2576112747192383
5565,saint_sac,1.2776384353637695
5566,saint_sac,1.3195724487304688
5567,saint_sac,5.011936187744141
5568,saint_sac,0.7963953018188477
5569,saint_sac,0.09415245056152344
5570,saint_sac,1.1776103973388672
5571,saint_sac,4.8907470703125
5572,saint_sac,1.6226253509521484
5573,saint_sac,1.4136619567871094
5574,saint_sac,1.5121660232543945
5575,saint_sac,1.1061944961547852
5576,saint_sac,0.2645397186279297
5577,saint_sac,2.595911979675293
5578,saint_sac,5.541208267211914
5579,saint_sac,3.1527395248413086
5580,saint_sac,2.597637176513672
5581,saint_sac,0.6859807968139648
5582,saint_sac,3.444685935974121
5583,saint_sac,0.7525672912597656
5584,saint_sac,2.24051570892334
5585,saint_sac,1.2446613311767578
5586,saint_sac,0.14159202575683594
5587,saint_sac,2.881503105163574
5588,saint_sac,1.7572860717773438
5589,saint_sac,0.6919374465942383
5590,saint_sac,2.175050735473633
5591,saint_sac,2.740614891052246
5592,saint_sac,1.285628318786621
5593,saint_sac,1.0792522430419922
5594,saint_sac,3.7761688232421875
5595,saint_sac,0.23096179962158203
5596,saint_sac,1.740377426147461
5597,saint_sac,2.6725006103515625
5598,saint_sac,0.9367275238037109
5599,saint_sac,-0.7600879669189453
5600,saint_sac,3.4907140731811523
5601,saint_sac,3.019923210144043
5602,saint_sac,2.636368751525879
5603,saint_sac,-0.0693197250366211
5604,saint_sac,5.680815696716309
5605,saint_sac,3.184722900390625
5606,saint_sac,-0.2930412292480469
5607,saint_sac,1.5162620544433594
5608,saint_sac,2.6245765686035156
5609,saint_sac,1.3429374694824219
5610,saint_sac,2.4217309951782227
5611,saint_sac,-0.19429492950439453
5612,saint_sac,0.45711231231689453
5613,saint_sac,1.1047773361206055
5614,saint_sac,2.345517158508301
5615,saint_sac,-0.4297046661376953
5616,saint_sac,6.023172378540039
5617,saint_sac,1.3359203338623047
5618,saint_sac,2.7148494720458984
5619,saint_sac,0.8352231979370117
5620,saint_sac,6.920306205749512
5621,saint_sac,0.007124900817871094
5622,saint_sac,2.428439140319824
5623,saint_sac,3.012361526489258
5624,saint_sac,-0.6920747756958008
5625,saint_sac,0.2758140563964844
5626,saint_sac,1.2250261306762695
5627,saint_sac,1.7628259658813477
5628,saint_sac,0.07496166229248047
5629,saint_sac,1.0669174194335938
5630,saint_sac,0.8146858215332031
5631,saint_sac,3.7623496055603027
5632,saint_sac,4.533146858215332
5633,saint_sac,1.255387306213379
5634,saint_sac,0.18084335327148438
5635,saint_sac,0.6719303131103516
5636,saint_sac,1.8502388000488281
5637,saint_sac,1.8399114608764648
5638,saint_sac,2.6820974349975586
5639,saint_sac,2.0813722610473633
5640,saint_sac,4.501438140869141
5641,saint_sac,2.4676170349121094
5642,saint_sac,1.957183837890625
5643,saint_sac,0.6726913452148438
5644,saint_sac,3.001373291015625
5645,saint_sac,1.8557796478271484
5646,saint_sac,2.2510528564453125
5647,saint_sac,3.7772836685180664
5648,saint_sac,0.6572360992431641
5649,saint_sac,2.862177848815918
5650,saint_sac,1.5887088775634766
5651,saint_sac,2.104537010192871
5652,saint_sac,1.6830291748046875
5653,saint_sac,1.5416202545166016
5654,saint_sac,1.2882308959960938
5655,saint_sac,1.0580425262451172
5656,saint_sac,1.289933204650879
5657,saint_sac,2.385650634765625
5658,saint_sac,1.0500526428222656
5659,saint_sac,-5.53131103515625e-05
5660,saint_sac,2.516810417175293
5661,saint_sac,1.5962772369384766
5662,saint_sac,0.5606527328491211
5663,saint_sac,0.7773294448852539
5664,saint_sac,6.176431655883789
5665,saint_sac,6.458215713500977
5666,saint_sac,1.950963020324707
5667,saint_sac,0.8534946441650391
5668,saint_sac,0.3246774673461914
5669,saint_sac,0.1093149185180664
5670,saint_sac,6.548232078552246
5671,saint_sac,0.9335556030273438
5672,saint_sac,5.998506546020508
5673,saint_sac,5.908063888549805
5674,saint_sac,-0.3710622787475586
5675,saint_sac,1.9523468017578125
5676,saint_sac,1.7324600219726562
5677,saint_sac,0.5473518371582031
5678,saint_sac,1.1400537490844727
5679,saint_sac,4.282693862915039
5680,saint_sac,4.50651741027832
5681,saint_sac,0.21379756927490234
5682,saint_sac,0.39650821685791016
5683,saint_sac,1.4982032775878906
5684,saint_sac,-0.2078990936279297
5685,saint_sac,3.8690452575683594
5686,saint_sac,-0.0049591064453125
5687,saint_sac,0.5406770706176758
5688,saint_sac,0.6560821533203125
5689,saint_sac,1.5218067169189453
5690,saint_sac,6.191396713256836
5691,saint_sac,1.2171401977539062
5692,saint_sac,0.01831817626953125
5693,saint_sac,0.021129608154296875
5694,saint_sac,1.2370576858520508
5695,saint_sac,0.7638492584228516
5696,saint_sac,2.194258689880371
5697,saint_sac,3.836566925048828
5698,saint_sac,0.7860031127929688
5699,saint_sac,2.0744571685791016
5700,saint_sac,3.0803909301757812
5701,saint_sac,2.198775291442871
5702,saint_sac,2.341111183166504
5703,saint_sac,1.4212617874145508
5704,saint_sac,1.3303899765014648
5705,saint_sac,0.4934577941894531
5706,saint_sac,1.7076654434204102
5707,saint_sac,1.5947723388671875
5708,saint_sac,0.5349283218383789
5709,saint_sac,4.320474624633789
5710,saint_sac,1.1674480438232422
5711,saint_sac,4.469442367553711
5712,saint_sac,2.9997787475585938
5713,saint_sac,0.042899131774902344
5714,saint_sac,-0.9552507400512695
5715,saint_sac,0.9056415557861328
5716,saint_sac,0.3785696029663086
5717,saint_sac,-0.1876659393310547
5718,saint_sac,4.69883918762207
5719,saint_sac,2.02388858795166
5720,saint_sac,2.0778303146362305
5721,saint_sac,0.3581581115722656
5722,saint_sac,0.22464942932128906
5723,saint_sac,0.011225700378417969
5724,saint_sac,0.8714418411254883
5725,saint_sac,0.9652061462402344
5726,saint_sac,2.051344871520996
5727,saint_sac,2.1489181518554688
5728,saint_sac,3.2528371810913086
5729,saint_sac,0.8764152526855469
5730,saint_sac,0.7418556213378906
5731,saint_sac,1.8036746978759766
5732,saint_sac,2.6328859329223633
5733,saint_sac,1.549346923828125
5734,saint_sac,0.7601680755615234
5735,saint_sac,-0.5467605590820312
5736,saint_sac,3.1921520233154297
5737,saint_sac,5.193221092224121
5738,saint_sac,2.072890281677246
5739,saint_sac,2.2339210510253906
5740,saint_sac,3.396821975708008
5741,saint_sac,2.327509880065918
5742,saint_sac,1.1267757415771484
5743,saint_sac,1.72137451171875
5744,saint_sac,2.9361572265625
5745,saint_sac,0.4428548812866211
5746,saint_sac,-0.7163114547729492
5747,saint_sac,1.8621492385864258
5748,saint_sac,3.7153682708740234
5749,saint_sac,2.806741714477539
5750,saint_sac,1.5452156066894531
5751,saint_sac,2.52315616607666
5752,saint_sac,0.6393098831176758
5753,saint_sac,-0.33284759521484375
5754,saint_sac,0.19555091857910156
5755,saint_sac,2.723050117492676
5756,saint_sac,0.08687782287597656
5757,saint_sac,1.3038177490234375
5758,saint_sac,5.725883483886719
5759,saint_sac,1.2996692657470703
5760,saint_sac,2.932307243347168
5761,saint_sac,1.3006620407104492
5762,saint_sac,-0.3816242218017578
5763,saint_sac,0.47097110748291016
5764,saint_sac,4.2768707275390625
5765,saint_sac,1.0472192764282227
5766,saint_sac,2.244692802429199
5767,saint_sac,5.147454261779785
5768,saint_sac,2.375925064086914
5769,saint_sac,1.081355094909668
5770,saint_sac,1.0655651092529297
5771,saint_sac,8.42052936553955
5772,saint_sac,0.30216312408447266
5773,saint_sac,2.0461902618408203
5774,saint_sac,0.9923238754272461
5775,saint_sac,3.9559412002563477
5776,saint_sac,4.648373603820801
5777,saint_sac,3.944448471069336
5778,saint_sac,5.44196891784668
5779,saint_sac,-0.19445514678955078
5780,saint_sac,3.093470573425293
5781,saint_sac,0.6221981048583984
5782,saint_sac,1.9370403289794922
5783,saint_sac,1.8074722290039062
5784,saint_sac,1.82086181640625
5785,saint_sac,1.3437013626098633
5786,saint_sac,1.8290863037109375
5787,saint_sac,1.2478351593017578
5788,saint_sac,1.5100374221801758
5789,saint_sac,2.5881776809692383
5790,saint_sac,0.8367462158203125
5791,saint_sac,0.8309860229492188
5792,saint_sac,0.7676839828491211
5793,saint_sac,0.671046257019043
5794,saint_sac,2.0887107849121094
5795,saint_sac,0.7516288757324219
5796,saint_sac,-1.0435714721679688
5797,saint_sac,2.787160873413086
5798,saint_sac,5.208746910095215
5799,saint_sac,-0.0768289566040039
5800,saint_sac,1.8654451370239258
5801,saint_sac,2.6025781631469727
5802,saint_sac,1.9041948318481445
5803,saint_sac,2.4355993270874023
5804,saint_sac,3.956118106842041
5805,saint_sac,0.9648303985595703
5806,saint_sac,2.1816978454589844
5807,saint_sac,7.860231399536133
5808,saint_sac,-0.21354961395263672
5809,saint_sac,1.4267797470092773
5810,saint_sac,2.3085784912109375
5811,saint_sac,3.572443962097168
5812,saint_sac,1.7468185424804688
5813,saint_sac,1.5180997848510742
5814,saint_sac,2.0886125564575195
5815,saint_sac,0.7948493957519531
5816,saint_sac,1.8686180114746094
5817,saint_sac,1.3891010284423828
5818,saint_sac,3.789051055908203
5819,saint_sac,1.5215473175048828
5820,saint_sac,1.9443368911743164
5821,saint_sac,2.2248477935791016
5822,saint_sac,1.418863296508789
5823,saint_sac,6.009515762329102
5824,saint_sac,0.7791557312011719
5825,saint_sac,3.259037971496582
5826,saint_sac,2.15634822845459
5827,saint_sac,-0.29726123809814453
5828,saint_sac,0.116363525390625
5829,saint_sac,1.4124937057495117
5830,saint_sac,0.21996212005615234
5831,saint_sac,0.3216848373413086
5832,saint_sac,1.8821077346801758
5833,saint_sac,-0.39239501953125
5834,saint_sac,2.396329879760742
5835,saint_sac,0.5197792053222656
5836,saint_sac,1.8893156051635742
5837,saint_sac,3.474785804748535
5838,saint_sac,4.903136253356934
5839,saint_sac,1.3276691436767578
5840,saint_sac,5.0855865478515625
5841,saint_sac,3.7724037170410156
5842,saint_sac,1.7565813064575195
5843,saint_sac,1.850937843322754
5844,saint_sac,2.671884536743164
5845,saint_sac,0.27300453186035156
5846,saint_sac,-0.2939624786376953
5847,saint_sac,2.1133928298950195
5848,saint_sac,0.9557819366455078
5849,saint_sac,1.8075685501098633
5850,saint_sac,0.895660400390625
5851,saint_sac,0.1441364288330078
5852,saint_sac,3.632272720336914
5853,saint_sac,1.8316402435302734
5854,saint_sac,2.159296989440918
5855,saint_sac,0.1770782470703125
5856,saint_sac,5.475770950317383
5857,saint_sac,2.316661834716797
5858,saint_sac,0.7008428573608398
5859,saint_sac,2.347928047180176
5860,saint_sac,2.346917152404785
5861,saint_sac,2.019186019897461
5862,saint_sac,2.004091262817383
5863,saint_sac,0.41852474212646484
5864,saint_sac,1.8446063995361328
5865,saint_sac,0.7991762161254883
5866,saint_sac,1.670191764831543
5867,saint_sac,1.796976089477539
5868,saint_sac,1.798910140991211
5869,saint_sac,2.1263294219970703
5870,saint_sac,1.4483633041381836
5871,saint_sac,0.5486469268798828
5872,saint_sac,2.0526180267333984
5873,saint_sac,-0.02251720428466797
5874,saint_sac,1.2966384887695312
5875,saint_sac,0.8464889526367188
5876,saint_sac,1.1605215072631836
5877,saint_sac,0.856083869934082
5878,saint_sac,4.713405609130859
5879,saint_sac,0.4333333969116211
5880,saint_sac,-0.26726818084716797
5881,saint_sac,0.7503948211669922
5882,saint_sac,0.3835029602050781
5883,saint_sac,-0.3119621276855469
5884,saint_sac,3.7119178771972656
5885,saint_sac,0.7339696884155273
5886,saint_sac,3.721510887145996
5887,saint_sac,3.8292484283447266
5888,saint_sac,2.104334831237793
5889,saint_sac,2.6557464599609375
5890,saint_sac,4.761293411254883
5891,saint_sac,1.845067024230957
5892,saint_sac,1.3791084289550781
5893,saint_sac,1.1733322143554688
5894,saint_sac,0.055787086486816406
5895,saint_sac,2.053561210632324
5896,saint_sac,2.9630842208862305
5897,saint_sac,1.3241252899169922
5898,saint_sac,6.859018325805664
5899,saint_sac,2.0584659576416016
5900,saint_sac,2.3444719314575195
5901,saint_sac,0.6284904479980469
5902,saint_sac,2.2395858764648438
5903,saint_sac,0.3546590805053711
5904,saint_sac,5.266741752624512
5905,saint_sac,4.098198890686035
5906,saint_sac,0.39134788513183594
5907,saint_sac,-0.0323944091796875
5908,saint_sac,1.803278923034668
5909,saint_sac,0.7192697525024414
5910,saint_sac,0.8828935623168945
5911,saint_sac,1.4800691604614258
5912,saint_sac,0.965846061706543
5913,saint_sac,1.4158544540405273
5914,saint_sac,1.0547466278076172
5915,saint_sac,1.5743074417114258
5916,saint_sac,2.1479969024658203
5917,saint_sac,1.5301618576049805
5918,saint_sac,2.909008026123047
5919,saint_sac,0.5827999114990234
5920,saint_sac,2.934629440307617
5921,saint_sac,4.680645942687988
5922,saint_sac,1.2229413986206055
5923,saint_sac,3.490823745727539
5924,saint_sac,5.951987266540527
5925,saint_sac,1.1185331344604492
5926,saint_sac,2.4204835891723633
5927,saint_sac,1.0454559326171875
5928,saint_sac,0.09805679321289062
5929,saint_sac,1.2861213684082031
5930,saint_sac,0.5782184600830078
5931,saint_sac,1.3653812408447266
5932,saint_sac,1.2067060470581055
5933,saint_sac,2.0086708068847656
5934,saint_sac,1.3413639068603516
5935,saint_sac,1.7053489685058594
5936,saint_sac,3.425351142883301
5937,saint_sac,6.124668121337891
5938,saint_sac,2.0840349197387695
5939,saint_sac,0.5427865982055664
5940,saint_sac,4.007421493530273
5941,saint_sac,1.8030643463134766
5942,saint_sac,1.7543535232543945
5943,saint_sac,1.6778688430786133
5944,saint_sac,0.4284963607788086
5945,saint_sac,2.034914016723633
5946,saint_sac,1.509988784790039
5947,saint_sac,1.72711181640625
5948,saint_sac,3.119288444519043
5949,saint_sac,4.074560165405273
5950,saint_sac,1.331918716430664
5951,saint_sac,1.8194646835327148
5952,saint_sac,5.443275451660156
5953,saint_sac,0.3638448715209961
5954,saint_sac,4.582814693450928
5955,saint_sac,0.7567462921142578
5956,saint_sac,0.4137105941772461
5957,saint_sac,0.4921073913574219
5958,saint_sac,3.8542280197143555
5959,saint_sac,2.1554880142211914
5960,saint_sac,0.15979290008544922
5961,saint_sac,2.0952978134155273
5962,saint_sac,1.792841911315918
5963,saint_sac,3.2626991271972656
5964,saint_sac,0.6332368850708008
5965,saint_sac,4.669712066650391
5966,saint_sac,2.530524253845215
5967,saint_sac,2.907498359680176
5968,saint_sac,1.4945850372314453
5969,saint_sac,2.6449193954467773
5970,saint_sac,0.8251199722290039
5971,saint_sac,5.850176811218262
5972,saint_sac,2.164937973022461
5973,saint_sac,1.66326904296875
5974,saint_sac,4.322017669677734
5975,saint_sac,1.4061059951782227
5976,saint_sac,0.7905902862548828
5977,saint_sac,3.7106714248657227
5978,saint_sac,0.9683017730712891
5979,saint_sac,3.303192138671875
5980,saint_sac,1.0813179016113281
5981,saint_sac,0.0283966064453125
5982,saint_sac,0.7510395050048828
5983,saint_sac,-0.028143882751464844
5984,saint_sac,1.6511001586914062
5985,saint_sac,1.2625761032104492
5986,saint_sac,1.8694543838500977
5987,saint_sac,2.2079639434814453
5988,saint_sac,1.7089204788208008
5989,saint_sac,0.26397132873535156
5990,saint_sac,0.7761955261230469
5991,saint_sac,5.858983993530273
5992,saint_sac,2.272160530090332
5993,saint_sac,1.4460086822509766
5994,saint_sac,5.179536819458008
5995,saint_sac,0.7100334167480469
5996,saint_sac,1.671457290649414
5997,saint_sac,5.410016059875488
5998,saint_sac,2.333369255065918
5999,saint_sac,1.3954811096191406
6000,saint_sac,1.6435537338256836
6001,saint_sac,3.5870933532714844
6002,saint_sac,0.5891637802124023
6003,saint_sac,1.1958942413330078
6004,saint_sac,6.01643180847168
6005,saint_sac,1.6231927871704102
6006,saint_sac,1.4612350463867188
6007,saint_sac,1.7800617218017578
6008,saint_sac,4.565434455871582
6009,saint_sac,4.018072128295898
6010,saint_sac,4.4942522048950195
6011,saint_sac,1.1505088806152344
6012,saint_sac,1.298788070678711
6013,saint_sac,1.3264894485473633
6014,saint_sac,1.810755729675293
6015,saint_sac,1.303755760192871
6016,saint_sac,1.6957931518554688
6017,saint_sac,1.546921730041504
6018,saint_sac,1.5646190643310547
6019,saint_sac,2.1897106170654297
6020,saint_sac,2.554009437561035
6021,saint_sac,6.267321586608887
6022,saint_sac,1.3751916885375977
6023,saint_sac,1.307642936706543
6024,saint_sac,1.968806266784668
6025,saint_sac,1.9617795944213867
6026,saint_sac,1.1091985702514648
6027,saint_sac,3.1532325744628906
6028,saint_sac,0.5309762954711914
6029,saint_sac,0.9403610229492188
6030,saint_sac,2.5876359939575195
6031,saint_sac,5.829887390136719
6032,saint_sac,3.6648178100585938
6033,saint_sac,2.4960861206054688
6034,saint_sac,3.4362716674804688
6035,saint_sac,1.797128677368164
6036,saint_sac,1.8150310516357422
6037,saint_sac,3.829446792602539
6038,saint_sac,2.9699668884277344
6039,saint_sac,0.6291980743408203
6040,saint_sac,1.6279678344726562
6041,saint_sac,0.4319477081298828
6042,saint_sac,2.1295089721679688
6043,saint_sac,1.1335554122924805
6044,saint_sac,3.571470260620117
6045,saint_sac,0.6608638763427734
6046,saint_sac,1.9752283096313477
6047,saint_sac,2.7338504791259766
6048,saint_sac,1.9376001358032227
6049,saint_sac,0.5286388397216797
6050,saint_sac,7.264459609985352
6051,saint_sac,0.42647361755371094
6052,saint_sac,1.0134391784667969
6053,saint_sac,1.7828426361083984
6054,saint_sac,1.2434272766113281
6055,saint_sac,3.7747464179992676
6056,saint_sac,2.388368606567383
6057,saint_sac,1.6978330612182617
6058,saint_sac,1.175405502319336
6059,saint_sac,3.84033203125
6060,saint_sac,6.353448867797852
6061,saint_sac,6.133943557739258
6062,saint_sac,2.116307258605957
6063,saint_sac,4.0433149337768555
6064,saint_sac,2.0775203704833984
6065,saint_sac,0.5001554489135742
6066,saint_sac,-0.5912494659423828
6067,saint_sac,5.627062797546387
6068,saint_sac,1.969712257385254
6069,saint_sac,1.4355459213256836
6070,saint_sac,2.1774444580078125
6071,saint_sac,-0.08791351318359375
6072,saint_sac,0.10848808288574219
6073,saint_sac,1.4682912826538086
6074,saint_sac,3.8209080696105957
6075,saint_sac,1.3170433044433594
6076,saint_sac,2.1116180419921875
6077,saint_sac,1.9357128143310547
6078,saint_sac,0.6411972045898438
6079,saint_sac,0.6622066497802734
6080,saint_sac,1.1894283294677734
6081,saint_sac,1.4989643096923828
6082,saint_sac,1.9256067276000977
6083,saint_sac,0.3175640106201172
6084,saint_sac,2.37477970123291
6085,saint_sac,1.6970624923706055
6086,saint_sac,2.288604736328125
6087,saint_sac,3.6902875900268555
6088,saint_sac,1.5396442413330078
6089,saint_sac,0.9110660552978516
6090,saint_sac,1.537755012512207
6091,saint_sac,0.16876602172851562
6092,saint_sac,1.9848756790161133
6093,saint_sac,3.3258285522460938
6094,saint_sac,1.372446060180664
6095,saint_sac,-0.20585060119628906
6096,saint_sac,1.892350196838379
6097,saint_sac,2.174435615539551
6098,saint_sac,4.772274971008301
6099,saint_sac,1.9646844863891602
6100,saint_sac,2.5970497131347656
6101,saint_sac,1.4882535934448242
6102,saint_sac,0.45473575592041016
6103,saint_sac,0.6991748809814453
6104,saint_sac,1.8509254455566406
6105,saint_sac,1.6278791427612305
6106,saint_sac,1.9464912414550781
6107,saint_sac,3.7351741790771484
6108,saint_sac,3.8737802505493164
6109,saint_sac,2.096921920776367
6110,saint_sac,1.2367591857910156
6111,saint_sac,3.3054771423339844
6112,saint_sac,0.7686147689819336
6113,saint_sac,2.624959945678711
6114,saint_sac,1.3844480514526367
6115,saint_sac,1.6707029342651367
6116,saint_sac,1.5811681747436523
6117,saint_sac,0.617095947265625
6118,saint_sac,2.2932863235473633
6119,saint_sac,0.6726770401000977
6120,saint_sac,1.201054573059082
6121,saint_sac,1.5533714294433594
6122,saint_sac,5.833158493041992
6123,saint_sac,6.470854759216309
6124,saint_sac,1.4385652542114258
6125,saint_sac,4.435844421386719
6126,saint_sac,0.2583036422729492
6127,saint_sac,-0.21227455139160156
6128,saint_sac,4.280043601989746
6129,saint_sac,1.8324365615844727
6130,saint_sac,2.305521011352539
6131,saint_sac,2.753328323364258
6132,saint_sac,2.7928466796875
6133,saint_sac,0.8607454299926758
6134,saint_sac,3.4111976623535156
6135,saint_sac,1.11566162109375
6136,saint_sac,1.1759452819824219
6137,saint_sac,4.122373580932617
6138,saint_sac,1.0662412643432617
6139,saint_sac,1.4598731994628906
6140,saint_sac,3.555293083190918
6141,saint_sac,0.37507152557373047
6142,saint_sac,4.498564720153809
6143,saint_sac,3.0864906311035156
6144,saint_sac,0.39171600341796875
6145,saint_sac,1.3378753662109375
6146,saint_sac,0.015811920166015625
6147,saint_sac,0.813018798828125
6148,saint_sac,-0.1933441162109375
6149,saint_sac,2.1014957427978516
6150,saint_sac,1.7419567108154297
6151,saint_sac,-1.0005836486816406
6152,saint_sac,0.06685256958007812
6153,saint_sac,0.7223014831542969
6154,saint_sac,4.919349670410156
6155,saint_sac,-0.16999340057373047
6156,saint_sac,0.52716064453125
6157,saint_sac,1.654555320739746
6158,saint_sac,3.118037223815918
6159,saint_sac,2.768413543701172
6160,saint_sac,2.0807886123657227
6161,saint_sac,0.5499563217163086
6162,saint_sac,2.6797943115234375
6163,saint_sac,4.14515495300293
6164,saint_sac,2.397184371948242
6165,saint_sac,1.8184785842895508
6166,saint_sac,0.41283702850341797
6167,saint_sac,2.000136375427246
6168,saint_sac,1.0498924255371094
6169,saint_sac,0.12035369873046875
6170,saint_sac,1.330514907836914
6171,saint_sac,4.527961730957031
6172,saint_sac,1.60260009765625
6173,saint_sac,2.4708328247070312
6174,saint_sac,0.6301536560058594
6175,saint_sac,2.4048681259155273
6176,saint_sac,0.897125244140625
6177,saint_sac,5.913017272949219
6178,saint_sac,2.4346399307250977
6179,saint_sac,1.7703571319580078
6180,saint_sac,4.106517791748047
6181,saint_sac,0.9678621292114258
6182,saint_sac,2.321793556213379
6183,saint_sac,2.5867385864257812
6184,saint_sac,5.354584693908691
6185,saint_sac,1.4597997665405273
6186,saint_sac,2.1451663970947266
6187,saint_sac,-0.5019826889038086
6188,saint_sac,2.5443801879882812
6189,saint_sac,1.0716028213500977
6190,saint_sac,1.8799829483032227
6191,saint_sac,1.598097801208496
6192,saint_sac,2.903287887573242
6193,saint_sac,1.4527082443237305
6194,saint_sac,-2.2652711868286133
6195,saint_sac,1.1958656311035156
6196,saint_sac,-0.7119264602661133
6197,saint_sac,1.3429908752441406
6198,saint_sac,0.3700237274169922
6199,saint_sac,4.036710739135742
6200,saint_sac,3.0647058486938477
6201,saint_sac,0.07102489471435547
6202,saint_sac,1.732752799987793
6203,saint_sac,1.4888324737548828
6204,saint_sac,2.4581336975097656
6205,saint_sac,2.0905685424804688
6206,saint_sac,3.0130720138549805
6207,saint_sac,1.265115737915039
6208,saint_sac,0.15840816497802734
6209,saint_sac,0.8772335052490234
6210,saint_sac,0.43344879150390625
6211,saint_sac,0.5434198379516602
6212,saint_sac,3.769073486328125
6213,saint_sac,0.8968496322631836
6214,saint_sac,0.5145263671875
6215,saint_sac,1.6346073150634766
6216,saint_sac,2.925326347351074
6217,saint_sac,1.669020652770996
6218,saint_sac,1.3956537246704102
6219,saint_sac,0.6947298049926758
6220,saint_sac,3.447591781616211
6221,saint_sac,2.847844123840332
6222,saint_sac,0.21789836883544922
6223,saint_sac,4.102769374847412
6224,saint_sac,3.1818742752075195
6225,saint_sac,3.205272674560547
6226,saint_sac,1.5858488082885742
6227,saint_sac,3.076056480407715
6228,saint_sac,3.9818668365478516
6229,saint_sac,1.3947229385375977
6230,saint_sac,5.604495048522949
6231,saint_sac,2.0886926651000977
6232,saint_sac,1.5114092826843262
6233,saint_sac,0.7288551330566406
6234,saint_sac,1.8375835418701172
6235,saint_sac,2.9168529510498047
6236,saint_sac,1.3542871475219727
6237,saint_sac,0.648097038269043
6238,saint_sac,1.4848127365112305
6239,saint_sac,5.11319637298584
6240,saint_sac,-0.3485841751098633
6241,saint_sac,2.8006205558776855
6242,saint_sac,1.3119754791259766
6243,saint_sac,4.983150482177734
6244,saint_sac,0.8247756958007812
6245,saint_sac,6.464015960693359
6246,saint_sac,2.0333642959594727
6247,saint_sac,1.7979917526245117
6248,saint_sac,1.80126953125
6249,saint_sac,3.3044042587280273
6250,saint_sac,-0.4444856643676758
6251,saint_sac,1.3278388977050781
6252,saint_sac,2.458939552307129
6253,saint_sac,3.867950439453125
6254,saint_sac,0.713109016418457
6255,saint_sac,2.8524398803710938
6256,saint_sac,1.3579473495483398
6257,saint_sac,-0.027721405029296875
6258,saint_sac,-0.0857686996459961
6259,saint_sac,3.4364051818847656
6260,saint_sac,0.6396703720092773
6261,saint_sac,1.8787908554077148
6262,saint_sac,0.5181331634521484
6263,saint_sac,1.7621707916259766
6264,saint_sac,4.366757392883301
6265,saint_sac,1.5489749908447266
6266,saint_sac,2.349675178527832
6267,saint_sac,1.2043657302856445
6268,saint_sac,1.107111930847168
6269,saint_sac,0.20833969116210938
6270,saint_sac,2.1806564331054688
6271,saint_sac,0.9340667724609375
6272,saint_sac,1.1621437072753906
6273,saint_sac,0.521733283996582
6274,saint_sac,1.7976932525634766
6275,saint_sac,0.30289363861083984
6276,saint_sac,0.7703619003295898
6277,saint_sac,0.11082172393798828
6278,saint_sac,2.645162582397461
6279,saint_sac,1.1375856399536133
6280,saint_sac,5.670127868652344
6281,saint_sac,3.7969250679016113
6282,saint_sac,1.4947481155395508
6283,saint_sac,0.4797658920288086
6284,saint_sac,2.3474903106689453
6285,saint_sac,-0.6626510620117188
6286,saint_sac,0.30468082427978516
6287,saint_sac,0.7757081985473633
6288,saint_sac,2.534602165222168
6289,saint_sac,1.2213773727416992
6290,saint_sac,1.9247875213623047
6291,saint_sac,1.4463796615600586
6292,saint_sac,3.681324005126953
6293,saint_sac,2.0981740951538086
6294,saint_sac,-0.3497438430786133
6295,saint_sac,1.697092056274414
6296,saint_sac,0.9063129425048828
6297,saint_sac,1.9081945419311523
6298,saint_sac,-0.12146472930908203
6299,saint_sac,1.9607667922973633
6300,saint_sac,-0.1042327880859375
6301,saint_sac,0.011714935302734375
6302,saint_sac,2.168950080871582
6303,saint_sac,1.4412765502929688
6304,saint_sac,5.9012451171875
6305,saint_sac,-0.8542490005493164
6306,saint_sac,2.1109743118286133
6307,saint_sac,0.6595258712768555
6308,saint_sac,1.9888458251953125
6309,saint_sac,5.859343528747559
6310,saint_sac,1.227025032043457
6311,saint_sac,1.7331123352050781
6312,saint_sac,0.5485544204711914
6313,saint_sac,1.329331398010254
6314,saint_sac,3.651144027709961
6315,saint_sac,2.0205259323120117
6316,saint_sac,2.557666778564453
6317,saint_sac,1.0791864395141602
6318,saint_sac,2.3301467895507812
6319,saint_sac,2.087428092956543
6320,saint_sac,2.045468330383301
6321,saint_sac,3.2237682342529297
6322,saint_sac,1.0634613037109375
6323,saint_sac,0.3099174499511719
6324,saint_sac,1.8305253982543945
6325,saint_sac,2.3388500213623047
6326,saint_sac,2.2760543823242188
6327,saint_sac,2.146113395690918
6328,saint_sac,1.2292547225952148
6329,saint_sac,1.1885194778442383
6330,saint_sac,0.8350896835327148
6331,saint_sac,0.9275751113891602
6332,saint_sac,2.5731077194213867
6333,saint_sac,0.43161582946777344
6334,saint_sac,-0.2269268035888672
6335,saint_sac,3.071885108947754
6336,saint_sac,2.4890003204345703
6337,saint_sac,1.116806983947754
6338,saint_sac,0.8970460891723633
6339,saint_sac,0.4873771667480469
6340,saint_sac,-0.04546356201171875
6341,saint_sac,4.424678802490234
6342,saint_sac,1.6108484268188477
6343,saint_sac,5.448734283447266
6344,saint_sac,1.0450668334960938
6345,saint_sac,2.216379165649414
6346,saint_sac,1.6556625366210938
6347,saint_sac,4.265571594238281
6348,saint_sac,2.214909553527832
6349,saint_sac,1.5882673263549805
6350,saint_sac,1.0105791091918945
6351,saint_sac,2.6091833114624023
6352,saint_sac,-0.3980083465576172
6353,saint_sac,5.237600326538086
6354,saint_sac,6.020872116088867
6355,saint_sac,1.1472034454345703
6356,saint_sac,1.682755470275879
6357,saint_sac,3.53482723236084
6358,saint_sac,1.0194530487060547
6359,saint_sac,2.4307479858398438
6360,saint_sac,1.101792335510254
6361,saint_sac,2.299144744873047
6362,saint_sac,-0.10065841674804688
6363,saint_sac,0.4006843566894531
6364,saint_sac,4.587358474731445
6365,saint_sac,1.6349191665649414
6366,saint_sac,2.2589950561523438
6367,saint_sac,2.865689277648926
6368,saint_sac,1.4951725006103516
6369,saint_sac,0.9375762939453125
6370,saint_sac,0.8213024139404297
6371,saint_sac,1.1914377212524414
6372,saint_sac,5.572508811950684
6373,saint_sac,0.26632118225097656
6374,saint_sac,1.8522701263427734
6375,saint_sac,1.8772506713867188
6376,saint_sac,1.9251317977905273
6377,saint_sac,1.6818733215332031
6378,saint_sac,2.740957260131836
6379,saint_sac,0.9960775375366211
6380,saint_sac,2.4643077850341797
6381,saint_sac,3.063364028930664
6382,saint_sac,4.193075180053711
6383,saint_sac,7.076541900634766
6384,saint_sac,1.098398208618164
6385,saint_sac,7.660909652709961
6386,saint_sac,8.834139347076416
6387,saint_sac,3.7979516983032227
6388,saint_sac,1.2921295166015625
6389,saint_sac,1.1377630233764648
6390,saint_sac,1.5327281951904297
6391,saint_sac,0.5996294021606445
6392,saint_sac,1.7394886016845703
6393,saint_sac,1.5293140411376953
6394,saint_sac,0.17363452911376953
6395,saint_sac,1.4324913024902344
6396,saint_sac,4.962752342224121
6397,saint_sac,2.0973148345947266
6398,saint_sac,1.2327423095703125
6399,saint_sac,2.6726608276367188
6400,saint_sac,1.8772544860839844
6401,saint_sac,-0.8122835159301758
6402,saint_sac,4.205057144165039
6403,saint_sac,5.7060089111328125
6404,saint_sac,-0.9029655456542969
6405,saint_sac,1.2253789901733398
6406,saint_sac,5.2141618728637695
6407,saint_sac,3.9290618896484375
6408,saint_sac,5.649354934692383
6409,saint_sac,2.4168453216552734
6410,saint_sac,1.949655532836914
6411,saint_sac,0.3720579147338867
6412,saint_sac,0.38858985900878906
6413,saint_sac,2.66457462310791
6414,saint_sac,4.220550537109375
6415,saint_sac,4.224802017211914
6416,saint_sac,0.7885112762451172
6417,saint_sac,2.539181709289551
6418,saint_sac,0.3473320007324219
6419,saint_sac,1.3013553619384766
6420,saint_sac,0.6400051116943359
6421,saint_sac,1.551966667175293
6422,saint_sac,2.113527297973633
6423,saint_sac,1.2430963516235352
6424,saint_sac,4.829732894897461
6425,saint_sac,4.145299911499023
6426,saint_sac,0.9872236251831055
6427,saint_sac,1.5804576873779297
6428,saint_sac,1.0792436599731445
6429,saint_sac,3.4484739303588867
6430,saint_sac,1.1240129470825195
6431,saint_sac,2.666670799255371
6432,saint_sac,3.113048553466797
6433,saint_sac,1.7929925918579102
6434,saint_sac,6.8468170166015625
6435,saint_sac,1.9202384948730469
6436,saint_sac,1.3630571365356445
6437,saint_sac,0.12089347839355469
6438,saint_sac,2.6911048889160156
6439,saint_sac,2.9685420989990234
6440,saint_sac,1.4511051177978516
6441,saint_sac,1.0859804153442383
6442,saint_sac,1.009511947631836
6443,saint_sac,1.3056106567382812
6444,saint_sac,0.2528238296508789
6445,saint_sac,1.5002613067626953
6446,saint_sac,0.9309177398681641
6447,saint_sac,2.4507713317871094
6448,saint_sac,1.9239702224731445
6449,saint_sac,2.032806396484375
6450,saint_sac,4.2587175369262695
6451,saint_sac,2.4261388778686523
6452,saint_sac,1.8863611221313477
6453,saint_sac,7.420684814453125
6454,saint_sac,4.060829162597656
6455,saint_sac,1.2916755676269531
6456,saint_sac,1.310934066772461
6457,saint_sac,2.4366226196289062
6458,saint_sac,2.680492401123047
6459,saint_sac,3.5224666595458984
6460,saint_sac,1.4447917938232422
6461,saint_sac,1.825993537902832
6462,saint_sac,0.57562255859375
6463,saint_sac,4.368318557739258
6464,saint_sac,1.406611442565918
6465,saint_sac,4.273876190185547
6466,saint_sac,2.137404441833496
6467,saint_sac,4.597858428955078
6468,saint_sac,4.5530195236206055
6469,saint_sac,1.7075929641723633
6470,saint_sac,4.608057022094727
6471,saint_sac,1.2098827362060547
6472,saint_sac,1.5648994445800781
6473,saint_sac,3.173933982849121
6474,saint_sac,4.72857666015625
6475,saint_sac,1.5956120491027832
6476,saint_sac,0.8052663803100586
6477,saint_sac,3.9391469955444336
6478,saint_sac,2.3410844802856445
6479,saint_sac,2.3885269165039062
6480,saint_sac,3.687106132507324
6481,saint_sac,-0.20079421997070312
6482,saint_sac,1.4065914154052734
6483,saint_sac,2.2191219329833984
6484,saint_sac,1.3237943649291992
6485,saint_sac,1.3547935485839844
6486,saint_sac,3.3681936264038086
6487,saint_sac,1.0311803817749023
6488,saint_sac,1.0242843627929688
6489,saint_sac,2.722964286804199
6490,saint_sac,-0.08104228973388672
6491,saint_sac,4.279109477996826
6492,saint_sac,3.128997802734375
6493,saint_sac,1.8437223434448242
6494,saint_sac,2.062112808227539
6495,saint_sac,1.0399589538574219
6496,saint_sac,0.29913902282714844
6497,saint_sac,1.735611915588379
6498,saint_sac,5.243555068969727
6499,saint_sac,1.1335334777832031
6500,saint_sac,1.9042034149169922
6501,saint_sac,-0.39315032958984375
6502,saint_sac,-0.1314849853515625
6503,saint_sac,1.0135879516601562
6504,saint_sac,0.20684051513671875
6505,saint_sac,1.8571100234985352
6506,saint_sac,1.7984027862548828
6507,saint_sac,3.450240135192871
6508,saint_sac,3.6221742630004883
6509,saint_sac,3.9310550689697266
6510,saint_sac,2.3200435638427734
6511,saint_sac,0.1414012908935547
6512,saint_sac,0.7454252243041992
6513,saint_sac,0.8193445205688477
6514,saint_sac,0.9881038665771484
6515,saint_sac,2.7746810913085938
6516,saint_sac,-0.7179393768310547
6517,saint_sac,2.097362518310547
6518,saint_sac,0.8014202117919922
6519,saint_sac,1.60955810546875
6520,saint_sac,0.9727668762207031
6521,saint_sac,5.639376640319824
6522,saint_sac,1.4412717819213867
6523,saint_sac,1.853867530822754
6524,saint_sac,5.881451606750488
6525,saint_sac,1.2826995849609375
6526,saint_sac,2.3371763229370117
6527,saint_sac,5.790596008300781
6528,saint_sac,2.10888671875
6529,saint_sac,3.66732120513916
6530,saint_sac,2.487727165222168
6531,saint_sac,3.8364763259887695
6532,saint_sac,1.8430042266845703
6533,saint_sac,2.177788734436035
6534,saint_sac,2.164773941040039
6535,saint_sac,1.9344673156738281
6536,saint_sac,1.2624778747558594
6537,saint_sac,2.3933801651000977
6538,saint_sac,2.2616214752197266
6539,saint_sac,0.9750432968139648
6540,saint_sac,1.9075660705566406
6541,saint_sac,1.9598455429077148
6542,saint_sac,1.2301025390625
6543,saint_sac,2.1448888778686523
6544,saint_sac,0.4176321029663086
6545,saint_sac,2.3364734649658203
6546,saint_sac,1.3501768112182617
6547,saint_sac,0.9048061370849609
6548,saint_sac,-0.9219770431518555
6549,saint_sac,0.3510732650756836
6550,saint_sac,1.4983043670654297
6551,saint_sac,0.5800266265869141
6552,saint_sac,0.928349494934082
6553,saint_sac,1.2277593612670898
6554,saint_sac,1.2782468795776367
6555,saint_sac,1.7825098037719727
6556,saint_sac,1.467397689819336
6557,saint_sac,1.310312271118164
6558,saint_sac,0.5115585327148438
6559,saint_sac,6.461798667907715
6560,saint_sac,1.6258249282836914
6561,saint_sac,1.7864999771118164
6562,saint_sac,1.8127403259277344
6563,saint_sac,-0.2962074279785156
6564,saint_sac,1.0176506042480469
6565,saint_sac,0.7101984024047852
6566,saint_sac,2.453418731689453
6567,saint_sac,3.9438905715942383
6568,saint_sac,3.2259206771850586
6569,saint_sac,1.1267004013061523
6570,saint_sac,0.7501096725463867
6571,saint_sac,3.849966049194336
6572,saint_sac,0.15653038024902344
6573,saint_sac,1.914773941040039
6574,saint_sac,3.1479415893554688
6575,saint_sac,1.869215965270996
6576,saint_sac,0.8387289047241211
6577,saint_sac,-0.29143714904785156
6578,saint_sac,1.6271743774414062
6579,saint_sac,0.564875602722168
6580,saint_sac,0.29926013946533203
6581,saint_sac,0.12379074096679688
6582,saint_sac,3.642393112182617
6583,saint_sac,2.34500789642334
6584,saint_sac,2.4611339569091797
6585,saint_sac,1.4679994583129883
6586,saint_sac,1.114253044128418
6587,saint_sac,0.5001239776611328
6588,saint_sac,2.0760507583618164
6589,saint_sac,1.7887964248657227
6590,saint_sac,1.3671064376831055
6591,saint_sac,1.9660654067993164
6592,saint_sac,1.3259944915771484
6593,saint_sac,1.5872364044189453
6594,saint_sac,3.9473066329956055
6595,saint_sac,1.8881549835205078
6596,saint_sac,1.0671653747558594
6597,saint_sac,1.1420707702636719
6598,saint_sac,2.469027519226074
6599,saint_sac,0.7207813262939453
6600,saint_sac,3.4081077575683594
6601,saint_sac,1.7361698150634766
6602,saint_sac,1.4805212020874023
6603,saint_sac,4.087358474731445
6604,saint_sac,1.586136817932129
6605,saint_sac,2.244192123413086
6606,saint_sac,2.752835273742676
6607,saint_sac,0.1841602325439453
6608,saint_sac,3.1687216758728027
6609,saint_sac,2.5479393005371094
6610,saint_sac,2.044584274291992
6611,saint_sac,1.6606645584106445
6612,saint_sac,0.2787494659423828
6613,saint_sac,1.6043415069580078
6614,saint_sac,2.2783584594726562
6615,saint_sac,2.75543212890625
6616,saint_sac,0.39370250701904297
6617,saint_sac,-0.6308097839355469
6618,saint_sac,0.7250900268554688
6619,saint_sac,1.3937292098999023
6620,saint_sac,2.7484426498413086
6621,saint_sac,1.7451105117797852
6622,saint_sac,1.3621797561645508
6623,saint_sac,0.4001445770263672
6624,saint_sac,3.4103050231933594
6625,saint_sac,1.6873388290405273
6626,saint_sac,0.242431640625
6627,saint_sac,-0.19881916046142578
6628,saint_sac,3.375247001647949
6629,saint_sac,1.865957260131836
6630,saint_sac,1.0072498321533203
6631,saint_sac,2.1304616928100586
6632,saint_sac,1.2463836669921875
6633,saint_sac,1.2369050979614258
6634,saint_sac,1.0859909057617188
6635,saint_sac,0.5339450836181641
6636,saint_sac,0.8032407760620117
6637,saint_sac,-0.8132972717285156
6638,saint_sac,0.9614801406860352
6639,saint_sac,4.392291069030762
6640,saint_sac,1.321406364440918
6641,saint_sac,1.4758806228637695
6642,saint_sac,2.088411331176758
6643,saint_sac,4.545644760131836
6644,saint_sac,1.6691246032714844
6645,saint_sac,3.6605119705200195
6646,saint_sac,1.859501838684082
6647,saint_sac,-0.45601940155029297
6648,saint_sac,2.7359800338745117
6649,saint_sac,6.040383338928223
6650,saint_sac,1.3701438903808594
6651,saint_sac,1.0968008041381836
6652,saint_sac,1.8015975952148438
6653,saint_sac,3.5250864028930664
6654,saint_sac,-0.027194976806640625
6655,saint_sac,1.417734146118164
6656,saint_sac,1.2976865768432617
6657,saint_sac,1.3823328018188477
6658,saint_sac,3.11641788482666
6659,saint_sac,3.01706600189209
6660,saint_sac,1.3360300064086914
6661,saint_sac,1.0661773681640625
6662,saint_sac,1.5185861587524414
6663,saint_sac,1.1199674606323242
6664,saint_sac,1.1867504119873047
6665,saint_sac,0.4602012634277344
6666,saint_sac,0.4955615997314453
6667,saint_sac,6.741970062255859
6668,saint_sac,0.9110536575317383
6669,saint_sac,3.2650680541992188
6670,saint_sac,2.8329696655273438
6671,saint_sac,0.49847888946533203
6672,saint_sac,2.326374053955078
6673,saint_sac,2.268522262573242
6674,saint_sac,0.6854152679443359
6675,saint_sac,1.5792579650878906
6676,saint_sac,1.325148582458496
6677,saint_sac,2.072338104248047
6678,saint_sac,3.181647300720215
6679,saint_sac,2.5009469985961914
6680,saint_sac,5.213594436645508
6681,saint_sac,0.9597253799438477
6682,saint_sac,0.16016292572021484
6683,saint_sac,2.38443660736084
6684,saint_sac,1.4105558395385742
6685,saint_sac,-0.1285533905029297
6686,saint_sac,0.49988365173339844
6687,saint_sac,0.5975503921508789
6688,saint_sac,1.8494911193847656
6689,saint_sac,2.3390865325927734
6690,saint_sac,1.880239486694336
6691,saint_sac,0.21152973175048828
6692,saint_sac,0.6219635009765625
6693,saint_sac,3.3237648010253906
6694,saint_sac,1.5777273178100586
6695,saint_sac,1.289168357849121
6696,saint_sac,1.5682487487792969
6697,saint_sac,1.8398284912109375
6698,saint_sac,1.2505149841308594
6699,saint_sac,4.865833282470703
6700,saint_sac,1.2862787246704102
6701,saint_sac,0.6660146713256836
6702,saint_sac,4.247946739196777
6703,saint_sac,1.5452957153320312
6704,saint_sac,1.3720932006835938
6705,saint_sac,1.7278642654418945
6706,saint_sac,2.082653045654297
6707,saint_sac,4.178522109985352
6708,saint_sac,1.566263198852539
6709,saint_sac,4.000497817993164
6710,saint_sac,1.3155250549316406
6711,saint_sac,2.1715383529663086
6712,saint_sac,2.1027088165283203
6713,saint_sac,0.4040851593017578
6714,saint_sac,1.8509235382080078
6715,saint_sac,1.8236474990844727
6716,saint_sac,1.3075313568115234
6717,saint_sac,2.872744560241699
6718,saint_sac,1.9519147872924805
6719,saint_sac,1.6307573318481445
6720,saint_sac,1.1261177062988281
6721,saint_sac,1.3393468856811523
6722,saint_sac,2.42903995513916
6723,saint_sac,0.5109500885009766
6724,saint_sac,4.9795823097229
6725,saint_sac,1.0693559646606445
6726,saint_sac,1.905777931213379
6727,saint_sac,2.9933271408081055
6728,saint_sac,0.2759380340576172
6729,saint_sac,-0.18060588836669922
6730,saint_sac,1.1331672668457031
6731,saint_sac,1.9633121490478516
6732,saint_sac,3.173150062561035
6733,saint_sac,2.5096797943115234
6734,saint_sac,-0.47612953186035156
6735,saint_sac,3.5286741256713867
6736,saint_sac,1.9979209899902344
6737,saint_sac,0.9547405242919922
6738,saint_sac,0.9127569198608398
6739,saint_sac,0.9733114242553711
6740,saint_sac,2.722384452819824
6741,saint_sac,6.537468910217285
6742,saint_sac,1.507349967956543
6743,saint_sac,3.8927488327026367
6744,saint_sac,4.168245315551758
6745,saint_sac,2.374208450317383
6746,saint_sac,4.311000823974609
6747,saint_sac,5.019906997680664
6748,saint_sac,2.941253662109375
6749,saint_sac,0.8029375076293945
6750,saint_sac,3.4275283813476562
6751,saint_sac,0.3653755187988281
6752,saint_sac,1.153325080871582
6753,saint_sac,4.733660697937012
6754,saint_sac,6.139294624328613
6755,saint_sac,0.5329952239990234
6756,saint_sac,1.9890270233154297
6757,saint_sac,-1.2776803970336914
6758,saint_sac,1.092010498046875
6759,saint_sac,-0.2036447525024414
6760,saint_sac,3.01877498626709
6761,saint_sac,0.037758827209472656
6762,saint_sac,1.9786577224731445
6763,saint_sac,1.8358478546142578
6764,saint_sac,2.0289831161499023
6765,saint_sac,1.509078025817871
6766,saint_sac,-0.24089527130126953
6767,saint_sac,8.983490943908691
6768,saint_sac,-0.1008157730102539
6769,saint_sac,0.4549980163574219
6770,saint_sac,0.1526947021484375
6771,saint_sac,1.7166118621826172
6772,saint_sac,2.0544748306274414
6773,saint_sac,2.3695669174194336
6774,saint_sac,0.5572242736816406
6775,saint_sac,0.2879362106323242
6776,saint_sac,2.3069849014282227
6777,saint_sac,1.8216094970703125
6778,saint_sac,3.9094810485839844
6779,saint_sac,1.6354103088378906
6780,saint_sac,0.7405872344970703
6781,saint_sac,0.8544712066650391
6782,saint_sac,0.3779726028442383
6783,saint_sac,2.9165725708007812
6784,saint_sac,0.5865993499755859
6785,saint_sac,1.2013301849365234
6786,saint_sac,1.4839773178100586
6787,saint_sac,-0.2209033966064453
6788,saint_sac,7.605422019958496
6789,saint_sac,3.610123634338379
6790,saint_sac,1.021906852722168
6791,saint_sac,2.331954002380371
6792,saint_sac,3.396552085876465
6793,saint_sac,-0.8699564933776855
6794,saint_sac,3.3723392486572266
6795,saint_sac,-0.49155139923095703
6796,saint_sac,1.6551475524902344
6797,saint_sac,2.0902414321899414
6798,saint_sac,2.6946725845336914
6799,saint_sac,1.0421085357666016
6800,saint_sac,0.8342857360839844
6801,saint_sac,1.2919750213623047
6802,saint_sac,1.3430976867675781
6803,saint_sac,0.8047494888305664
6804,saint_sac,4.080624580383301
6805,saint_sac,1.1996116638183594
6806,saint_sac,2.601017951965332
6807,saint_sac,0.9154319763183594
6808,saint_sac,2.43841552734375
6809,saint_sac,1.450974464416504
6810,saint_sac,1.458815574645996
6811,saint_sac,2.2376766204833984
6812,saint_sac,4.3373517990112305
6813,saint_sac,0.7831802368164062
6814,saint_sac,3.7620630264282227
6815,saint_sac,3.370626449584961
6816,saint_sac,0.059352874755859375
6817,saint_sac,1.3842754364013672
6818,saint_sac,2.524655342102051
6819,saint_sac,2.7871599197387695
6820,saint_sac,4.525688171386719
6821,saint_sac,1.7194690704345703
6822,saint_sac,0.8586673736572266
6823,saint_sac,4.627740859985352
6824,saint_sac,4.179272651672363
6825,saint_sac,1.8701610565185547
6826,saint_sac,-0.016384124755859375
6827,saint_sac,1.1120519638061523
6828,saint_sac,2.887798309326172
6829,saint_sac,1.836369514465332
6830,saint_sac,5.203387260437012
6831,saint_sac,-0.47190093994140625
6832,saint_sac,1.9908905029296875
6833,saint_sac,1.0062799453735352
6834,saint_sac,0.7839317321777344
6835,saint_sac,1.8239555358886719
6836,saint_sac,2.6764774322509766
6837,saint_sac,0.18036174774169922
6838,saint_sac,1.3070507049560547
6839,saint_sac,2.009967803955078
6840,saint_sac,1.7330904006958008
6841,saint_sac,1.534672737121582
6842,saint_sac,1.4555950164794922
6843,saint_sac,0.5536355972290039
6844,saint_sac,0.6724452972412109
6845,saint_sac,2.2310972213745117
6846,saint_sac,2.0653343200683594
6847,saint_sac,1.7374305725097656
6848,saint_sac,1.4880399703979492
6849,saint_sac,0.31644630432128906
6850,saint_sac,1.782212257385254
6851,saint_sac,1.6048240661621094
6852,saint_sac,1.0858392715454102
6853,saint_sac,0.9146432876586914
6854,saint_sac,3.208897590637207
6855,saint_sac,3.1080493927001953
6856,saint_sac,6.126372337341309
6857,saint_sac,1.444814682006836
6858,saint_sac,3.0456581115722656
6859,saint_sac,1.1902198791503906
6860,saint_sac,2.4278507232666016
6861,saint_sac,3.744278907775879
6862,saint_sac,0.570164680480957
6863,saint_sac,-0.7058935165405273
6864,saint_sac,2.091038703918457
6865,saint_sac,1.3095197677612305
6866,saint_sac,5.097746849060059
6867,saint_sac,1.621114730834961
6868,saint_sac,7.097047805786133
6869,saint_sac,0.6688041687011719
6870,saint_sac,1.2840490341186523
6871,saint_sac,2.949326515197754
6872,saint_sac,3.0943832397460938
6873,saint_sac,4.218196868896484
6874,saint_sac,0.9116506576538086
6875,saint_sac,2.1364574432373047
6876,saint_sac,2.710895538330078
6877,saint_sac,0.7713375091552734
6878,saint_sac,1.1330595016479492
6879,saint_sac,-0.4858875274658203
6880,saint_sac,0.5211658477783203
6881,saint_sac,2.9212465286254883
6882,saint_sac,3.877589225769043
6883,saint_sac,2.566537857055664
6884,saint_sac,0.46153736114501953
6885,saint_sac,2.0570058822631836
6886,saint_sac,-0.311920166015625
6887,saint_sac,1.8221721649169922
6888,saint_sac,1.1801776885986328
6889,saint_sac,4.602300643920898
6890,saint_sac,1.6177234649658203
6891,saint_sac,6.3509521484375
6892,saint_sac,0.6125946044921875
6893,saint_sac,2.710691452026367
6894,saint_sac,5.9117431640625
6895,saint_sac,3.5826468467712402
6896,saint_sac,2.383981704711914
6897,saint_sac,3.0772743225097656
6898,saint_sac,-0.05237293243408203
6899,saint_sac,0.15842723846435547
6900,saint_sac,0.7041473388671875
6901,saint_sac,1.7299718856811523
6902,saint_sac,0.6458911895751953
6903,saint_sac,1.8481636047363281
6904,saint_sac,0.8452339172363281
6905,saint_sac,1.6405067443847656
6906,saint_sac,3.640583038330078
6907,saint_sac,0.9177494049072266
6908,saint_sac,0.7632389068603516
6909,saint_sac,2.129688262939453
6910,saint_sac,2.1324777603149414
6911,saint_sac,2.4184083938598633
6912,saint_sac,7.447995185852051
6913,saint_sac,4.914485931396484
6914,saint_sac,3.9255847930908203
6915,saint_sac,0.6651601791381836
6916,saint_sac,1.5348644256591797
6917,saint_sac,4.430265426635742
6918,saint_sac,2.3562231063842773
6919,saint_sac,1.4105205535888672
6920,saint_sac,3.387248992919922
6921,saint_sac,1.1244440078735352
6922,saint_sac,1.567519187927246
6923,saint_sac,2.3557748794555664
6924,saint_sac,0.9701986312866211
6925,saint_sac,4.015424728393555
6926,saint_sac,2.292734146118164
6927,saint_sac,0.6400518417358398
6928,saint_sac,1.6083269119262695
6929,saint_sac,2.5849599838256836
6930,saint_sac,2.3281078338623047
6931,saint_sac,2.2110605239868164
6932,saint_sac,2.5481996536254883
6933,saint_sac,2.328155517578125
6934,saint_sac,3.207383155822754
6935,saint_sac,3.302225112915039
6936,saint_sac,4.819631576538086
6937,saint_sac,4.404936790466309
6938,saint_sac,2.106724739074707
6939,saint_sac,0.9125137329101562
6940,saint_sac,1.873826026916504
6941,saint_sac,2.8076744079589844
6942,saint_sac,1.6768827438354492
6943,saint_sac,2.2928991317749023
6944,saint_sac,0.44660472869873047
6945,saint_sac,1.3031768798828125
6946,saint_sac,1.3536224365234375
6947,saint_sac,1.410548210144043
6948,saint_sac,2.169942855834961
6949,saint_sac,1.4797039031982422
6950,saint_sac,1.8439407348632812
6951,saint_sac,1.5651226043701172
6952,saint_sac,3.06813907623291
6953,saint_sac,0.3973379135131836
6954,saint_sac,2.0640735626220703
6955,saint_sac,6.854663848876953
6956,saint_sac,3.3234806060791016
6957,saint_sac,1.9832344055175781
6958,saint_sac,-0.0036983489990234375
6959,saint_sac,0.8900909423828125
6960,saint_sac,1.0014839172363281
6961,saint_sac,0.6661710739135742
6962,saint_sac,5.235301971435547
6963,saint_sac,1.7497339248657227
6964,saint_sac,0.9588718414306641
6965,saint_sac,0.8810291290283203
6966,saint_sac,1.9103984832763672
6967,saint_sac,1.4910364151000977
6968,saint_sac,0.4152374267578125
6969,saint_sac,1.8011226654052734
6970,saint_sac,-0.4074888229370117
6971,saint_sac,0.9230318069458008
6972,saint_sac,1.1698455810546875
6973,saint_sac,1.8699378967285156
6974,saint_sac,4.510127067565918
6975,saint_sac,-0.2422952651977539
6976,saint_sac,0.8656768798828125
6977,saint_sac,1.9633569717407227
6978,saint_sac,4.545222282409668
6979,saint_sac,1.9083480834960938
6980,saint_sac,2.271211624145508
6981,saint_sac,1.2783842086791992
6982,saint_sac,1.6582422256469727
6983,saint_sac,1.9670953750610352
6984,saint_sac,2.5627527236938477
6985,saint_sac,1.0375537872314453
6986,saint_sac,2.364715576171875
6987,saint_sac,4.33431339263916
6988,saint_sac,2.3743209838867188
6989,saint_sac,1.1597614288330078
6990,saint_sac,1.6238212585449219
6991,saint_sac,0.7856988906860352
6992,saint_sac,6.618149757385254
6993,saint_sac,2.309885025024414
6994,saint_sac,1.548081398010254
6995,saint_sac,1.3161144256591797
6996,saint_sac,5.795625686645508
6997,saint_sac,0.9160709381103516
6998,saint_sac,0.40602874755859375
6999,saint_sac,3.7584171295166016
7000,saint_sac,1.3241233825683594
7001,saint_sac,0.9763774871826172
7002,saint_sac,4.381513595581055
7003,saint_sac,4.267825126647949
7004,saint_sac,2.46225643157959
7005,saint_sac,4.005191802978516
7006,saint_sac,1.1198720932006836
7007,saint_sac,1.6779756546020508
7008,saint_sac,1.999262809753418
7009,saint_sac,0.27359771728515625
7010,saint_sac,0.9620704650878906
7011,saint_sac,3.0127506256103516
7012,saint_sac,1.8247699737548828
7013,saint_sac,2.5429611206054688
7014,saint_sac,3.192647933959961
7015,saint_sac,1.645035743713379
7016,saint_sac,2.2076730728149414
7017,saint_sac,1.191828727722168
7018,saint_sac,2.744243621826172
7019,saint_sac,1.450821876525879
7020,saint_sac,1.958169937133789
7021,saint_sac,1.6980533599853516
7022,saint_sac,2.963688850402832
7023,saint_sac,2.1799230575561523
7024,saint_sac,2.8206586837768555
7025,saint_sac,1.7031707763671875
7026,saint_sac,-0.8788518905639648
7027,saint_sac,2.6604557037353516
7028,saint_sac,1.7258186340332031
7029,saint_sac,1.7058048248291016
7030,saint_sac,1.9559049606323242
7031,saint_sac,3.0455570220947266
7032,saint_sac,1.5234565734863281
7033,saint_sac,3.0533437728881836
7034,saint_sac,4.646820068359375
7035,saint_sac,0.8864583969116211
7036,saint_sac,1.0579805374145508
7037,saint_sac,3.6660356521606445
7038,saint_sac,2.1799402236938477
7039,saint_sac,1.9226188659667969
7040,saint_sac,2.9028844833374023
7041,saint_sac,0.9903945922851562
7042,saint_sac,4.563416004180908
7043,saint_sac,0.4614830017089844
7044,saint_sac,0.4764375686645508
7045,saint_sac,1.0172452926635742
7046,saint_sac,2.6598262786865234
7047,saint_sac,2.4656448364257812
7048,saint_sac,4.039731979370117
7049,saint_sac,4.110289573669434
7050,saint_sac,2.1450576782226562
7051,saint_sac,1.3700103759765625
7052,saint_sac,1.334355354309082
7053,saint_sac,2.8930559158325195
7054,saint_sac,0.9665241241455078
7055,saint_sac,2.0441198348999023
7056,saint_sac,4.597773551940918
7057,saint_sac,0.24550628662109375
7058,saint_sac,1.759378433227539
7059,saint_sac,-0.7845115661621094
7060,saint_sac,1.8580894470214844
7061,saint_sac,2.0276832580566406
7062,saint_sac,1.5559673309326172
7063,saint_sac,1.4752435684204102
7064,saint_sac,1.699859619140625
7065,saint_sac,3.5749053955078125
7066,saint_sac,2.15877628326416
7067,saint_sac,0.8159523010253906
7068,saint_sac,4.674196243286133
7069,saint_sac,-0.2794809341430664
7070,saint_sac,3.4938879013061523
7071,saint_sac,1.3499059677124023
7072,saint_sac,0.9171085357666016
7073,saint_sac,0.34841346740722656
7074,saint_sac,1.3358192443847656
7075,saint_sac,1.5633277893066406
7076,saint_sac,2.9699668884277344
7077,saint_sac,1.385544776916504
7078,saint_sac,0.4412422180175781
7079,saint_sac,3.137094497680664
7080,saint_sac,0.7770395278930664
7081,saint_sac,0.7859687805175781
7082,saint_sac,2.3618640899658203
7083,saint_sac,0.4635648727416992
7084,saint_sac,5.9242658615112305
7085,saint_sac,4.494781494140625
7086,saint_sac,0.8388309478759766
7087,saint_sac,2.0111770629882812
7088,saint_sac,1.4805927276611328
7089,saint_sac,1.586380958557129
7090,saint_sac,2.3355789184570312
7091,saint_sac,2.928555488586426
7092,saint_sac,3.552083969116211
7093,saint_sac,1.5220260620117188
7094,saint_sac,1.6361618041992188
7095,saint_sac,0.9646415710449219
7096,saint_sac,2.6274728775024414
7097,saint_sac,2.6074628829956055
7098,saint_sac,2.143177032470703
7099,saint_sac,2.331212043762207
7100,saint_sac,0.9104413986206055
7101,saint_sac,0.47361183166503906
7102,saint_sac,2.5825767517089844
7103,saint_sac,0.38895606994628906
7104,saint_sac,-0.032532691955566406
7105,saint_sac,1.4708566665649414
7106,saint_sac,1.9996557235717773
7107,saint_sac,1.6630268096923828
7108,saint_sac,3.3359575271606445
7109,saint_sac,2.581012725830078
7110,saint_sac,2.2297658920288086
7111,saint_sac,0.9116306304931641
7112,saint_sac,3.304697036743164
7113,saint_sac,0.8575191497802734
7114,saint_sac,2.58992862701416
7115,saint_sac,3.053020477294922
7116,saint_sac,3.6065797805786133
7117,saint_sac,2.9850215911865234
7118,saint_sac,5.875848770141602
7119,saint_sac,3.2720327377319336
7120,saint_sac,2.125
7121,saint_sac,-0.4812660217285156
7122,saint_sac,4.511490821838379
7123,saint_sac,3.1287002563476562
7124,saint_sac,-0.5414276123046875
7125,saint_sac,0.8903617858886719
7126,saint_sac,4.962013244628906
7127,saint_sac,0.6652584075927734
7128,saint_sac,1.388514518737793
7129,saint_sac,1.000288963317871
7130,saint_sac,4.190183639526367
7131,saint_sac,0.6803264617919922
7132,saint_sac,1.164076805114746
7133,saint_sac,2.4028453826904297
7134,saint_sac,1.4648733139038086
7135,saint_sac,2.760857582092285
7136,saint_sac,1.4966297149658203
7137,saint_sac,5.170015335083008
7138,saint_sac,1.7408027648925781
7139,saint_sac,1.679189682006836
7140,saint_sac,5.854475021362305
7141,saint_sac,2.866199493408203
7142,saint_sac,2.6060409545898438
7143,saint_sac,4.0480499267578125
7144,saint_sac,7.326801300048828
7145,saint_sac,1.3201017379760742
7146,saint_sac,4.329807281494141
7147,saint_sac,1.6804313659667969
7148,saint_sac,-8.58306884765625e-06
7149,saint_sac,0.7311391830444336
7150,saint_sac,3.5087528228759766
7151,saint_sac,-0.06415271759033203
7152,saint_sac,2.387350082397461
7153,saint_sac,1.8166751861572266
7154,saint_sac,7.436352252960205
7155,saint_sac,3.2771530151367188
7156,saint_sac,0.8424768447875977
7157,saint_sac,1.878666877746582
7158,saint_sac,1.1681709289550781
7159,saint_sac,2.685138702392578
7160,saint_sac,1.497842788696289
7161,saint_sac,-1.9830751419067383
7162,saint_sac,1.803976058959961
7163,saint_sac,1.2367668151855469
7164,saint_sac,1.3011417388916016
7165,saint_sac,0.9756660461425781
7166,saint_sac,1.3157806396484375
7167,saint_sac,1.6051645278930664
7168,saint_sac,1.2180466651916504
7169,saint_sac,1.1639175415039062
7170,saint_sac,0.9101438522338867
7171,saint_sac,0.9363679885864258
7172,saint_sac,0.9293088912963867
7173,saint_sac,1.7202167510986328
7174,saint_sac,0.8332605361938477
7175,saint_sac,6.3885498046875
7176,saint_sac,2.7429981231689453
7177,saint_sac,0.5081663131713867
7178,saint_sac,-0.5761070251464844
7179,saint_sac,1.3969526290893555
7180,saint_sac,0.4975309371948242
7181,saint_sac,1.6429224014282227
7182,saint_sac,1.8826065063476562
7183,saint_sac,3.529590606689453
7184,saint_sac,0.7915410995483398
7185,saint_sac,0.3068561553955078
7186,saint_sac,0.4219799041748047
7187,saint_sac,2.1718482971191406
7188,saint_sac,2.905902862548828
7189,saint_sac,5.311620712280273
7190,saint_sac,1.2326641082763672
7191,saint_sac,0.38116455078125
7192,saint_sac,0.45345592498779297
7193,saint_sac,0.7066707611083984
7194,saint_sac,2.426692008972168
7195,saint_sac,4.038042068481445
7196,saint_sac,1.8598861694335938
7197,saint_sac,3.745553970336914
7198,saint_sac,2.602536201477051
7199,saint_sac,1.5673141479492188
7200,saint_sac,1.0979280471801758
7201,saint_sac,0.6436910629272461
7202,saint_sac,0.3540802001953125
7203,saint_sac,2.740213394165039
7204,saint_sac,1.9540700912475586
7205,saint_sac,1.2876157760620117
7206,saint_sac,0.7654390335083008
7207,saint_sac,1.288386344909668
7208,saint_sac,0.46294307708740234
7209,saint_sac,1.9098834991455078
7210,saint_sac,5.734780311584473
7211,saint_sac,4.998246192932129
7212,saint_sac,0.5154523849487305
7213,saint_sac,0.41108226776123047
7214,saint_sac,0.7694377899169922
7215,saint_sac,1.342233657836914
7216,saint_sac,1.692133903503418
7217,saint_sac,2.609255790710449
7218,saint_sac,3.001267433166504
7219,saint_sac,2.1907291412353516
7220,saint_sac,2.557769775390625
7221,saint_sac,1.6114768981933594
7222,saint_sac,3.275674819946289
7223,saint_sac,0.8258810043334961
7224,saint_sac,1.8408641815185547
7225,saint_sac,1.7260808944702148
7226,saint_sac,0.8798065185546875
7227,saint_sac,0.7281150817871094
7228,saint_sac,1.9088783264160156
7229,saint_sac,0.5438079833984375
7230,saint_sac,3.1115541458129883
7231,saint_sac,1.5799503326416016
7232,saint_sac,1.6493892669677734
7233,saint_sac,0.07144451141357422
7234,saint_sac,1.3210906982421875
7235,saint_sac,1.8878345489501953
7236,saint_sac,1.084589958190918
7237,saint_sac,1.7459783554077148
7238,saint_sac,0.7290210723876953
7239,saint_sac,2.8540897369384766
7240,saint_sac,2.2308406829833984
7241,saint_sac,0.44517040252685547
7242,saint_sac,0.23171138763427734
7243,saint_sac,1.8322248458862305
7244,saint_sac,4.86280632019043
7245,saint_sac,0.6017513275146484
7246,saint_sac,2.4373254776000977
7247,saint_sac,0.8516120910644531
7248,saint_sac,1.4927892684936523
7249,saint_sac,1.902933120727539
7250,saint_sac,0.8071174621582031
7251,saint_sac,0.36474609375
7252,saint_sac,0.9686708450317383
7253,saint_sac,1.4513740539550781
7254,saint_sac,0.9324178695678711
7255,saint_sac,3.952653408050537
7256,saint_sac,3.001030921936035
7257,saint_sac,2.6012096405029297
7258,saint_sac,2.5740785598754883
7259,saint_sac,0.4489250183105469
7260,saint_sac,4.720170974731445
7261,saint_sac,1.7395000457763672
7262,saint_sac,1.4696712493896484
7263,saint_sac,1.2510919570922852
7264,saint_sac,1.9644336700439453
7265,saint_sac,2.3661584854125977
7266,saint_sac,1.3536624908447266
7267,saint_sac,1.301213264465332
7268,saint_sac,1.2596158981323242
7269,saint_sac,1.2216176986694336
7270,saint_sac,3.41640567779541
7271,saint_sac,1.6821212768554688
7272,saint_sac,-2.1007022857666016
7273,saint_sac,2.963275909423828
7274,saint_sac,0.3147878646850586
7275,saint_sac,2.7316646575927734
7276,saint_sac,0.9630403518676758
7277,saint_sac,1.9148445129394531
7278,saint_sac,4.108912467956543
7279,saint_sac,2.3319482803344727
7280,saint_sac,0.9108266830444336
7281,saint_sac,0.6563854217529297
7282,saint_sac,5.900324821472168
7283,saint_sac,2.079051971435547
7284,saint_sac,4.1659393310546875
7285,saint_sac,1.6672019958496094
7286,saint_sac,0.29572582244873047
7287,saint_sac,2.701836585998535
7288,saint_sac,2.7872142791748047
7289,saint_sac,0.7733793258666992
7290,saint_sac,2.06925106048584
7291,saint_sac,2.8433990478515625
7292,saint_sac,3.092494010925293
7293,saint_sac,0.9993810653686523
7294,saint_sac,1.7384729385375977
7295,saint_sac,1.1713600158691406
7296,saint_sac,0.518651008605957
7297,saint_sac,1.9882478713989258
7298,saint_sac,0.033431053161621094
7299,saint_sac,3.164081573486328
7300,saint_sac,1.2947502136230469
7301,saint_sac,2.102999687194824
7302,saint_sac,2.6338539123535156
7303,saint_sac,3.4248275756835938
7304,saint_sac,0.479522705078125
7305,saint_sac,2.9265851974487305
7306,saint_sac,-0.5259609222412109
7307,saint_sac,0.1399545669555664
7308,saint_sac,3.3338966369628906
7309,saint_sac,1.6196765899658203
7310,saint_sac,0.34009552001953125
7311,saint_sac,3.9142351150512695
7312,saint_sac,1.7558269500732422
7313,saint_sac,2.1207504272460938
7314,saint_sac,2.081049919128418
7315,saint_sac,1.9610404968261719
7316,saint_sac,2.4062509536743164
7317,saint_sac,1.1424999237060547
7318,saint_sac,2.207198143005371
7319,saint_sac,3.068927764892578
7320,saint_sac,3.179873466491699
7321,saint_sac,7.273414611816406
7322,saint_sac,3.8102636337280273
7323,saint_sac,2.322943687438965
7324,saint_sac,1.7565927505493164
7325,saint_sac,3.5803298950195312
7326,saint_sac,1.3966560363769531
7327,saint_sac,0.0038309097290039062
7328,saint_sac,3.9526844024658203
7329,saint_sac,0.1768636703491211
7330,saint_sac,1.2083702087402344
7331,saint_sac,0.5462808609008789
7332,saint_sac,2.3596534729003906
7333,saint_sac,0.9886407852172852
7334,saint_sac,1.9793930053710938
7335,saint_sac,2.264946937561035
7336,saint_sac,1.0910167694091797
7337,saint_sac,0.7943792343139648
7338,saint_sac,1.151076316833496
7339,saint_sac,2.0183353424072266
7340,saint_sac,1.2946491241455078
7341,saint_sac,2.382596969604492
7342,saint_sac,2.0848331451416016
7343,saint_sac,-0.13816452026367188
7344,saint_sac,6.668023109436035
7345,saint_sac,-0.43785858154296875
7346,saint_sac,0.9195280075073242
7347,saint_sac,0.29099464416503906
7348,saint_sac,3.255216598510742
7349,saint_sac,2.3464012145996094
7350,saint_sac,2.272189140319824
7351,saint_sac,1.3877391815185547
7352,saint_sac,0.008305549621582031
7353,saint_sac,4.939607620239258
7354,saint_sac,3.6008481979370117
7355,saint_sac,2.9058685302734375
7356,saint_sac,1.3779630661010742
7357,saint_sac,2.183368682861328
7358,saint_sac,0.8787498474121094
7359,saint_sac,1.9497718811035156
7360,saint_sac,3.592782974243164
7361,saint_sac,4.78602409362793
7362,saint_sac,0.6199016571044922
7363,saint_sac,3.079512596130371
7364,saint_sac,0.7722005844116211
7365,saint_sac,4.085732460021973
7366,saint_sac,3.871617317199707
7367,saint_sac,1.141617774963379
7368,saint_sac,4.948927402496338
7369,saint_sac,-0.14688873291015625
7370,saint_sac,4.238441467285156
7371,saint_sac,1.69122314453125
7372,saint_sac,1.5961828231811523
7373,saint_sac,6.010906219482422
7374,saint_sac,1.5197553634643555
7375,saint_sac,3.5663280487060547
7376,saint_sac,1.228358268737793
7377,saint_sac,2.1033525466918945
7378,saint_sac,1.0945587158203125
7379,saint_sac,2.1393280029296875
7380,saint_sac,7.675895690917969
7381,saint_sac,2.9541244506835938
7382,saint_sac,1.3306922912597656
7383,saint_sac,1.8955888748168945
7384,saint_sac,5.662008285522461
7385,saint_sac,3.893296241760254
7386,saint_sac,2.165088653564453
7387,saint_sac,1.6399765014648438
7388,saint_sac,3.4414777755737305
7389,saint_sac,4.648246765136719
7390,saint_sac,2.7030467987060547
7391,saint_sac,2.2648611068725586
7392,saint_sac,0.6750011444091797
7393,saint_sac,1.9563913345336914
7394,saint_sac,3.8034534454345703
7395,saint_sac,1.3483514785766602
7396,saint_sac,3.2759504318237305
7397,saint_sac,1.071223258972168
7398,saint_sac,0.709381103515625
7399,saint_sac,2.18772029876709
7400,saint_sac,0.8543834686279297
7401,saint_sac,2.6800413131713867
7402,saint_sac,0.7498979568481445
7403,saint_sac,0.5095081329345703
7404,saint_sac,4.506106376647949
7405,saint_sac,1.349604606628418
7406,saint_sac,2.6737403869628906
7407,saint_sac,3.8219871520996094
7408,saint_sac,0.8780946731567383
7409,saint_sac,3.3313827514648438
7410,saint_sac,1.8098506927490234
7411,saint_sac,4.462271690368652
7412,saint_sac,6.561460494995117
7413,saint_sac,1.2462491989135742
7414,saint_sac,2.017361640930176
7415,saint_sac,0.7685880661010742
7416,saint_sac,0.38360023498535156
7417,saint_sac,1.6655807495117188
7418,saint_sac,4.847558975219727
7419,saint_sac,3.754645347595215
7420,saint_sac,4.100757598876953
7421,saint_sac,2.389246940612793
7422,saint_sac,0.8098115921020508
7423,saint_sac,2.9244327545166016
7424,saint_sac,3.343661308288574
7425,saint_sac,6.150094032287598
7426,saint_sac,0.6377429962158203
7427,saint_sac,1.231332778930664
7428,saint_sac,3.7254743576049805
7429,saint_sac,-0.6689748764038086
7430,saint_sac,1.2592239379882812
7431,saint_sac,1.3222150802612305
7432,saint_sac,1.9400148391723633
7433,saint_sac,5.2152099609375
7434,saint_sac,3.2170257568359375
7435,saint_sac,2.2068252563476562
7436,saint_sac,2.026272773742676
7437,saint_sac,2.3652400970458984
7438,saint_sac,-0.31023073196411133
7439,saint_sac,1.2969779968261719
7440,saint_sac,0.5827865600585938
7441,saint_sac,1.2603960037231445
7442,saint_sac,1.4472360610961914
7443,saint_sac,1.6538305282592773
7444,saint_sac,2.3869800567626953
7445,saint_sac,1.1225738525390625
7446,saint_sac,2.1429529190063477
7447,saint_sac,1.1138811111450195
7448,saint_sac,0.5971517562866211
7449,saint_sac,1.4773330688476562
7450,saint_sac,2.4431657791137695
7451,saint_sac,1.9806289672851562
7452,saint_sac,1.0281791687011719
7453,saint_sac,4.166825294494629
7454,saint_sac,2.245830535888672
7455,saint_sac,5.701534271240234
7456,saint_sac,1.9585847854614258
7457,saint_sac,3.2689781188964844
7458,saint_sac,2.297821044921875
7459,saint_sac,1.0838069915771484
7460,saint_sac,2.9504165649414062
7461,saint_sac,3.9217405319213867
7462,saint_sac,4.370119094848633
7463,saint_sac,3.2777090072631836
7464,saint_sac,1.0138816833496094
7465,saint_sac,3.147801399230957
7466,saint_sac,3.0510473251342773
7467,saint_sac,2.1189212799072266
7468,saint_sac,1.3805351257324219
7469,saint_sac,6.1719970703125
7470,saint_sac,3.3161239624023438
7471,saint_sac,-0.9009170532226562
7472,saint_sac,3.5246267318725586
7473,saint_sac,4.678377151489258
7474,saint_sac,4.8912577629089355
7475,saint_sac,1.290658950805664
7476,saint_sac,-1.200601577758789
7477,saint_sac,2.4069900512695312
7478,saint_sac,1.278818130493164
7479,saint_sac,2.151932716369629
7480,saint_sac,3.3028650283813477
7481,saint_sac,0.793548583984375
7482,saint_sac,2.245692253112793
7483,saint_sac,2.318911552429199
7484,saint_sac,0.6294097900390625
7485,saint_sac,2.526853561401367
7486,saint_sac,1.7679052352905273
7487,saint_sac,8.068806648254395
7488,saint_sac,1.9479284286499023
7489,saint_sac,-0.3570423126220703
7490,saint_sac,0.9581365585327148
7491,saint_sac,2.773958206176758
7492,saint_sac,1.9994125366210938
7493,saint_sac,0.516209602355957
7494,saint_sac,2.4137630462646484
7495,saint_sac,2.35498046875
7496,saint_sac,1.4431133270263672
7497,saint_sac,0.3625202178955078
7498,saint_sac,1.6537237167358398
7499,saint_sac,1.6862010955810547
7500,saint_sac,0.8805103302001953
7501,saint_sac,2.3305416107177734
7502,saint_sac,2.7229366302490234
7503,saint_sac,1.109238624572754
7504,saint_sac,3.995457649230957
7505,saint_sac,2.7778186798095703
7506,saint_sac,4.71849250793457
7507,saint_sac,1.5046701431274414
7508,saint_sac,0.6697263717651367
7509,saint_sac,-0.39240169525146484
7510,saint_sac,6.833920478820801
7511,saint_sac,3.372262954711914
7512,saint_sac,4.176464557647705
7513,saint_sac,5.44770622253418
7514,saint_sac,5.095337390899658
7515,saint_sac,2.977611541748047
7516,saint_sac,2.0346412658691406
7517,saint_sac,1.6839370727539062
7518,saint_sac,5.551076889038086
7519,saint_sac,1.7627897262573242
7520,saint_sac,2.5895509719848633
7521,saint_sac,2.523921012878418
7522,saint_sac,0.39895153045654297
7523,saint_sac,0.6102809906005859
7524,saint_sac,1.5357370376586914
7525,saint_sac,1.5811796188354492
7526,saint_sac,0.5290098190307617
7527,saint_sac,2.2191038131713867
7528,saint_sac,1.8091545104980469
7529,saint_sac,4.952909469604492
7530,saint_sac,1.4914369583129883
7531,saint_sac,2.0933399200439453
7532,saint_sac,1.5641260147094727
7533,saint_sac,0.6471538543701172
7534,saint_sac,2.1047658920288086
7535,saint_sac,1.5303926467895508
7536,saint_sac,0.058211326599121094
7537,saint_sac,2.7880916595458984
7538,saint_sac,3.2361268997192383
7539,saint_sac,2.5011911392211914
7540,saint_sac,1.4702415466308594
7541,saint_sac,3.390310287475586
7542,saint_sac,1.1600561141967773
7543,saint_sac,-0.25596046447753906
7544,saint_sac,2.180905342102051
7545,saint_sac,2.373455047607422
7546,saint_sac,0.5730419158935547
7547,saint_sac,0.012567520141601562
7548,saint_sac,0.10757064819335938
7549,saint_sac,0.9158115386962891
7550,saint_sac,2.2383193969726562
7551,saint_sac,2.667999267578125
7552,saint_sac,4.340829849243164
7553,saint_sac,3.42360782623291
7554,saint_sac,0.27997303009033203
7555,saint_sac,1.4557552337646484
7556,saint_sac,6.474455833435059
7557,saint_sac,0.6283836364746094
7558,saint_sac,0.7034883499145508
7559,saint_sac,0.6628122329711914
7560,saint_sac,3.877582550048828
7561,saint_sac,3.127643585205078
7562,saint_sac,-0.6711864471435547
7563,saint_sac,0.02589702606201172
7564,saint_sac,1.4457969665527344
7565,saint_sac,0.17779541015625
7566,saint_sac,1.0582752227783203
7567,saint_sac,4.038389205932617
7568,saint_sac,1.0027170181274414
7569,saint_sac,4.838443279266357
7570,saint_sac,3.391629219055176
7571,saint_sac,6.418703079223633
7572,saint_sac,3.9726219177246094
7573,saint_sac,0.22768783569335938
7574,saint_sac,2.1803150177001953
7575,saint_sac,4.310799598693848
7576,saint_sac,2.9677600860595703
7577,saint_sac,1.0708770751953125
7578,saint_sac,1.0466289520263672
7579,saint_sac,0.10170745849609375
7580,saint_sac,2.0404138565063477
7581,saint_sac,4.273365020751953
7582,saint_sac,1.1581878662109375
7583,saint_sac,2.1443395614624023
7584,saint_sac,1.1813201904296875
7585,saint_sac,-0.13994312286376953
7586,saint_sac,0.7132062911987305
7587,saint_sac,1.1223325729370117
7588,saint_sac,1.9480400085449219
7589,saint_sac,6.094827651977539
7590,saint_sac,-0.34898948669433594
7591,saint_sac,1.330399513244629
7592,saint_sac,7.904955863952637
7593,saint_sac,2.276087760925293
7594,saint_sac,2.861752510070801
7595,saint_sac,2.3589677810668945
7596,saint_sac,5.2240142822265625
7597,saint_sac,0.7911081314086914
7598,saint_sac,1.4071149826049805
7599,saint_sac,2.008211135864258
7600,saint_sac,1.2719535827636719
7601,saint_sac,1.6769514083862305
7602,saint_sac,3.073370933532715
7603,saint_sac,2.3425540924072266
7604,saint_sac,1.2612500190734863
7605,saint_sac,1.607696533203125
7606,saint_sac,3.6897106170654297
7607,saint_sac,1.612788200378418
7608,saint_sac,2.7005128860473633
7609,saint_sac,3.043478012084961
7610,saint_sac,4.0535173416137695
7611,saint_sac,4.826951026916504
7612,saint_sac,3.472675323486328
7613,saint_sac,2.0097150802612305
7614,saint_sac,2.8561220169067383
7615,saint_sac,1.7647647857666016
7616,saint_sac,6.2239532470703125
7617,saint_sac,3.92819881439209
7618,saint_sac,4.0290069580078125
7619,saint_sac,1.5532150268554688
7620,saint_sac,1.8885736465454102
7621,saint_sac,4.678230285644531
7622,saint_sac,0.5511646270751953
7623,saint_sac,1.2828245162963867
7624,saint_sac,1.1955718994140625
7625,saint_sac,1.5229921340942383
7626,saint_sac,8.922525405883789
7627,saint_sac,6.550867080688477
7628,saint_sac,1.776566505432129
7629,saint_sac,1.3400259017944336
7630,saint_sac,2.8372631072998047
7631,saint_sac,4.786796569824219
7632,saint_sac,0.9401168823242188
7633,saint_sac,1.131089210510254
7634,saint_sac,0.8719587326049805
7635,saint_sac,0.6959829330444336
7636,saint_sac,0.8240079879760742
7637,saint_sac,-0.2683734893798828
7638,saint_sac,1.6691112518310547
7639,saint_sac,0.6738748550415039
7640,saint_sac,6.851203918457031
7641,saint_sac,2.950181007385254
7642,saint_sac,1.2615394592285156
7643,saint_sac,2.1656389236450195
7644,saint_sac,1.964798927307129
7645,saint_sac,0.4409141540527344
7646,saint_sac,1.3701276779174805
7647,saint_sac,3.980501651763916
7648,saint_sac,1.7157707214355469
7649,saint_sac,3.5971508026123047
7650,saint_sac,1.2905187606811523
7651,saint_sac,0.1602163314819336
7652,saint_sac,0.6443471908569336
7653,saint_sac,4.400940895080566
7654,saint_sac,1.6559419631958008
7655,saint_sac,1.7552986145019531
7656,saint_sac,4.359685897827148
7657,saint_sac,1.8654823303222656
7658,saint_sac,3.9606990814208984
7659,saint_sac,0.4557380676269531
7660,saint_sac,1.0213966369628906
7661,saint_sac,5.97614860534668
7662,saint_sac,2.385425567626953
7663,saint_sac,1.1615118980407715
7664,saint_sac,1.6068506240844727
7665,saint_sac,1.4566106796264648
7666,saint_sac,2.408802032470703
7667,saint_sac,1.5261192321777344
7668,saint_sac,1.7314138412475586
7669,saint_sac,-0.0020475387573242188
7670,saint_sac,1.3622665405273438
7671,saint_sac,2.202260971069336
7672,saint_sac,2.6574249267578125
7673,saint_sac,1.8928718566894531
7674,saint_sac,1.8540544509887695
7675,saint_sac,2.689570426940918
7676,saint_sac,3.553900718688965
7677,saint_sac,1.63818359375
7678,saint_sac,3.6846542358398438
7679,saint_sac,3.241395950317383
7680,saint_sac,2.582002639770508
7681,saint_sac,3.776578903198242
7682,saint_sac,0.18544387817382812
7683,saint_sac,7.270513534545898
7684,saint_sac,2.3591527938842773
7685,saint_sac,0.7500057220458984
7686,saint_sac,2.0634326934814453
7687,saint_sac,1.5605506896972656
7688,saint_sac,2.2152528762817383
7689,saint_sac,2.00887393951416
7690,saint_sac,2.3771657943725586
7691,saint_sac,0.8219718933105469
7692,saint_sac,2.8528385162353516
7693,saint_sac,1.6240882873535156
7694,saint_sac,1.2924928665161133
7695,saint_sac,2.2328643798828125
7696,saint_sac,1.6521282196044922
7697,saint_sac,0.5039825439453125
7698,saint_sac,0.1956644058227539
7699,saint_sac,2.200407028198242
7700,saint_sac,1.6279430389404297
7701,saint_sac,1.1381893157958984
7702,saint_sac,2.758485794067383
7703,saint_sac,0.8429279327392578
7704,saint_sac,5.253851413726807
7705,saint_sac,4.298905849456787
7706,saint_sac,3.0354461669921875
7707,saint_sac,1.8379907608032227
7708,saint_sac,2.3403310775756836
7709,saint_sac,1.9213733673095703
7710,saint_sac,1.576486587524414
7711,saint_sac,2.6039772033691406
7712,saint_sac,1.3001937866210938
7713,saint_sac,6.21552848815918
7714,saint_sac,1.5127010345458984
7715,saint_sac,1.4326362609863281
7716,saint_sac,1.6197929382324219
7717,saint_sac,2.128917694091797
7718,saint_sac,3.2374114990234375
7719,saint_sac,1.5126934051513672
7720,saint_sac,3.24489688873291
7721,saint_sac,3.9620790481567383
7722,saint_sac,1.320744514465332
7723,saint_sac,3.927891731262207
7724,saint_sac,0.5485372543334961
7725,saint_sac,3.231076240539551
7726,saint_sac,0.6320123672485352
7727,saint_sac,2.6934852600097656
7728,saint_sac,1.7625999450683594
7729,saint_sac,1.6227741241455078
7730,saint_sac,1.633946418762207
7731,saint_sac,0.8280153274536133
7732,saint_sac,1.4775886535644531
7733,saint_sac,1.7531852722167969
7734,saint_sac,1.4240379333496094
7735,saint_sac,-0.5573253631591797
7736,saint_sac,2.0389404296875
7737,saint_sac,1.1835708618164062
7738,saint_sac,1.9433221817016602
7739,saint_sac,2.866969108581543
7740,saint_sac,1.601633071899414
7741,saint_sac,0.43430233001708984
7742,saint_sac,4.022830009460449
7743,saint_sac,2.6589298248291016
7744,saint_sac,0.6744956970214844
7745,saint_sac,3.3166065216064453
7746,saint_sac,1.7987899780273438
7747,saint_sac,1.6068344116210938
7748,saint_sac,2.7492799758911133
7749,saint_sac,0.8056869506835938
7750,saint_sac,-0.5181674957275391
7751,saint_sac,0.3529987335205078
7752,saint_sac,2.083707809448242
7753,saint_sac,2.0562915802001953
7754,saint_sac,0.5293464660644531
7755,saint_sac,7.668560028076172
7756,saint_sac,1.2595767974853516
7757,saint_sac,4.087160110473633
7758,saint_sac,3.68874454498291
7759,saint_sac,1.1976737976074219
7760,saint_sac,2.002534866333008
7761,saint_sac,4.219864845275879
7762,saint_sac,2.092733383178711
7763,saint_sac,2.526426315307617
7764,saint_sac,3.287595748901367
7765,saint_sac,0.3898162841796875
7766,saint_sac,2.471846580505371
7767,saint_sac,-0.0853414535522461
7768,saint_sac,0.8521595001220703
7769,saint_sac,-0.4054908752441406
7770,saint_sac,4.670808792114258
7771,saint_sac,1.800933837890625
7772,saint_sac,2.1357336044311523
7773,saint_sac,2.4659156799316406
7774,saint_sac,2.182368278503418
7775,saint_sac,1.7844352722167969
7776,saint_sac,1.3977575302124023
7777,saint_sac,2.4156017303466797
7778,saint_sac,1.207906723022461
7779,saint_sac,4.767953872680664
7780,saint_sac,1.3064594268798828
7781,saint_sac,0.8486871719360352
7782,saint_sac,1.1443758010864258
7783,saint_sac,6.561366081237793
7784,saint_sac,4.490728378295898
7785,saint_sac,4.422380447387695
7786,saint_sac,-0.6178960800170898
7787,saint_sac,0.9026155471801758
7788,saint_sac,4.853183746337891
7789,saint_sac,0.9229831695556641
7790,saint_sac,3.698518753051758
7791,saint_sac,0.8743705749511719
7792,saint_sac,0.4898042678833008
7793,saint_sac,1.4500141143798828
7794,saint_sac,2.170900344848633
7795,saint_sac,-0.02560901641845703
7796,saint_sac,3.936260223388672
7797,saint_sac,4.91208553314209
7798,saint_sac,2.1661863327026367
7799,saint_sac,2.1840686798095703
7800,saint_sac,0.7565135955810547
7801,saint_sac,2.331043243408203
7802,saint_sac,3.804584503173828
7803,saint_sac,4.170747756958008
7804,saint_sac,1.7463760375976562
7805,saint_sac,2.737020492553711
7806,saint_sac,1.2538509368896484
7807,saint_sac,4.68652868270874
7808,saint_sac,0.7513103485107422
7809,saint_sac,1.5623197555541992
7810,saint_sac,1.1112747192382812
7811,saint_sac,2.662778854370117
7812,saint_sac,-0.8715214729309082
7813,saint_sac,0.9185953140258789
7814,saint_sac,1.5691900253295898
7815,saint_sac,2.2845325469970703
7816,saint_sac,3.3817129135131836
7817,saint_sac,2.1722068786621094
7818,saint_sac,0.6441898345947266
7819,saint_sac,3.5356616973876953
7820,saint_sac,2.484856605529785
7821,saint_sac,0.6658878326416016
7822,saint_sac,1.0876693725585938
7823,saint_sac,4.912419319152832
7824,saint_sac,5.399529457092285
7825,saint_sac,1.6977825164794922
7826,saint_sac,2.461153030395508
7827,saint_sac,4.156479835510254
7828,saint_sac,5.422016620635986
7829,saint_sac,1.5946226119995117
7830,saint_sac,0.42791271209716797
7831,saint_sac,0.7561740875244141
7832,saint_sac,1.7026805877685547
7833,saint_sac,4.794183731079102
7834,saint_sac,2.7235584259033203
7835,saint_sac,3.9197521209716797
7836,saint_sac,3.406248092651367
7837,saint_sac,4.705949783325195
7838,saint_sac,5.219278335571289
7839,saint_sac,1.375657081604004
7840,saint_sac,0.5037031173706055
7841,saint_sac,6.491870880126953
7842,saint_sac,1.2133092880249023
7843,saint_sac,3.1411333084106445
7844,saint_sac,2.108656883239746
7845,saint_sac,1.1816139221191406
7846,saint_sac,1.5193662643432617
7847,saint_sac,0.22162818908691406
7848,saint_sac,1.5551576614379883
7849,saint_sac,6.975735664367676
7850,saint_sac,0.78021240234375
7851,saint_sac,0.8829669952392578
7852,saint_sac,2.614232063293457
7853,saint_sac,1.4501628875732422
7854,saint_sac,4.530438423156738
7855,saint_sac,2.869966506958008
7856,saint_sac,1.3051815032958984
7857,saint_sac,3.7647171020507812
7858,saint_sac,3.63132381439209
7859,saint_sac,1.8172931671142578
7860,saint_sac,0.24765586853027344
7861,saint_sac,0.1529216766357422
7862,saint_sac,2.911039352416992
7863,saint_sac,1.7994012832641602
7864,saint_sac,-0.04504203796386719
7865,saint_sac,0.5633163452148438
7866,saint_sac,1.4590559005737305
7867,saint_sac,0.6733675003051758
7868,saint_sac,-0.1589374542236328
7869,saint_sac,4.936725616455078
7870,saint_sac,2.0193586349487305
7871,saint_sac,1.1644468307495117
7872,saint_sac,5.0545854568481445
7873,saint_sac,3.0565671920776367
7874,saint_sac,0.7844343185424805
7875,saint_sac,1.433074951171875
7876,saint_sac,2.119072914123535
7877,saint_sac,2.4578943252563477
7878,saint_sac,2.343874931335449
7879,saint_sac,4.505358695983887
7880,saint_sac,0.8002443313598633
7881,saint_sac,3.5555477142333984
7882,saint_sac,1.7824935913085938
7883,saint_sac,-0.12850570678710938
7884,saint_sac,3.366400718688965
7885,saint_sac,0.5118322372436523
7886,saint_sac,0.9116306304931641
7887,saint_sac,1.4650726318359375
7888,saint_sac,1.8897571563720703
7889,saint_sac,1.5586252212524414
7890,saint_sac,1.487588882446289
7891,saint_sac,3.772538185119629
7892,saint_sac,1.6927490234375
7893,saint_sac,1.5825624465942383
7894,saint_sac,3.295246124267578
7895,saint_sac,2.1580238342285156
7896,saint_sac,0.9196243286132812
7897,saint_sac,0.44048118591308594
7898,saint_sac,5.331534385681152
7899,saint_sac,1.1145086288452148
7900,saint_sac,1.1195850372314453
7901,saint_sac,0.6132297515869141
7902,saint_sac,1.7486581802368164
7903,saint_sac,0.6965541839599609
7904,saint_sac,4.59541130065918
7905,saint_sac,2.9376440048217773
7906,saint_sac,0.7528800964355469
7907,saint_sac,1.0629138946533203
7908,saint_sac,2.3298215866088867
7909,saint_sac,1.3741827011108398
7910,saint_sac,1.4393396377563477
7911,saint_sac,2.6611690521240234
7912,saint_sac,2.4161529541015625
7913,saint_sac,6.660160064697266
7914,saint_sac,1.9770526885986328
7915,saint_sac,1.3098392486572266
7916,saint_sac,-0.3066701889038086
7917,saint_sac,-0.36165618896484375
7918,saint_sac,2.87548828125
7919,saint_sac,7.013225555419922
7920,saint_sac,1.1526193618774414
7921,saint_sac,1.5990829467773438
7922,saint_sac,0.7281169891357422
7923,saint_sac,1.6496009826660156
7924,saint_sac,2.4432106018066406
7925,saint_sac,1.7273502349853516
7926,saint_sac,0.6826057434082031
7927,saint_sac,3.360041618347168
7928,saint_sac,3.0386810302734375
7929,saint_sac,1.3564090728759766
7930,saint_sac,0.46541786193847656
7931,saint_sac,1.7984161376953125
7932,saint_sac,2.54233455657959
7933,saint_sac,2.597317695617676
7934,saint_sac,1.504608154296875
7935,saint_sac,4.429886817932129
7936,saint_sac,0.8728733062744141
7937,saint_sac,0.6339797973632812
7938,saint_sac,1.336989402770996
7939,saint_sac,3.0775232315063477
7940,saint_sac,3.755955696105957
7941,saint_sac,3.013774871826172
7942,saint_sac,2.1991519927978516
7943,saint_sac,-0.14960765838623047
7944,saint_sac,1.596268653869629
7945,saint_sac,1.241811752319336
7946,saint_sac,3.857779026031494
7947,saint_sac,3.39273738861084
7948,saint_sac,1.4557342529296875
7949,saint_sac,2.8011770248413086
7950,saint_sac,3.9773073196411133
7951,saint_sac,3.0161523818969727
7952,saint_sac,0.8950986862182617
7953,saint_sac,1.928030014038086
7954,saint_sac,5.351158142089844
7955,saint_sac,4.903362274169922
7956,saint_sac,1.150843620300293
7957,saint_sac,1.3033552169799805
7958,saint_sac,1.5086402893066406
7959,saint_sac,4.803072929382324
7960,saint_sac,0.8893518447875977
7961,saint_sac,3.4628772735595703
7962,saint_sac,0.9456367492675781
7963,saint_sac,0.9443893432617188
7964,saint_sac,1.8065032958984375
7965,saint_sac,1.0302600860595703
7966,saint_sac,3.0618505477905273
7967,saint_sac,0.3365793228149414
7968,saint_sac,-0.6023073196411133
7969,saint_sac,2.6257266998291016
7970,saint_sac,1.2127342224121094
7971,saint_sac,4.584585189819336
7972,saint_sac,0.6006355285644531
7973,saint_sac,1.6471061706542969
7974,saint_sac,4.3973388671875
7975,saint_sac,1.241551399230957
7976,saint_sac,2.612150192260742
7977,saint_sac,1.5179767608642578
7978,saint_sac,1.6415081024169922
7979,saint_sac,-0.179931640625
7980,saint_sac,5.03201961517334
7981,saint_sac,0.9368715286254883
7982,saint_sac,3.332681655883789
7983,saint_sac,0.297149658203125
7984,saint_sac,1.2771673202514648
7985,saint_sac,1.1208887100219727
7986,saint_sac,1.1639766693115234
7987,saint_sac,2.2519359588623047
7988,saint_sac,2.932337760925293
7989,saint_sac,1.2650842666625977
7990,saint_sac,1.6292409896850586
7991,saint_sac,2.2729873657226562
7992,saint_sac,0.7714338302612305
7993,saint_sac,1.732621192932129
7994,saint_sac,1.3101873397827148
7995,saint_sac,1.993417739868164
7996,saint_sac,5.045682907104492
7997,saint_sac,3.782482147216797
7998,saint_sac,0.07744884490966797
7999,saint_sac,2.3366775512695312
8000,saint_sac,0.7245025634765625
8001,saint_sac,2.659365653991699
8002,saint_sac,0.5063686370849609
8003,saint_sac,2.465540885925293
8004,saint_sac,1.7857246398925781
8005,saint_sac,0.7760200500488281
8006,saint_sac,1.6002264022827148
8007,saint_sac,1.0189104080200195
8008,saint_sac,-0.05405712127685547
8009,saint_sac,3.67038631439209
8010,saint_sac,0.9318609237670898
8011,saint_sac,1.4102458953857422
8012,saint_sac,0.2927513122558594
8013,saint_sac,3.0832042694091797
8014,saint_sac,0.19632339477539062
8015,saint_sac,0.9653129577636719
8016,saint_sac,2.094424247741699
8017,saint_sac,4.66182804107666
8018,saint_sac,2.7307186126708984
8019,saint_sac,1.6166715621948242
8020,saint_sac,3.5955734252929688
8021,saint_sac,1.0253067016601562
8022,saint_sac,2.592940330505371
8023,saint_sac,1.0433578491210938
8024,saint_sac,2.185392379760742
8025,saint_sac,1.5238265991210938
8026,saint_sac,3.5145320892333984
8027,saint_sac,1.4920082092285156
8028,saint_sac,1.4512062072753906
8029,saint_sac,2.243021011352539
8030,saint_sac,1.6668682098388672
8031,saint_sac,1.9253969192504883
8032,saint_sac,0.5128154754638672
8033,saint_sac,2.181281089782715
8034,saint_sac,1.9098443984985352
8035,saint_sac,2.1121082305908203
8036,saint_sac,0.40186023712158203
8037,saint_sac,3.8184614181518555
8038,saint_sac,0.30843257904052734
8039,saint_sac,1.4211549758911133
8040,saint_sac,1.421722412109375
8041,saint_sac,1.6594362258911133
8042,saint_sac,2.4338417053222656
8043,saint_sac,1.6045513153076172
8044,saint_sac,-0.31882667541503906
8045,saint_sac,1.3746976852416992
8046,saint_sac,0.9083805084228516
8047,saint_sac,1.4125909805297852
8048,saint_sac,0.9939365386962891
8049,saint_sac,2.2362260818481445
8050,saint_sac,1.0420894622802734
8051,saint_sac,1.0697059631347656
8052,saint_sac,2.6873321533203125
8053,saint_sac,0.3426685333251953
8054,saint_sac,3.3192453384399414
8055,saint_sac,0.7790317535400391
8056,saint_sac,1.0408525466918945
8057,saint_sac,1.8180465698242188
8058,saint_sac,2.477842330932617
8059,saint_sac,0.41979312896728516
8060,saint_sac,1.7537784576416016
8061,saint_sac,0.8176708221435547
8062,saint_sac,6.176657676696777
8063,saint_sac,5.129025459289551
8064,saint_sac,0.5853090286254883
8065,saint_sac,1.7916269302368164
8066,saint_sac,1.8571844100952148
8067,saint_sac,1.9120159149169922
8068,saint_sac,2.3689260482788086
8069,saint_sac,0.6586170196533203
8070,saint_sac,1.4009199142456055
8071,saint_sac,1.5570049285888672
8072,saint_sac,1.693873405456543
8073,saint_sac,5.101426124572754
8074,saint_sac,1.8626346588134766
8075,saint_sac,5.812617301940918
8076,saint_sac,5.040142059326172
8077,saint_sac,3.7769384384155273
8078,saint_sac,2.3044443130493164
8079,saint_sac,1.050363540649414
8080,saint_sac,1.4961585998535156
8081,saint_sac,4.59721565246582
8082,saint_sac,5.721823692321777
8083,saint_sac,2.5715084075927734
8084,saint_sac,0.4340496063232422
8085,saint_sac,0.3758831024169922
8086,saint_sac,1.019352912902832
8087,saint_sac,1.6415700912475586
8088,saint_sac,1.1553325653076172
8089,saint_sac,2.222630500793457
8090,saint_sac,2.0093812942504883
8091,saint_sac,3.1402082443237305
8092,saint_sac,2.2040109634399414
8093,saint_sac,0.06981754302978516
8094,saint_sac,4.301318168640137
8095,saint_sac,0.22784042358398438
8096,saint_sac,6.331856727600098
8097,saint_sac,3.5557775497436523
8098,saint_sac,0.03981590270996094
8099,saint_sac,1.994431495666504
8100,saint_sac,2.002859115600586
8101,saint_sac,1.4209671020507812
8102,saint_sac,2.3262081146240234
8103,saint_sac,1.256331443786621
8104,saint_sac,3.5413007736206055
8105,saint_sac,1.1215009689331055
8106,saint_sac,1.2916221618652344
8107,saint_sac,3.479519844055176
8108,saint_sac,1.272974967956543
8109,saint_sac,0.6881284713745117
8110,saint_sac,1.5564899444580078
8111,saint_sac,1.1484546661376953
8112,saint_sac,3.6954212188720703
8113,saint_sac,1.7442693710327148
8114,saint_sac,2.699586868286133
8115,saint_sac,2.1567182540893555
8116,saint_sac,-0.7446203231811523
8117,saint_sac,1.9931221008300781
8118,saint_sac,2.4600162506103516
8119,saint_sac,1.1679668426513672
8120,saint_sac,1.3385610580444336
8121,saint_sac,3.1860570907592773
8122,saint_sac,0.48085784912109375
8123,saint_sac,6.302394866943359
8124,saint_sac,2.548006057739258
8125,saint_sac,1.5679435729980469
8126,saint_sac,1.202193260192871
8127,saint_sac,1.2419319152832031
8128,saint_sac,1.3684625625610352
8129,saint_sac,1.2334346771240234
8130,saint_sac,1.4473018646240234
8131,saint_sac,2.849834442138672
8132,saint_sac,-0.08527660369873047
8133,saint_sac,1.5022125244140625
8134,saint_sac,0.3439598083496094
8135,saint_sac,2.3115482330322266
8136,saint_sac,4.3554887771606445
8137,saint_sac,0.8372926712036133
8138,saint_sac,2.573465347290039
8139,saint_sac,1.7561569213867188
8140,saint_sac,0.43540382385253906
8141,saint_sac,1.3296852111816406
8142,saint_sac,0.39740467071533203
8143,saint_sac,1.8130817413330078
8144,saint_sac,3.1509246826171875
8145,saint_sac,1.2273187637329102
8146,saint_sac,2.0198583602905273
8147,saint_sac,4.176801681518555
8148,saint_sac,3.3840503692626953
8149,saint_sac,3.0415525436401367
8150,saint_sac,1.6561918258666992
8151,saint_sac,4.4243974685668945
8152,saint_sac,7.86611270904541
8153,saint_sac,6.501579284667969
8154,saint_sac,3.8840694427490234
8155,saint_sac,2.1777801513671875
8156,saint_sac,2.104290008544922
8157,saint_sac,2.507965087890625
8158,saint_sac,0.7191381454467773
8159,saint_sac,3.6828298568725586
8160,saint_sac,2.472747802734375
8161,saint_sac,2.09024715423584
8162,saint_sac,0.6551885604858398
8163,saint_sac,4.243792533874512
8164,saint_sac,4.5296831130981445
8165,saint_sac,1.8088483810424805
8166,saint_sac,3.1863441467285156
8167,saint_sac,1.6604728698730469
8168,saint_sac,0.4895172119140625
8169,saint_sac,1.4053173065185547
8170,saint_sac,1.019017219543457
8171,saint_sac,1.9800434112548828
8172,saint_sac,1.672281265258789
8173,saint_sac,0.2783374786376953
8174,saint_sac,-1.0373077392578125
8175,saint_sac,1.4899377822875977
8176,saint_sac,-0.04413604736328125
8177,saint_sac,1.4290714263916016
8178,saint_sac,0.9366111755371094
8179,saint_sac,1.6991033554077148
8180,saint_sac,2.5163393020629883
8181,saint_sac,2.5525035858154297
8182,saint_sac,3.513486862182617
8183,saint_sac,0.15665817260742188
8184,saint_sac,1.0078067779541016
8185,saint_sac,0.9725008010864258
8186,saint_sac,1.064361572265625
8187,saint_sac,2.0925283432006836
8188,saint_sac,1.8708057403564453
8189,saint_sac,3.6298370361328125
8190,saint_sac,1.9735774993896484
8191,saint_sac,0.3755607604980469
8192,saint_sac,0.17611312866210938
8193,saint_sac,3.282238006591797
8194,saint_sac,2.061277389526367
8195,saint_sac,3.0221710205078125
8196,saint_sac,0.5264215469360352
8197,saint_sac,1.2635173797607422
8198,saint_sac,1.2766799926757812
8199,saint_sac,5.030689239501953
8200,saint_sac,5.36411190032959
8201,saint_sac,1.6360206604003906
8202,saint_sac,1.1515274047851562
8203,saint_sac,2.0635576248168945
8204,saint_sac,1.957322120666504
8205,saint_sac,2.96860408782959
8206,saint_sac,4.467166423797607
8207,saint_sac,2.0300159454345703
8208,saint_sac,1.506129264831543
8209,saint_sac,1.7129392623901367
8210,saint_sac,0.9749574661254883
8211,saint_sac,1.3640680313110352
8212,saint_sac,0.9696073532104492
8213,saint_sac,2.145143508911133
8214,saint_sac,2.5331459045410156
8215,saint_sac,2.640364646911621
8216,saint_sac,1.5362129211425781
8217,saint_sac,4.235658645629883
8218,saint_sac,-0.030084609985351562
8219,saint_sac,2.7378463745117188
8220,saint_sac,0.6351127624511719
8221,saint_sac,0.9388027191162109
8222,saint_sac,0.4499073028564453
8223,saint_sac,0.6337451934814453
8224,saint_sac,0.6464948654174805
8225,saint_sac,1.64501953125
8226,saint_sac,5.382142066955566
8227,saint_sac,1.5760107040405273
8228,saint_sac,1.8580074310302734
8229,saint_sac,1.798025131225586
8230,saint_sac,2.0288591384887695
8231,saint_sac,2.0455474853515625
8232,saint_sac,-0.19257164001464844
8233,saint_sac,3.3298187255859375
8234,saint_sac,0.5537271499633789
8235,saint_sac,1.5556087493896484
8236,saint_sac,6.590836524963379
8237,saint_sac,1.2994003295898438
8238,saint_sac,1.8974637985229492
8239,saint_sac,0.9965915679931641
8240,saint_sac,0.020357131958007812
8241,saint_sac,1.1135520935058594
8242,saint_sac,1.4358787536621094
8243,saint_sac,3.8744888305664062
8244,saint_sac,4.253808975219727
8245,saint_sac,1.346400260925293
8246,saint_sac,4.402421951293945
8247,saint_sac,0.22169017791748047
8248,saint_sac,3.779407501220703
8249,saint_sac,4.5430731773376465
8250,saint_sac,1.0478277206420898
8251,saint_sac,0.5236721038818359
8252,saint_sac,1.6423416137695312
8253,saint_sac,4.803398132324219
8254,saint_sac,3.5609493255615234
8255,saint_sac,2.4177303314208984
8256,saint_sac,2.4202184677124023
8257,saint_sac,2.6863183975219727
8258,saint_sac,5.744227886199951
8259,saint_sac,1.0987558364868164
8260,saint_sac,1.403005599975586
8261,saint_sac,3.704413414001465
8262,saint_sac,3.7518348693847656
8263,saint_sac,0.7952594757080078
8264,saint_sac,-0.1120157241821289
8265,saint_sac,5.10823917388916
8266,saint_sac,6.236578941345215
8267,saint_sac,2.0616540908813477
8268,saint_sac,2.652463912963867
8269,saint_sac,0.9538278579711914
8270,saint_sac,0.22646331787109375
8271,saint_sac,1.0592365264892578
8272,saint_sac,2.1215763092041016
8273,saint_sac,0.7281455993652344
8274,saint_sac,1.379990577697754
8275,saint_sac,1.6165523529052734
8276,saint_sac,2.737825393676758
8277,saint_sac,0.5074396133422852
8278,saint_sac,0.9559288024902344
8279,saint_sac,0.4366931915283203
8280,saint_sac,2.577117919921875
8281,saint_sac,2.6816415786743164
8282,saint_sac,1.004164695739746
8283,saint_sac,1.196211814880371
8284,saint_sac,2.987032890319824
8285,saint_sac,0.4638690948486328
8286,saint_sac,7.450377464294434
8287,saint_sac,1.800410270690918
8288,saint_sac,2.313995361328125
8289,saint_sac,1.1683788299560547
8290,saint_sac,1.1779289245605469
8291,saint_sac,2.379087448120117
8292,saint_sac,5.956422328948975
8293,saint_sac,2.026556968688965
8294,saint_sac,4.161942481994629
8295,saint_sac,1.110264778137207
8296,saint_sac,6.737478256225586
8297,saint_sac,1.3407716751098633
8298,saint_sac,1.1443710327148438
8299,saint_sac,0.3354320526123047
8300,saint_sac,0.12488174438476562
8301,saint_sac,1.586318016052246
8302,saint_sac,4.678861618041992
8303,saint_sac,1.3163642883300781
8304,saint_sac,4.034523963928223
8305,saint_sac,1.2541427612304688
8306,saint_sac,2.9027576446533203
8307,saint_sac,-0.5302219390869141
8308,saint_sac,0.9984846115112305
8309,saint_sac,4.5387678146362305
8310,saint_sac,4.302203178405762
8311,saint_sac,1.183633804321289
8312,saint_sac,4.325639724731445
8313,saint_sac,4.425119400024414
8314,saint_sac,0.5613746643066406
8315,saint_sac,2.2436656951904297
8316,saint_sac,4.258471488952637
8317,saint_sac,1.8816938400268555
8318,saint_sac,1.8145627975463867
8319,saint_sac,1.0951080322265625
8320,saint_sac,2.6387367248535156
8321,saint_sac,2.2987060546875
8322,saint_sac,1.3591642379760742
8323,saint_sac,0.42061901092529297
8324,saint_sac,5.3617753982543945
8325,saint_sac,4.422698974609375
8326,saint_sac,1.9864082336425781
8327,saint_sac,0.29125308990478516
8328,saint_sac,3.028451919555664
8329,saint_sac,1.5694036483764648
8330,saint_sac,2.1442461013793945
8331,saint_sac,2.675090789794922
8332,saint_sac,3.2045469284057617
8333,saint_sac,0.8201522827148438
8334,saint_sac,2.429502487182617
8335,saint_sac,1.5111427307128906
8336,saint_sac,1.655059814453125
8337,saint_sac,0.6306371688842773
8338,saint_sac,1.7754650115966797
8339,saint_sac,2.955325126647949
8340,saint_sac,1.8591489791870117
8341,saint_sac,2.556765556335449
8342,saint_sac,2.1593475341796875
8343,saint_sac,-0.8396549224853516
8344,saint_sac,1.3824729919433594
8345,saint_sac,10.853177547454834
8346,saint_sac,1.9114770889282227
8347,saint_sac,1.302058219909668
8348,saint_sac,1.8199901580810547
8349,saint_sac,1.7651262283325195
8350,saint_sac,1.537062644958496
8351,saint_sac,5.762677192687988
8352,saint_sac,0.2124042510986328
8353,saint_sac,2.4239988327026367
8354,saint_sac,1.8655967712402344
8355,saint_sac,3.115229606628418
8356,saint_sac,0.5922632217407227
8357,saint_sac,-1.0062580108642578
8358,saint_sac,4.090006351470947
8359,saint_sac,2.415511131286621
8360,saint_sac,1.3852481842041016
8361,saint_sac,2.0440025329589844
8362,saint_sac,2.2516183853149414
8363,saint_sac,-0.4785451889038086
8364,saint_sac,1.930419921875
8365,saint_sac,0.9634160995483398
8366,saint_sac,2.2355308532714844
8367,saint_sac,0.35190773010253906
8368,saint_sac,4.329212188720703
8369,saint_sac,3.2168140411376953
8370,saint_sac,2.7018518447875977
8371,saint_sac,1.3408889770507812
8372,saint_sac,1.4368972778320312
8373,saint_sac,4.032684326171875
8374,saint_sac,0.2266988754272461
8375,saint_sac,1.6811704635620117
8376,saint_sac,3.3615684509277344
8377,saint_sac,3.028951644897461
8378,saint_sac,-0.29525089263916016
8379,saint_sac,2.6358871459960938
8380,saint_sac,2.000237464904785
8381,saint_sac,1.5820198059082031
8382,saint_sac,0.8092517852783203
8383,saint_sac,7.200935363769531
8384,saint_sac,5.745278358459473
8385,saint_sac,2.311600685119629
8386,saint_sac,1.7646770477294922
8387,saint_sac,1.9618873596191406
8388,saint_sac,1.8350257873535156
8389,saint_sac,-1.1101512908935547
8390,saint_sac,1.4094667434692383
8391,saint_sac,1.1471500396728516
8392,saint_sac,2.6194610595703125
8393,saint_sac,3.3443307876586914
8394,saint_sac,1.962367057800293
8395,saint_sac,1.1809768676757812
8396,saint_sac,4.485952377319336
8397,saint_sac,-0.7192850112915039
8398,saint_sac,2.5668869018554688
8399,saint_sac,1.4498987197875977
8400,saint_sac,1.4119749069213867
8401,saint_sac,2.3306493759155273
8402,saint_sac,2.268620491027832
8403,saint_sac,0.40482139587402344
8404,saint_sac,4.361906051635742
8405,saint_sac,2.3261890411376953
8406,saint_sac,0.7241430282592773
8407,saint_sac,4.734201431274414
8408,saint_sac,6.290983200073242
8409,saint_sac,0.5284080505371094
8410,saint_sac,0.6249504089355469
8411,saint_sac,2.116837501525879
8412,saint_sac,1.4073572158813477
8413,saint_sac,0.9947700500488281
8414,saint_sac,2.186624526977539
8415,saint_sac,2.599254608154297
8416,saint_sac,0.9447574615478516
8417,saint_sac,3.4115562438964844
8418,saint_sac,3.381972312927246
8419,saint_sac,1.8913564682006836
8420,saint_sac,1.97174072265625
8421,saint_sac,5.947296142578125
8422,saint_sac,1.3664989471435547
8423,saint_sac,0.955723762512207
8424,saint_sac,2.1205387115478516
8425,saint_sac,1.5223274230957031
8426,saint_sac,2.4748964309692383
8427,saint_sac,4.338874816894531
8428,saint_sac,1.7437057495117188
8429,saint_sac,5.35750675201416
8430,saint_sac,0.7147979736328125
8431,saint_sac,1.7968616485595703
8432,saint_sac,1.1509323120117188
8433,saint_sac,-0.6856346130371094
8434,saint_sac,1.800187110900879
8435,saint_sac,2.328187942504883
8436,saint_sac,2.6122312545776367
8437,saint_sac,0.40484619140625
8438,saint_sac,1.5838308334350586
8439,saint_sac,3.399229049682617
8440,saint_sac,0.9755725860595703
8441,saint_sac,0.729273796081543
8442,saint_sac,0.33117198944091797
8443,saint_sac,1.9067163467407227
8444,saint_sac,2.1746692657470703
8445,saint_sac,1.3965873718261719
8446,saint_sac,0.3528327941894531
8447,saint_sac,1.9462814331054688
8448,saint_sac,0.18104934692382812
8449,saint_sac,0.7259912490844727
8450,saint_sac,-0.26708126068115234
8451,saint_sac,2.7277889251708984
8452,saint_sac,2.5094070434570312
8453,saint_sac,1.968973159790039
8454,saint_sac,1.1491708755493164
8455,saint_sac,1.0861597061157227
8456,saint_sac,4.203549385070801
8457,saint_sac,0.5613031387329102
8458,saint_sac,0.3940896987915039
8459,saint_sac,0.2115497589111328
8460,saint_sac,0.26262664794921875
8461,saint_sac,0.7090845108032227
8462,saint_sac,4.311931610107422
8463,saint_sac,0.27717113494873047
8464,saint_sac,1.7444171905517578
8465,saint_sac,0.6126670837402344
8466,saint_sac,2.481008529663086
8467,saint_sac,2.7432432174682617
8468,saint_sac,4.976607322692871
8469,saint_sac,1.3365840911865234
8470,saint_sac,2.662740707397461
8471,saint_sac,1.487478256225586
8472,saint_sac,1.8848676681518555
8473,saint_sac,2.061695098876953
8474,saint_sac,0.27911853790283203
8475,saint_sac,4.841945648193359
8476,saint_sac,0.5617380142211914
8477,saint_sac,0.9064722061157227
8478,saint_sac,3.1264209747314453
8479,saint_sac,1.6821155548095703
8480,saint_sac,0.5503501892089844
8481,saint_sac,2.3284878730773926
8482,saint_sac,1.9024734497070312
8483,saint_sac,0.46992015838623047
8484,saint_sac,1.7369709014892578
8485,saint_sac,3.503660202026367
8486,saint_sac,0.14419078826904297
8487,saint_sac,2.1190309524536133
8488,saint_sac,4.735927581787109
8489,saint_sac,0.6482744216918945
8490,saint_sac,2.4003095626831055
8491,saint_sac,-0.08168983459472656
8492,saint_sac,0.11458587646484375
8493,saint_sac,4.228013038635254
8494,saint_sac,2.4426984786987305
8495,saint_sac,0.6205854415893555
8496,saint_sac,1.3311653137207031
8497,saint_sac,5.15446662902832
8498,saint_sac,-1.2058792114257812
8499,saint_sac,2.0510759353637695
8500,saint_sac,-0.020799636840820312
8501,saint_sac,1.4171810150146484
8502,saint_sac,5.796943664550781
8503,saint_sac,1.10650634765625
8504,saint_sac,1.123331069946289
8505,saint_sac,2.015544891357422
8506,saint_sac,1.228196144104004
8507,saint_sac,1.4611024856567383
8508,saint_sac,1.0484809875488281
8509,saint_sac,2.3472671508789062
8510,saint_sac,5.529832363128662
8511,saint_sac,2.061638832092285
8512,saint_sac,1.3398494720458984
8513,saint_sac,2.3723716735839844
8514,saint_sac,4.968147277832031
8515,saint_sac,1.7532691955566406
8516,saint_sac,0.9250850677490234
8517,saint_sac,1.566361427307129
8518,saint_sac,1.7333240509033203
8519,saint_sac,1.0517921447753906
8520,saint_sac,0.9361438751220703
8521,saint_sac,4.336134910583496
8522,saint_sac,2.2055864334106445
8523,saint_sac,3.7799034118652344
8524,saint_sac,2.1432723999023438
8525,saint_sac,3.2420759201049805
8526,saint_sac,1.2777538299560547
8527,saint_sac,2.0605649948120117
8528,saint_sac,0.4731273651123047
8529,saint_sac,2.961141586303711
8530,saint_sac,3.798494338989258
8531,saint_sac,3.697772979736328
8532,saint_sac,1.3270683288574219
8533,saint_sac,0.43286895751953125
8534,saint_sac,0.36855220794677734
8535,saint_sac,1.9463434219360352
8536,saint_sac,2.2169189453125
8537,saint_sac,0.7513370513916016
8538,saint_sac,6.97230339050293
8539,saint_sac,0.3657541275024414
8540,saint_sac,-0.2891197204589844
8541,saint_sac,1.3108291625976562
8542,saint_sac,1.4320955276489258
8543,saint_sac,0.8371095657348633
8544,saint_sac,4.053863525390625
8545,saint_sac,0.7247371673583984
8546,saint_sac,1.5798120498657227
8547,saint_sac,4.851096153259277
8548,saint_sac,1.4175806045532227
8549,saint_sac,4.001550674438477
8550,saint_sac,4.662522315979004
8551,saint_sac,5.032537937164307
8552,saint_sac,0.8848333358764648
8553,saint_sac,1.9437255859375
8554,saint_sac,2.355682373046875
8555,saint_sac,1.4306373596191406
8556,saint_sac,4.150760650634766
8557,saint_sac,2.4694881439208984
8558,saint_sac,1.7275781631469727
8559,saint_sac,0.6411142349243164
8560,saint_sac,0.5929088592529297
8561,saint_sac,1.5356454849243164
8562,saint_sac,0.5083885192871094
8563,saint_sac,3.696669578552246
8564,saint_sac,3.0989904403686523
8565,saint_sac,-0.8842077255249023
8566,saint_sac,0.3794898986816406
8567,saint_sac,1.0084991455078125
8568,saint_sac,0.18574810028076172
8569,saint_sac,1.7561283111572266
8570,saint_sac,2.8309450149536133
8571,saint_sac,2.0708608627319336
8572,saint_sac,1.2302608489990234
8573,saint_sac,0.7140359878540039
8574,saint_sac,0.3200082778930664
8575,saint_sac,2.274158477783203
8576,saint_sac,3.866985321044922
8577,saint_sac,0.5514430999755859
8578,saint_sac,2.8560380935668945
8579,saint_sac,1.6472797393798828
8580,saint_sac,3.366811752319336
8581,saint_sac,-0.24701976776123047
8582,saint_sac,2.9949073791503906
8583,saint_sac,2.8411684036254883
8584,saint_sac,7.719045639038086
8585,saint_sac,1.7539081573486328
8586,saint_sac,1.2354278564453125
8587,saint_sac,4.0420732498168945
8588,saint_sac,2.438776969909668
8589,saint_sac,1.6999483108520508
8590,saint_sac,2.7211217880249023
8591,saint_sac,2.6685476303100586
8592,saint_sac,2.460324287414551
8593,saint_sac,6.12769889831543
8594,saint_sac,3.199281692504883
8595,saint_sac,0.8984317779541016
8596,saint_sac,1.8248271942138672
8597,saint_sac,5.672603607177734
8598,saint_sac,0.9808244705200195
8599,saint_sac,2.4016857147216797
8600,saint_sac,0.12326622009277344
8601,saint_sac,0.971379280090332
8602,saint_sac,2.3577632904052734
8603,saint_sac,1.9458580017089844
8604,saint_sac,1.7510652542114258
8605,saint_sac,5.891565322875977
8606,saint_sac,0.4150867462158203
8607,saint_sac,0.8342781066894531
8608,saint_sac,1.7020158767700195
8609,saint_sac,2.287677764892578
8610,saint_sac,0.6540927886962891
8611,saint_sac,1.7579498291015625
8612,saint_sac,2.9995412826538086
8613,saint_sac,1.517242431640625
8614,saint_sac,4.897507667541504
8615,saint_sac,0.7987298965454102
8616,saint_sac,3.1764001846313477
8617,saint_sac,1.248779296875
8618,saint_sac,3.0623416900634766
8619,saint_sac,1.4629888534545898
8620,saint_sac,4.927992820739746
8621,saint_sac,0.28875064849853516
8622,saint_sac,0.5617456436157227
8623,saint_sac,0.2779512405395508
8624,saint_sac,0.6241326332092285
8625,saint_sac,3.0586299896240234
8626,saint_sac,0.4551105499267578
8627,saint_sac,5.43989372253418
8628,saint_sac,2.0929479598999023
8629,saint_sac,-0.043747901916503906
8630,saint_sac,-0.1580982208251953
8631,saint_sac,6.406259536743164
8632,saint_sac,2.396773338317871
8633,saint_sac,5.415143966674805
8634,saint_sac,2.0626869201660156
8635,saint_sac,2.6736316680908203
8636,saint_sac,0.9910697937011719
8637,saint_sac,2.694361686706543
8638,saint_sac,1.6467857360839844
8639,saint_sac,2.169065475463867
8640,saint_sac,2.1255435943603516
8641,saint_sac,-0.11399364471435547
8642,saint_sac,1.9571905136108398
8643,saint_sac,1.4358386993408203
8644,saint_sac,3.101393699645996
8645,saint_sac,6.351367950439453
8646,saint_sac,5.232188701629639
8647,saint_sac,1.2721872329711914
8648,saint_sac,3.371990203857422
8649,saint_sac,2.547780990600586
8650,saint_sac,-0.0019397735595703125
8651,saint_sac,2.2772769927978516
8652,saint_sac,1.5256681442260742
8653,saint_sac,0.42830657958984375
8654,saint_sac,2.424715042114258
8655,saint_sac,1.4745922088623047
8656,saint_sac,1.7623958587646484
8657,saint_sac,2.660287857055664
8658,saint_sac,1.2778024673461914
8659,saint_sac,4.51693058013916
8660,saint_sac,2.8245420455932617
8661,saint_sac,0.6604595184326172
8662,saint_sac,1.926304817199707
8663,saint_sac,4.852339744567871
8664,saint_sac,0.3533782958984375
8665,saint_sac,2.597482681274414
8666,saint_sac,0.6931295394897461
8667,saint_sac,-0.29216861724853516
8668,saint_sac,1.7309932708740234
8669,saint_sac,-0.09498310089111328
8670,saint_sac,2.621121406555176
8671,saint_sac,0.7873296737670898
8672,saint_sac,6.16029167175293
8673,saint_sac,3.880584716796875
8674,saint_sac,1.8588066101074219
8675,saint_sac,1.95123291015625
8676,saint_sac,1.9672918319702148
8677,saint_sac,3.8347930908203125
8678,saint_sac,3.6734180450439453
8679,saint_sac,1.882730484008789
8680,saint_sac,1.2031192779541016
8681,saint_sac,6.011716842651367
8682,saint_sac,1.9601678848266602
8683,saint_sac,4.028468132019043
8684,saint_sac,4.508378982543945
8685,saint_sac,4.963123321533203
8686,saint_sac,1.959712028503418
8687,saint_sac,2.5716371536254883
8688,saint_sac,5.244433403015137
8689,saint_sac,2.0690994262695312
8690,saint_sac,4.364992141723633
8691,saint_sac,5.137561798095703
8692,saint_sac,1.5150938034057617
8693,saint_sac,1.6553993225097656
8694,saint_sac,-0.18654155731201172
8695,saint_sac,3.204366683959961
8696,saint_sac,2.6236257553100586
8697,saint_sac,4.836874961853027
8698,saint_sac,0.24899768829345703
8699,saint_sac,1.5897283554077148
8700,saint_sac,4.635083198547363
8701,saint_sac,2.3226242065429688
8702,saint_sac,2.0551538467407227
8703,saint_sac,2.250185012817383
8704,saint_sac,0.701970100402832
8705,saint_sac,5.065959930419922
8706,saint_sac,2.2285337448120117
8707,saint_sac,1.7994670867919922
8708,saint_sac,6.605807304382324
8709,saint_sac,1.1884708404541016
8710,saint_sac,1.6943378448486328
8711,saint_sac,1.8644418716430664
8712,saint_sac,0.3352012634277344
8713,saint_sac,0.3552417755126953
8714,saint_sac,5.379266738891602
8715,saint_sac,1.7064180374145508
8716,saint_sac,4.032342910766602
8717,saint_sac,3.8575429916381836
8718,saint_sac,3.901700019836426
8719,saint_sac,1.274587631225586
8720,saint_sac,0.3258800506591797
8721,saint_sac,4.419760704040527
8722,saint_sac,3.926079750061035
8723,saint_sac,1.0998077392578125
8724,saint_sac,1.7967376708984375
8725,saint_sac,2.076028823852539
8726,saint_sac,1.6932554244995117
8727,saint_sac,6.311527252197266
8728,saint_sac,0.8170461654663086
8729,saint_sac,4.773663520812988
8730,saint_sac,2.880263328552246
8731,saint_sac,4.547426223754883
8732,saint_sac,3.145641326904297
8733,saint_sac,0.24489402770996094
8734,saint_sac,0.7534523010253906
8735,saint_sac,0.5965099334716797
8736,saint_sac,1.781148910522461
8737,saint_sac,0.7728271484375
8738,saint_sac,3.8277206420898438
8739,saint_sac,3.376382827758789
8740,saint_sac,2.781675338745117
8741,saint_sac,0.8963193893432617
8742,saint_sac,2.352410316467285
8743,saint_sac,1.9324369430541992
8744,saint_sac,4.223392486572266
8745,saint_sac,1.3668737411499023
8746,saint_sac,1.9813175201416016
8747,saint_sac,1.1871585845947266
8748,saint_sac,1.3190622329711914
8749,saint_sac,2.2104148864746094
8750,saint_sac,3.4243669509887695
8751,saint_sac,0.8005027770996094
8752,saint_sac,1.9093589782714844
8753,saint_sac,1.9531641006469727
8754,saint_sac,0.06223297119140625
8755,saint_sac,1.3709020614624023
8756,saint_sac,4.517804145812988
8757,saint_sac,2.9648447036743164
8758,saint_sac,5.123141288757324
8759,saint_sac,9.160478591918945
8760,saint_sac,1.6201553344726562
8761,saint_sac,0.22455406188964844
8762,saint_sac,4.35832405090332
8763,saint_sac,1.4341964721679688
8764,saint_sac,3.801328659057617
8765,saint_sac,1.4184389114379883
8766,saint_sac,0.8369665145874023
8767,saint_sac,6.731771469116211
8768,saint_sac,3.306180953979492
8769,saint_sac,0.8999662399291992
8770,saint_sac,3.0009918212890625
8771,saint_sac,4.7457075119018555
8772,saint_sac,2.8467493057250977
8773,saint_sac,2.4495954513549805
8774,saint_sac,1.9014129638671875
8775,saint_sac,0.28373241424560547
8776,saint_sac,2.152088165283203
8777,saint_sac,0.7536487579345703
8778,saint_sac,0.930781364440918
8779,saint_sac,1.5345468521118164
8780,saint_sac,1.2751274108886719
8781,saint_sac,0.9774560928344727
8782,saint_sac,0.6485843658447266
8783,saint_sac,2.6263179779052734
8784,saint_sac,3.064324378967285
8785,saint_sac,2.083505630493164
8786,saint_sac,4.252996444702148
8787,saint_sac,1.0963315963745117
8788,saint_sac,1.4915027618408203
8789,saint_sac,2.5315284729003906
8790,saint_sac,0.4380970001220703
8791,saint_sac,1.1326398849487305
8792,saint_sac,4.9898576736450195
8793,saint_sac,1.011824607849121
8794,saint_sac,1.9735107421875
8795,saint_sac,1.1387481689453125
8796,saint_sac,5.408638000488281
8797,saint_sac,1.7370319366455078
8798,saint_sac,0.43912601470947266
8799,saint_sac,1.7759943008422852
8800,saint_sac,0.8300790786743164
8801,saint_sac,0.34341907501220703
8802,saint_sac,0.9074935913085938
8803,saint_sac,1.7831554412841797
8804,saint_sac,2.7216835021972656
8805,saint_sac,1.4820423126220703
8806,saint_sac,1.8537664413452148
8807,saint_sac,0.9759531021118164
8808,saint_sac,0.4729785919189453
8809,saint_sac,2.116885185241699
8810,saint_sac,1.6935453414916992
8811,saint_sac,1.8105535507202148
8812,saint_sac,4.344688415527344
8813,saint_sac,1.522536277770996
8814,saint_sac,1.3956613540649414
8815,saint_sac,1.3100700378417969
8816,saint_sac,4.704807281494141
8817,saint_sac,3.86617374420166
8818,saint_sac,2.8370227813720703
8819,saint_sac,0.09920978546142578
8820,saint_sac,2.53189754486084
8821,saint_sac,0.6184396743774414
8822,saint_sac,1.814793586730957
8823,saint_sac,1.4433307647705078
8824,saint_sac,0.6504507064819336
8825,saint_sac,1.174142837524414
8826,saint_sac,1.448073387145996
8827,saint_sac,2.75638484954834
8828,saint_sac,1.7359752655029297
8829,saint_sac,2.017019271850586
8830,saint_sac,3.2704415321350098
8831,saint_sac,0.9568271636962891
8832,saint_sac,1.7745161056518555
8833,saint_sac,1.8480558395385742
8834,saint_sac,1.5275859832763672
8835,saint_sac,1.2858314514160156
8836,saint_sac,0.7169027328491211
8837,saint_sac,1.6359539031982422
8838,saint_sac,0.44022464752197266
8839,saint_sac,1.8562440872192383
8840,saint_sac,2.2660961151123047
8841,saint_sac,2.1968183517456055
8842,saint_sac,3.69851016998291
8843,saint_sac,5.1170854568481445
8844,saint_sac,1.4144010543823242
8845,saint_sac,1.6526246070861816
8846,saint_sac,2.1617441177368164
8847,saint_sac,0.02240753173828125
8848,saint_sac,1.8864221572875977
8849,saint_sac,2.0111026763916016
8850,saint_sac,2.441880226135254
8851,saint_sac,4.232109069824219
8852,saint_sac,2.701261520385742
8853,saint_sac,7.862195014953613
8854,saint_sac,2.4072418212890625
8855,saint_sac,1.0948553085327148
8856,saint_sac,1.1346244812011719
8857,saint_sac,1.3142642974853516
8858,saint_sac,1.383244514465332
8859,saint_sac,1.5448112487792969
8860,saint_sac,1.1585397720336914
8861,saint_sac,0.48920631408691406
8862,saint_sac,1.521768569946289
8863,saint_sac,3.278850555419922
8864,saint_sac,3.444852828979492
8865,saint_sac,3.7953147888183594
8866,saint_sac,1.3092546463012695
8867,saint_sac,0.9827184677124023
8868,saint_sac,3.7131776809692383
8869,saint_sac,3.7861948013305664
8870,saint_sac,0.47408294677734375
8871,saint_sac,2.1235570907592773
8872,saint_sac,2.8619461059570312
8873,saint_sac,0.7485485076904297
8874,saint_sac,1.2342262268066406
8875,saint_sac,0.04853534698486328
8876,saint_sac,1.65692138671875
8877,saint_sac,2.2012929916381836
8878,saint_sac,1.6189794540405273
8879,saint_sac,1.6849899291992188
8880,saint_sac,3.7017898559570312
8881,saint_sac,1.8969488143920898
8882,saint_sac,1.913248062133789
8883,saint_sac,1.3867740631103516
8884,saint_sac,4.263500213623047
8885,saint_sac,2.9863624572753906
8886,saint_sac,1.9176836013793945
8887,saint_sac,1.6906442642211914
8888,saint_sac,0.058929443359375
8889,saint_sac,1.0186710357666016
8890,saint_sac,1.2974634170532227
8891,saint_sac,-1.1998367309570312
8892,saint_sac,2.650083541870117
8893,saint_sac,4.167020797729492
8894,saint_sac,0.1681356430053711
8895,saint_sac,0.6539373397827148
8896,saint_sac,0.5205154418945312
8897,saint_sac,5.676172256469727
8898,saint_sac,2.6848955154418945
8899,saint_sac,3.3406944274902344
8900,saint_sac,1.6339092254638672
8901,saint_sac,1.4984769821166992
8902,saint_sac,1.5333852767944336
8903,saint_sac,1.275649070739746
8904,saint_sac,1.5606365203857422
8905,saint_sac,1.1625003814697266
8906,saint_sac,1.511667251586914
8907,saint_sac,1.8220462799072266
8908,saint_sac,0.48046112060546875
8909,saint_sac,1.6084632873535156
8910,saint_sac,0.32717227935791016
8911,saint_sac,1.6672382354736328
8912,saint_sac,-0.11469745635986328
8913,saint_sac,1.182734489440918
8914,saint_sac,2.330759048461914
8915,saint_sac,3.651036262512207
8916,saint_sac,4.665862083435059
8917,saint_sac,1.9767513275146484
8918,saint_sac,2.3504018783569336
8919,saint_sac,2.989185333251953
8920,saint_sac,4.282765865325928
8921,saint_sac,0.8960151672363281
8922,saint_sac,1.0994281768798828
8923,saint_sac,1.1636743545532227
8924,saint_sac,1.6417121887207031
8925,saint_sac,7.027979850769043
8926,saint_sac,7.443920135498047
8927,saint_sac,1.7644968032836914
8928,saint_sac,0.5546064376831055
8929,saint_sac,2.207592010498047
8930,saint_sac,3.009063720703125
8931,saint_sac,2.990507125854492
8932,saint_sac,2.766998291015625
8933,saint_sac,0.57281494140625
8934,saint_sac,0.6752548217773438
8935,saint_sac,1.7804069519042969
8936,saint_sac,4.948678970336914
8937,saint_sac,0.9316244125366211
8938,saint_sac,2.0965967178344727
8939,saint_sac,3.611530303955078
8940,saint_sac,0.8560686111450195
8941,saint_sac,1.1455574035644531
8942,saint_sac,1.232558250427246
8943,saint_sac,7.148107051849365
8944,saint_sac,1.617232322692871
8945,saint_sac,0.7056026458740234
8946,saint_sac,1.2924919128417969
8947,saint_sac,0.5455121994018555
8948,saint_sac,6.442736625671387
8949,saint_sac,2.1283187866210938
8950,saint_sac,1.9488401412963867
8951,saint_sac,2.615738868713379
8952,saint_sac,5.85908317565918
8953,saint_sac,1.0662651062011719
8954,saint_sac,2.922426223754883
8955,saint_sac,2.2387237548828125
8956,saint_sac,-0.034348487854003906
8957,saint_sac,1.0511798858642578
8958,saint_sac,2.258204460144043
8959,saint_sac,1.644927978515625
8960,saint_sac,0.9395151138305664
8961,saint_sac,7.047658920288086
8962,saint_sac,0.5826406478881836
8963,saint_sac,0.5591840744018555
8964,saint_sac,3.0830841064453125
8965,saint_sac,1.8686800003051758
8966,saint_sac,1.2589235305786133
8967,saint_sac,2.9555320739746094
8968,saint_sac,1.2479486465454102
8969,saint_sac,0.9307832717895508
8970,saint_sac,0.8142385482788086
8971,saint_sac,1.0618867874145508
8972,saint_sac,6.218317031860352
8973,saint_sac,2.8712692260742188
8974,saint_sac,0.5917472839355469
8975,saint_sac,3.114180564880371
8976,saint_sac,0.3536376953125
8977,saint_sac,2.844961166381836
8978,saint_sac,3.47684383392334
8979,saint_sac,2.938875198364258
8980,saint_sac,2.5184898376464844
8981,saint_sac,4.880074501037598
8982,saint_sac,0.9916467666625977
8983,saint_sac,4.283586502075195
8984,saint_sac,0.026376724243164062
8985,saint_sac,1.9424514770507812
8986,saint_sac,2.120121955871582
8987,saint_sac,0.36160755157470703
8988,saint_sac,0.6406631469726562
8989,saint_sac,1.7811460494995117
8990,saint_sac,-0.1395740509033203
8991,saint_sac,-0.9681243896484375
8992,saint_sac,-0.11218929290771484
8993,saint_sac,2.3803796768188477
8994,saint_sac,6.635745048522949
8995,saint_sac,1.3088798522949219
8996,saint_sac,1.9689655303955078
8997,saint_sac,1.1893463134765625
8998,saint_sac,0.6061029434204102
8999,saint_sac,1.9197731018066406
9000,saint_sac,3.9254837036132812
9001,saint_sac,0.3082408905029297
9002,saint_sac,1.0096874237060547
9003,saint_sac,2.868349075317383
9004,saint_sac,2.244180679321289
9005,saint_sac,1.6267223358154297
9006,saint_sac,1.0046043395996094
9007,saint_sac,1.4945096969604492
9008,saint_sac,2.223836898803711
9009,saint_sac,1.4979286193847656
9010,saint_sac,1.0390357971191406
9011,saint_sac,3.4706850051879883
9012,saint_sac,2.7161169052124023
9013,saint_sac,-1.8391857147216797
9014,saint_sac,-0.029694557189941406
9015,saint_sac,8.008543014526367
9016,saint_sac,1.8547735214233398
9017,saint_sac,1.5059633255004883
9018,saint_sac,4.520807266235352
9019,saint_sac,-0.10239124298095703
9020,saint_sac,1.8335332870483398
9021,saint_sac,0.6095209121704102
9022,saint_sac,0.3084869384765625
9023,saint_sac,4.410708427429199
9024,saint_sac,3.4208507537841797
9025,saint_sac,2.029160499572754
9026,saint_sac,3.1416759490966797
9027,saint_sac,1.5263023376464844
9028,saint_sac,0.45184898376464844
9029,saint_sac,0.6574106216430664
9030,saint_sac,4.145593643188477
9031,saint_sac,1.6083192825317383
9032,saint_sac,4.594963073730469
9033,saint_sac,0.6832590103149414
9034,saint_sac,0.8849506378173828
9035,saint_sac,-0.075592041015625
9036,saint_sac,2.456867218017578
9037,saint_sac,1.3525810241699219
9038,saint_sac,5.207751274108887
9039,saint_sac,1.128108024597168
9040,saint_sac,0.9104089736938477
9041,saint_sac,0.8744716644287109
9042,saint_sac,0.4638023376464844
9043,saint_sac,1.5161523818969727
9044,saint_sac,0.09563350677490234
9045,saint_sac,1.7376155853271484
9046,saint_sac,0.4285774230957031
9047,saint_sac,2.7818145751953125
9048,saint_sac,1.447744369506836
9049,saint_sac,4.294878005981445
9050,saint_sac,4.754967212677002
9051,saint_sac,3.7799453735351562
9052,saint_sac,4.856870651245117
9053,saint_sac,3.9746456146240234
9054,saint_sac,0.8501100540161133
9055,saint_sac,1.3524789810180664
9056,saint_sac,2.428926467895508
9057,saint_sac,1.7243976593017578
9058,saint_sac,1.3296585083007812
9059,saint_sac,0.5401811599731445
9060,saint_sac,0.7354526519775391
9061,saint_sac,2.1109743118286133
9062,saint_sac,4.611034393310547
9063,saint_sac,1.63958740234375
9064,saint_sac,0.22123050689697266
9065,saint_sac,4.829755783081055
9066,saint_sac,1.9138736724853516
9067,saint_sac,1.4927501678466797
9068,saint_sac,1.4831905364990234
9069,saint_sac,1.681966781616211
9070,saint_sac,3.3729238510131836
9071,saint_sac,0.4071054458618164
9072,saint_sac,0.34554386138916016
9073,saint_sac,3.140439987182617
9074,saint_sac,4.817516326904297
9075,saint_sac,1.3526725769042969
9076,saint_sac,2.4183311462402344
9077,saint_sac,0.8661718368530273
9078,saint_sac,1.3219709396362305
9079,saint_sac,1.3424930572509766
9080,saint_sac,1.6537561416625977
9081,saint_sac,2.424875259399414
9082,saint_sac,2.0232086181640625
9083,saint_sac,1.8214120864868164
9084,saint_sac,-0.3610095977783203
9085,saint_sac,5.088361740112305
9086,saint_sac,1.325881004333496
9087,saint_sac,0.4062519073486328
9088,saint_sac,1.0666866302490234
9089,saint_sac,2.8254613876342773
9090,saint_sac,2.7223100662231445
9091,saint_sac,1.784250259399414
9092,saint_sac,6.318133354187012
9093,saint_sac,2.274139404296875
9094,saint_sac,5.3198676109313965
9095,saint_sac,3.419961929321289
9096,saint_sac,5.0040788650512695
9097,saint_sac,3.8898239135742188
9098,saint_sac,0.8362569808959961
9099,saint_sac,1.0377569198608398
9100,saint_sac,1.4370174407958984
9101,saint_sac,1.1822032928466797
9102,saint_sac,5.851495742797852
9103,saint_sac,3.766322135925293
9104,saint_sac,4.292525291442871
9105,saint_sac,4.184350967407227
9106,saint_sac,1.2307796478271484
9107,saint_sac,1.360910415649414
9108,saint_sac,4.844334602355957
9109,saint_sac,1.9858837127685547
9110,saint_sac,3.7972898483276367
9111,saint_sac,0.7316322326660156
9112,saint_sac,2.0439538955688477
9113,saint_sac,2.782891273498535
9114,saint_sac,1.9589824676513672
9115,saint_sac,0.13257694244384766
9116,saint_sac,1.255380630493164
9117,saint_sac,1.2708377838134766
9118,saint_sac,3.308797836303711
9119,saint_sac,1.8184261322021484
9120,saint_sac,1.6146039962768555
9121,saint_sac,1.5200386047363281
9122,saint_sac,4.118215560913086
9123,saint_sac,1.1792964935302734
9124,saint_sac,4.10270881652832
9125,saint_sac,1.801004409790039
9126,saint_sac,-0.10528945922851562
9127,saint_sac,5.655839920043945
9128,saint_sac,0.19731807708740234
9129,saint_sac,5.324489593505859
9130,saint_sac,0.10267257690429688
9131,saint_sac,1.1172008514404297
9132,saint_sac,1.83599853515625
9133,saint_sac,0.8026189804077148
9134,saint_sac,2.386768341064453
9135,saint_sac,2.4902124404907227
9136,saint_sac,0.8726844787597656
9137,saint_sac,5.866387844085693
9138,saint_sac,4.4338836669921875
9139,saint_sac,4.0822601318359375
9140,saint_sac,1.6500396728515625
9141,saint_sac,0.9307079315185547
9142,saint_sac,0.5895595550537109
9143,saint_sac,0.7461376190185547
9144,saint_sac,2.227579116821289
9145,saint_sac,2.1039609909057617
9146,saint_sac,0.7389717102050781
9147,saint_sac,1.9978580474853516
9148,saint_sac,1.2208709716796875
9149,saint_sac,0.5026283264160156
9150,saint_sac,1.9027109146118164
9151,saint_sac,0.7622280120849609
9152,saint_sac,3.0904293060302734
9153,saint_sac,1.2003593444824219
9154,saint_sac,4.58879280090332
9155,saint_sac,2.697904586791992
9156,saint_sac,2.7491626739501953
9157,saint_sac,3.074007987976074
9158,saint_sac,1.24591064453125
9159,saint_sac,1.0062313079833984
9160,saint_sac,4.254887580871582
9161,saint_sac,5.215695381164551
9162,saint_sac,3.368746757507324
9163,saint_sac,1.275177001953125
9164,saint_sac,5.928622245788574
9165,saint_sac,1.1061172485351562
9166,saint_sac,1.832345962524414
9167,saint_sac,1.6178874969482422
9168,saint_sac,0.7012491226196289
9169,saint_sac,0.9619979858398438
9170,saint_sac,1.1260385513305664
9171,saint_sac,3.1001577377319336
9172,saint_sac,2.484524726867676
9173,saint_sac,1.6610231399536133
9174,saint_sac,1.618133544921875
9175,saint_sac,1.3977127075195312
9176,saint_sac,2.552474021911621
9177,saint_sac,2.5947256088256836
9178,saint_sac,0.3837594985961914
9179,saint_sac,1.1142826080322266
9180,saint_sac,0.5048971176147461
9181,saint_sac,1.2387447357177734
9182,saint_sac,-2.1309804916381836
9183,saint_sac,5.7910003662109375
9184,saint_sac,2.0425424575805664
9185,saint_sac,1.482600212097168
9186,saint_sac,3.1116104125976562
9187,saint_sac,2.954483985900879
9188,saint_sac,3.845414161682129
9189,saint_sac,0.9559421539306641
9190,saint_sac,1.3300857543945312
9191,saint_sac,-0.10490989685058594
9192,saint_sac,3.6698617935180664
9193,saint_sac,0.8759384155273438
9194,saint_sac,2.3356857299804688
9195,saint_sac,2.478814125061035
9196,saint_sac,2.653079032897949
9197,saint_sac,0.7748861312866211
9198,saint_sac,1.1673402786254883
9199,saint_sac,7.3785552978515625
9200,saint_sac,6.64012336730957
9201,saint_sac,2.4204540252685547
9202,saint_sac,-0.12228202819824219
9203,saint_sac,1.643899917602539
9204,saint_sac,1.4612064361572266
9205,saint_sac,0.11848068237304688
9206,saint_sac,1.0442018508911133
9207,saint_sac,0.9912300109863281
9208,saint_sac,-0.36942195892333984
9209,saint_sac,2.3098220825195312
9210,saint_sac,0.5436773300170898
9211,saint_sac,5.012941360473633
9212,saint_sac,1.729203224182129
9213,saint_sac,2.2346620559692383
9214,saint_sac,1.0656490325927734
9215,saint_sac,2.9309873580932617
9216,saint_sac,3.172147750854492
9217,saint_sac,0.9061450958251953
9218,saint_sac,4.357474327087402
9219,saint_sac,-0.10100936889648438
9220,saint_sac,2.1822152137756348
9221,saint_sac,2.531743049621582
9222,saint_sac,3.505216598510742
9223,saint_sac,1.9012012481689453
9224,saint_sac,1.0207042694091797
9225,saint_sac,1.1137714385986328
9226,saint_sac,2.7959327697753906
9227,saint_sac,0.35574913024902344
9228,saint_sac,3.4060707092285156
9229,saint_sac,0.7099113464355469
9230,saint_sac,2.242673873901367
9231,saint_sac,1.0322961807250977
9232,saint_sac,0.37380313873291016
9233,saint_sac,3.1008434295654297
9234,saint_sac,0.9087867736816406
9235,saint_sac,2.101363182067871
9236,saint_sac,5.259576797485352
9237,saint_sac,2.7143564224243164
9238,saint_sac,3.739193916320801
9239,saint_sac,2.8188467025756836
9240,saint_sac,2.146418571472168
9241,saint_sac,4.784348487854004
9242,saint_sac,2.197504997253418
9243,saint_sac,4.4958295822143555
9244,saint_sac,3.881978988647461
9245,saint_sac,4.84040641784668
9246,saint_sac,1.7175140380859375
9247,saint_sac,1.4623537063598633
9248,saint_sac,0.9328365325927734
9249,saint_sac,2.4154481887817383
9250,saint_sac,1.210982322692871
9251,saint_sac,1.2872228622436523
9252,saint_sac,0.6878194808959961
9253,saint_sac,1.0197067260742188
9254,saint_sac,0.14510154724121094
9255,saint_sac,2.624222755432129
9256,saint_sac,1.906820297241211
9257,saint_sac,0.7176971435546875
9258,saint_sac,2.515578269958496
9259,saint_sac,4.134733200073242
9260,saint_sac,2.4918737411499023
9261,saint_sac,0.6173639297485352
9262,saint_sac,2.073627471923828
9263,saint_sac,6.730953216552734
9264,saint_sac,2.1749839782714844
9265,saint_sac,0.8112754821777344
9266,saint_sac,0.4208498001098633
9267,saint_sac,3.370913505554199
9268,saint_sac,1.1711139678955078
9269,saint_sac,6.333139419555664
9270,saint_sac,1.8411235809326172
9271,saint_sac,3.7682790756225586
9272,saint_sac,3.912923812866211
9273,saint_sac,3.672769546508789
9274,saint_sac,-1.0843801498413086
9275,saint_sac,1.4178733825683594
9276,saint_sac,1.3006010055541992
9277,saint_sac,4.867923736572266
9278,saint_sac,1.3062772750854492
9279,saint_sac,2.0345678329467773
9280,saint_sac,2.465855598449707
9281,saint_sac,2.1495351791381836
9282,saint_sac,3.1459169387817383
9283,saint_sac,0.4510974884033203
9284,saint_sac,3.2029638290405273
9285,saint_sac,3.27651309967041
9286,saint_sac,1.6090936660766602
9287,saint_sac,1.5328521728515625
9288,saint_sac,-0.5243606567382812
9289,saint_sac,5.58341121673584
9290,saint_sac,1.944662094116211
9291,saint_sac,2.803041458129883
9292,saint_sac,0.6413383483886719
9293,saint_sac,3.2206640243530273
9294,saint_sac,0.4397239685058594
9295,saint_sac,2.2440176010131836
9296,saint_sac,1.399942398071289
9297,saint_sac,1.2621536254882812
9298,saint_sac,1.9761457443237305
9299,saint_sac,1.1876115798950195
9300,saint_sac,3.706833839416504
9301,saint_sac,1.6696033477783203
9302,saint_sac,3.192014694213867
9303,saint_sac,5.42822265625
9304,saint_sac,1.897456169128418
9305,saint_sac,3.538954734802246
9306,saint_sac,2.580474853515625
9307,saint_sac,1.933833122253418
9308,saint_sac,1.335073471069336
9309,saint_sac,4.559627532958984
9310,saint_sac,1.5082263946533203
9311,saint_sac,1.5027027130126953
9312,saint_sac,0.8147039413452148
9313,saint_sac,1.9695816040039062
9314,saint_sac,0.928624153137207
9315,saint_sac,5.450499534606934
9316,saint_sac,1.1900615692138672
9317,saint_sac,3.483865737915039
9318,saint_sac,1.73089599609375
9319,saint_sac,1.3877897262573242
9320,saint_sac,1.9784011840820312
9321,saint_sac,0.9001502990722656
9322,saint_sac,2.299271583557129
9323,saint_sac,1.5551338195800781
9324,saint_sac,3.83642578125
9325,saint_sac,1.1209640502929688
9326,saint_sac,1.0438051223754883
9327,saint_sac,1.5472288131713867
9328,saint_sac,4.929577827453613
9329,saint_sac,0.6031026840209961
9330,saint_sac,1.0771474838256836
9331,saint_sac,0.8722686767578125
9332,saint_sac,6.001309394836426
9333,saint_sac,1.433049201965332
9334,saint_sac,1.6106386184692383
9335,saint_sac,0.5629749298095703
9336,saint_sac,2.3125925064086914
9337,saint_sac,1.482243537902832
9338,saint_sac,1.5678834915161133
9339,saint_sac,-1.164358139038086
9340,saint_sac,0.5808629989624023
9341,saint_sac,2.8923559188842773
9342,saint_sac,5.193977355957031
9343,saint_sac,2.244868278503418
9344,saint_sac,5.018258094787598
9345,saint_sac,0.07494163513183594
9346,saint_sac,1.1146841049194336
9347,saint_sac,2.1357526779174805
9348,saint_sac,1.9237127304077148
9349,saint_sac,1.5641870498657227
9350,saint_sac,2.537203788757324
9351,saint_sac,0.9059686660766602
9352,saint_sac,-0.31787681579589844
9353,saint_sac,3.2720117568969727
9354,saint_sac,0.2884969711303711
9355,saint_sac,1.6306676864624023
9356,saint_sac,5.225985527038574
9357,saint_sac,3.485867500305176
9358,saint_sac,0.8391618728637695
9359,saint_sac,1.9886131286621094
9360,saint_sac,1.6297082901000977
9361,saint_sac,0.7339496612548828
9362,saint_sac,1.3423633575439453
9363,saint_sac,1.1431913375854492
9364,saint_sac,4.101051330566406
9365,saint_sac,1.3830490112304688
9366,saint_sac,1.1332578659057617
9367,saint_sac,2.8356518745422363
9368,saint_sac,3.2497987747192383
9369,saint_sac,6.34187126159668
9370,saint_sac,5.041354179382324
9371,saint_sac,6.848889350891113
9372,saint_sac,1.3392925262451172
9373,saint_sac,1.6131324768066406
9374,saint_sac,4.116352081298828
9375,saint_sac,2.424509048461914
9376,saint_sac,0.3568239212036133
9377,saint_sac,1.3709497451782227
9378,saint_sac,1.8317375183105469
9379,saint_sac,4.181761741638184
9380,saint_sac,4.172489166259766
9381,saint_sac,1.4184350967407227
9382,saint_sac,3.444413185119629
9383,saint_sac,5.602686882019043
9384,saint_sac,1.4034404754638672
9385,saint_sac,0.7704372406005859
9386,saint_sac,4.476540565490723
9387,saint_sac,0.13609790802001953
9388,saint_sac,2.665829658508301
9389,saint_sac,5.092375755310059
9390,saint_sac,5.003039360046387
9391,saint_sac,4.217744827270508
9392,saint_sac,1.4566011428833008
9393,saint_sac,0.9523353576660156
9394,saint_sac,2.391219139099121
9395,saint_sac,4.009774208068848
9396,saint_sac,5.107155799865723
9397,saint_sac,1.3162126541137695
9398,saint_sac,0.28101634979248047
9399,saint_sac,1.4280548095703125
9400,saint_sac,4.282529830932617
9401,saint_sac,-0.38587379455566406
9402,saint_sac,-0.8821620941162109
9403,saint_sac,0.12741756439208984
9404,saint_sac,3.9903736114501953
9405,saint_sac,2.1864891052246094
9406,saint_sac,0.7028036117553711
9407,saint_sac,2.1150970458984375
9408,saint_sac,3.023277759552002
9409,saint_sac,0.199798583984375
9410,saint_sac,2.777040481567383
9411,saint_sac,1.9643745422363281
9412,saint_sac,6.370343208312988
9413,saint_sac,1.498046875
9414,saint_sac,4.419794082641602
9415,saint_sac,2.185244560241699
9416,saint_sac,2.0378036499023438
9417,saint_sac,1.5279245376586914
9418,saint_sac,5.751073837280273
9419,saint_sac,1.9933032989501953
9420,saint_sac,0.4684324264526367
9421,saint_sac,1.9158096313476562
9422,saint_sac,4.759343147277832
9423,saint_sac,3.3728513717651367
9424,saint_sac,1.5760374069213867
9425,saint_sac,2.7968339920043945
9426,saint_sac,6.447929382324219
9427,saint_sac,2.320741653442383
9428,saint_sac,0.1887073516845703
9429,saint_sac,1.1456117630004883
9430,saint_sac,1.3524303436279297
9431,saint_sac,3.211376190185547
9432,saint_sac,1.4376764297485352
9433,saint_sac,2.1218528747558594
9434,saint_sac,1.5618724822998047
9435,saint_sac,0.8854808807373047
9436,saint_sac,1.8724145889282227
9437,saint_sac,0.8001813888549805
9438,saint_sac,0.8698177337646484
9439,saint_sac,-0.29270172119140625
9440,saint_sac,1.2474021911621094
9441,saint_sac,2.1111316680908203
9442,saint_sac,1.0269088745117188
9443,saint_sac,1.1294593811035156
9444,saint_sac,0.9271221160888672
9445,saint_sac,2.064929962158203
9446,saint_sac,-0.7728052139282227
9447,saint_sac,1.0219898223876953
9448,saint_sac,0.6753578186035156
9449,saint_sac,1.7569236755371094
9450,saint_sac,2.9896669387817383
9451,saint_sac,3.3010692596435547
9452,saint_sac,6.496198654174805
9453,saint_sac,4.906078338623047
9454,saint_sac,0.9685077667236328
9455,saint_sac,1.0515499114990234
9456,saint_sac,1.5811920166015625
9457,saint_sac,1.3229598999023438
9458,saint_sac,1.2930479049682617
9459,saint_sac,0.9878578186035156
9460,saint_sac,1.8328170776367188
9461,saint_sac,1.0008583068847656
9462,saint_sac,1.2819147109985352
9463,saint_sac,1.6491527557373047
9464,saint_sac,1.9455080032348633
9465,saint_sac,5.222800254821777
9466,saint_sac,1.8741188049316406
9467,saint_sac,2.886052131652832
9468,saint_sac,0.6859054565429688
9469,saint_sac,1.6399412155151367
9470,saint_sac,3.1568384170532227
9471,saint_sac,1.1329021453857422
9472,saint_sac,2.3199682235717773
9473,saint_sac,2.3605175018310547
9474,saint_sac,1.5176286697387695
9475,saint_sac,4.642768859863281
9476,saint_sac,0.2727928161621094
9477,saint_sac,3.700394630432129
9478,saint_sac,2.096729278564453
9479,saint_sac,0.8224468231201172
9480,saint_sac,1.9991674423217773
9481,saint_sac,1.9190092086791992
9482,saint_sac,4.656745910644531
9483,saint_sac,1.539902687072754
9484,saint_sac,1.9935598373413086
9485,saint_sac,1.0119590759277344
9486,saint_sac,1.4568119049072266
9487,saint_sac,2.2579145431518555
9488,saint_sac,1.3862438201904297
9489,saint_sac,0.8443889617919922
9490,saint_sac,2.083181381225586
9491,saint_sac,1.0423994064331055
9492,saint_sac,5.910972595214844
9493,saint_sac,0.8079118728637695
9494,saint_sac,2.4192256927490234
9495,saint_sac,1.2156658172607422
9496,saint_sac,0.6074895858764648
9497,saint_sac,1.2092876434326172
9498,saint_sac,2.3611135482788086
9499,saint_sac,2.106637954711914
9500,saint_sac,0.36792945861816406
9501,saint_sac,1.4358768463134766
9502,saint_sac,2.5270814895629883
9503,saint_sac,2.2433042526245117
9504,saint_sac,4.590548515319824
9505,saint_sac,4.359817028045654
9506,saint_sac,5.9949750900268555
9507,saint_sac,1.0748672485351562
9508,saint_sac,2.3197145462036133
9509,saint_sac,0.7118415832519531
9510,saint_sac,2.1721296310424805
9511,saint_sac,2.1314382553100586
9512,saint_sac,1.4181718826293945
9513,saint_sac,1.5399436950683594
9514,saint_sac,3.7948122024536133
9515,saint_sac,2.4649410247802734
9516,saint_sac,3.3745861053466797
9517,saint_sac,1.191305160522461
9518,saint_sac,3.724900245666504
9519,saint_sac,1.4263505935668945
9520,saint_sac,1.0815849304199219
9521,saint_sac,4.759858131408691
9522,saint_sac,1.5089168548583984
9523,saint_sac,1.5519094467163086
9524,saint_sac,1.8673028945922852
9525,saint_sac,1.5267019271850586
9526,saint_sac,5.617744445800781
9527,saint_sac,1.8885993957519531
9528,saint_sac,1.2869634628295898
9529,saint_sac,1.4601001739501953
9530,saint_sac,2.313596725463867
9531,saint_sac,0.3440513610839844
9532,saint_sac,4.844499588012695
9533,saint_sac,3.4203243255615234
9534,saint_sac,5.001468658447266
9535,saint_sac,1.673654556274414
9536,saint_sac,2.5882768630981445
9537,saint_sac,3.6924591064453125
9538,saint_sac,1.3576011657714844
9539,saint_sac,2.958956718444824
9540,saint_sac,2.3331384658813477
9541,saint_sac,2.281649589538574
9542,saint_sac,1.44854736328125
9543,saint_sac,1.4313173294067383
9544,saint_sac,2.1008081436157227
9545,saint_sac,2.0388593673706055
9546,saint_sac,0.8916244506835938
9547,saint_sac,1.968210220336914
9548,saint_sac,1.1580018997192383
9549,saint_sac,0.5373096466064453
9550,saint_sac,1.5985536575317383
9551,saint_sac,0.060227394104003906
9552,saint_sac,5.266020774841309
9553,saint_sac,0.253448486328125
9554,saint_sac,1.4152164459228516
9555,saint_sac,3.182523727416992
9556,saint_sac,1.1081714630126953
9557,saint_sac,2.9605960845947266
9558,saint_sac,3.6285743713378906
9559,saint_sac,0.7844934463500977
9560,saint_sac,1.9027814865112305
9561,saint_sac,2.349832534790039
9562,saint_sac,2.782407760620117
9563,saint_sac,2.3765697479248047
9564,saint_sac,1.1333608627319336
9565,saint_sac,2.1188840866088867
9566,saint_sac,0.8374958038330078
9567,saint_sac,2.908956527709961
9568,saint_sac,4.817038536071777
9569,saint_sac,1.722738265991211
9570,saint_sac,2.442744255065918
9571,saint_sac,3.281989097595215
9572,saint_sac,1.9324617385864258
9573,saint_sac,2.2622270584106445
9574,saint_sac,0.7758808135986328
9575,saint_sac,1.352987289428711
9576,saint_sac,5.983434677124023
9577,saint_sac,1.5989646911621094
9578,saint_sac,7.663631439208984
9579,saint_sac,0.6056337356567383
9580,saint_sac,1.6510257720947266
9581,saint_sac,2.7225208282470703
9582,saint_sac,1.8318958282470703
9583,saint_sac,3.4749326705932617
9584,saint_sac,1.2686042785644531
9585,saint_sac,0.8087997436523438
9586,saint_sac,2.042843818664551
9587,saint_sac,2.219928741455078
9588,saint_sac,2.0146656036376953
9589,saint_sac,2.3209428787231445
9590,saint_sac,1.1079511642456055
9591,saint_sac,2.0057201385498047
9592,saint_sac,0.7535905838012695
9593,saint_sac,3.593536376953125
9594,saint_sac,1.2726869583129883
9595,saint_sac,0.1878032684326172
9596,saint_sac,2.5093469619750977
9597,saint_sac,1.5315799713134766
9598,saint_sac,2.060169219970703
9599,saint_sac,1.021153450012207
9600,saint_sac,0.6444215774536133
9601,saint_sac,2.3572959899902344
9602,saint_sac,2.480072021484375
9603,saint_sac,3.0325326919555664
9604,saint_sac,4.748136520385742
9605,saint_sac,2.120436668395996
9606,saint_sac,1.0093631744384766
9607,saint_sac,1.9568195343017578
9608,saint_sac,3.0388097763061523
9609,saint_sac,3.471090316772461
9610,saint_sac,1.6535053253173828
9611,saint_sac,1.4316911697387695
9612,saint_sac,3.720705986022949
9613,saint_sac,3.876565933227539
9614,saint_sac,3.2111921310424805
9615,saint_sac,4.188838958740234
9616,saint_sac,3.482992172241211
9617,saint_sac,3.889841079711914
9618,saint_sac,1.7627935409545898
9619,saint_sac,1.750375747680664
9620,saint_sac,2.2650604248046875
9621,saint_sac,3.6905670166015625
9622,saint_sac,4.344701766967773
9623,saint_sac,3.1271800994873047
9624,saint_sac,2.5626296997070312
9625,saint_sac,0.8824329376220703
9626,saint_sac,3.556730270385742
9627,saint_sac,2.3379640579223633
9628,saint_sac,2.570432662963867
9629,saint_sac,3.9515771865844727
9630,saint_sac,1.5074234008789062
9631,saint_sac,0.3515615463256836
9632,saint_sac,1.711355209350586
9633,saint_sac,0.18009662628173828
9634,saint_sac,-0.9475040435791016
9635,saint_sac,0.34620094299316406
9636,saint_sac,5.400498390197754
9637,saint_sac,4.523377895355225
9638,saint_sac,0.3217620849609375
9639,saint_sac,1.2622613906860352
9640,saint_sac,1.795638084411621
9641,saint_sac,4.81640625
9642,saint_sac,0.7367229461669922
9643,saint_sac,1.284677505493164
9644,saint_sac,0.44795799255371094
9645,saint_sac,3.8989267349243164
9646,saint_sac,2.0097169876098633
9647,saint_sac,0.5202808380126953
9648,saint_sac,1.4542503356933594
9649,saint_sac,2.614569664001465
9650,saint_sac,4.302798271179199
9651,saint_sac,2.170431137084961
9652,saint_sac,2.140377998352051
9653,saint_sac,3.0650625228881836
9654,saint_sac,3.850034713745117
9655,saint_sac,1.8157119750976562
9656,saint_sac,5.526821136474609
9657,saint_sac,0.47440242767333984
9658,saint_sac,3.3619766235351562
9659,saint_sac,0.4967765808105469
9660,saint_sac,2.0512046813964844
9661,saint_sac,1.7535228729248047
9662,saint_sac,1.2299747467041016
9663,saint_sac,2.307170867919922
9664,saint_sac,1.9177923202514648
9665,saint_sac,1.625091552734375
9666,saint_sac,0.8577518463134766
9667,saint_sac,4.588788986206055
9668,saint_sac,4.810516357421875
9669,saint_sac,6.244878768920898
9670,saint_sac,1.352808952331543
9671,saint_sac,2.249073028564453
9672,saint_sac,-0.2722806930541992
9673,saint_sac,1.627699851989746
9674,saint_sac,1.699284553527832
9675,saint_sac,1.6940584182739258
9676,saint_sac,1.5624828338623047
9677,saint_sac,0.126983642578125
9678,saint_sac,0.7277011871337891
9679,saint_sac,2.1121444702148438
9680,saint_sac,0.12536907196044922
9681,saint_sac,1.5056419372558594
9682,saint_sac,3.8525657653808594
9683,saint_sac,2.8462162017822266
9684,saint_sac,1.9731426239013672
9685,saint_sac,-0.5005264282226562
9686,saint_sac,2.779221534729004
9687,saint_sac,5.837667465209961
9688,saint_sac,4.727626800537109
9689,saint_sac,1.6826839447021484
9690,saint_sac,1.2590456008911133
9691,saint_sac,1.7401800155639648
9692,saint_sac,-0.576939582824707
9693,saint_sac,3.1029958724975586
9694,saint_sac,7.638788223266602
9695,saint_sac,0.9734964370727539
9696,saint_sac,1.9872808456420898
9697,saint_sac,0.5220518112182617
9698,saint_sac,3.1747169494628906
9699,saint_sac,1.809335708618164
9700,saint_sac,3.5788230895996094
9701,saint_sac,0.9679155349731445
9702,saint_sac,4.715513229370117
9703,saint_sac,1.6567296981811523
9704,saint_sac,2.2359619140625
9705,saint_sac,-0.1219940185546875
9706,saint_sac,1.5067806243896484
9707,saint_sac,2.926486015319824
9708,saint_sac,1.2238483428955078
9709,saint_sac,1.1797046661376953
9710,saint_sac,1.9742002487182617
9711,saint_sac,1.9661836624145508
9712,saint_sac,2.275510787963867
9713,saint_sac,2.583695411682129
9714,saint_sac,4.563260078430176
9715,saint_sac,0.5168876647949219
9716,saint_sac,3.5462026596069336
9717,saint_sac,2.2496423721313477
9718,saint_sac,0.9980239868164062
9719,saint_sac,6.049718856811523
9720,saint_sac,1.6614675521850586
9721,saint_sac,6.232769012451172
9722,saint_sac,-0.7011508941650391
9723,saint_sac,0.8219995498657227
9724,saint_sac,1.1668272018432617
9725,saint_sac,4.2078962326049805
9726,saint_sac,2.239696502685547
9727,saint_sac,1.5149478912353516
9728,saint_sac,1.9880914688110352
9729,saint_sac,1.0397872924804688
9730,saint_sac,1.7883996963500977
9731,saint_sac,1.9967899322509766
9732,saint_sac,0.7204742431640625
9733,saint_sac,1.4368648529052734
9734,saint_sac,-0.5530862808227539
9735,saint_sac,0.8981609344482422
9736,saint_sac,1.9861421585083008
9737,saint_sac,3.785440444946289
9738,saint_sac,4.542360305786133
9739,saint_sac,2.0485286712646484
9740,saint_sac,0.5153007507324219
9741,saint_sac,1.4096488952636719
9742,saint_sac,3.0581178665161133
9743,saint_sac,3.624032974243164
9744,saint_sac,1.1080741882324219
9745,saint_sac,0.8383979797363281
9746,saint_sac,6.472393035888672
9747,saint_sac,1.6409826278686523
9748,saint_sac,2.0511322021484375
9749,saint_sac,5.17958402633667
9750,saint_sac,1.2357978820800781
9751,saint_sac,1.7265357971191406
9752,saint_sac,1.9068336486816406
9753,saint_sac,1.8512563705444336
9754,saint_sac,0.7521657943725586
9755,saint_sac,2.4939403533935547
9756,saint_sac,0.9833583831787109
9757,saint_sac,3.9444398880004883
9758,saint_sac,3.2873001098632812
9759,saint_sac,3.356252670288086
9760,saint_sac,4.37465763092041
9761,saint_sac,1.0985774993896484
9762,saint_sac,1.1891889572143555
9763,saint_sac,2.657790184020996
9764,saint_sac,1.5878028869628906
9765,saint_sac,2.702021598815918
9766,saint_sac,2.0091238021850586
9767,saint_sac,2.0402259826660156
9768,saint_sac,1.0888137817382812
9769,saint_sac,3.838282585144043
9770,saint_sac,0.0801239013671875
9771,saint_sac,1.3958063125610352
9772,saint_sac,2.9369993209838867
9773,saint_sac,1.3105955123901367
9774,saint_sac,2.4510498046875
9775,saint_sac,1.5187129974365234
9776,saint_sac,1.0259332656860352
9777,saint_sac,2.107071876525879
9778,saint_sac,1.1880817413330078
9779,saint_sac,1.4710283279418945
9780,saint_sac,2.6119890213012695
9781,saint_sac,3.541229248046875
9782,saint_sac,1.573007583618164
9783,saint_sac,1.4265689849853516
9784,saint_sac,0.8167848587036133
9785,saint_sac,2.0018253326416016
9786,saint_sac,0.602726936340332
9787,saint_sac,2.9009275436401367
9788,saint_sac,1.4667911529541016
9789,saint_sac,5.100743293762207
9790,saint_sac,0.7463979721069336
9791,saint_sac,1.5550909042358398
9792,saint_sac,1.0923566818237305
9793,saint_sac,0.43855857849121094
9794,saint_sac,1.6156024932861328
9795,saint_sac,-0.2347087860107422
9796,saint_sac,0.6864385604858398
9797,saint_sac,1.3502082824707031
9798,saint_sac,1.9625205993652344
9799,saint_sac,1.1494731903076172
9800,saint_sac,-0.18855857849121094
9801,saint_sac,1.748697280883789
9802,saint_sac,3.516970634460449
9803,saint_sac,1.4544439315795898
9804,saint_sac,3.8352651596069336
9805,saint_sac,7.085733413696289
9806,saint_sac,3.274688720703125
9807,saint_sac,1.5202341079711914
9808,saint_sac,4.462374687194824
9809,saint_sac,3.0350303649902344
9810,saint_sac,0.5842981338500977
9811,saint_sac,1.7872161865234375
9812,saint_sac,2.9354324340820312
9813,saint_sac,5.444667816162109
9814,saint_sac,0.6461887359619141
9815,saint_sac,2.10333251953125
9816,saint_sac,2.490964889526367
9817,saint_sac,2.3912267684936523
9818,saint_sac,6.055210113525391
9819,saint_sac,1.8509559631347656
9820,saint_sac,2.6253719329833984
9821,saint_sac,1.786940574645996
9822,saint_sac,2.5436830520629883
9823,saint_sac,-1.1051912307739258
9824,saint_sac,5.562347412109375
9825,saint_sac,3.4374122619628906
9826,saint_sac,0.9656620025634766
9827,saint_sac,2.960078239440918
9828,saint_sac,0.23856639862060547
9829,saint_sac,3.0260982513427734
9830,saint_sac,3.316420555114746
9831,saint_sac,3.9159555435180664
9832,saint_sac,0.3628835678100586
9833,saint_sac,3.956584930419922
9834,saint_sac,1.7726812362670898
9835,saint_sac,0.9942216873168945
9836,saint_sac,2.008035659790039
9837,saint_sac,1.9639387130737305
9838,saint_sac,1.0978374481201172
9839,saint_sac,0.21943283081054688
9840,saint_sac,1.9681453704833984
9841,saint_sac,2.823491096496582
9842,saint_sac,1.0062551498413086
9843,saint_sac,-0.11486339569091797
9844,saint_sac,2.872343063354492
9845,saint_sac,-0.43891143798828125
9846,saint_sac,5.275238037109375
9847,saint_sac,2.1501331329345703
9848,saint_sac,2.0351076126098633
9849,saint_sac,2.357654571533203
9850,saint_sac,3.7398738861083984
9851,saint_sac,4.415550231933594
9852,saint_sac,0.2033710479736328
9853,saint_sac,0.19448280334472656
9854,saint_sac,1.2097597122192383
9855,saint_sac,1.5880279541015625
9856,saint_sac,2.5141868591308594
9857,saint_sac,1.0605602264404297
9858,saint_sac,3.0337114334106445
9859,saint_sac,2.46240234375
9860,saint_sac,1.377303123474121
9861,saint_sac,3.0825910568237305
9862,saint_sac,1.4859123229980469
9863,saint_sac,2.0315399169921875
9864,saint_sac,2.129528045654297
9865,saint_sac,2.8034753799438477
9866,saint_sac,0.31418800354003906
9867,saint_sac,6.433863639831543
9868,saint_sac,3.279481887817383
9869,saint_sac,0.522308349609375
9870,saint_sac,1.104323387145996
9871,saint_sac,1.3886661529541016
9872,saint_sac,1.5496435165405273
9873,saint_sac,2.97613525390625
9874,saint_sac,0.31750965118408203
9875,saint_sac,0.9673070907592773
9876,saint_sac,2.380570411682129
9877,saint_sac,1.7139577865600586
9878,saint_sac,1.6921625137329102
9879,saint_sac,4.795566558837891
9880,saint_sac,2.471263885498047
9881,saint_sac,1.7719230651855469
9882,saint_sac,4.0845947265625
9883,saint_sac,2.031588554382324
9884,saint_sac,2.507783889770508
9885,saint_sac,1.1179723739624023
9886,saint_sac,1.3351354598999023
9887,saint_sac,3.8852901458740234
9888,saint_sac,1.3256902694702148
9889,saint_sac,3.010091781616211
9890,saint_sac,3.2193050384521484
9891,saint_sac,2.287816047668457
9892,saint_sac,1.6774711608886719
9893,saint_sac,0.6040725708007812
9894,saint_sac,1.6395139694213867
9895,saint_sac,1.2319469451904297
9896,saint_sac,3.9987754821777344
9897,saint_sac,1.4556522369384766
9898,saint_sac,0.5453166961669922
9899,saint_sac,3.0726871490478516
9900,saint_sac,0.6221218109130859
9901,saint_sac,3.269723892211914
9902,saint_sac,3.0012474060058594
9903,saint_sac,0.6118135452270508
9904,saint_sac,1.9121646881103516
9905,saint_sac,5.1524200439453125
9906,saint_sac,0.5523281097412109
9907,saint_sac,5.627124786376953
9908,saint_sac,2.6119394302368164
9909,saint_sac,2.157491683959961
9910,saint_sac,1.4613428115844727
9911,saint_sac,2.137923240661621
9912,saint_sac,5.4519195556640625
9913,saint_sac,3.183837413787842
9914,saint_sac,4.784942626953125
9915,saint_sac,5.97886848449707
9916,saint_sac,1.7376289367675781
9917,saint_sac,1.6381874084472656
9918,saint_sac,1.3345956802368164
9919,saint_sac,1.4221811294555664
9920,saint_sac,0.06255435943603516
9921,saint_sac,2.734865188598633
9922,saint_sac,3.9402170181274414
9923,saint_sac,1.9374055862426758
9924,saint_sac,1.8404836654663086
9925,saint_sac,1.1186695098876953
9926,saint_sac,-0.8100872039794922
9927,saint_sac,2.251741409301758
9928,saint_sac,4.476493835449219
9929,saint_sac,0.5671710968017578
9930,saint_sac,5.04862117767334
9931,saint_sac,3.475813865661621
9932,saint_sac,1.6553211212158203
9933,saint_sac,0.11919403076171875
9934,saint_sac,-0.29900074005126953
9935,saint_sac,2.9186220169067383
9936,saint_sac,1.9071359634399414
9937,saint_sac,0.12697505950927734
9938,saint_sac,2.4714584350585938
9939,saint_sac,1.9854822158813477
9940,saint_sac,1.8018608093261719
9941,saint_sac,3.2835559844970703
9942,saint_sac,5.174354553222656
9943,saint_sac,1.9806089401245117
9944,saint_sac,5.609855651855469
9945,saint_sac,5.100213050842285
9946,saint_sac,3.477811813354492
9947,saint_sac,1.9948358535766602
9948,saint_sac,2.0788726806640625
9949,saint_sac,1.8104496002197266
9950,saint_sac,4.026423454284668
9951,saint_sac,0.7395544052124023
9952,saint_sac,0.5159540176391602
9953,saint_sac,7.081671714782715
9954,saint_sac,4.40449333190918
9955,saint_sac,0.9262962341308594
9956,saint_sac,1.9689445495605469
9957,saint_sac,-0.042270660400390625
9958,saint_sac,4.460610389709473
9959,saint_sac,2.3609018325805664
9960,saint_sac,1.7344932556152344
9961,saint_sac,1.6740789413452148
9962,saint_sac,5.0504961013793945
9963,saint_sac,1.928929328918457
9964,saint_sac,1.090261459350586
9965,saint_sac,2.201991081237793
9966,saint_sac,2.427490234375
9967,saint_sac,2.213888168334961
9968,saint_sac,2.379744529724121
9969,saint_sac,2.966830253601074
9970,saint_sac,2.4143123626708984
9971,saint_sac,0.04482555389404297
9972,saint_sac,1.7567167282104492
9973,saint_sac,0.8527851104736328
9974,saint_sac,1.3554859161376953
9975,saint_sac,2.2075347900390625
9976,saint_sac,0.8009748458862305
9977,saint_sac,2.788243293762207
9978,saint_sac,4.375190734863281
9979,saint_sac,0.36649131774902344
9980,saint_sac,0.0313873291015625
9981,saint_sac,0.5706491470336914
9982,saint_sac,3.1102428436279297
9983,saint_sac,1.3983545303344727
9984,saint_sac,2.5674123764038086
9985,saint_sac,1.5828943252563477
9986,saint_sac,0.5568437576293945
9987,saint_sac,2.100961685180664
9988,saint_sac,1.802058219909668
9989,saint_sac,6.700747489929199
9990,saint_sac,2.049777030944824
9991,saint_sac,1.3096275329589844
9992,saint_sac,-0.5382289886474609
9993,saint_sac,-0.26360321044921875
9994,saint_sac,-0.34201622009277344
9995,saint_sac,1.912984848022461
9996,saint_sac,3.9897165298461914
9997,saint_sac,2.162822723388672
9998,saint_sac,1.0133132934570312
9999,saint_sac,2.562014579772949
10000,saint_sac,4.107208251953125
