episode,algo,episode_return
1,saint_dqn,-0.2569770812988281
2,saint_dqn,-3.27469539642334
3,saint_dqn,0.11474418640136719
4,saint_dqn,2.504983901977539
5,saint_dqn,-0.18555450439453125
6,saint_dqn,-1.1155023574829102
7,saint_dqn,-2.2794666290283203
8,saint_dqn,-1.340195655822754
9,saint_dqn,0.4527244567871094
10,saint_dqn,0.6126708984375
11,saint_dqn,0.9116849899291992
12,saint_dqn,0.21030807495117188
13,saint_dqn,-0.26993465423583984
14,saint_dqn,0.8856678009033203
15,saint_dqn,2.2339982986450195
16,saint_dqn,0.4323878288269043
17,saint_dqn,-1.550668716430664
18,saint_dqn,-0.6719818115234375
19,saint_dqn,0.38776683807373047
20,saint_dqn,0.4030475616455078
21,saint_dqn,0.40278148651123047
22,saint_dqn,-0.027959823608398438
23,saint_dqn,-0.039737701416015625
24,saint_dqn,0.0034914016723632812
25,saint_dqn,-0.42857933044433594
26,saint_dqn,0.20209884643554688
27,saint_dqn,-0.19678306579589844
28,saint_dqn,-0.6779680252075195
29,saint_dqn,-0.19002532958984375
30,saint_dqn,0.7304801940917969
31,saint_dqn,-0.17250442504882812
32,saint_dqn,-1.2401247024536133
33,saint_dqn,0.6453914642333984
34,saint_dqn,0.18769454956054688
35,saint_dqn,0.47031402587890625
36,saint_dqn,1.2008209228515625
37,saint_dqn,0.6834115982055664
38,saint_dqn,-0.812006950378418
39,saint_dqn,-0.37772655487060547
40,saint_dqn,-0.3624563217163086
41,saint_dqn,0.39499950408935547
42,saint_dqn,-0.38104248046875
43,saint_dqn,-0.5722188949584961
44,saint_dqn,-0.009807586669921875
45,saint_dqn,0.1416797637939453
46,saint_dqn,-0.20273399353027344
47,saint_dqn,-0.052013397216796875
48,saint_dqn,-0.5352506637573242
49,saint_dqn,-0.7555437088012695
50,saint_dqn,0.06653785705566406
51,saint_dqn,0.10904598236083984
52,saint_dqn,-0.7811393737792969
53,saint_dqn,-1.729578971862793
54,saint_dqn,0.11713027954101562
55,saint_dqn,-0.38903236389160156
56,saint_dqn,-0.6445894241333008
57,saint_dqn,1.9722442626953125
58,saint_dqn,-1.555619239807129
59,saint_dqn,0.7116594314575195
60,saint_dqn,-0.5459861755371094
61,saint_dqn,-0.2581615447998047
62,saint_dqn,0.0245361328125
63,saint_dqn,0.0115966796875
64,saint_dqn,0.3576622009277344
65,saint_dqn,0.8685216903686523
66,saint_dqn,1.1272153854370117
67,saint_dqn,0.9399576187133789
68,saint_dqn,-0.4429302215576172
69,saint_dqn,-0.3386573791503906
70,saint_dqn,-1.0897512435913086
71,saint_dqn,-0.1201009750366211
72,saint_dqn,0.7838611602783203
73,saint_dqn,0.2049884796142578
74,saint_dqn,-1.1094112396240234
75,saint_dqn,-0.45429229736328125
76,saint_dqn,0.7427616119384766
77,saint_dqn,-0.4695281982421875
78,saint_dqn,-0.8704710006713867
79,saint_dqn,-0.2008819580078125
80,saint_dqn,-0.49849510192871094
81,saint_dqn,-0.8824691772460938
82,saint_dqn,0.12110424041748047
83,saint_dqn,-0.14387130737304688
84,saint_dqn,0.03442859649658203
85,saint_dqn,0.5566558837890625
86,saint_dqn,-0.31616830825805664
87,saint_dqn,-0.2404937744140625
88,saint_dqn,0.37784767150878906
89,saint_dqn,-0.947657585144043
90,saint_dqn,0.5515842437744141
91,saint_dqn,-0.5305395126342773
92,saint_dqn,-0.049132347106933594
93,saint_dqn,1.0524864196777344
94,saint_dqn,0.16991615295410156
95,saint_dqn,0.3093299865722656
96,saint_dqn,0.013596534729003906
97,saint_dqn,-0.19099044799804688
98,saint_dqn,-0.06499958038330078
99,saint_dqn,-0.03161048889160156
100,saint_dqn,0.027364730834960938
101,saint_dqn,-1.195657730102539
102,saint_dqn,0.27476978302001953
103,saint_dqn,2.2380990982055664
104,saint_dqn,1.109156608581543
105,saint_dqn,-0.35390567779541016
106,saint_dqn,0.8433437347412109
107,saint_dqn,0.022558212280273438
108,saint_dqn,0.7411708831787109
109,saint_dqn,-1.655116081237793
110,saint_dqn,-0.02793121337890625
111,saint_dqn,0.14312076568603516
112,saint_dqn,0.9474353790283203
113,saint_dqn,0.31836891174316406
114,saint_dqn,-0.10587501525878906
115,saint_dqn,0.7579555511474609
116,saint_dqn,-0.6120700836181641
117,saint_dqn,0.42777347564697266
118,saint_dqn,0.18822479248046875
119,saint_dqn,0.20870637893676758
120,saint_dqn,0.7682256698608398
121,saint_dqn,0.16058826446533203
122,saint_dqn,-1.3980817794799805
123,saint_dqn,-0.3517799377441406
124,saint_dqn,3.126797676086426
125,saint_dqn,0.016500473022460938
126,saint_dqn,0.45015430450439453
127,saint_dqn,0.18739795684814453
128,saint_dqn,0.43186187744140625
129,saint_dqn,0.15037822723388672
130,saint_dqn,0.1867389678955078
131,saint_dqn,0.1409444808959961
132,saint_dqn,-0.08126068115234375
133,saint_dqn,-1.2266273498535156
134,saint_dqn,0.24390506744384766
135,saint_dqn,0.18831253051757812
136,saint_dqn,-0.8778200149536133
137,saint_dqn,-0.1083841323852539
138,saint_dqn,-0.3674917221069336
139,saint_dqn,-1.4980182647705078
140,saint_dqn,0.14943981170654297
141,saint_dqn,-0.09893035888671875
142,saint_dqn,-0.29804420471191406
143,saint_dqn,0.04023551940917969
144,saint_dqn,-0.4562082290649414
145,saint_dqn,-1.3912839889526367
146,saint_dqn,0.4052448272705078
147,saint_dqn,-0.15745162963867188
148,saint_dqn,1.3021564483642578
149,saint_dqn,-1.3477439880371094
150,saint_dqn,-0.8387928009033203
151,saint_dqn,0.25353050231933594
152,saint_dqn,-0.58197021484375
153,saint_dqn,0.18944549560546875
154,saint_dqn,1.0467205047607422
155,saint_dqn,-1.4282102584838867
156,saint_dqn,0.9276237487792969
157,saint_dqn,0.15740966796875
158,saint_dqn,-0.26483154296875
159,saint_dqn,0.3670921325683594
160,saint_dqn,0.3968505859375
161,saint_dqn,-0.24590778350830078
162,saint_dqn,3.300535202026367
163,saint_dqn,0.8451309204101562
164,saint_dqn,2.260923385620117
165,saint_dqn,0.5224208831787109
166,saint_dqn,-0.16614723205566406
167,saint_dqn,-0.2993602752685547
168,saint_dqn,-0.16121387481689453
169,saint_dqn,0.27924346923828125
170,saint_dqn,0.04195690155029297
171,saint_dqn,0.8445053100585938
172,saint_dqn,-0.09173011779785156
173,saint_dqn,0.09810543060302734
174,saint_dqn,-0.032288551330566406
175,saint_dqn,0.39844322204589844
176,saint_dqn,0.12364482879638672
177,saint_dqn,0.8729925155639648
178,saint_dqn,0.16548633575439453
179,saint_dqn,0.8064842224121094
180,saint_dqn,-0.08024978637695312
181,saint_dqn,-0.03687858581542969
182,saint_dqn,0.494964599609375
183,saint_dqn,-0.6197261810302734
184,saint_dqn,-0.8646936416625977
185,saint_dqn,0.6880826950073242
186,saint_dqn,-0.4003753662109375
187,saint_dqn,0.49001121520996094
188,saint_dqn,-0.30469226837158203
189,saint_dqn,1.665048599243164
190,saint_dqn,0.10460853576660156
191,saint_dqn,-1.1379213333129883
192,saint_dqn,-3.0612707138061523
193,saint_dqn,-0.38538551330566406
194,saint_dqn,3.33260440826416
195,saint_dqn,1.2514801025390625
196,saint_dqn,0.13182640075683594
197,saint_dqn,0.3964252471923828
198,saint_dqn,-1.3263206481933594
199,saint_dqn,-0.21756649017333984
200,saint_dqn,0.8760967254638672
201,saint_dqn,0.6508007049560547
202,saint_dqn,0.3675413131713867
203,saint_dqn,0.10368919372558594
204,saint_dqn,0.31884098052978516
205,saint_dqn,0.41613101959228516
206,saint_dqn,-0.6206979751586914
207,saint_dqn,-1.3347368240356445
208,saint_dqn,-0.5298995971679688
209,saint_dqn,-0.4878215789794922
210,saint_dqn,0.21395111083984375
211,saint_dqn,0.5716218948364258
212,saint_dqn,0.11217975616455078
213,saint_dqn,-0.15616703033447266
214,saint_dqn,-0.2851600646972656
215,saint_dqn,0.7595295906066895
216,saint_dqn,-2.1809072494506836
217,saint_dqn,-0.10895538330078125
218,saint_dqn,-0.08222007751464844
219,saint_dqn,-0.8257179260253906
220,saint_dqn,0.17058181762695312
221,saint_dqn,-0.5198373794555664
222,saint_dqn,-0.31771183013916016
223,saint_dqn,1.3089027404785156
224,saint_dqn,2.028675079345703
225,saint_dqn,-0.33869171142578125
226,saint_dqn,-0.0240020751953125
227,saint_dqn,2.1498470306396484
228,saint_dqn,0.07391071319580078
229,saint_dqn,0.21915054321289062
230,saint_dqn,1.1303529739379883
231,saint_dqn,1.0689420700073242
232,saint_dqn,1.0041522979736328
233,saint_dqn,-0.3614692687988281
234,saint_dqn,-0.6032352447509766
235,saint_dqn,-0.09023475646972656
236,saint_dqn,0.2246866226196289
237,saint_dqn,0.42250728607177734
238,saint_dqn,0.7578229904174805
239,saint_dqn,0.5120220184326172
240,saint_dqn,0.4709196090698242
241,saint_dqn,0.059413909912109375
242,saint_dqn,-0.8120832443237305
243,saint_dqn,0.1733417510986328
244,saint_dqn,1.3511152267456055
245,saint_dqn,0.14029216766357422
246,saint_dqn,-0.5321054458618164
247,saint_dqn,0.9494247436523438
248,saint_dqn,-0.5447297096252441
249,saint_dqn,-0.636444091796875
250,saint_dqn,-0.11082077026367188
251,saint_dqn,0.6878995895385742
252,saint_dqn,-0.11596107482910156
253,saint_dqn,0.47821521759033203
254,saint_dqn,-0.19396495819091797
255,saint_dqn,2.8206233978271484
256,saint_dqn,0.27480411529541016
257,saint_dqn,-1.3178033828735352
258,saint_dqn,0.4601173400878906
259,saint_dqn,0.17138385772705078
260,saint_dqn,0.37561511993408203
261,saint_dqn,0.1333150863647461
262,saint_dqn,0.02388286590576172
263,saint_dqn,0.16634178161621094
264,saint_dqn,1.6594820022583008
265,saint_dqn,0.08419132232666016
266,saint_dqn,-0.525721549987793
267,saint_dqn,-0.8397655487060547
268,saint_dqn,0.9521827697753906
269,saint_dqn,-0.07097911834716797
270,saint_dqn,0.007058143615722656
271,saint_dqn,0.14941978454589844
272,saint_dqn,-0.23313617706298828
273,saint_dqn,0.9179983139038086
274,saint_dqn,-0.22295284271240234
275,saint_dqn,0.6420822143554688
276,saint_dqn,0.4218177795410156
277,saint_dqn,-0.008254051208496094
278,saint_dqn,1.9509706497192383
279,saint_dqn,0.5640468597412109
280,saint_dqn,-0.8292417526245117
281,saint_dqn,1.4125556945800781
282,saint_dqn,0.17789554595947266
283,saint_dqn,0.7360210418701172
284,saint_dqn,-0.13897705078125
285,saint_dqn,0.06734752655029297
286,saint_dqn,0.1178426742553711
287,saint_dqn,0.7609071731567383
288,saint_dqn,0.2065105438232422
289,saint_dqn,0.1428689956665039
290,saint_dqn,1.1872787475585938
291,saint_dqn,-0.17355918884277344
292,saint_dqn,-0.1355886459350586
293,saint_dqn,0.035820960998535156
294,saint_dqn,-0.3778257369995117
295,saint_dqn,-0.4545927047729492
296,saint_dqn,-0.4527263641357422
297,saint_dqn,1.8245820999145508
298,saint_dqn,0.9135904312133789
299,saint_dqn,0.8105249404907227
300,saint_dqn,0.8675336837768555
301,saint_dqn,0.5034666061401367
302,saint_dqn,-0.1259145736694336
303,saint_dqn,0.841827392578125
304,saint_dqn,-0.7723960876464844
305,saint_dqn,0.43688297271728516
306,saint_dqn,-0.14215564727783203
307,saint_dqn,0.27131175994873047
308,saint_dqn,-0.1702861785888672
309,saint_dqn,0.3160285949707031
310,saint_dqn,-0.1512136459350586
311,saint_dqn,-2.303961753845215
312,saint_dqn,-0.19446802139282227
313,saint_dqn,-0.3343353271484375
314,saint_dqn,0.4929842948913574
315,saint_dqn,-0.03500175476074219
316,saint_dqn,-0.088409423828125
317,saint_dqn,1.903787612915039
318,saint_dqn,0.0360565185546875
319,saint_dqn,-0.9767379760742188
320,saint_dqn,0.2756309509277344
321,saint_dqn,0.5859508514404297
322,saint_dqn,0.7803840637207031
323,saint_dqn,0.2023763656616211
324,saint_dqn,-0.6893882751464844
325,saint_dqn,0.6502466201782227
326,saint_dqn,0.46779537200927734
327,saint_dqn,-0.6629066467285156
328,saint_dqn,0.6434259414672852
329,saint_dqn,0.5814933776855469
330,saint_dqn,0.2688007354736328
331,saint_dqn,0.4112424850463867
332,saint_dqn,0.5241775512695312
333,saint_dqn,0.8612766265869141
334,saint_dqn,0.15604209899902344
335,saint_dqn,0.16564559936523438
336,saint_dqn,-0.26361751556396484
337,saint_dqn,0.3673734664916992
338,saint_dqn,0.4012298583984375
339,saint_dqn,-0.030269622802734375
340,saint_dqn,0.39232921600341797
341,saint_dqn,0.6453094482421875
342,saint_dqn,0.03645896911621094
343,saint_dqn,0.36066532135009766
344,saint_dqn,-0.830113410949707
345,saint_dqn,0.23612022399902344
346,saint_dqn,0.8717727661132812
347,saint_dqn,0.6394805908203125
348,saint_dqn,0.11080646514892578
349,saint_dqn,1.8012752532958984
350,saint_dqn,0.32116222381591797
351,saint_dqn,0.27002429962158203
352,saint_dqn,1.3976621627807617
353,saint_dqn,1.7920866012573242
354,saint_dqn,0.11090278625488281
355,saint_dqn,-0.00888824462890625
356,saint_dqn,0.07695245742797852
357,saint_dqn,0.22933578491210938
358,saint_dqn,0.9198999404907227
359,saint_dqn,-0.25262928009033203
360,saint_dqn,-0.6624469757080078
361,saint_dqn,0.892430305480957
362,saint_dqn,-0.1837444305419922
363,saint_dqn,0.17702484130859375
364,saint_dqn,-0.7336711883544922
365,saint_dqn,0.4582958221435547
366,saint_dqn,-0.8509254455566406
367,saint_dqn,1.7128829956054688
368,saint_dqn,0.042568206787109375
369,saint_dqn,0.3374462127685547
370,saint_dqn,0.29222869873046875
371,saint_dqn,-0.05856132507324219
372,saint_dqn,0.5243520736694336
373,saint_dqn,0.29605674743652344
374,saint_dqn,1.399958610534668
375,saint_dqn,-0.6884250640869141
376,saint_dqn,0.6000628471374512
377,saint_dqn,0.09929656982421875
378,saint_dqn,-0.5148534774780273
379,saint_dqn,0.10740470886230469
380,saint_dqn,-0.08416557312011719
381,saint_dqn,0.5386276245117188
382,saint_dqn,-0.12585735321044922
383,saint_dqn,2.935016632080078
384,saint_dqn,-0.22753238677978516
385,saint_dqn,-0.15991497039794922
386,saint_dqn,0.5365829467773438
387,saint_dqn,1.2728824615478516
388,saint_dqn,1.1634597778320312
389,saint_dqn,-0.34739017486572266
390,saint_dqn,-0.0661935806274414
391,saint_dqn,1.1521759033203125
392,saint_dqn,0.09637928009033203
393,saint_dqn,-1.0282678604125977
394,saint_dqn,0.9258575439453125
395,saint_dqn,0.5692310333251953
396,saint_dqn,0.7823238372802734
397,saint_dqn,-0.16939258575439453
398,saint_dqn,1.1088981628417969
399,saint_dqn,0.08544731140136719
400,saint_dqn,0.14587116241455078
401,saint_dqn,-0.279541015625
402,saint_dqn,0.08127593994140625
403,saint_dqn,-0.1714773178100586
404,saint_dqn,-0.7848644256591797
405,saint_dqn,-0.35596656799316406
406,saint_dqn,0.17926979064941406
407,saint_dqn,0.6858348846435547
408,saint_dqn,-0.12712669372558594
409,saint_dqn,-0.2071857452392578
410,saint_dqn,3.087491989135742
411,saint_dqn,0.32132625579833984
412,saint_dqn,0.03351306915283203
413,saint_dqn,-0.32460689544677734
414,saint_dqn,-0.006327629089355469
415,saint_dqn,0.5826101303100586
416,saint_dqn,0.3960752487182617
417,saint_dqn,0.32947731018066406
418,saint_dqn,3.4386110305786133
419,saint_dqn,2.7537317276000977
420,saint_dqn,-0.1595916748046875
421,saint_dqn,-1.3869609832763672
422,saint_dqn,0.11804580688476562
423,saint_dqn,0.3518333435058594
424,saint_dqn,0.6833057403564453
425,saint_dqn,0.38445568084716797
426,saint_dqn,0.2993025779724121
427,saint_dqn,0.23586368560791016
428,saint_dqn,-0.027959823608398438
429,saint_dqn,0.32003116607666016
430,saint_dqn,0.14157962799072266
431,saint_dqn,0.2874879837036133
432,saint_dqn,1.0974664688110352
433,saint_dqn,0.1046895980834961
434,saint_dqn,0.3123788833618164
435,saint_dqn,0.8447275161743164
436,saint_dqn,0.3025236129760742
437,saint_dqn,1.2537660598754883
438,saint_dqn,0.5906467437744141
439,saint_dqn,-1.164846420288086
440,saint_dqn,0.1772899627685547
441,saint_dqn,0.029489517211914062
442,saint_dqn,-0.8246774673461914
443,saint_dqn,0.12149715423583984
444,saint_dqn,1.0228052139282227
445,saint_dqn,0.24317359924316406
446,saint_dqn,2.020249366760254
447,saint_dqn,0.6246538162231445
448,saint_dqn,0.17114639282226562
449,saint_dqn,-0.425018310546875
450,saint_dqn,0.36864376068115234
451,saint_dqn,-0.42636680603027344
452,saint_dqn,1.2881736755371094
453,saint_dqn,0.21560287475585938
454,saint_dqn,-0.5901203155517578
455,saint_dqn,-0.02234935760498047
456,saint_dqn,-0.3007173538208008
457,saint_dqn,0.5564193725585938
458,saint_dqn,0.153076171875
459,saint_dqn,2.3415985107421875
460,saint_dqn,0.23590850830078125
461,saint_dqn,0.3374185562133789
462,saint_dqn,-0.16221332550048828
463,saint_dqn,-0.07679939270019531
464,saint_dqn,-0.26565074920654297
465,saint_dqn,0.8496103286743164
466,saint_dqn,0.6512956619262695
467,saint_dqn,6.395664691925049
468,saint_dqn,0.5954294204711914
469,saint_dqn,-0.004790306091308594
470,saint_dqn,0.23083114624023438
471,saint_dqn,-0.1157999038696289
472,saint_dqn,-0.07736682891845703
473,saint_dqn,-0.2993278503417969
474,saint_dqn,0.12678050994873047
475,saint_dqn,0.4518165588378906
476,saint_dqn,0.41160106658935547
477,saint_dqn,0.9188938140869141
478,saint_dqn,1.516702651977539
479,saint_dqn,-0.04204845428466797
480,saint_dqn,-0.14304161071777344
481,saint_dqn,0.1969137191772461
482,saint_dqn,1.0768213272094727
483,saint_dqn,2.5580692291259766
484,saint_dqn,0.931492805480957
485,saint_dqn,1.197718620300293
486,saint_dqn,-0.6148548126220703
487,saint_dqn,0.48345279693603516
488,saint_dqn,0.06078910827636719
489,saint_dqn,-0.12395668029785156
490,saint_dqn,0.07651042938232422
491,saint_dqn,0.015428543090820312
492,saint_dqn,0.4834709167480469
493,saint_dqn,1.3145856857299805
494,saint_dqn,-1.058197021484375
495,saint_dqn,-0.6086053848266602
496,saint_dqn,2.915266990661621
497,saint_dqn,0.6251115798950195
498,saint_dqn,3.0042543411254883
499,saint_dqn,0.14115142822265625
500,saint_dqn,-0.5665283203125
501,saint_dqn,1.2560653686523438
502,saint_dqn,0.24837875366210938
503,saint_dqn,0.3840065002441406
504,saint_dqn,-0.0854349136352539
505,saint_dqn,2.1781082153320312
506,saint_dqn,0.6477680206298828
507,saint_dqn,0.3574066162109375
508,saint_dqn,1.2915496826171875
509,saint_dqn,0.48416614532470703
510,saint_dqn,0.20848941802978516
511,saint_dqn,0.7021694183349609
512,saint_dqn,-0.7528133392333984
513,saint_dqn,6.310328960418701
514,saint_dqn,-0.21456527709960938
515,saint_dqn,0.4269733428955078
516,saint_dqn,0.4304990768432617
517,saint_dqn,0.33785247802734375
518,saint_dqn,0.5551414489746094
519,saint_dqn,-0.4510231018066406
520,saint_dqn,0.08325481414794922
521,saint_dqn,0.631622314453125
522,saint_dqn,-1.4244632720947266
523,saint_dqn,0.2682771682739258
524,saint_dqn,1.2980270385742188
525,saint_dqn,-0.011569976806640625
526,saint_dqn,0.9083099365234375
527,saint_dqn,-0.09390068054199219
528,saint_dqn,0.6487054824829102
529,saint_dqn,0.2780580520629883
530,saint_dqn,-0.06927013397216797
531,saint_dqn,0.4115304946899414
532,saint_dqn,0.3153057098388672
533,saint_dqn,0.3406553268432617
534,saint_dqn,0.3459491729736328
535,saint_dqn,-0.4762992858886719
536,saint_dqn,0.2800912857055664
537,saint_dqn,-0.03700447082519531
538,saint_dqn,-0.04023551940917969
539,saint_dqn,0.8769321441650391
540,saint_dqn,-0.5171823501586914
541,saint_dqn,0.5850868225097656
542,saint_dqn,0.6934442520141602
543,saint_dqn,-0.21613788604736328
544,saint_dqn,2.515562057495117
545,saint_dqn,0.5471563339233398
546,saint_dqn,0.26921653747558594
547,saint_dqn,-0.08469915390014648
548,saint_dqn,1.4232110977172852
549,saint_dqn,0.11021900177001953
550,saint_dqn,-0.5776824951171875
551,saint_dqn,0.07579231262207031
552,saint_dqn,1.1342353820800781
553,saint_dqn,0.29373645782470703
554,saint_dqn,0.7771310806274414
555,saint_dqn,-0.6076574325561523
556,saint_dqn,0.9608125686645508
557,saint_dqn,-0.39888477325439453
558,saint_dqn,0.14623260498046875
559,saint_dqn,-0.3307533264160156
560,saint_dqn,0.5228176116943359
561,saint_dqn,0.20744800567626953
562,saint_dqn,-0.29087352752685547
563,saint_dqn,0.8982839584350586
564,saint_dqn,0.5964889526367188
565,saint_dqn,-0.0334014892578125
566,saint_dqn,0.1939849853515625
567,saint_dqn,2.262211322784424
568,saint_dqn,-0.3221263885498047
569,saint_dqn,0.75799560546875
570,saint_dqn,-0.5583839416503906
571,saint_dqn,-0.03644371032714844
572,saint_dqn,1.0211172103881836
573,saint_dqn,0.3891477584838867
574,saint_dqn,0.37180328369140625
575,saint_dqn,-0.0554962158203125
576,saint_dqn,0.43932247161865234
577,saint_dqn,-0.014180183410644531
578,saint_dqn,0.569157600402832
579,saint_dqn,1.1817855834960938
580,saint_dqn,2.428375244140625
581,saint_dqn,-0.0030565261840820312
582,saint_dqn,0.6959724426269531
583,saint_dqn,0.8926305770874023
584,saint_dqn,-0.5906524658203125
585,saint_dqn,0.4785022735595703
586,saint_dqn,-0.7889671325683594
587,saint_dqn,-0.26841068267822266
588,saint_dqn,-0.10447216033935547
589,saint_dqn,-0.6691389083862305
590,saint_dqn,0.2252187728881836
591,saint_dqn,0.020012855529785156
592,saint_dqn,-0.7549057006835938
593,saint_dqn,-1.450037956237793
594,saint_dqn,0.42229747772216797
595,saint_dqn,0.13909053802490234
596,saint_dqn,1.2470273971557617
597,saint_dqn,0.8218164443969727
598,saint_dqn,-0.4527430534362793
599,saint_dqn,0.4796943664550781
600,saint_dqn,0.08331108093261719
601,saint_dqn,-0.1683664321899414
602,saint_dqn,0.2329416275024414
603,saint_dqn,-0.7944412231445312
604,saint_dqn,-2.6942811012268066
605,saint_dqn,-0.0988931655883789
606,saint_dqn,-0.27459144592285156
607,saint_dqn,0.4401063919067383
608,saint_dqn,0.23824214935302734
609,saint_dqn,0.2125873565673828
610,saint_dqn,0.13178634643554688
611,saint_dqn,1.1083736419677734
612,saint_dqn,0.4422464370727539
613,saint_dqn,0.6318531036376953
614,saint_dqn,-1.3320426940917969
615,saint_dqn,0.5814781188964844
616,saint_dqn,-1.7753162384033203
617,saint_dqn,1.552316665649414
618,saint_dqn,0.742619514465332
619,saint_dqn,1.2127952575683594
620,saint_dqn,0.5827550888061523
621,saint_dqn,0.9378280639648438
622,saint_dqn,1.3204116821289062
623,saint_dqn,0.1329793930053711
624,saint_dqn,0.039684295654296875
625,saint_dqn,0.5440273284912109
626,saint_dqn,-1.3591337203979492
627,saint_dqn,1.1073226928710938
628,saint_dqn,0.9106636047363281
629,saint_dqn,0.19994831085205078
630,saint_dqn,0.4569387435913086
631,saint_dqn,0.6782646179199219
632,saint_dqn,-0.12089157104492188
633,saint_dqn,0.5764017105102539
634,saint_dqn,0.9107627868652344
635,saint_dqn,0.8043441772460938
636,saint_dqn,0.3749990463256836
637,saint_dqn,-0.10499382019042969
638,saint_dqn,1.1175928115844727
639,saint_dqn,-0.3097400665283203
640,saint_dqn,-0.25859642028808594
641,saint_dqn,1.4466438293457031
642,saint_dqn,-0.6808767318725586
643,saint_dqn,0.7071361541748047
644,saint_dqn,0.9706869125366211
645,saint_dqn,-0.010184288024902344
646,saint_dqn,0.7441215515136719
647,saint_dqn,0.03274726867675781
648,saint_dqn,0.2906455993652344
649,saint_dqn,-0.9713096618652344
650,saint_dqn,-0.5380878448486328
651,saint_dqn,-0.4069185256958008
652,saint_dqn,0.9278564453125
653,saint_dqn,0.19997882843017578
654,saint_dqn,0.5989809036254883
655,saint_dqn,1.9507246017456055
656,saint_dqn,1.4684343338012695
657,saint_dqn,0.03520488739013672
658,saint_dqn,0.0032215118408203125
659,saint_dqn,0.5363798141479492
660,saint_dqn,0.9816312789916992
661,saint_dqn,-0.7113285064697266
662,saint_dqn,0.2629585266113281
663,saint_dqn,0.2952404022216797
664,saint_dqn,0.10578632354736328
665,saint_dqn,0.8515472412109375
666,saint_dqn,0.3000364303588867
667,saint_dqn,0.4534139633178711
668,saint_dqn,0.5190892219543457
669,saint_dqn,0.006205558776855469
670,saint_dqn,0.2864246368408203
671,saint_dqn,0.16661548614501953
672,saint_dqn,0.47507572174072266
673,saint_dqn,1.9938287734985352
674,saint_dqn,0.22068023681640625
675,saint_dqn,2.5567874908447266
676,saint_dqn,0.40473365783691406
677,saint_dqn,0.7798824310302734
678,saint_dqn,0.862116813659668
679,saint_dqn,-2.0940933227539062
680,saint_dqn,0.20424175262451172
681,saint_dqn,0.092926025390625
682,saint_dqn,0.25509166717529297
683,saint_dqn,-0.6297922134399414
684,saint_dqn,0.4987058639526367
685,saint_dqn,0.07900619506835938
686,saint_dqn,1.682718276977539
687,saint_dqn,2.840447425842285
688,saint_dqn,1.9553050994873047
689,saint_dqn,0.9305543899536133
690,saint_dqn,-0.28638744354248047
691,saint_dqn,-0.37314796447753906
692,saint_dqn,0.5758733749389648
693,saint_dqn,0.35596561431884766
694,saint_dqn,0.19368839263916016
695,saint_dqn,0.18082809448242188
696,saint_dqn,0.8345804214477539
697,saint_dqn,3.598238945007324
698,saint_dqn,0.48100757598876953
699,saint_dqn,0.5751123428344727
700,saint_dqn,0.43404674530029297
701,saint_dqn,0.5183582305908203
702,saint_dqn,0.2149982452392578
703,saint_dqn,0.5720844268798828
704,saint_dqn,0.7245368957519531
705,saint_dqn,-0.3099346160888672
706,saint_dqn,-0.04607391357421875
707,saint_dqn,-0.33328914642333984
708,saint_dqn,1.917978286743164
709,saint_dqn,-0.07651329040527344
710,saint_dqn,0.5167160034179688
711,saint_dqn,-0.40195274353027344
712,saint_dqn,0.43977832794189453
713,saint_dqn,0.6463718414306641
714,saint_dqn,0.7357416152954102
715,saint_dqn,0.7319421768188477
716,saint_dqn,0.0657949447631836
717,saint_dqn,-0.0937643051147461
718,saint_dqn,0.6519374847412109
719,saint_dqn,1.316497802734375
720,saint_dqn,0.6420497894287109
721,saint_dqn,0.5713596343994141
722,saint_dqn,2.892521858215332
723,saint_dqn,0.8898582458496094
724,saint_dqn,-0.4111061096191406
725,saint_dqn,0.7887001037597656
726,saint_dqn,-0.5452938079833984
727,saint_dqn,-0.06595039367675781
728,saint_dqn,0.21649551391601562
729,saint_dqn,1.2553997039794922
730,saint_dqn,0.8515796661376953
731,saint_dqn,0.7332916259765625
732,saint_dqn,0.5233697891235352
733,saint_dqn,2.3672380447387695
734,saint_dqn,2.0540390014648438
735,saint_dqn,0.3339509963989258
736,saint_dqn,2.5373144149780273
737,saint_dqn,0.5526819229125977
738,saint_dqn,0.12439537048339844
739,saint_dqn,0.27837371826171875
740,saint_dqn,0.1349935531616211
741,saint_dqn,0.9172592163085938
742,saint_dqn,-0.9383649826049805
743,saint_dqn,-0.22651100158691406
744,saint_dqn,2.2232847213745117
745,saint_dqn,3.0752344131469727
746,saint_dqn,0.5652704238891602
747,saint_dqn,0.132293701171875
748,saint_dqn,1.3622169494628906
749,saint_dqn,0.7752151489257812
750,saint_dqn,0.4527416229248047
751,saint_dqn,1.2132625579833984
752,saint_dqn,0.23380184173583984
753,saint_dqn,-0.31793785095214844
754,saint_dqn,-0.16815567016601562
755,saint_dqn,0.24309825897216797
756,saint_dqn,1.8073844909667969
757,saint_dqn,0.6353187561035156
758,saint_dqn,-0.040648460388183594
759,saint_dqn,0.018062591552734375
760,saint_dqn,-0.1552104949951172
761,saint_dqn,0.09558391571044922
762,saint_dqn,0.653472900390625
763,saint_dqn,0.9837026596069336
764,saint_dqn,1.1899690628051758
765,saint_dqn,0.7337427139282227
766,saint_dqn,0.4805917739868164
767,saint_dqn,0.6602134704589844
768,saint_dqn,0.4126148223876953
769,saint_dqn,0.6772842407226562
770,saint_dqn,0.8486719131469727
771,saint_dqn,-0.0629110336303711
772,saint_dqn,0.09702110290527344
773,saint_dqn,1.0267448425292969
774,saint_dqn,0.9390707015991211
775,saint_dqn,2.5328521728515625
776,saint_dqn,-0.4362955093383789
777,saint_dqn,0.1914815902709961
778,saint_dqn,-0.006518363952636719
779,saint_dqn,-0.2859535217285156
780,saint_dqn,0.00628662109375
781,saint_dqn,-1.11077880859375
782,saint_dqn,-0.2720355987548828
783,saint_dqn,0.574493408203125
784,saint_dqn,0.2142801284790039
785,saint_dqn,0.09826374053955078
786,saint_dqn,1.0151872634887695
787,saint_dqn,0.33414173126220703
788,saint_dqn,0.29290103912353516
789,saint_dqn,-0.4503002166748047
790,saint_dqn,-0.22714805603027344
791,saint_dqn,0.5335292816162109
792,saint_dqn,1.015237808227539
793,saint_dqn,0.5587520599365234
794,saint_dqn,-1.0084514617919922
795,saint_dqn,1.922215461730957
796,saint_dqn,-0.3214540481567383
797,saint_dqn,1.251032829284668
798,saint_dqn,1.224599838256836
799,saint_dqn,0.23603248596191406
800,saint_dqn,1.3305206298828125
801,saint_dqn,2.1982240676879883
802,saint_dqn,-0.39061832427978516
803,saint_dqn,0.46915531158447266
804,saint_dqn,0.5838737487792969
805,saint_dqn,1.9864940643310547
806,saint_dqn,2.9866514205932617
807,saint_dqn,1.5743598937988281
808,saint_dqn,0.3677997589111328
809,saint_dqn,-0.14597606658935547
810,saint_dqn,-0.27298831939697266
811,saint_dqn,0.3508014678955078
812,saint_dqn,-0.7528076171875
813,saint_dqn,3.02291202545166
814,saint_dqn,-1.1085119247436523
815,saint_dqn,0.5809011459350586
816,saint_dqn,0.8568305969238281
817,saint_dqn,1.0107307434082031
818,saint_dqn,0.950922966003418
819,saint_dqn,1.5672502517700195
820,saint_dqn,0.21302318572998047
821,saint_dqn,1.0323867797851562
822,saint_dqn,0.2281360626220703
823,saint_dqn,1.5104169845581055
824,saint_dqn,0.04999065399169922
825,saint_dqn,-0.34918975830078125
826,saint_dqn,0.30504703521728516
827,saint_dqn,0.015323638916015625
828,saint_dqn,0.23454570770263672
829,saint_dqn,0.5983963012695312
830,saint_dqn,2.312417984008789
831,saint_dqn,-0.26631832122802734
832,saint_dqn,1.3201875686645508
833,saint_dqn,1.0681304931640625
834,saint_dqn,0.6363315582275391
835,saint_dqn,1.6786384582519531
836,saint_dqn,0.4808673858642578
837,saint_dqn,3.5525150299072266
838,saint_dqn,0.19000244140625
839,saint_dqn,1.2061967849731445
840,saint_dqn,0.36325550079345703
841,saint_dqn,0.7073202133178711
842,saint_dqn,2.4973506927490234
843,saint_dqn,-0.6433296203613281
844,saint_dqn,0.6577463150024414
845,saint_dqn,3.221416473388672
846,saint_dqn,2.76657772064209
847,saint_dqn,0.3429269790649414
848,saint_dqn,0.8800830841064453
849,saint_dqn,-0.07339954376220703
850,saint_dqn,1.5185327529907227
851,saint_dqn,1.0744037628173828
852,saint_dqn,-0.7263574600219727
853,saint_dqn,3.6854662895202637
854,saint_dqn,1.0838260650634766
855,saint_dqn,0.5680341720581055
856,saint_dqn,0.6218194961547852
857,saint_dqn,0.75299072265625
858,saint_dqn,1.001479148864746
859,saint_dqn,-0.2485027313232422
860,saint_dqn,0.6572160720825195
861,saint_dqn,-0.672245979309082
862,saint_dqn,-0.020290374755859375
863,saint_dqn,0.18307971954345703
864,saint_dqn,0.4266643524169922
865,saint_dqn,2.4404258728027344
866,saint_dqn,-0.19771385192871094
867,saint_dqn,0.03190040588378906
868,saint_dqn,1.3156871795654297
869,saint_dqn,0.15110492706298828
870,saint_dqn,0.07379150390625
871,saint_dqn,1.3914604187011719
872,saint_dqn,1.103419303894043
873,saint_dqn,1.4080276489257812
874,saint_dqn,0.11114120483398438
875,saint_dqn,0.5258541107177734
876,saint_dqn,0.06086540222167969
877,saint_dqn,0.23675060272216797
878,saint_dqn,-0.5994968414306641
879,saint_dqn,-0.8441562652587891
880,saint_dqn,1.4592437744140625
881,saint_dqn,-0.2710580825805664
882,saint_dqn,0.6983213424682617
883,saint_dqn,0.3904228210449219
884,saint_dqn,3.226620674133301
885,saint_dqn,0.0911102294921875
886,saint_dqn,0.24788951873779297
887,saint_dqn,2.031802177429199
888,saint_dqn,0.6657371520996094
889,saint_dqn,-0.688197135925293
890,saint_dqn,0.6851215362548828
891,saint_dqn,1.9551706314086914
892,saint_dqn,-0.8194789886474609
893,saint_dqn,0.2373514175415039
894,saint_dqn,0.12923049926757812
895,saint_dqn,0.39159488677978516
896,saint_dqn,1.152695655822754
897,saint_dqn,0.654083251953125
898,saint_dqn,-0.19350910186767578
899,saint_dqn,-0.3799276351928711
900,saint_dqn,0.12236213684082031
901,saint_dqn,0.3956642150878906
902,saint_dqn,2.2763071060180664
903,saint_dqn,0.6781330108642578
904,saint_dqn,-0.4975423812866211
905,saint_dqn,2.0821590423583984
906,saint_dqn,0.4056816101074219
907,saint_dqn,-0.13850116729736328
908,saint_dqn,-1.2124052047729492
909,saint_dqn,0.08118534088134766
910,saint_dqn,0.7929677963256836
911,saint_dqn,2.7191390991210938
912,saint_dqn,0.6684226989746094
913,saint_dqn,0.23763275146484375
914,saint_dqn,0.695556640625
915,saint_dqn,0.49465179443359375
916,saint_dqn,0.17584228515625
917,saint_dqn,-0.43503856658935547
918,saint_dqn,0.33733177185058594
919,saint_dqn,0.32814979553222656
920,saint_dqn,1.901163101196289
921,saint_dqn,0.36823463439941406
922,saint_dqn,0.3452434539794922
923,saint_dqn,1.337784767150879
924,saint_dqn,0.261932373046875
925,saint_dqn,0.35012245178222656
926,saint_dqn,0.868255615234375
927,saint_dqn,0.7641935348510742
928,saint_dqn,0.3926229476928711
929,saint_dqn,0.4092273712158203
930,saint_dqn,1.163987159729004
931,saint_dqn,0.7385177612304688
932,saint_dqn,0.968848705291748
933,saint_dqn,0.25357818603515625
934,saint_dqn,-0.3433265686035156
935,saint_dqn,1.2978649139404297
936,saint_dqn,-0.07355976104736328
937,saint_dqn,1.9135046005249023
938,saint_dqn,0.08828544616699219
939,saint_dqn,1.8389005661010742
940,saint_dqn,0.31229686737060547
941,saint_dqn,0.423828125
942,saint_dqn,-0.7043180465698242
943,saint_dqn,-0.7603511810302734
944,saint_dqn,0.5169095993041992
945,saint_dqn,0.49492359161376953
946,saint_dqn,-0.5193243026733398
947,saint_dqn,0.3559093475341797
948,saint_dqn,0.6222782135009766
949,saint_dqn,0.5271167755126953
950,saint_dqn,0.07305335998535156
951,saint_dqn,0.4706592559814453
952,saint_dqn,0.3115682601928711
953,saint_dqn,0.20136642456054688
954,saint_dqn,0.35782527923583984
955,saint_dqn,-0.08861637115478516
956,saint_dqn,0.5288496017456055
957,saint_dqn,2.51983642578125
958,saint_dqn,0.555213451385498
959,saint_dqn,0.27088165283203125
960,saint_dqn,2.3333425521850586
961,saint_dqn,1.2340927124023438
962,saint_dqn,0.04699134826660156
963,saint_dqn,0.10509204864501953
964,saint_dqn,-0.11025047302246094
965,saint_dqn,1.5170936584472656
966,saint_dqn,6.858848571777344
967,saint_dqn,-0.5137004852294922
968,saint_dqn,2.683133125305176
969,saint_dqn,1.4608988761901855
970,saint_dqn,2.5052943229675293
971,saint_dqn,0.09724044799804688
972,saint_dqn,0.9700946807861328
973,saint_dqn,1.4759140014648438
974,saint_dqn,-1.390571117401123
975,saint_dqn,-0.044582366943359375
976,saint_dqn,1.055434226989746
977,saint_dqn,0.09113502502441406
978,saint_dqn,1.2787485122680664
979,saint_dqn,0.4872169494628906
980,saint_dqn,-0.8861560821533203
981,saint_dqn,0.9730033874511719
982,saint_dqn,-1.2942571640014648
983,saint_dqn,0.41588401794433594
984,saint_dqn,-0.19540119171142578
985,saint_dqn,1.501460075378418
986,saint_dqn,1.0073728561401367
987,saint_dqn,2.6938915252685547
988,saint_dqn,0.5816755294799805
989,saint_dqn,-0.4510183334350586
990,saint_dqn,0.3466367721557617
991,saint_dqn,1.7165746688842773
992,saint_dqn,-0.1243753433227539
993,saint_dqn,-0.11057758331298828
994,saint_dqn,0.15308094024658203
995,saint_dqn,0.18936729431152344
996,saint_dqn,-1.3015241622924805
997,saint_dqn,-0.1856060028076172
998,saint_dqn,0.5198736190795898
999,saint_dqn,0.15465354919433594
1000,saint_dqn,-0.04139137268066406
1001,saint_dqn,0.1994342803955078
1002,saint_dqn,0.8363361358642578
1003,saint_dqn,0.4423370361328125
1004,saint_dqn,-0.40299034118652344
1005,saint_dqn,0.6033039093017578
1006,saint_dqn,1.2778244018554688
1007,saint_dqn,0.6998300552368164
1008,saint_dqn,-0.07073974609375
1009,saint_dqn,1.0216703414916992
1010,saint_dqn,0.9349908828735352
1011,saint_dqn,0.15705204010009766
1012,saint_dqn,0.8018531799316406
1013,saint_dqn,-0.3229799270629883
1014,saint_dqn,-0.2130889892578125
1015,saint_dqn,0.31723880767822266
1016,saint_dqn,2.8160247802734375
1017,saint_dqn,-1.7745742797851562
1018,saint_dqn,0.4935588836669922
1019,saint_dqn,1.1143779754638672
1020,saint_dqn,0.5282621383666992
1021,saint_dqn,-0.1345224380493164
1022,saint_dqn,0.6344232559204102
1023,saint_dqn,0.3564004898071289
1024,saint_dqn,0.18904590606689453
1025,saint_dqn,0.0812530517578125
1026,saint_dqn,-0.03104400634765625
1027,saint_dqn,0.6521129608154297
1028,saint_dqn,0.3549327850341797
1029,saint_dqn,1.9876222610473633
1030,saint_dqn,-2.405162811279297
1031,saint_dqn,0.32672882080078125
1032,saint_dqn,-0.011911392211914062
1033,saint_dqn,1.0847597122192383
1034,saint_dqn,1.2055425643920898
1035,saint_dqn,-1.2289161682128906
1036,saint_dqn,-0.7784385681152344
1037,saint_dqn,1.2222318649291992
1038,saint_dqn,0.06698417663574219
1039,saint_dqn,1.9268603324890137
1040,saint_dqn,0.42166805267333984
1041,saint_dqn,-1.1766071319580078
1042,saint_dqn,0.7896461486816406
1043,saint_dqn,0.45667362213134766
1044,saint_dqn,0.15401744842529297
1045,saint_dqn,0.06147575378417969
1046,saint_dqn,1.3876581192016602
1047,saint_dqn,0.06419563293457031
1048,saint_dqn,-0.2217559814453125
1049,saint_dqn,0.17104053497314453
1050,saint_dqn,1.3776655197143555
1051,saint_dqn,1.1605019569396973
1052,saint_dqn,1.0507144927978516
1053,saint_dqn,-0.9626331329345703
1054,saint_dqn,0.8652372360229492
1055,saint_dqn,0.5424823760986328
1056,saint_dqn,0.7851991653442383
1057,saint_dqn,0.7249822616577148
1058,saint_dqn,0.9839029312133789
1059,saint_dqn,-0.06089019775390625
1060,saint_dqn,-1.2758169174194336
1061,saint_dqn,2.006535530090332
1062,saint_dqn,0.055633544921875
1063,saint_dqn,-1.1496028900146484
1064,saint_dqn,5.1870927810668945
1065,saint_dqn,0.015332221984863281
1066,saint_dqn,0.9332523345947266
1067,saint_dqn,2.0488462448120117
1068,saint_dqn,0.11761093139648438
1069,saint_dqn,-0.052308082580566406
1070,saint_dqn,-0.051738739013671875
1071,saint_dqn,-0.12406444549560547
1072,saint_dqn,0.22182178497314453
1073,saint_dqn,0.9442996978759766
1074,saint_dqn,0.7532796859741211
1075,saint_dqn,-0.16046524047851562
1076,saint_dqn,-0.6731653213500977
1077,saint_dqn,-1.2310395240783691
1078,saint_dqn,0.3812074661254883
1079,saint_dqn,0.10094547271728516
1080,saint_dqn,0.7954225540161133
1081,saint_dqn,0.4581470489501953
1082,saint_dqn,-1.651778221130371
1083,saint_dqn,3.914186954498291
1084,saint_dqn,0.13585662841796875
1085,saint_dqn,-1.4511146545410156
1086,saint_dqn,-0.26057910919189453
1087,saint_dqn,0.5468883514404297
1088,saint_dqn,0.9345493316650391
1089,saint_dqn,0.047471046447753906
1090,saint_dqn,-0.7752838134765625
1091,saint_dqn,-0.582676887512207
1092,saint_dqn,-0.1799020767211914
1093,saint_dqn,0.3300132751464844
1094,saint_dqn,1.8714475631713867
1095,saint_dqn,0.3793468475341797
1096,saint_dqn,0.4578838348388672
1097,saint_dqn,1.9188461303710938
1098,saint_dqn,0.18089675903320312
1099,saint_dqn,0.6694889068603516
1100,saint_dqn,2.018869400024414
1101,saint_dqn,-0.06723976135253906
1102,saint_dqn,1.3212642669677734
1103,saint_dqn,0.2560615539550781
1104,saint_dqn,-0.02030467987060547
1105,saint_dqn,-0.4834451675415039
1106,saint_dqn,-0.15967369079589844
1107,saint_dqn,1.3099260330200195
1108,saint_dqn,0.848933219909668
1109,saint_dqn,0.5857810974121094
1110,saint_dqn,2.7468013763427734
1111,saint_dqn,0.5641069412231445
1112,saint_dqn,0.41936397552490234
1113,saint_dqn,0.4713554382324219
1114,saint_dqn,1.502899169921875
1115,saint_dqn,-0.6355400085449219
1116,saint_dqn,-0.06695175170898438
1117,saint_dqn,0.125213623046875
1118,saint_dqn,2.752657890319824
1119,saint_dqn,0.20683670043945312
1120,saint_dqn,1.2033720016479492
1121,saint_dqn,0.8050861358642578
1122,saint_dqn,-2.0595531463623047
1123,saint_dqn,1.1649360656738281
1124,saint_dqn,0.5929155349731445
1125,saint_dqn,0.9565362930297852
1126,saint_dqn,0.3315258026123047
1127,saint_dqn,0.9615707397460938
1128,saint_dqn,1.5700922012329102
1129,saint_dqn,1.3793668746948242
1130,saint_dqn,0.4592723846435547
1131,saint_dqn,-0.0162353515625
1132,saint_dqn,-0.2683243751525879
1133,saint_dqn,3.5670218467712402
1134,saint_dqn,0.4530458450317383
1135,saint_dqn,-0.1281299591064453
1136,saint_dqn,3.423576831817627
1137,saint_dqn,-0.20729827880859375
1138,saint_dqn,3.57045841217041
1139,saint_dqn,-1.3306522369384766
1140,saint_dqn,1.7008132934570312
1141,saint_dqn,-0.07915687561035156
1142,saint_dqn,1.1273198127746582
1143,saint_dqn,1.0982913970947266
1144,saint_dqn,3.0728282928466797
1145,saint_dqn,0.7423000335693359
1146,saint_dqn,3.5980567932128906
1147,saint_dqn,0.9898643493652344
1148,saint_dqn,0.1474132537841797
1149,saint_dqn,0.6477022171020508
1150,saint_dqn,0.6664533615112305
1151,saint_dqn,0.20089435577392578
1152,saint_dqn,0.09707164764404297
1153,saint_dqn,0.48145294189453125
1154,saint_dqn,3.700932502746582
1155,saint_dqn,1.0980825424194336
1156,saint_dqn,0.1938343048095703
1157,saint_dqn,0.16428565979003906
1158,saint_dqn,4.5911970138549805
1159,saint_dqn,1.696685791015625
1160,saint_dqn,2.7007036209106445
1161,saint_dqn,1.9348468780517578
1162,saint_dqn,0.5936212539672852
1163,saint_dqn,-1.272104263305664
1164,saint_dqn,3.297300338745117
1165,saint_dqn,-0.4553499221801758
1166,saint_dqn,4.1929826736450195
1167,saint_dqn,-0.7481727600097656
1168,saint_dqn,0.950810432434082
1169,saint_dqn,-0.1928691864013672
1170,saint_dqn,1.5453481674194336
1171,saint_dqn,0.7987489700317383
1172,saint_dqn,1.8179903030395508
1173,saint_dqn,0.7127933502197266
1174,saint_dqn,2.7190966606140137
1175,saint_dqn,0.8701934814453125
1176,saint_dqn,-0.013070106506347656
1177,saint_dqn,-0.16657447814941406
1178,saint_dqn,0.8158092498779297
1179,saint_dqn,2.4312057495117188
1180,saint_dqn,-0.1356182098388672
1181,saint_dqn,0.5820236206054688
1182,saint_dqn,0.39806175231933594
1183,saint_dqn,0.3103933334350586
1184,saint_dqn,3.8393421173095703
1185,saint_dqn,1.5368356704711914
1186,saint_dqn,1.2187414169311523
1187,saint_dqn,1.5272197723388672
1188,saint_dqn,4.348484992980957
1189,saint_dqn,0.5248394012451172
1190,saint_dqn,0.7568225860595703
1191,saint_dqn,-0.2619638442993164
1192,saint_dqn,0.6449193954467773
1193,saint_dqn,3.5678110122680664
1194,saint_dqn,0.21514606475830078
1195,saint_dqn,0.2845296859741211
1196,saint_dqn,1.2870264053344727
1197,saint_dqn,-0.05389213562011719
1198,saint_dqn,0.9436655044555664
1199,saint_dqn,2.275897979736328
1200,saint_dqn,0.3874845504760742
1201,saint_dqn,1.7390861511230469
1202,saint_dqn,0.613306999206543
1203,saint_dqn,-3.5750179290771484
1204,saint_dqn,-0.2786264419555664
1205,saint_dqn,-0.6798195838928223
1206,saint_dqn,0.35604286193847656
1207,saint_dqn,0.4363727569580078
1208,saint_dqn,-0.08582496643066406
1209,saint_dqn,0.5841779708862305
1210,saint_dqn,0.8876914978027344
1211,saint_dqn,1.2718753814697266
1212,saint_dqn,1.1614103317260742
1213,saint_dqn,3.295210838317871
1214,saint_dqn,-1.1649236679077148
1215,saint_dqn,-1.3570222854614258
1216,saint_dqn,1.1327247619628906
1217,saint_dqn,-1.313776969909668
1218,saint_dqn,0.2046833038330078
1219,saint_dqn,0.367889404296875
1220,saint_dqn,1.9290199279785156
1221,saint_dqn,1.291646957397461
1222,saint_dqn,0.7499465942382812
1223,saint_dqn,0.1590280532836914
1224,saint_dqn,1.0686635971069336
1225,saint_dqn,2.926786422729492
1226,saint_dqn,0.4624795913696289
1227,saint_dqn,-0.07907390594482422
1228,saint_dqn,1.376394271850586
1229,saint_dqn,3.5184621810913086
1230,saint_dqn,2.5958824157714844
1231,saint_dqn,0.7727203369140625
1232,saint_dqn,0.7830085754394531
1233,saint_dqn,-0.04425334930419922
1234,saint_dqn,4.048103332519531
1235,saint_dqn,0.8084707260131836
1236,saint_dqn,0.2309398651123047
1237,saint_dqn,0.5484418869018555
1238,saint_dqn,1.3475666046142578
1239,saint_dqn,0.23392105102539062
1240,saint_dqn,1.7612266540527344
1241,saint_dqn,4.300753593444824
1242,saint_dqn,2.289152145385742
1243,saint_dqn,2.74664306640625
1244,saint_dqn,0.953312873840332
1245,saint_dqn,-1.1575584411621094
1246,saint_dqn,0.8073492050170898
1247,saint_dqn,-0.0813608169555664
1248,saint_dqn,0.6111927032470703
1249,saint_dqn,1.5857343673706055
1250,saint_dqn,-1.3295965194702148
1251,saint_dqn,1.1860713958740234
1252,saint_dqn,2.618178367614746
1253,saint_dqn,4.67447566986084
1254,saint_dqn,0.5380773544311523
1255,saint_dqn,-0.12005805969238281
1256,saint_dqn,0.20013809204101562
1257,saint_dqn,1.0396242141723633
1258,saint_dqn,2.7083091735839844
1259,saint_dqn,0.551304817199707
1260,saint_dqn,0.1009225845336914
1261,saint_dqn,0.7496280670166016
1262,saint_dqn,-0.38297176361083984
1263,saint_dqn,2.7545948028564453
1264,saint_dqn,-0.01645660400390625
1265,saint_dqn,0.4449901580810547
1266,saint_dqn,3.4213857650756836
1267,saint_dqn,3.6051931381225586
1268,saint_dqn,0.4268331527709961
1269,saint_dqn,-0.18923091888427734
1270,saint_dqn,0.6802892684936523
1271,saint_dqn,0.2763347625732422
1272,saint_dqn,-0.6383762359619141
1273,saint_dqn,2.0223798751831055
1274,saint_dqn,-0.39299583435058594
1275,saint_dqn,1.5688104629516602
1276,saint_dqn,1.0387039184570312
1277,saint_dqn,4.343911170959473
1278,saint_dqn,1.388143539428711
1279,saint_dqn,0.4435386657714844
1280,saint_dqn,1.3091468811035156
1281,saint_dqn,0.545994758605957
1282,saint_dqn,2.588557243347168
1283,saint_dqn,0.8624229431152344
1284,saint_dqn,1.2486438751220703
1285,saint_dqn,0.9555149078369141
1286,saint_dqn,1.0414505004882812
1287,saint_dqn,0.8385562896728516
1288,saint_dqn,-0.637568473815918
1289,saint_dqn,1.8753881454467773
1290,saint_dqn,0.7029094696044922
1291,saint_dqn,4.184809684753418
1292,saint_dqn,-1.356292724609375
1293,saint_dqn,0.15809154510498047
1294,saint_dqn,0.21505451202392578
1295,saint_dqn,1.9086856842041016
1296,saint_dqn,-0.09512710571289062
1297,saint_dqn,-0.0057220458984375
1298,saint_dqn,1.880932331085205
1299,saint_dqn,2.5563974380493164
1300,saint_dqn,1.1579828262329102
1301,saint_dqn,3.2405052185058594
1302,saint_dqn,1.596592903137207
1303,saint_dqn,2.6818723678588867
1304,saint_dqn,0.3579254150390625
1305,saint_dqn,0.736236572265625
1306,saint_dqn,2.072368621826172
1307,saint_dqn,2.417158603668213
1308,saint_dqn,0.6292781829833984
1309,saint_dqn,0.2119884490966797
1310,saint_dqn,-0.5553979873657227
1311,saint_dqn,0.6266355514526367
1312,saint_dqn,2.016523838043213
1313,saint_dqn,2.560694694519043
1314,saint_dqn,0.5684595108032227
1315,saint_dqn,0.9372100830078125
1316,saint_dqn,0.41605281829833984
1317,saint_dqn,1.1723003387451172
1318,saint_dqn,6.500917434692383
1319,saint_dqn,0.2873039245605469
1320,saint_dqn,2.683065414428711
1321,saint_dqn,4.209841728210449
1322,saint_dqn,0.09521961212158203
1323,saint_dqn,0.4775409698486328
1324,saint_dqn,1.2533111572265625
1325,saint_dqn,3.7325611114501953
1326,saint_dqn,-1.4087648391723633
1327,saint_dqn,-0.40381526947021484
1328,saint_dqn,0.6498022079467773
1329,saint_dqn,1.6586790084838867
1330,saint_dqn,0.17360305786132812
1331,saint_dqn,-0.2918710708618164
1332,saint_dqn,-0.7522687911987305
1333,saint_dqn,0.023355484008789062
1334,saint_dqn,1.1467266082763672
1335,saint_dqn,1.924764633178711
1336,saint_dqn,0.7886371612548828
1337,saint_dqn,0.1992816925048828
1338,saint_dqn,1.421762466430664
1339,saint_dqn,0.743901252746582
1340,saint_dqn,0.29979896545410156
1341,saint_dqn,0.716893196105957
1342,saint_dqn,0.05758953094482422
1343,saint_dqn,0.9772071838378906
1344,saint_dqn,0.26993846893310547
1345,saint_dqn,1.22737455368042
1346,saint_dqn,1.416574478149414
1347,saint_dqn,1.318807601928711
1348,saint_dqn,-0.08144474029541016
1349,saint_dqn,0.4526195526123047
1350,saint_dqn,1.2953987121582031
1351,saint_dqn,1.0307865142822266
1352,saint_dqn,1.4868383407592773
1353,saint_dqn,0.5039310455322266
1354,saint_dqn,0.16295623779296875
1355,saint_dqn,-0.01107025146484375
1356,saint_dqn,0.7873029708862305
1357,saint_dqn,0.16263389587402344
1358,saint_dqn,0.4503908157348633
1359,saint_dqn,0.6676158905029297
1360,saint_dqn,4.214303970336914
1361,saint_dqn,2.174711227416992
1362,saint_dqn,0.24430274963378906
1363,saint_dqn,-0.4244089126586914
1364,saint_dqn,0.8889703750610352
1365,saint_dqn,-0.22772216796875
1366,saint_dqn,0.6606788635253906
1367,saint_dqn,2.33258056640625
1368,saint_dqn,1.9483985900878906
1369,saint_dqn,1.0632400512695312
1370,saint_dqn,1.8556594848632812
1371,saint_dqn,0.20837116241455078
1372,saint_dqn,0.3263263702392578
1373,saint_dqn,0.6206464767456055
1374,saint_dqn,1.1387557983398438
1375,saint_dqn,-0.2359943389892578
1376,saint_dqn,0.6477699279785156
1377,saint_dqn,3.9257431030273438
1378,saint_dqn,0.7291507720947266
1379,saint_dqn,0.1473093032836914
1380,saint_dqn,0.4726734161376953
1381,saint_dqn,1.2286510467529297
1382,saint_dqn,0.4150381088256836
1383,saint_dqn,1.1167974472045898
1384,saint_dqn,0.9431514739990234
1385,saint_dqn,2.613353729248047
1386,saint_dqn,0.7174272537231445
1387,saint_dqn,1.656031608581543
1388,saint_dqn,3.0920724868774414
1389,saint_dqn,3.832324981689453
1390,saint_dqn,1.2146282196044922
1391,saint_dqn,0.8211736679077148
1392,saint_dqn,0.37096309661865234
1393,saint_dqn,-1.1032562255859375
1394,saint_dqn,0.7338113784790039
1395,saint_dqn,1.4180545806884766
1396,saint_dqn,-0.05851888656616211
1397,saint_dqn,-0.428466796875
1398,saint_dqn,2.4971656799316406
1399,saint_dqn,1.587686538696289
1400,saint_dqn,1.5364742279052734
1401,saint_dqn,0.3325634002685547
1402,saint_dqn,2.862955093383789
1403,saint_dqn,-0.5803604125976562
1404,saint_dqn,0.565643310546875
1405,saint_dqn,-1.1672248840332031
1406,saint_dqn,0.5110845565795898
1407,saint_dqn,0.1392650604248047
1408,saint_dqn,3.0546064376831055
1409,saint_dqn,1.9352750778198242
1410,saint_dqn,0.9137668609619141
1411,saint_dqn,1.5955781936645508
1412,saint_dqn,-0.5723371505737305
1413,saint_dqn,1.8314170837402344
1414,saint_dqn,-0.07819843292236328
1415,saint_dqn,-0.14741897583007812
1416,saint_dqn,0.4322547912597656
1417,saint_dqn,1.761281967163086
1418,saint_dqn,2.0581541061401367
1419,saint_dqn,0.5631952285766602
1420,saint_dqn,-0.3111457824707031
1421,saint_dqn,-0.0016012191772460938
1422,saint_dqn,0.3543834686279297
1423,saint_dqn,0.9448118209838867
1424,saint_dqn,5.020666122436523
1425,saint_dqn,0.5805625915527344
1426,saint_dqn,0.7820892333984375
1427,saint_dqn,-0.5830926895141602
1428,saint_dqn,1.3027544021606445
1429,saint_dqn,0.4821920394897461
1430,saint_dqn,-0.0640420913696289
1431,saint_dqn,0.718963623046875
1432,saint_dqn,1.1760320663452148
1433,saint_dqn,-0.47528934478759766
1434,saint_dqn,1.2557506561279297
1435,saint_dqn,0.020928382873535156
1436,saint_dqn,-0.5515623092651367
1437,saint_dqn,1.1611928939819336
1438,saint_dqn,-0.35338401794433594
1439,saint_dqn,-0.6680631637573242
1440,saint_dqn,0.13345050811767578
1441,saint_dqn,0.3464651107788086
1442,saint_dqn,0.6147251129150391
1443,saint_dqn,0.14011478424072266
1444,saint_dqn,-0.5065183639526367
1445,saint_dqn,1.2437334060668945
1446,saint_dqn,1.0891685485839844
1447,saint_dqn,1.536874771118164
1448,saint_dqn,-0.35648155212402344
1449,saint_dqn,0.20042800903320312
1450,saint_dqn,-0.7699375152587891
1451,saint_dqn,2.1500024795532227
1452,saint_dqn,-1.1343908309936523
1453,saint_dqn,0.7344522476196289
1454,saint_dqn,2.3853464126586914
1455,saint_dqn,1.6925411224365234
1456,saint_dqn,0.3486156463623047
1457,saint_dqn,0.9044628143310547
1458,saint_dqn,0.31317806243896484
1459,saint_dqn,0.2893409729003906
1460,saint_dqn,1.5729694366455078
1461,saint_dqn,1.2872142791748047
1462,saint_dqn,1.6914100646972656
1463,saint_dqn,0.7344193458557129
1464,saint_dqn,-0.11259174346923828
1465,saint_dqn,1.1739702224731445
1466,saint_dqn,0.2311859130859375
1467,saint_dqn,-0.8837852478027344
1468,saint_dqn,-0.24233627319335938
1469,saint_dqn,-0.25820446014404297
1470,saint_dqn,0.38392066955566406
1471,saint_dqn,-0.045958518981933594
1472,saint_dqn,-0.30646800994873047
1473,saint_dqn,0.4341278076171875
1474,saint_dqn,1.1746387481689453
1475,saint_dqn,0.18984031677246094
1476,saint_dqn,0.35320281982421875
1477,saint_dqn,-1.6136531829833984
1478,saint_dqn,0.3367424011230469
1479,saint_dqn,1.3497018814086914
1480,saint_dqn,0.09380626678466797
1481,saint_dqn,-0.41001415252685547
1482,saint_dqn,0.2727470397949219
1483,saint_dqn,4.7495012283325195
1484,saint_dqn,0.5489053726196289
1485,saint_dqn,-0.8465251922607422
1486,saint_dqn,1.8285541534423828
1487,saint_dqn,-0.11350154876708984
1488,saint_dqn,-0.6797828674316406
1489,saint_dqn,-0.3421363830566406
1490,saint_dqn,-0.07051849365234375
1491,saint_dqn,4.393097877502441
1492,saint_dqn,0.8988990783691406
1493,saint_dqn,4.966214179992676
1494,saint_dqn,1.7130231857299805
1495,saint_dqn,1.1358470916748047
1496,saint_dqn,2.89682674407959
1497,saint_dqn,0.14751720428466797
1498,saint_dqn,0.06921195983886719
1499,saint_dqn,0.3442497253417969
1500,saint_dqn,0.8185014724731445
1501,saint_dqn,-1.4029474258422852
1502,saint_dqn,0.003688812255859375
1503,saint_dqn,-0.5189476013183594
1504,saint_dqn,-0.2467174530029297
1505,saint_dqn,0.5368585586547852
1506,saint_dqn,0.1867389678955078
1507,saint_dqn,1.4759082794189453
1508,saint_dqn,3.6248998641967773
1509,saint_dqn,0.5598688125610352
1510,saint_dqn,1.1127548217773438
1511,saint_dqn,0.5483484268188477
1512,saint_dqn,2.375241279602051
1513,saint_dqn,0.4049677848815918
1514,saint_dqn,-1.8857641220092773
1515,saint_dqn,0.3355255126953125
1516,saint_dqn,-1.3134269714355469
1517,saint_dqn,1.2414445877075195
1518,saint_dqn,0.7041225433349609
1519,saint_dqn,1.166715145111084
1520,saint_dqn,-0.11380863189697266
1521,saint_dqn,1.191253662109375
1522,saint_dqn,0.2862815856933594
1523,saint_dqn,0.7758016586303711
1524,saint_dqn,0.21961593627929688
1525,saint_dqn,1.06353759765625
1526,saint_dqn,-0.20913410186767578
1527,saint_dqn,-0.9285345077514648
1528,saint_dqn,0.652099609375
1529,saint_dqn,0.3097267150878906
1530,saint_dqn,-0.36536312103271484
1531,saint_dqn,-0.5348358154296875
1532,saint_dqn,0.9757890701293945
1533,saint_dqn,2.7665653228759766
1534,saint_dqn,1.013345718383789
1535,saint_dqn,-0.7461175918579102
1536,saint_dqn,-1.3568592071533203
1537,saint_dqn,0.4334230422973633
1538,saint_dqn,0.08913993835449219
1539,saint_dqn,1.0334758758544922
1540,saint_dqn,2.55301570892334
1541,saint_dqn,0.762455940246582
1542,saint_dqn,1.1964778900146484
1543,saint_dqn,0.22404766082763672
1544,saint_dqn,0.5838499069213867
1545,saint_dqn,0.15210819244384766
1546,saint_dqn,0.7205133438110352
1547,saint_dqn,-0.5070362091064453
1548,saint_dqn,0.10610103607177734
1549,saint_dqn,1.2851343154907227
1550,saint_dqn,1.0069541931152344
1551,saint_dqn,0.6556730270385742
1552,saint_dqn,1.0935592651367188
1553,saint_dqn,1.7731380462646484
1554,saint_dqn,0.5193023681640625
1555,saint_dqn,-0.05532264709472656
1556,saint_dqn,0.7856006622314453
1557,saint_dqn,0.9077157974243164
1558,saint_dqn,0.14605140686035156
1559,saint_dqn,0.6802477836608887
1560,saint_dqn,0.4706230163574219
1561,saint_dqn,-1.8552703857421875
1562,saint_dqn,0.43466949462890625
1563,saint_dqn,-0.42548274993896484
1564,saint_dqn,0.011607170104980469
1565,saint_dqn,0.03227424621582031
1566,saint_dqn,0.9192390441894531
1567,saint_dqn,0.3496236801147461
1568,saint_dqn,0.6096601486206055
1569,saint_dqn,3.1942501068115234
1570,saint_dqn,1.1594905853271484
1571,saint_dqn,2.506885528564453
1572,saint_dqn,-0.4005918502807617
1573,saint_dqn,1.1206369400024414
1574,saint_dqn,-0.043318748474121094
1575,saint_dqn,1.7604341506958008
1576,saint_dqn,0.4800243377685547
1577,saint_dqn,1.2964668273925781
1578,saint_dqn,-1.6946649551391602
1579,saint_dqn,0.3430900573730469
1580,saint_dqn,2.937551498413086
1581,saint_dqn,0.6029443740844727
1582,saint_dqn,1.6559534072875977
1583,saint_dqn,-0.1215372085571289
1584,saint_dqn,3.591367721557617
1585,saint_dqn,2.387907028198242
1586,saint_dqn,1.1342449188232422
1587,saint_dqn,2.5674686431884766
1588,saint_dqn,0.5824623107910156
1589,saint_dqn,3.096181869506836
1590,saint_dqn,1.2759132385253906
1591,saint_dqn,-0.2632255554199219
1592,saint_dqn,2.2786102294921875
1593,saint_dqn,1.8250913619995117
1594,saint_dqn,0.7648754119873047
1595,saint_dqn,0.4338836669921875
1596,saint_dqn,0.6389999389648438
1597,saint_dqn,0.26672840118408203
1598,saint_dqn,-0.060660362243652344
1599,saint_dqn,0.41113853454589844
1600,saint_dqn,0.40923213958740234
1601,saint_dqn,-2.3498764038085938
1602,saint_dqn,1.4925479888916016
1603,saint_dqn,-0.00443267822265625
1604,saint_dqn,1.0322027206420898
1605,saint_dqn,-0.31053829193115234
1606,saint_dqn,1.062051773071289
1607,saint_dqn,0.7198276519775391
1608,saint_dqn,0.8635444641113281
1609,saint_dqn,1.043105125427246
1610,saint_dqn,0.6283693313598633
1611,saint_dqn,1.2509965896606445
1612,saint_dqn,0.6052083969116211
1613,saint_dqn,0.1921558380126953
1614,saint_dqn,0.7929153442382812
1615,saint_dqn,1.8187294006347656
1616,saint_dqn,-0.46184825897216797
1617,saint_dqn,0.6469631195068359
1618,saint_dqn,-0.4586467742919922
1619,saint_dqn,0.3169879913330078
1620,saint_dqn,1.0052814483642578
1621,saint_dqn,1.9271888732910156
1622,saint_dqn,0.6391696929931641
1623,saint_dqn,1.7684612274169922
1624,saint_dqn,0.6598634719848633
1625,saint_dqn,0.08395862579345703
1626,saint_dqn,0.2849140167236328
1627,saint_dqn,-0.8048124313354492
1628,saint_dqn,0.7707319259643555
1629,saint_dqn,0.5249614715576172
1630,saint_dqn,0.30728816986083984
1631,saint_dqn,1.1173086166381836
1632,saint_dqn,0.7311506271362305
1633,saint_dqn,0.035346031188964844
1634,saint_dqn,1.108017921447754
1635,saint_dqn,1.28271484375
1636,saint_dqn,0.5031719207763672
1637,saint_dqn,0.1460247039794922
1638,saint_dqn,0.7332401275634766
1639,saint_dqn,1.1651420593261719
1640,saint_dqn,0.6898870468139648
1641,saint_dqn,1.062453269958496
1642,saint_dqn,0.10603904724121094
1643,saint_dqn,-0.20223712921142578
1644,saint_dqn,4.037165641784668
1645,saint_dqn,-0.08604240417480469
1646,saint_dqn,0.6448764801025391
1647,saint_dqn,1.6347761154174805
1648,saint_dqn,0.10685348510742188
1649,saint_dqn,-0.36159420013427734
1650,saint_dqn,4.850800514221191
1651,saint_dqn,1.932938575744629
1652,saint_dqn,0.8359785079956055
1653,saint_dqn,0.5345373153686523
1654,saint_dqn,1.1742315292358398
1655,saint_dqn,0.3450736999511719
1656,saint_dqn,0.5554294586181641
1657,saint_dqn,0.8886528015136719
1658,saint_dqn,0.9319276809692383
1659,saint_dqn,1.0989923477172852
1660,saint_dqn,0.6358327865600586
1661,saint_dqn,-0.6776762008666992
1662,saint_dqn,-0.27788400650024414
1663,saint_dqn,1.724452018737793
1664,saint_dqn,1.180729866027832
1665,saint_dqn,0.9011945724487305
1666,saint_dqn,1.1837139129638672
1667,saint_dqn,0.2915983200073242
1668,saint_dqn,0.38632774353027344
1669,saint_dqn,0.9936304092407227
1670,saint_dqn,-0.4789924621582031
1671,saint_dqn,0.12932300567626953
1672,saint_dqn,1.1009578704833984
1673,saint_dqn,-0.5834016799926758
1674,saint_dqn,0.5206327438354492
1675,saint_dqn,-0.0829620361328125
1676,saint_dqn,0.3641023635864258
1677,saint_dqn,0.48276615142822266
1678,saint_dqn,2.8741273880004883
1679,saint_dqn,0.2082347869873047
1680,saint_dqn,0.9451236724853516
1681,saint_dqn,-0.3970918655395508
1682,saint_dqn,1.6045856475830078
1683,saint_dqn,-0.3721790313720703
1684,saint_dqn,1.3450899124145508
1685,saint_dqn,0.726832389831543
1686,saint_dqn,0.9769172668457031
1687,saint_dqn,1.1237764358520508
1688,saint_dqn,-0.31035900115966797
1689,saint_dqn,-0.054703712463378906
1690,saint_dqn,0.6386041641235352
1691,saint_dqn,1.2052984237670898
1692,saint_dqn,1.3210220336914062
1693,saint_dqn,0.39916229248046875
1694,saint_dqn,-0.19131088256835938
1695,saint_dqn,0.4148683547973633
1696,saint_dqn,1.2516059875488281
1697,saint_dqn,0.5752086639404297
1698,saint_dqn,1.221902847290039
1699,saint_dqn,0.33721256256103516
1700,saint_dqn,1.4440908432006836
1701,saint_dqn,0.767695426940918
1702,saint_dqn,0.8786582946777344
1703,saint_dqn,2.9340763092041016
1704,saint_dqn,1.5084638595581055
1705,saint_dqn,0.6757173538208008
1706,saint_dqn,1.4900445938110352
1707,saint_dqn,0.5960531234741211
1708,saint_dqn,5.798380374908447
1709,saint_dqn,0.5206985473632812
1710,saint_dqn,1.2914724349975586
1711,saint_dqn,0.266845703125
1712,saint_dqn,-0.1598224639892578
1713,saint_dqn,-0.4701099395751953
1714,saint_dqn,1.4575214385986328
1715,saint_dqn,1.2399177551269531
1716,saint_dqn,4.873044013977051
1717,saint_dqn,2.1969661712646484
1718,saint_dqn,0.1421375274658203
1719,saint_dqn,-1.1185283660888672
1720,saint_dqn,1.876312255859375
1721,saint_dqn,0.03267860412597656
1722,saint_dqn,3.048990249633789
1723,saint_dqn,-0.03072834014892578
1724,saint_dqn,0.6279926300048828
1725,saint_dqn,-0.12210273742675781
1726,saint_dqn,0.5056352615356445
1727,saint_dqn,1.036529541015625
1728,saint_dqn,2.8160715103149414
1729,saint_dqn,2.2721805572509766
1730,saint_dqn,1.0781612396240234
1731,saint_dqn,0.7706937789916992
1732,saint_dqn,0.760075569152832
1733,saint_dqn,0.02725505828857422
1734,saint_dqn,0.8398399353027344
1735,saint_dqn,2.3409576416015625
1736,saint_dqn,2.044588088989258
1737,saint_dqn,0.07772445678710938
1738,saint_dqn,0.9942312240600586
1739,saint_dqn,1.005732536315918
1740,saint_dqn,-1.705571174621582
1741,saint_dqn,2.5523242950439453
1742,saint_dqn,0.3362741470336914
1743,saint_dqn,-0.03667640686035156
1744,saint_dqn,0.2606391906738281
1745,saint_dqn,3.0192785263061523
1746,saint_dqn,2.0426692962646484
1747,saint_dqn,0.48660850524902344
1748,saint_dqn,1.0681266784667969
1749,saint_dqn,1.2478504180908203
1750,saint_dqn,0.23510360717773438
1751,saint_dqn,0.11549186706542969
1752,saint_dqn,0.5679607391357422
1753,saint_dqn,0.02858734130859375
1754,saint_dqn,0.9379634857177734
1755,saint_dqn,1.0131330490112305
1756,saint_dqn,2.0600080490112305
1757,saint_dqn,3.053164482116699
1758,saint_dqn,-0.6600027084350586
1759,saint_dqn,0.854461669921875
1760,saint_dqn,1.862534523010254
1761,saint_dqn,-0.5503749847412109
1762,saint_dqn,1.7951745986938477
1763,saint_dqn,5.8127851486206055
1764,saint_dqn,-1.2203373908996582
1765,saint_dqn,0.8090982437133789
1766,saint_dqn,1.0809650421142578
1767,saint_dqn,-0.07393360137939453
1768,saint_dqn,0.47790050506591797
1769,saint_dqn,-0.29976844787597656
1770,saint_dqn,-0.06397247314453125
1771,saint_dqn,4.755173683166504
1772,saint_dqn,-0.10754013061523438
1773,saint_dqn,1.9194841384887695
1774,saint_dqn,1.2583255767822266
1775,saint_dqn,1.9797401428222656
1776,saint_dqn,0.26619911193847656
1777,saint_dqn,0.9655427932739258
1778,saint_dqn,1.5809898376464844
1779,saint_dqn,0.6136283874511719
1780,saint_dqn,0.7520027160644531
1781,saint_dqn,0.5924367904663086
1782,saint_dqn,1.187662124633789
1783,saint_dqn,1.2058906555175781
1784,saint_dqn,-1.3955621719360352
1785,saint_dqn,4.155920028686523
1786,saint_dqn,-0.06515884399414062
1787,saint_dqn,0.32749366760253906
1788,saint_dqn,1.5891447067260742
1789,saint_dqn,0.2042713165283203
1790,saint_dqn,0.4018058776855469
1791,saint_dqn,0.545588493347168
1792,saint_dqn,3.6803598403930664
1793,saint_dqn,2.07088565826416
1794,saint_dqn,-0.8827123641967773
1795,saint_dqn,1.2154521942138672
1796,saint_dqn,0.9149913787841797
1797,saint_dqn,0.6062297821044922
1798,saint_dqn,1.7246322631835938
1799,saint_dqn,0.9535140991210938
1800,saint_dqn,5.671306610107422
1801,saint_dqn,2.869211196899414
1802,saint_dqn,1.0804529190063477
1803,saint_dqn,0.6948146820068359
1804,saint_dqn,1.0241403579711914
1805,saint_dqn,3.9253101348876953
1806,saint_dqn,3.025827407836914
1807,saint_dqn,-0.798731803894043
1808,saint_dqn,1.0279693603515625
1809,saint_dqn,0.8361072540283203
1810,saint_dqn,1.2991943359375
1811,saint_dqn,-1.00897216796875
1812,saint_dqn,4.140859603881836
1813,saint_dqn,-0.24918174743652344
1814,saint_dqn,1.4628582000732422
1815,saint_dqn,0.4631690979003906
1816,saint_dqn,1.0318965911865234
1817,saint_dqn,0.6349725723266602
1818,saint_dqn,-0.5675277709960938
1819,saint_dqn,0.7250785827636719
1820,saint_dqn,2.0764617919921875
1821,saint_dqn,1.016214370727539
1822,saint_dqn,-1.7162408828735352
1823,saint_dqn,1.414137840270996
1824,saint_dqn,0.8435201644897461
1825,saint_dqn,4.301874160766602
1826,saint_dqn,0.24849796295166016
1827,saint_dqn,-0.02596759796142578
1828,saint_dqn,1.4537172317504883
1829,saint_dqn,1.1835994720458984
1830,saint_dqn,1.5231189727783203
1831,saint_dqn,2.406691551208496
1832,saint_dqn,0.34983062744140625
1833,saint_dqn,-0.7753448486328125
1834,saint_dqn,2.5012826919555664
1835,saint_dqn,0.32062721252441406
1836,saint_dqn,0.6604347229003906
1837,saint_dqn,0.8957071304321289
1838,saint_dqn,1.1911773681640625
1839,saint_dqn,-1.1364765167236328
1840,saint_dqn,0.8749771118164062
1841,saint_dqn,0.26740264892578125
1842,saint_dqn,0.3918781280517578
1843,saint_dqn,2.475255012512207
1844,saint_dqn,1.8297386169433594
1845,saint_dqn,1.361215591430664
1846,saint_dqn,5.369490623474121
1847,saint_dqn,1.4886560440063477
1848,saint_dqn,0.07398223876953125
1849,saint_dqn,0.7123336791992188
1850,saint_dqn,0.33521461486816406
1851,saint_dqn,-0.6119670867919922
1852,saint_dqn,1.6356887817382812
1853,saint_dqn,-0.39982128143310547
1854,saint_dqn,0.8498001098632812
1855,saint_dqn,1.5901308059692383
1856,saint_dqn,1.0898399353027344
1857,saint_dqn,0.3318653106689453
1858,saint_dqn,-0.6157312393188477
1859,saint_dqn,0.9869241714477539
1860,saint_dqn,0.7498359680175781
1861,saint_dqn,0.023586273193359375
1862,saint_dqn,0.25594234466552734
1863,saint_dqn,2.502896308898926
1864,saint_dqn,5.652888298034668
1865,saint_dqn,-0.6763391494750977
1866,saint_dqn,1.3818435668945312
1867,saint_dqn,2.854275703430176
1868,saint_dqn,-0.09361648559570312
1869,saint_dqn,1.3838300704956055
1870,saint_dqn,1.6993255615234375
1871,saint_dqn,1.433772087097168
1872,saint_dqn,0.9341011047363281
1873,saint_dqn,1.0894804000854492
1874,saint_dqn,1.3764209747314453
1875,saint_dqn,2.1342220306396484
1876,saint_dqn,1.833242416381836
1877,saint_dqn,0.8310213088989258
1878,saint_dqn,0.5828037261962891
1879,saint_dqn,0.34417152404785156
1880,saint_dqn,0.4615440368652344
1881,saint_dqn,0.7575626373291016
1882,saint_dqn,2.404489517211914
1883,saint_dqn,2.8967275619506836
1884,saint_dqn,1.5374469757080078
1885,saint_dqn,0.9401302337646484
1886,saint_dqn,0.9908618927001953
1887,saint_dqn,0.11510372161865234
1888,saint_dqn,1.3718528747558594
1889,saint_dqn,0.8701744079589844
1890,saint_dqn,1.4845590591430664
1891,saint_dqn,-1.2802352905273438
1892,saint_dqn,0.0454864501953125
1893,saint_dqn,0.9300441741943359
1894,saint_dqn,-0.567357063293457
1895,saint_dqn,0.7968368530273438
1896,saint_dqn,1.4985294342041016
1897,saint_dqn,2.353696823120117
1898,saint_dqn,0.9957399368286133
1899,saint_dqn,-0.5652303695678711
1900,saint_dqn,1.200693130493164
1901,saint_dqn,0.565424919128418
1902,saint_dqn,-1.2680730819702148
1903,saint_dqn,3.7191810607910156
1904,saint_dqn,-0.7173299789428711
1905,saint_dqn,0.5708017349243164
1906,saint_dqn,0.7193107604980469
1907,saint_dqn,3.3824052810668945
1908,saint_dqn,4.932229042053223
1909,saint_dqn,0.652338981628418
1910,saint_dqn,0.5402565002441406
1911,saint_dqn,-0.055388450622558594
1912,saint_dqn,1.679311752319336
1913,saint_dqn,-0.07418441772460938
1914,saint_dqn,-0.4769630432128906
1915,saint_dqn,-0.5252742767333984
1916,saint_dqn,0.6629533767700195
1917,saint_dqn,3.4599733352661133
1918,saint_dqn,2.188993453979492
1919,saint_dqn,0.901331901550293
1920,saint_dqn,2.7907562255859375
1921,saint_dqn,-0.22368431091308594
1922,saint_dqn,-0.709254264831543
1923,saint_dqn,0.2623014450073242
1924,saint_dqn,2.6255006790161133
1925,saint_dqn,1.299764633178711
1926,saint_dqn,0.28765010833740234
1927,saint_dqn,0.8140010833740234
1928,saint_dqn,0.05844306945800781
1929,saint_dqn,2.2116613388061523
1930,saint_dqn,0.2594614028930664
1931,saint_dqn,1.3066844940185547
1932,saint_dqn,0.48883533477783203
1933,saint_dqn,-0.024404525756835938
1934,saint_dqn,0.8777713775634766
1935,saint_dqn,-0.5732707977294922
1936,saint_dqn,-2.779604911804199
1937,saint_dqn,2.28414249420166
1938,saint_dqn,-0.4188957214355469
1939,saint_dqn,1.083749771118164
1940,saint_dqn,1.6456294059753418
1941,saint_dqn,2.0776710510253906
1942,saint_dqn,2.877622604370117
1943,saint_dqn,-0.5512790679931641
1944,saint_dqn,-0.4448423385620117
1945,saint_dqn,3.004286766052246
1946,saint_dqn,0.9323749542236328
1947,saint_dqn,1.7362642288208008
1948,saint_dqn,0.9234409332275391
1949,saint_dqn,3.2266616821289062
1950,saint_dqn,0.5806198120117188
1951,saint_dqn,2.770597457885742
1952,saint_dqn,0.3057575225830078
1953,saint_dqn,-0.14676284790039062
1954,saint_dqn,1.840468406677246
1955,saint_dqn,1.2572669982910156
1956,saint_dqn,0.09195804595947266
1957,saint_dqn,0.10466861724853516
1958,saint_dqn,1.0334129333496094
1959,saint_dqn,0.43222618103027344
1960,saint_dqn,1.180710792541504
1961,saint_dqn,1.2175312042236328
1962,saint_dqn,0.8943824768066406
1963,saint_dqn,1.0593938827514648
1964,saint_dqn,0.4004335403442383
1965,saint_dqn,0.1310291290283203
1966,saint_dqn,0.6979198455810547
1967,saint_dqn,-1.1016960144042969
1968,saint_dqn,3.7095413208007812
1969,saint_dqn,1.6564836502075195
1970,saint_dqn,-0.9574069976806641
1971,saint_dqn,1.5564355850219727
1972,saint_dqn,0.15707111358642578
1973,saint_dqn,1.7000055313110352
1974,saint_dqn,2.16648006439209
1975,saint_dqn,-0.32813262939453125
1976,saint_dqn,1.1138277053833008
1977,saint_dqn,0.5458927154541016
1978,saint_dqn,-0.2699098587036133
1979,saint_dqn,2.2363576889038086
1980,saint_dqn,0.017877578735351562
1981,saint_dqn,0.8795900344848633
1982,saint_dqn,1.3977432250976562
1983,saint_dqn,1.2288169860839844
1984,saint_dqn,0.08583259582519531
1985,saint_dqn,-0.593170166015625
1986,saint_dqn,1.5392980575561523
1987,saint_dqn,1.5513267517089844
1988,saint_dqn,3.9021968841552734
1989,saint_dqn,0.26833343505859375
1990,saint_dqn,0.9374656677246094
1991,saint_dqn,2.596494674682617
1992,saint_dqn,0.706416130065918
1993,saint_dqn,0.5841588973999023
1994,saint_dqn,0.7617053985595703
1995,saint_dqn,2.899944305419922
1996,saint_dqn,3.5019655227661133
1997,saint_dqn,0.6106090545654297
1998,saint_dqn,-0.3697242736816406
1999,saint_dqn,1.087646484375
2000,saint_dqn,1.2833499908447266
2001,saint_dqn,-0.5543537139892578
2002,saint_dqn,1.1093626022338867
2003,saint_dqn,2.219639778137207
2004,saint_dqn,0.19187164306640625
2005,saint_dqn,1.194584846496582
2006,saint_dqn,1.137120246887207
2007,saint_dqn,-1.4284906387329102
2008,saint_dqn,0.46712398529052734
2009,saint_dqn,1.6405391693115234
2010,saint_dqn,0.7660837173461914
2011,saint_dqn,1.3751840591430664
2012,saint_dqn,2.2504968643188477
2013,saint_dqn,-1.1344614028930664
2014,saint_dqn,1.3457279205322266
2015,saint_dqn,0.5094852447509766
2016,saint_dqn,0.798457145690918
2017,saint_dqn,0.7663755416870117
2018,saint_dqn,1.7450237274169922
2019,saint_dqn,3.3168773651123047
2020,saint_dqn,0.6421928405761719
2021,saint_dqn,0.4666299819946289
2022,saint_dqn,0.5295553207397461
2023,saint_dqn,2.399386405944824
2024,saint_dqn,3.7105274200439453
2025,saint_dqn,2.4576148986816406
2026,saint_dqn,2.440797805786133
2027,saint_dqn,1.2662105560302734
2028,saint_dqn,0.5505914688110352
2029,saint_dqn,-0.4109621047973633
2030,saint_dqn,2.81844425201416
2031,saint_dqn,1.4656181335449219
2032,saint_dqn,1.6627082824707031
2033,saint_dqn,0.5917797088623047
2034,saint_dqn,1.9625015258789062
2035,saint_dqn,0.9911203384399414
2036,saint_dqn,1.0314102172851562
2037,saint_dqn,1.815805435180664
2038,saint_dqn,1.0175285339355469
2039,saint_dqn,0.868281364440918
2040,saint_dqn,5.533411026000977
2041,saint_dqn,0.7759189605712891
2042,saint_dqn,1.3344078063964844
2043,saint_dqn,0.5895805358886719
2044,saint_dqn,0.9996986389160156
2045,saint_dqn,1.9115524291992188
2046,saint_dqn,-0.7333126068115234
2047,saint_dqn,0.6978435516357422
2048,saint_dqn,1.5997085571289062
2049,saint_dqn,2.5541744232177734
2050,saint_dqn,1.6074104309082031
2051,saint_dqn,2.6818065643310547
2052,saint_dqn,1.0457782745361328
2053,saint_dqn,0.3580341339111328
2054,saint_dqn,1.3620891571044922
2055,saint_dqn,0.3571481704711914
2056,saint_dqn,1.2355165481567383
2057,saint_dqn,0.34228038787841797
2058,saint_dqn,2.697141647338867
2059,saint_dqn,0.5848455429077148
2060,saint_dqn,1.9137048721313477
2061,saint_dqn,-0.4045219421386719
2062,saint_dqn,4.975331783294678
2063,saint_dqn,-0.25232887268066406
2064,saint_dqn,1.076085090637207
2065,saint_dqn,0.8358068466186523
2066,saint_dqn,0.2909412384033203
2067,saint_dqn,0.6734638214111328
2068,saint_dqn,0.008461952209472656
2069,saint_dqn,0.05394458770751953
2070,saint_dqn,4.001457691192627
2071,saint_dqn,1.113851547241211
2072,saint_dqn,2.3043947219848633
2073,saint_dqn,0.415313720703125
2074,saint_dqn,1.6274662017822266
2075,saint_dqn,1.8301219940185547
2076,saint_dqn,1.3637933731079102
2077,saint_dqn,1.0442075729370117
2078,saint_dqn,0.33443260192871094
2079,saint_dqn,1.4490118026733398
2080,saint_dqn,0.3806180953979492
2081,saint_dqn,1.82513427734375
2082,saint_dqn,-0.5734682083129883
2083,saint_dqn,0.22416973114013672
2084,saint_dqn,0.18199920654296875
2085,saint_dqn,1.4912166595458984
2086,saint_dqn,0.5317859649658203
2087,saint_dqn,1.6341733932495117
2088,saint_dqn,1.0243377685546875
2089,saint_dqn,-0.01031494140625
2090,saint_dqn,0.6058473587036133
2091,saint_dqn,1.525385856628418
2092,saint_dqn,-1.4990482330322266
2093,saint_dqn,0.058349609375
2094,saint_dqn,1.4531612396240234
2095,saint_dqn,0.7423362731933594
2096,saint_dqn,1.2085065841674805
2097,saint_dqn,1.0377769470214844
2098,saint_dqn,0.6312990188598633
2099,saint_dqn,1.6305551528930664
2100,saint_dqn,1.070601463317871
2101,saint_dqn,-0.1502532958984375
2102,saint_dqn,1.4014720916748047
2103,saint_dqn,0.3569765090942383
2104,saint_dqn,0.539337158203125
2105,saint_dqn,-1.0363683700561523
2106,saint_dqn,0.9711570739746094
2107,saint_dqn,2.286564826965332
2108,saint_dqn,0.7754068374633789
2109,saint_dqn,0.38039588928222656
2110,saint_dqn,-1.2555599212646484
2111,saint_dqn,0.6786289215087891
2112,saint_dqn,1.1113510131835938
2113,saint_dqn,1.7913990020751953
2114,saint_dqn,0.8195381164550781
2115,saint_dqn,1.1885108947753906
2116,saint_dqn,1.896707534790039
2117,saint_dqn,0.1433258056640625
2118,saint_dqn,1.1509885787963867
2119,saint_dqn,1.075760841369629
2120,saint_dqn,-0.7127895355224609
2121,saint_dqn,1.245671272277832
2122,saint_dqn,1.1034488677978516
2123,saint_dqn,2.0941505432128906
2124,saint_dqn,0.8466434478759766
2125,saint_dqn,-1.4036693572998047
2126,saint_dqn,-0.35657215118408203
2127,saint_dqn,0.6602420806884766
2128,saint_dqn,1.4610776901245117
2129,saint_dqn,0.6738061904907227
2130,saint_dqn,0.8031806945800781
2131,saint_dqn,1.0824337005615234
2132,saint_dqn,-1.2661662101745605
2133,saint_dqn,1.2977638244628906
2134,saint_dqn,-1.3794097900390625
2135,saint_dqn,0.8789815902709961
2136,saint_dqn,-0.148193359375
2137,saint_dqn,1.4462347030639648
2138,saint_dqn,0.8927650451660156
2139,saint_dqn,0.40503883361816406
2140,saint_dqn,0.48229217529296875
2141,saint_dqn,0.8085775375366211
2142,saint_dqn,0.5121564865112305
2143,saint_dqn,1.6572742462158203
2144,saint_dqn,0.739013671875
2145,saint_dqn,0.9481735229492188
2146,saint_dqn,1.5556316375732422
2147,saint_dqn,1.5081672668457031
2148,saint_dqn,0.254547119140625
2149,saint_dqn,1.1245431900024414
2150,saint_dqn,0.3365354537963867
2151,saint_dqn,0.42447757720947266
2152,saint_dqn,1.0924129486083984
2153,saint_dqn,1.3359441757202148
2154,saint_dqn,1.626516342163086
2155,saint_dqn,0.4519214630126953
2156,saint_dqn,1.987462043762207
2157,saint_dqn,0.16837787628173828
2158,saint_dqn,0.29439353942871094
2159,saint_dqn,3.9834184646606445
2160,saint_dqn,4.544460296630859
2161,saint_dqn,0.5513114929199219
2162,saint_dqn,4.801807403564453
2163,saint_dqn,2.9964141845703125
2164,saint_dqn,0.909724235534668
2165,saint_dqn,3.228057861328125
2166,saint_dqn,0.8708782196044922
2167,saint_dqn,0.5926876068115234
2168,saint_dqn,2.8731517791748047
2169,saint_dqn,1.4772062301635742
2170,saint_dqn,1.609405517578125
2171,saint_dqn,1.307326316833496
2172,saint_dqn,1.2448396682739258
2173,saint_dqn,0.3078269958496094
2174,saint_dqn,-0.05711555480957031
2175,saint_dqn,-1.7512874603271484
2176,saint_dqn,1.4886064529418945
2177,saint_dqn,0.659149169921875
2178,saint_dqn,1.3305339813232422
2179,saint_dqn,2.6339149475097656
2180,saint_dqn,-0.31308460235595703
2181,saint_dqn,2.666079521179199
2182,saint_dqn,1.03277587890625
2183,saint_dqn,-1.062765121459961
2184,saint_dqn,0.3662567138671875
2185,saint_dqn,-0.806279182434082
2186,saint_dqn,0.7876081466674805
2187,saint_dqn,1.7129898071289062
2188,saint_dqn,0.47533607482910156
2189,saint_dqn,4.72721004486084
2190,saint_dqn,1.021449089050293
2191,saint_dqn,0.8331880569458008
2192,saint_dqn,0.4147777557373047
2193,saint_dqn,1.2226037979125977
2194,saint_dqn,0.4482574462890625
2195,saint_dqn,4.334599494934082
2196,saint_dqn,1.026193618774414
2197,saint_dqn,3.328001022338867
2198,saint_dqn,0.29953670501708984
2199,saint_dqn,1.3763971328735352
2200,saint_dqn,2.104297637939453
2201,saint_dqn,2.3386754989624023
2202,saint_dqn,1.4159717559814453
2203,saint_dqn,3.5545969009399414
2204,saint_dqn,2.8551502227783203
2205,saint_dqn,0.6733055114746094
2206,saint_dqn,-1.0429801940917969
2207,saint_dqn,2.788248062133789
2208,saint_dqn,0.09452152252197266
2209,saint_dqn,0.1515350341796875
2210,saint_dqn,2.8136463165283203
2211,saint_dqn,1.2550296783447266
2212,saint_dqn,-0.08929824829101562
2213,saint_dqn,-0.21310043334960938
2214,saint_dqn,2.2575817108154297
2215,saint_dqn,0.8672618865966797
2216,saint_dqn,1.721414566040039
2217,saint_dqn,0.5321121215820312
2218,saint_dqn,2.732609748840332
2219,saint_dqn,2.163177490234375
2220,saint_dqn,0.7629127502441406
2221,saint_dqn,1.2498931884765625
2222,saint_dqn,1.662430763244629
2223,saint_dqn,1.5395565032958984
2224,saint_dqn,3.3395137786865234
2225,saint_dqn,1.6425065994262695
2226,saint_dqn,0.732813835144043
2227,saint_dqn,-0.2689666748046875
2228,saint_dqn,0.6662979125976562
2229,saint_dqn,0.615330696105957
2230,saint_dqn,0.9646100997924805
2231,saint_dqn,0.25238800048828125
2232,saint_dqn,-0.4150524139404297
2233,saint_dqn,1.5402698516845703
2234,saint_dqn,0.357177734375
2235,saint_dqn,0.7047863006591797
2236,saint_dqn,1.5618324279785156
2237,saint_dqn,0.5772171020507812
2238,saint_dqn,0.9223737716674805
2239,saint_dqn,5.2382659912109375
2240,saint_dqn,0.4726371765136719
2241,saint_dqn,-0.5002326965332031
2242,saint_dqn,-0.20177459716796875
2243,saint_dqn,0.698124885559082
2244,saint_dqn,-0.879908561706543
2245,saint_dqn,0.5620241165161133
2246,saint_dqn,0.16392898559570312
2247,saint_dqn,4.329095840454102
2248,saint_dqn,0.7895717620849609
2249,saint_dqn,1.912862777709961
2250,saint_dqn,0.8937568664550781
2251,saint_dqn,2.3733596801757812
2252,saint_dqn,0.616912841796875
2253,saint_dqn,0.6695938110351562
2254,saint_dqn,0.2632904052734375
2255,saint_dqn,3.2607669830322266
2256,saint_dqn,0.19768238067626953
2257,saint_dqn,1.36932373046875
2258,saint_dqn,0.13827133178710938
2259,saint_dqn,2.959949493408203
2260,saint_dqn,1.0172920227050781
2261,saint_dqn,0.39193153381347656
2262,saint_dqn,1.8313655853271484
2263,saint_dqn,3.1421384811401367
2264,saint_dqn,2.4143638610839844
2265,saint_dqn,0.6110706329345703
2266,saint_dqn,1.4970455169677734
2267,saint_dqn,0.6093482971191406
2268,saint_dqn,0.39688968658447266
2269,saint_dqn,2.9870376586914062
2270,saint_dqn,0.6167278289794922
2271,saint_dqn,1.052199363708496
2272,saint_dqn,0.14114856719970703
2273,saint_dqn,0.5372772216796875
2274,saint_dqn,-0.0856637954711914
2275,saint_dqn,2.1904373168945312
2276,saint_dqn,1.5795345306396484
2277,saint_dqn,2.2955408096313477
2278,saint_dqn,1.2289466857910156
2279,saint_dqn,2.381157875061035
2280,saint_dqn,2.0235986709594727
2281,saint_dqn,0.19341754913330078
2282,saint_dqn,0.8078317642211914
2283,saint_dqn,1.6165189743041992
2284,saint_dqn,0.8546409606933594
2285,saint_dqn,2.279571533203125
2286,saint_dqn,0.9779853820800781
2287,saint_dqn,2.0018062591552734
2288,saint_dqn,0.43340492248535156
2289,saint_dqn,0.6656179428100586
2290,saint_dqn,2.254779815673828
2291,saint_dqn,-0.9705276489257812
2292,saint_dqn,0.7378787994384766
2293,saint_dqn,1.2366323471069336
2294,saint_dqn,0.6891965866088867
2295,saint_dqn,1.3408746719360352
2296,saint_dqn,0.2025165557861328
2297,saint_dqn,-1.226297378540039
2298,saint_dqn,0.9768333435058594
2299,saint_dqn,1.0168771743774414
2300,saint_dqn,0.531519889831543
2301,saint_dqn,1.0867738723754883
2302,saint_dqn,1.8447208404541016
2303,saint_dqn,-0.20243072509765625
2304,saint_dqn,1.2722492218017578
2305,saint_dqn,1.5512313842773438
2306,saint_dqn,0.4414329528808594
2307,saint_dqn,-0.5503864288330078
2308,saint_dqn,1.366786003112793
2309,saint_dqn,1.1104602813720703
2310,saint_dqn,0.8828620910644531
2311,saint_dqn,1.389333724975586
2312,saint_dqn,4.042777061462402
2313,saint_dqn,0.8354072570800781
2314,saint_dqn,0.9160194396972656
2315,saint_dqn,1.6410551071166992
2316,saint_dqn,0.5381889343261719
2317,saint_dqn,0.3087034225463867
2318,saint_dqn,1.2710647583007812
2319,saint_dqn,0.4286479949951172
2320,saint_dqn,2.9338035583496094
2321,saint_dqn,4.019209384918213
2322,saint_dqn,2.064690589904785
2323,saint_dqn,1.144775390625
2324,saint_dqn,1.7336559295654297
2325,saint_dqn,-0.4485282897949219
2326,saint_dqn,1.1864233016967773
2327,saint_dqn,4.358773231506348
2328,saint_dqn,0.08600330352783203
2329,saint_dqn,0.3663330078125
2330,saint_dqn,0.3946218490600586
2331,saint_dqn,1.046478271484375
2332,saint_dqn,0.624882698059082
2333,saint_dqn,-0.38166046142578125
2334,saint_dqn,4.021702766418457
2335,saint_dqn,1.2266483306884766
2336,saint_dqn,2.420102119445801
2337,saint_dqn,0.9456939697265625
2338,saint_dqn,2.0289955139160156
2339,saint_dqn,3.5097427368164062
2340,saint_dqn,0.685603141784668
2341,saint_dqn,-0.7271022796630859
2342,saint_dqn,1.220052719116211
2343,saint_dqn,-0.2546977996826172
2344,saint_dqn,0.1881694793701172
2345,saint_dqn,2.376593589782715
2346,saint_dqn,3.350748062133789
2347,saint_dqn,-0.181732177734375
2348,saint_dqn,1.0336923599243164
2349,saint_dqn,0.47416114807128906
2350,saint_dqn,0.5807600021362305
2351,saint_dqn,-0.4427194595336914
2352,saint_dqn,2.0759973526000977
2353,saint_dqn,3.1064062118530273
2354,saint_dqn,0.2922353744506836
2355,saint_dqn,2.0944337844848633
2356,saint_dqn,4.2459869384765625
2357,saint_dqn,0.31731510162353516
2358,saint_dqn,0.7212343215942383
2359,saint_dqn,2.4478845596313477
2360,saint_dqn,0.4086189270019531
2361,saint_dqn,0.5171356201171875
2362,saint_dqn,4.462018013000488
2363,saint_dqn,2.3183746337890625
2364,saint_dqn,-0.14933490753173828
2365,saint_dqn,1.0153045654296875
2366,saint_dqn,0.9443597793579102
2367,saint_dqn,-0.5250997543334961
2368,saint_dqn,3.031043529510498
2369,saint_dqn,1.503274917602539
2370,saint_dqn,0.03711891174316406
2371,saint_dqn,1.5621967315673828
2372,saint_dqn,0.9368658065795898
2373,saint_dqn,-0.4219970703125
2374,saint_dqn,2.0783519744873047
2375,saint_dqn,2.772867202758789
2376,saint_dqn,0.035803794860839844
2377,saint_dqn,0.19409751892089844
2378,saint_dqn,-0.4485015869140625
2379,saint_dqn,0.8807735443115234
2380,saint_dqn,0.4214591979980469
2381,saint_dqn,1.9550762176513672
2382,saint_dqn,0.8191204071044922
2383,saint_dqn,1.5387954711914062
2384,saint_dqn,0.5095891952514648
2385,saint_dqn,1.0860252380371094
2386,saint_dqn,-0.07771682739257812
2387,saint_dqn,1.1915473937988281
2388,saint_dqn,-0.22704505920410156
2389,saint_dqn,1.4222211837768555
2390,saint_dqn,-0.020130157470703125
2391,saint_dqn,1.9290227890014648
2392,saint_dqn,0.9345989227294922
2393,saint_dqn,1.362868309020996
2394,saint_dqn,0.9642276763916016
2395,saint_dqn,1.9630670547485352
2396,saint_dqn,1.7847318649291992
2397,saint_dqn,1.852585792541504
2398,saint_dqn,3.724088668823242
2399,saint_dqn,0.6529579162597656
2400,saint_dqn,4.172004699707031
2401,saint_dqn,0.30618858337402344
2402,saint_dqn,1.5612783432006836
2403,saint_dqn,0.2964506149291992
2404,saint_dqn,1.4119882583618164
2405,saint_dqn,2.6508378982543945
2406,saint_dqn,1.5070514678955078
2407,saint_dqn,2.32285213470459
2408,saint_dqn,1.5548362731933594
2409,saint_dqn,0.2894744873046875
2410,saint_dqn,2.175539970397949
2411,saint_dqn,-0.7712383270263672
2412,saint_dqn,2.6399917602539062
2413,saint_dqn,1.5123538970947266
2414,saint_dqn,2.8926620483398438
2415,saint_dqn,0.059879302978515625
2416,saint_dqn,0.8824443817138672
2417,saint_dqn,0.09540367126464844
2418,saint_dqn,1.3340435028076172
2419,saint_dqn,0.3859281539916992
2420,saint_dqn,3.944194793701172
2421,saint_dqn,0.6276884078979492
2422,saint_dqn,0.36371421813964844
2423,saint_dqn,0.8568010330200195
2424,saint_dqn,-0.117523193359375
2425,saint_dqn,1.795241355895996
2426,saint_dqn,-0.7797670364379883
2427,saint_dqn,2.824355125427246
2428,saint_dqn,0.5116405487060547
2429,saint_dqn,0.34012317657470703
2430,saint_dqn,3.2689552307128906
2431,saint_dqn,2.9097347259521484
2432,saint_dqn,1.5720281600952148
2433,saint_dqn,-0.6269407272338867
2434,saint_dqn,0.7658967971801758
2435,saint_dqn,-0.09284210205078125
2436,saint_dqn,1.2068653106689453
2437,saint_dqn,3.663754463195801
2438,saint_dqn,1.3693857192993164
2439,saint_dqn,1.8495025634765625
2440,saint_dqn,1.9739618301391602
2441,saint_dqn,0.8886337280273438
2442,saint_dqn,-1.5195465087890625
2443,saint_dqn,0.23161029815673828
2444,saint_dqn,-0.7493047714233398
2445,saint_dqn,1.7036457061767578
2446,saint_dqn,2.945061683654785
2447,saint_dqn,1.4942455291748047
2448,saint_dqn,1.7808866500854492
2449,saint_dqn,0.4603729248046875
2450,saint_dqn,0.6258878707885742
2451,saint_dqn,-1.5035343170166016
2452,saint_dqn,1.112253189086914
2453,saint_dqn,0.7563858032226562
2454,saint_dqn,3.555614471435547
2455,saint_dqn,0.88671875
2456,saint_dqn,1.19244384765625
2457,saint_dqn,-0.3291330337524414
2458,saint_dqn,2.302638053894043
2459,saint_dqn,1.5628433227539062
2460,saint_dqn,3.0259342193603516
2461,saint_dqn,0.7202444076538086
2462,saint_dqn,1.0797309875488281
2463,saint_dqn,2.075995445251465
2464,saint_dqn,0.1683816909790039
2465,saint_dqn,1.566183090209961
2466,saint_dqn,1.6883821487426758
2467,saint_dqn,2.2990856170654297
2468,saint_dqn,1.0232772827148438
2469,saint_dqn,-0.08858489990234375
2470,saint_dqn,-1.4708490371704102
2471,saint_dqn,2.305835723876953
2472,saint_dqn,3.3021841049194336
2473,saint_dqn,0.2569770812988281
2474,saint_dqn,1.5609722137451172
2475,saint_dqn,1.1250734329223633
2476,saint_dqn,0.9090814590454102
2477,saint_dqn,0.08066654205322266
2478,saint_dqn,1.489959716796875
2479,saint_dqn,0.8726892471313477
2480,saint_dqn,2.3137521743774414
2481,saint_dqn,6.737764358520508
2482,saint_dqn,0.8517932891845703
2483,saint_dqn,-0.7943882942199707
2484,saint_dqn,1.0018692016601562
2485,saint_dqn,2.393817901611328
2486,saint_dqn,0.5610246658325195
2487,saint_dqn,2.148069381713867
2488,saint_dqn,1.6741523742675781
2489,saint_dqn,0.4601259231567383
2490,saint_dqn,0.8284292221069336
2491,saint_dqn,0.08992862701416016
2492,saint_dqn,0.07748556137084961
2493,saint_dqn,2.3503494262695312
2494,saint_dqn,2.3059911727905273
2495,saint_dqn,5.082763195037842
2496,saint_dqn,1.960184097290039
2497,saint_dqn,3.1363697052001953
2498,saint_dqn,1.4067802429199219
2499,saint_dqn,5.890010833740234
2500,saint_dqn,2.4043149948120117
2501,saint_dqn,1.8532600402832031
2502,saint_dqn,0.09170341491699219
2503,saint_dqn,0.6360883712768555
2504,saint_dqn,0.8057489395141602
2505,saint_dqn,2.239980697631836
2506,saint_dqn,1.1032915115356445
2507,saint_dqn,1.2284765243530273
2508,saint_dqn,1.6692781448364258
2509,saint_dqn,2.296319007873535
2510,saint_dqn,-0.0820913314819336
2511,saint_dqn,0.7959499359130859
2512,saint_dqn,0.38042259216308594
2513,saint_dqn,1.534097671508789
2514,saint_dqn,0.9353199005126953
2515,saint_dqn,0.8279533386230469
2516,saint_dqn,1.0579500198364258
2517,saint_dqn,1.4129209518432617
2518,saint_dqn,0.04571342468261719
2519,saint_dqn,1.6280288696289062
2520,saint_dqn,0.9069690704345703
2521,saint_dqn,0.874659538269043
2522,saint_dqn,-0.2993049621582031
2523,saint_dqn,-1.0109663009643555
2524,saint_dqn,1.9162845611572266
2525,saint_dqn,1.626786231994629
2526,saint_dqn,0.8392190933227539
2527,saint_dqn,1.972604751586914
2528,saint_dqn,1.1439189910888672
2529,saint_dqn,1.8693056106567383
2530,saint_dqn,1.7547521591186523
2531,saint_dqn,2.365483283996582
2532,saint_dqn,2.670482635498047
2533,saint_dqn,1.3242321014404297
2534,saint_dqn,-0.9060487747192383
2535,saint_dqn,1.568772315979004
2536,saint_dqn,3.3792762756347656
2537,saint_dqn,5.180760383605957
2538,saint_dqn,2.1990861892700195
2539,saint_dqn,1.410675048828125
2540,saint_dqn,0.5770854949951172
2541,saint_dqn,1.5396928787231445
2542,saint_dqn,1.9896173477172852
2543,saint_dqn,2.6401681900024414
2544,saint_dqn,0.5578155517578125
2545,saint_dqn,1.7721424102783203
2546,saint_dqn,1.7729301452636719
2547,saint_dqn,0.9019899368286133
2548,saint_dqn,1.4863395690917969
2549,saint_dqn,-0.7625741958618164
2550,saint_dqn,0.9515657424926758
2551,saint_dqn,-0.004383087158203125
2552,saint_dqn,0.21878814697265625
2553,saint_dqn,3.80230712890625
2554,saint_dqn,1.2296438217163086
2555,saint_dqn,1.2116165161132812
2556,saint_dqn,2.1582889556884766
2557,saint_dqn,4.1337785720825195
2558,saint_dqn,2.953061103820801
2559,saint_dqn,0.8935956954956055
2560,saint_dqn,0.8049888610839844
2561,saint_dqn,0.9787302017211914
2562,saint_dqn,4.324580192565918
2563,saint_dqn,1.2740850448608398
2564,saint_dqn,0.5711240768432617
2565,saint_dqn,0.9955739974975586
2566,saint_dqn,0.27391815185546875
2567,saint_dqn,1.5752153396606445
2568,saint_dqn,0.12026500701904297
2569,saint_dqn,-0.17304229736328125
2570,saint_dqn,-0.5583038330078125
2571,saint_dqn,1.9304990768432617
2572,saint_dqn,1.7145166397094727
2573,saint_dqn,0.3101625442504883
2574,saint_dqn,2.1337108612060547
2575,saint_dqn,-0.2689809799194336
2576,saint_dqn,1.5127754211425781
2577,saint_dqn,3.5444860458374023
2578,saint_dqn,0.44188499450683594
2579,saint_dqn,1.2442445755004883
2580,saint_dqn,3.4983749389648438
2581,saint_dqn,4.716137886047363
2582,saint_dqn,0.9285411834716797
2583,saint_dqn,-0.2853107452392578
2584,saint_dqn,-0.026604652404785156
2585,saint_dqn,4.884773254394531
2586,saint_dqn,0.8167438507080078
2587,saint_dqn,2.804928779602051
2588,saint_dqn,3.3218908309936523
2589,saint_dqn,0.5283737182617188
2590,saint_dqn,0.3784637451171875
2591,saint_dqn,1.7415294647216797
2592,saint_dqn,3.666306495666504
2593,saint_dqn,0.8940544128417969
2594,saint_dqn,4.014216423034668
2595,saint_dqn,1.5303640365600586
2596,saint_dqn,1.487898826599121
2597,saint_dqn,1.017526626586914
2598,saint_dqn,3.924990653991699
2599,saint_dqn,0.0673065185546875
2600,saint_dqn,0.2791862487792969
2601,saint_dqn,1.0181541442871094
2602,saint_dqn,0.6021232604980469
2603,saint_dqn,4.154463768005371
2604,saint_dqn,0.0068416595458984375
2605,saint_dqn,-0.4339103698730469
2606,saint_dqn,1.6560935974121094
2607,saint_dqn,0.7724552154541016
2608,saint_dqn,0.8286781311035156
2609,saint_dqn,0.4044466018676758
2610,saint_dqn,0.7758989334106445
2611,saint_dqn,0.32656288146972656
2612,saint_dqn,2.044862747192383
2613,saint_dqn,1.8406352996826172
2614,saint_dqn,0.8100509643554688
2615,saint_dqn,2.407505989074707
2616,saint_dqn,-0.0037679672241210938
2617,saint_dqn,1.281172752380371
2618,saint_dqn,0.727686882019043
2619,saint_dqn,-1.2382535934448242
2620,saint_dqn,0.2219562530517578
2621,saint_dqn,-0.5904827117919922
2622,saint_dqn,1.3959836959838867
2623,saint_dqn,1.815699577331543
2624,saint_dqn,1.3816518783569336
2625,saint_dqn,1.050950050354004
2626,saint_dqn,2.1091814041137695
2627,saint_dqn,1.4796972274780273
2628,saint_dqn,-0.9327678680419922
2629,saint_dqn,0.7510604858398438
2630,saint_dqn,1.452911376953125
2631,saint_dqn,1.3169641494750977
2632,saint_dqn,2.150221824645996
2633,saint_dqn,0.49270153045654297
2634,saint_dqn,3.80081844329834
2635,saint_dqn,0.9520759582519531
2636,saint_dqn,1.029587745666504
2637,saint_dqn,5.944257736206055
2638,saint_dqn,2.156783103942871
2639,saint_dqn,0.8100452423095703
2640,saint_dqn,1.5671310424804688
2641,saint_dqn,1.323491096496582
2642,saint_dqn,1.0437860488891602
2643,saint_dqn,-0.03709602355957031
2644,saint_dqn,2.3014869689941406
2645,saint_dqn,0.7027482986450195
2646,saint_dqn,2.2341690063476562
2647,saint_dqn,1.0249767303466797
2648,saint_dqn,-0.25804615020751953
2649,saint_dqn,0.1516571044921875
2650,saint_dqn,1.2215089797973633
2651,saint_dqn,1.3499422073364258
2652,saint_dqn,-0.19516944885253906
2653,saint_dqn,0.33281517028808594
2654,saint_dqn,-0.5416507720947266
2655,saint_dqn,-0.6621112823486328
2656,saint_dqn,-0.15732479095458984
2657,saint_dqn,-0.5777406692504883
2658,saint_dqn,-0.6110382080078125
2659,saint_dqn,1.6897220611572266
2660,saint_dqn,2.252861976623535
2661,saint_dqn,1.211379051208496
2662,saint_dqn,3.019036293029785
2663,saint_dqn,0.40245723724365234
2664,saint_dqn,1.614065170288086
2665,saint_dqn,4.046426773071289
2666,saint_dqn,3.584652900695801
2667,saint_dqn,1.5416193008422852
2668,saint_dqn,0.0757598876953125
2669,saint_dqn,-0.5035114288330078
2670,saint_dqn,-0.3737611770629883
2671,saint_dqn,1.4001502990722656
2672,saint_dqn,1.3323898315429688
2673,saint_dqn,1.0695581436157227
2674,saint_dqn,3.6564388275146484
2675,saint_dqn,2.5768470764160156
2676,saint_dqn,0.8911151885986328
2677,saint_dqn,2.4768600463867188
2678,saint_dqn,2.8820018768310547
2679,saint_dqn,0.6491079330444336
2680,saint_dqn,0.7100467681884766
2681,saint_dqn,1.5856637954711914
2682,saint_dqn,-1.7782630920410156
2683,saint_dqn,1.3344612121582031
2684,saint_dqn,1.089834213256836
2685,saint_dqn,1.6672677993774414
2686,saint_dqn,0.9323644638061523
2687,saint_dqn,1.4218635559082031
2688,saint_dqn,1.1572437286376953
2689,saint_dqn,-0.1541309356689453
2690,saint_dqn,-1.662384033203125
2691,saint_dqn,0.16329383850097656
2692,saint_dqn,-0.35584449768066406
2693,saint_dqn,1.599472999572754
2694,saint_dqn,2.002553939819336
2695,saint_dqn,1.646681785583496
2696,saint_dqn,0.4181070327758789
2697,saint_dqn,0.8382806777954102
2698,saint_dqn,0.32507801055908203
2699,saint_dqn,2.3884334564208984
2700,saint_dqn,2.884143829345703
2701,saint_dqn,-0.7898473739624023
2702,saint_dqn,5.219784736633301
2703,saint_dqn,1.882695198059082
2704,saint_dqn,1.509695053100586
2705,saint_dqn,0.1560373306274414
2706,saint_dqn,1.4189987182617188
2707,saint_dqn,2.2627220153808594
2708,saint_dqn,4.673004150390625e-05
2709,saint_dqn,3.610568046569824
2710,saint_dqn,0.7349910736083984
2711,saint_dqn,-2.601956367492676
2712,saint_dqn,3.4692516326904297
2713,saint_dqn,1.1174497604370117
2714,saint_dqn,1.507192611694336
2715,saint_dqn,0.6647920608520508
2716,saint_dqn,0.4811849594116211
2717,saint_dqn,0.30763912200927734
2718,saint_dqn,-0.521397590637207
2719,saint_dqn,3.1610732078552246
2720,saint_dqn,0.8954315185546875
2721,saint_dqn,0.07442665100097656
2722,saint_dqn,2.664896011352539
2723,saint_dqn,-0.028329849243164062
2724,saint_dqn,0.7879600524902344
2725,saint_dqn,1.7997846603393555
2726,saint_dqn,0.33742427825927734
2727,saint_dqn,0.5138082504272461
2728,saint_dqn,0.6615018844604492
2729,saint_dqn,1.1185483932495117
2730,saint_dqn,-0.3664989471435547
2731,saint_dqn,2.351130485534668
2732,saint_dqn,2.4355859756469727
2733,saint_dqn,-0.46805667877197266
2734,saint_dqn,0.6286334991455078
2735,saint_dqn,1.0286951065063477
2736,saint_dqn,4.1099700927734375
2737,saint_dqn,2.829464912414551
2738,saint_dqn,0.5201740264892578
2739,saint_dqn,0.9717516899108887
2740,saint_dqn,-0.951441764831543
2741,saint_dqn,-1.1137218475341797
2742,saint_dqn,2.9123125076293945
2743,saint_dqn,4.043963432312012
2744,saint_dqn,1.0643997192382812
2745,saint_dqn,0.3565635681152344
2746,saint_dqn,0.991790771484375
2747,saint_dqn,0.8496122360229492
2748,saint_dqn,0.29963111877441406
2749,saint_dqn,0.8991937637329102
2750,saint_dqn,2.223400115966797
2751,saint_dqn,1.318288803100586
2752,saint_dqn,0.6730155944824219
2753,saint_dqn,3.848560333251953
2754,saint_dqn,1.6980857849121094
2755,saint_dqn,4.3972625732421875
2756,saint_dqn,0.6325473785400391
2757,saint_dqn,6.974820613861084
2758,saint_dqn,1.0613117218017578
2759,saint_dqn,1.5422801971435547
2760,saint_dqn,1.3479137420654297
2761,saint_dqn,0.39306068420410156
2762,saint_dqn,4.380067825317383
2763,saint_dqn,-0.5693302154541016
2764,saint_dqn,2.8277759552001953
2765,saint_dqn,0.5668706893920898
2766,saint_dqn,0.21321392059326172
2767,saint_dqn,1.619384765625
2768,saint_dqn,-1.3856940269470215
2769,saint_dqn,4.941152572631836
2770,saint_dqn,0.49071788787841797
2771,saint_dqn,-0.032477378845214844
2772,saint_dqn,3.3628549575805664
2773,saint_dqn,2.022308349609375
2774,saint_dqn,0.5690279006958008
2775,saint_dqn,-0.4968385696411133
2776,saint_dqn,1.0799684524536133
2777,saint_dqn,2.054755210876465
2778,saint_dqn,1.5907354354858398
2779,saint_dqn,0.21715736389160156
2780,saint_dqn,0.9052705764770508
2781,saint_dqn,1.9306297302246094
2782,saint_dqn,-1.2804737091064453
2783,saint_dqn,0.8951396942138672
2784,saint_dqn,-0.10384273529052734
2785,saint_dqn,1.924041748046875
2786,saint_dqn,1.0680255889892578
2787,saint_dqn,2.2506513595581055
2788,saint_dqn,2.116122245788574
2789,saint_dqn,2.7590599060058594
2790,saint_dqn,2.9187326431274414
2791,saint_dqn,3.8033294677734375
2792,saint_dqn,1.027963638305664
2793,saint_dqn,1.2014579772949219
2794,saint_dqn,3.1995677947998047
2795,saint_dqn,1.0459308624267578
2796,saint_dqn,0.6769218444824219
2797,saint_dqn,0.6040840148925781
2798,saint_dqn,-0.10695171356201172
2799,saint_dqn,4.9813079833984375
2800,saint_dqn,0.9258441925048828
2801,saint_dqn,3.910738945007324
2802,saint_dqn,1.3723926544189453
2803,saint_dqn,1.2225360870361328
2804,saint_dqn,4.7660112380981445
2805,saint_dqn,1.8298587799072266
2806,saint_dqn,1.2949609756469727
2807,saint_dqn,-0.7914466857910156
2808,saint_dqn,1.0642051696777344
2809,saint_dqn,-1.4393987655639648
2810,saint_dqn,0.9395065307617188
2811,saint_dqn,1.355046272277832
2812,saint_dqn,2.977548599243164
2813,saint_dqn,-1.097306251525879
2814,saint_dqn,3.195077896118164
2815,saint_dqn,0.6666431427001953
2816,saint_dqn,0.3826580047607422
2817,saint_dqn,2.245891571044922
2818,saint_dqn,1.2969837188720703
2819,saint_dqn,0.7119426727294922
2820,saint_dqn,1.8469581604003906
2821,saint_dqn,0.113739013671875
2822,saint_dqn,0.38990020751953125
2823,saint_dqn,0.7868537902832031
2824,saint_dqn,1.6486663818359375
2825,saint_dqn,0.18551349639892578
2826,saint_dqn,2.9574222564697266
2827,saint_dqn,3.0199708938598633
2828,saint_dqn,1.1356582641601562
2829,saint_dqn,1.2196102142333984
2830,saint_dqn,4.02874755859375
2831,saint_dqn,2.49678897857666
2832,saint_dqn,0.9445562362670898
2833,saint_dqn,0.9368095397949219
2834,saint_dqn,1.7710456848144531
2835,saint_dqn,-0.9961957931518555
2836,saint_dqn,0.8633661270141602
2837,saint_dqn,1.2024240493774414
2838,saint_dqn,0.2528057098388672
2839,saint_dqn,2.1490087509155273
2840,saint_dqn,2.396908760070801
2841,saint_dqn,1.5467166900634766
2842,saint_dqn,-0.0060443878173828125
2843,saint_dqn,0.81201171875
2844,saint_dqn,3.4104270935058594
2845,saint_dqn,2.368345260620117
2846,saint_dqn,2.514131546020508
2847,saint_dqn,2.6017227172851562
2848,saint_dqn,0.8798551559448242
2849,saint_dqn,1.8481531143188477
2850,saint_dqn,-0.07509708404541016
2851,saint_dqn,1.0930109024047852
2852,saint_dqn,2.687896728515625
2853,saint_dqn,1.3084650039672852
2854,saint_dqn,0.8102073669433594
2855,saint_dqn,2.9095144271850586
2856,saint_dqn,1.8875370025634766
2857,saint_dqn,1.9769763946533203
2858,saint_dqn,0.731318473815918
2859,saint_dqn,1.1761775016784668
2860,saint_dqn,2.409778594970703
2861,saint_dqn,1.7645130157470703
2862,saint_dqn,-1.0334692001342773
2863,saint_dqn,0.04400348663330078
2864,saint_dqn,1.9900312423706055
2865,saint_dqn,1.1428508758544922
2866,saint_dqn,1.2716732025146484
2867,saint_dqn,1.9015789031982422
2868,saint_dqn,-0.05577278137207031
2869,saint_dqn,-0.44706153869628906
2870,saint_dqn,1.0246467590332031
2871,saint_dqn,1.0074701309204102
2872,saint_dqn,-0.5712709426879883
2873,saint_dqn,0.8278732299804688
2874,saint_dqn,2.3904314041137695
2875,saint_dqn,1.436553955078125
2876,saint_dqn,3.372800827026367
2877,saint_dqn,2.4280881881713867
2878,saint_dqn,0.6264009475708008
2879,saint_dqn,1.638946533203125
2880,saint_dqn,1.5076446533203125
2881,saint_dqn,0.8464841842651367
2882,saint_dqn,1.2180099487304688
2883,saint_dqn,0.792027473449707
2884,saint_dqn,1.289541244506836
2885,saint_dqn,-0.9845380783081055
2886,saint_dqn,0.2189350128173828
2887,saint_dqn,0.7870092391967773
2888,saint_dqn,4.474438190460205
2889,saint_dqn,1.6079626083374023
2890,saint_dqn,0.3775300979614258
2891,saint_dqn,0.9163646697998047
2892,saint_dqn,0.570286750793457
2893,saint_dqn,1.4255428314208984
2894,saint_dqn,6.835081100463867
2895,saint_dqn,2.6493310928344727
2896,saint_dqn,0.6497268676757812
2897,saint_dqn,1.0713796615600586
2898,saint_dqn,1.1403083801269531
2899,saint_dqn,0.983917236328125
2900,saint_dqn,-0.1591644287109375
2901,saint_dqn,2.467985153198242
2902,saint_dqn,3.2065258026123047
2903,saint_dqn,0.24552536010742188
2904,saint_dqn,2.257984161376953
2905,saint_dqn,1.4765348434448242
2906,saint_dqn,0.7457246780395508
2907,saint_dqn,2.7010440826416016
2908,saint_dqn,0.7342004776000977
2909,saint_dqn,5.03693962097168
2910,saint_dqn,1.948343276977539
2911,saint_dqn,-0.8329801559448242
2912,saint_dqn,1.3475980758666992
2913,saint_dqn,1.8204469680786133
2914,saint_dqn,0.4767942428588867
2915,saint_dqn,1.2520418167114258
2916,saint_dqn,1.4570980072021484
2917,saint_dqn,1.0546493530273438
2918,saint_dqn,1.0306806564331055
2919,saint_dqn,1.4070968627929688
2920,saint_dqn,5.237231254577637
2921,saint_dqn,-1.7051115036010742
2922,saint_dqn,1.5774908065795898
2923,saint_dqn,1.797348976135254
2924,saint_dqn,1.2467498779296875
2925,saint_dqn,1.5118532180786133
2926,saint_dqn,5.699895858764648
2927,saint_dqn,2.206846237182617
2928,saint_dqn,1.608199119567871
2929,saint_dqn,0.7640600204467773
2930,saint_dqn,1.9735774993896484
2931,saint_dqn,2.6103992462158203
2932,saint_dqn,0.2798738479614258
2933,saint_dqn,-2.1450586318969727
2934,saint_dqn,3.1805286407470703
2935,saint_dqn,4.551746368408203
2936,saint_dqn,4.098084449768066
2937,saint_dqn,0.8207597732543945
2938,saint_dqn,0.28838062286376953
2939,saint_dqn,0.3667898178100586
2940,saint_dqn,0.7326974868774414
2941,saint_dqn,-0.1010122299194336
2942,saint_dqn,0.41387939453125
2943,saint_dqn,3.1943516731262207
2944,saint_dqn,2.191012382507324
2945,saint_dqn,-0.15317058563232422
2946,saint_dqn,0.49078941345214844
2947,saint_dqn,1.2904634475708008
2948,saint_dqn,0.6770763397216797
2949,saint_dqn,1.5988445281982422
2950,saint_dqn,2.347935676574707
2951,saint_dqn,2.193950653076172
2952,saint_dqn,1.6293821334838867
2953,saint_dqn,1.5377607345581055
2954,saint_dqn,0.22681522369384766
2955,saint_dqn,0.9946689605712891
2956,saint_dqn,-0.024927139282226562
2957,saint_dqn,1.7858037948608398
2958,saint_dqn,2.467508316040039
2959,saint_dqn,1.7652530670166016
2960,saint_dqn,1.139760971069336
2961,saint_dqn,3.334545135498047
2962,saint_dqn,0.5908575057983398
2963,saint_dqn,2.4209299087524414
2964,saint_dqn,-0.6154298782348633
2965,saint_dqn,1.054978370666504
2966,saint_dqn,0.4376201629638672
2967,saint_dqn,3.959836959838867
2968,saint_dqn,3.5036511421203613
2969,saint_dqn,3.749891757965088
2970,saint_dqn,0.42172718048095703
2971,saint_dqn,2.7941970825195312
2972,saint_dqn,0.5239601135253906
2973,saint_dqn,-0.10530281066894531
2974,saint_dqn,2.325725555419922
2975,saint_dqn,0.9234695434570312
2976,saint_dqn,0.6243171691894531
2977,saint_dqn,-0.1990060806274414
2978,saint_dqn,0.6797351837158203
2979,saint_dqn,3.8378028869628906
2980,saint_dqn,0.2113189697265625
2981,saint_dqn,2.3654956817626953
2982,saint_dqn,1.6503067016601562
2983,saint_dqn,2.050093650817871
2984,saint_dqn,2.3467350006103516
2985,saint_dqn,1.436971664428711
2986,saint_dqn,1.3476505279541016
2987,saint_dqn,-0.7976446151733398
2988,saint_dqn,1.345062255859375
2989,saint_dqn,1.8239107131958008
2990,saint_dqn,0.9262285232543945
2991,saint_dqn,1.4399356842041016
2992,saint_dqn,0.8905577659606934
2993,saint_dqn,1.483546257019043
2994,saint_dqn,-0.3122997283935547
2995,saint_dqn,0.9373550415039062
2996,saint_dqn,2.2013607025146484
2997,saint_dqn,1.0760478973388672
2998,saint_dqn,0.6359128952026367
2999,saint_dqn,-0.16546058654785156
3000,saint_dqn,1.6118593215942383
3001,saint_dqn,1.2647104263305664
3002,saint_dqn,0.020264625549316406
3003,saint_dqn,-0.23202133178710938
3004,saint_dqn,0.8822202682495117
3005,saint_dqn,1.8302955627441406
3006,saint_dqn,1.1984939575195312
3007,saint_dqn,1.4278326034545898
3008,saint_dqn,1.2692623138427734
3009,saint_dqn,0.1200408935546875
3010,saint_dqn,0.7036867141723633
3011,saint_dqn,0.7366418838500977
3012,saint_dqn,3.6264286041259766
3013,saint_dqn,1.2804679870605469
3014,saint_dqn,1.071089744567871
3015,saint_dqn,5.337405204772949
3016,saint_dqn,3.10977840423584
3017,saint_dqn,3.4577388763427734
3018,saint_dqn,-1.4623937606811523
3019,saint_dqn,2.110637664794922
3020,saint_dqn,2.166144371032715
3021,saint_dqn,3.4969472885131836
3022,saint_dqn,0.10083961486816406
3023,saint_dqn,2.630716323852539
3024,saint_dqn,5.036255836486816
3025,saint_dqn,-0.2667703628540039
3026,saint_dqn,0.7112808227539062
3027,saint_dqn,1.422907829284668
3028,saint_dqn,1.384054183959961
3029,saint_dqn,1.4244937896728516
3030,saint_dqn,0.2964210510253906
3031,saint_dqn,0.860931396484375
3032,saint_dqn,2.655766487121582
3033,saint_dqn,1.7948675155639648
3034,saint_dqn,1.0150070190429688
3035,saint_dqn,0.6288747787475586
3036,saint_dqn,-0.7440395355224609
3037,saint_dqn,5.3163347244262695
3038,saint_dqn,0.33806324005126953
3039,saint_dqn,2.4535980224609375
3040,saint_dqn,5.776308059692383
3041,saint_dqn,1.8419904708862305
3042,saint_dqn,0.4699850082397461
3043,saint_dqn,1.1866035461425781
3044,saint_dqn,0.5973215103149414
3045,saint_dqn,0.49460506439208984
3046,saint_dqn,0.8304777145385742
3047,saint_dqn,0.3505115509033203
3048,saint_dqn,1.3417587280273438
3049,saint_dqn,0.02922821044921875
3050,saint_dqn,0.8257789611816406
3051,saint_dqn,1.2371711730957031
3052,saint_dqn,3.5859594345092773
3053,saint_dqn,0.9446620941162109
3054,saint_dqn,0.774235725402832
3055,saint_dqn,-0.1465892791748047
3056,saint_dqn,1.839630126953125
3057,saint_dqn,0.8159704208374023
3058,saint_dqn,1.9702320098876953
3059,saint_dqn,1.7962799072265625
3060,saint_dqn,1.3494157791137695
3061,saint_dqn,1.3922758102416992
3062,saint_dqn,0.8658819198608398
3063,saint_dqn,-1.438960075378418
3064,saint_dqn,1.1615371704101562
3065,saint_dqn,5.0666608810424805
3066,saint_dqn,1.0324382781982422
3067,saint_dqn,4.450586318969727
3068,saint_dqn,1.3834686279296875
3069,saint_dqn,1.3533077239990234
3070,saint_dqn,1.5525569915771484
3071,saint_dqn,2.742399215698242
3072,saint_dqn,-0.09989643096923828
3073,saint_dqn,-0.20178985595703125
3074,saint_dqn,1.5687885284423828
3075,saint_dqn,2.1444759368896484
3076,saint_dqn,3.5427656173706055
3077,saint_dqn,1.5285606384277344
3078,saint_dqn,2.5065393447875977
3079,saint_dqn,0.5615940093994141
3080,saint_dqn,1.3025760650634766
3081,saint_dqn,1.4002132415771484
3082,saint_dqn,0.566431999206543
3083,saint_dqn,2.376288414001465
3084,saint_dqn,-0.11354637145996094
3085,saint_dqn,0.231048583984375
3086,saint_dqn,2.406736373901367
3087,saint_dqn,2.610325813293457
3088,saint_dqn,-1.0960769653320312
3089,saint_dqn,5.375077247619629
3090,saint_dqn,2.425339698791504
3091,saint_dqn,0.7094230651855469
3092,saint_dqn,1.590163230895996
3093,saint_dqn,1.299565315246582
3094,saint_dqn,0.9937038421630859
3095,saint_dqn,1.0828657150268555
3096,saint_dqn,-0.04113292694091797
3097,saint_dqn,-0.999659538269043
3098,saint_dqn,2.090113639831543
3099,saint_dqn,0.43151187896728516
3100,saint_dqn,1.5314435958862305
3101,saint_dqn,1.0045499801635742
3102,saint_dqn,2.192934989929199
3103,saint_dqn,1.5937771797180176
3104,saint_dqn,-0.19675064086914062
3105,saint_dqn,3.530888557434082
3106,saint_dqn,0.7108926773071289
3107,saint_dqn,0.8773336410522461
3108,saint_dqn,0.7373390197753906
3109,saint_dqn,-1.2222537994384766
3110,saint_dqn,-1.2448949813842773
3111,saint_dqn,1.923309326171875
3112,saint_dqn,0.3090496063232422
3113,saint_dqn,1.3645353317260742
3114,saint_dqn,1.827122688293457
3115,saint_dqn,0.30234241485595703
3116,saint_dqn,1.6609153747558594
3117,saint_dqn,0.10193443298339844
3118,saint_dqn,1.777012825012207
3119,saint_dqn,1.3628120422363281
3120,saint_dqn,1.2930355072021484
3121,saint_dqn,2.476761817932129
3122,saint_dqn,2.5497894287109375
3123,saint_dqn,1.0297727584838867
3124,saint_dqn,0.5845890045166016
3125,saint_dqn,0.839360237121582
3126,saint_dqn,0.82379150390625
3127,saint_dqn,1.5751953125
3128,saint_dqn,0.6349430084228516
3129,saint_dqn,2.2597761154174805
3130,saint_dqn,1.855311393737793
3131,saint_dqn,4.541378974914551
3132,saint_dqn,-0.42708587646484375
3133,saint_dqn,0.47443389892578125
3134,saint_dqn,1.0352144241333008
3135,saint_dqn,1.4507665634155273
3136,saint_dqn,-1.3484678268432617
3137,saint_dqn,1.8686771392822266
3138,saint_dqn,1.342055320739746
3139,saint_dqn,0.7372169494628906
3140,saint_dqn,3.69179630279541
3141,saint_dqn,1.4156160354614258
3142,saint_dqn,1.9902944564819336
3143,saint_dqn,-0.14804363250732422
3144,saint_dqn,0.7027130126953125
3145,saint_dqn,2.6598386764526367
3146,saint_dqn,3.844191551208496
3147,saint_dqn,0.8658084869384766
3148,saint_dqn,1.4592266082763672
3149,saint_dqn,2.6127729415893555
3150,saint_dqn,0.35417938232421875
3151,saint_dqn,0.5479602813720703
3152,saint_dqn,1.395888328552246
3153,saint_dqn,2.620189666748047
3154,saint_dqn,2.8487987518310547
3155,saint_dqn,2.783670425415039
3156,saint_dqn,1.4445676803588867
3157,saint_dqn,3.247103691101074
3158,saint_dqn,0.4339580535888672
3159,saint_dqn,1.2814807891845703
3160,saint_dqn,1.0253305435180664
3161,saint_dqn,1.1285114288330078
3162,saint_dqn,0.43560791015625
3163,saint_dqn,1.3121623992919922
3164,saint_dqn,2.396139144897461
3165,saint_dqn,0.6288280487060547
3166,saint_dqn,-0.8792057037353516
3167,saint_dqn,1.8617324829101562
3168,saint_dqn,2.710294723510742
3169,saint_dqn,0.5090341567993164
3170,saint_dqn,0.9013833999633789
3171,saint_dqn,1.242563247680664
3172,saint_dqn,1.621830940246582
3173,saint_dqn,1.2911863327026367
3174,saint_dqn,1.614370346069336
3175,saint_dqn,0.5141735076904297
3176,saint_dqn,-0.8004217147827148
3177,saint_dqn,1.6394462585449219
3178,saint_dqn,-0.04105663299560547
3179,saint_dqn,0.4901142120361328
3180,saint_dqn,4.158729076385498
3181,saint_dqn,0.7733869552612305
3182,saint_dqn,3.5570735931396484
3183,saint_dqn,0.8945960998535156
3184,saint_dqn,1.1662845611572266
3185,saint_dqn,2.4980316162109375
3186,saint_dqn,3.035336494445801
3187,saint_dqn,1.5606775283813477
3188,saint_dqn,-0.6627483367919922
3189,saint_dqn,1.0807552337646484
3190,saint_dqn,-0.8902788162231445
3191,saint_dqn,0.9678468704223633
3192,saint_dqn,0.19092464447021484
3193,saint_dqn,0.29538822174072266
3194,saint_dqn,2.0305213928222656
3195,saint_dqn,0.5484285354614258
3196,saint_dqn,0.6388778686523438
3197,saint_dqn,-0.30904388427734375
3198,saint_dqn,0.2875022888183594
3199,saint_dqn,0.5738687515258789
3200,saint_dqn,1.4190454483032227
3201,saint_dqn,1.5337018966674805
3202,saint_dqn,0.4265785217285156
3203,saint_dqn,2.577239990234375
3204,saint_dqn,0.8570213317871094
3205,saint_dqn,1.3049993515014648
3206,saint_dqn,1.7362947463989258
3207,saint_dqn,4.151653289794922
3208,saint_dqn,0.5577878952026367
3209,saint_dqn,2.0988082885742188
3210,saint_dqn,0.45760059356689453
3211,saint_dqn,1.4416418075561523
3212,saint_dqn,1.8422718048095703
3213,saint_dqn,2.2912702560424805
3214,saint_dqn,0.7250518798828125
3215,saint_dqn,0.48853492736816406
3216,saint_dqn,5.917844295501709
3217,saint_dqn,-0.0015506744384765625
3218,saint_dqn,3.4526987075805664
3219,saint_dqn,0.9342451095581055
3220,saint_dqn,-0.3086118698120117
3221,saint_dqn,1.9194040298461914
3222,saint_dqn,1.8338336944580078
3223,saint_dqn,0.1980876922607422
3224,saint_dqn,1.281332015991211
3225,saint_dqn,0.8499736785888672
3226,saint_dqn,0.3794059753417969
3227,saint_dqn,1.0808467864990234
3228,saint_dqn,1.9537286758422852
3229,saint_dqn,1.5022644996643066
3230,saint_dqn,1.5286264419555664
3231,saint_dqn,4.770456314086914
3232,saint_dqn,1.6376667022705078
3233,saint_dqn,-0.49413299560546875
3234,saint_dqn,1.1343355178833008
3235,saint_dqn,0.7548494338989258
3236,saint_dqn,0.7655105590820312
3237,saint_dqn,2.3676414489746094
3238,saint_dqn,0.5169363021850586
3239,saint_dqn,1.2974357604980469
3240,saint_dqn,3.0807981491088867
3241,saint_dqn,1.7882051467895508
3242,saint_dqn,1.5473861694335938
3243,saint_dqn,1.4226226806640625
3244,saint_dqn,2.024380683898926
3245,saint_dqn,1.1074199676513672
3246,saint_dqn,0.7310009002685547
3247,saint_dqn,1.9123096466064453
3248,saint_dqn,1.3303728103637695
3249,saint_dqn,6.925082206726074
3250,saint_dqn,2.619974136352539
3251,saint_dqn,0.8507976531982422
3252,saint_dqn,0.7642860412597656
3253,saint_dqn,0.1791095733642578
3254,saint_dqn,6.2581281661987305
3255,saint_dqn,2.116352081298828
3256,saint_dqn,0.6337070465087891
3257,saint_dqn,4.928972244262695
3258,saint_dqn,0.8100194931030273
3259,saint_dqn,1.2019405364990234
3260,saint_dqn,0.6252269744873047
3261,saint_dqn,-0.8193483352661133
3262,saint_dqn,4.820198059082031
3263,saint_dqn,2.139293670654297
3264,saint_dqn,0.9135141372680664
3265,saint_dqn,1.6838035583496094
3266,saint_dqn,0.6048564910888672
3267,saint_dqn,-1.205739974975586
3268,saint_dqn,7.567285537719727
3269,saint_dqn,1.3805065155029297
3270,saint_dqn,2.1046085357666016
3271,saint_dqn,-0.11143207550048828
3272,saint_dqn,0.7950038909912109
3273,saint_dqn,1.0689401626586914
3274,saint_dqn,1.6609382629394531
3275,saint_dqn,2.215531349182129
3276,saint_dqn,4.887627601623535
3277,saint_dqn,1.3781957626342773
3278,saint_dqn,1.922379493713379
3279,saint_dqn,6.474877834320068
3280,saint_dqn,-0.029308319091796875
3281,saint_dqn,1.3708105087280273
3282,saint_dqn,1.2972497940063477
3283,saint_dqn,2.906731605529785
3284,saint_dqn,1.7436227798461914
3285,saint_dqn,-0.5006742477416992
3286,saint_dqn,0.3239259719848633
3287,saint_dqn,1.3909072875976562
3288,saint_dqn,1.3162775039672852
3289,saint_dqn,1.330484390258789
3290,saint_dqn,0.8169155120849609
3291,saint_dqn,2.068683624267578
3292,saint_dqn,1.3683843612670898
3293,saint_dqn,0.9199142456054688
3294,saint_dqn,2.0636062622070312
3295,saint_dqn,0.03850364685058594
3296,saint_dqn,1.6056222915649414
3297,saint_dqn,2.28786563873291
3298,saint_dqn,3.229473114013672
3299,saint_dqn,2.7963361740112305
3300,saint_dqn,2.5112876892089844
3301,saint_dqn,0.530116081237793
3302,saint_dqn,1.1897869110107422
3303,saint_dqn,4.953973770141602
3304,saint_dqn,2.548492431640625
3305,saint_dqn,1.3389911651611328
3306,saint_dqn,-0.11728286743164062
3307,saint_dqn,-0.7392482757568359
3308,saint_dqn,-1.1797599792480469
3309,saint_dqn,2.950803756713867
3310,saint_dqn,-0.07271289825439453
3311,saint_dqn,0.0990142822265625
3312,saint_dqn,1.8224868774414062
3313,saint_dqn,0.531402587890625
3314,saint_dqn,1.8409614562988281
3315,saint_dqn,1.8484725952148438
3316,saint_dqn,0.8362183570861816
3317,saint_dqn,1.0122394561767578
3318,saint_dqn,2.4570751190185547
3319,saint_dqn,1.4284687042236328
3320,saint_dqn,2.367621421813965
3321,saint_dqn,4.52473258972168
3322,saint_dqn,2.0278072357177734
3323,saint_dqn,0.9639730453491211
3324,saint_dqn,1.3940324783325195
3325,saint_dqn,0.47609901428222656
3326,saint_dqn,0.27214527130126953
3327,saint_dqn,1.1143875122070312
3328,saint_dqn,1.0957937240600586
3329,saint_dqn,1.8867111206054688
3330,saint_dqn,1.7475900650024414
3331,saint_dqn,0.21884536743164062
3332,saint_dqn,2.1754913330078125
3333,saint_dqn,1.571634292602539
3334,saint_dqn,0.6429195404052734
3335,saint_dqn,0.4077177047729492
3336,saint_dqn,1.4537677764892578
3337,saint_dqn,0.10585212707519531
3338,saint_dqn,0.9714984893798828
3339,saint_dqn,3.877760887145996
3340,saint_dqn,0.8003149032592773
3341,saint_dqn,1.0507745742797852
3342,saint_dqn,1.5445060729980469
3343,saint_dqn,1.2247333526611328
3344,saint_dqn,0.9768943786621094
3345,saint_dqn,3.53641414642334
3346,saint_dqn,1.0447263717651367
3347,saint_dqn,0.17176342010498047
3348,saint_dqn,2.0837039947509766
3349,saint_dqn,0.9020709991455078
3350,saint_dqn,1.6631660461425781
3351,saint_dqn,1.3766098022460938
3352,saint_dqn,0.08498859405517578
3353,saint_dqn,0.11219215393066406
3354,saint_dqn,1.057638168334961
3355,saint_dqn,3.3181638717651367
3356,saint_dqn,0.8791236877441406
3357,saint_dqn,0.7739677429199219
3358,saint_dqn,0.15476036071777344
3359,saint_dqn,1.884817123413086
3360,saint_dqn,0.4681129455566406
3361,saint_dqn,1.1538019180297852
3362,saint_dqn,0.9621400833129883
3363,saint_dqn,1.530714988708496
3364,saint_dqn,2.550164222717285
3365,saint_dqn,1.6786184310913086
3366,saint_dqn,1.7186880111694336
3367,saint_dqn,0.12258434295654297
3368,saint_dqn,2.097064971923828
3369,saint_dqn,0.8887042999267578
3370,saint_dqn,2.68019962310791
3371,saint_dqn,0.8657341003417969
3372,saint_dqn,0.32464599609375
3373,saint_dqn,1.3006172180175781
3374,saint_dqn,-0.9424142837524414
3375,saint_dqn,0.2536487579345703
3376,saint_dqn,1.3422346115112305
3377,saint_dqn,1.6324329376220703
3378,saint_dqn,1.7579679489135742
3379,saint_dqn,1.0439300537109375
3380,saint_dqn,-0.3914031982421875
3381,saint_dqn,1.2898616790771484
3382,saint_dqn,4.440760612487793
3383,saint_dqn,1.2151508331298828
3384,saint_dqn,2.704573631286621
3385,saint_dqn,1.8314132690429688
3386,saint_dqn,1.918086051940918
3387,saint_dqn,0.4845399856567383
3388,saint_dqn,0.9898138046264648
3389,saint_dqn,1.356410026550293
3390,saint_dqn,1.600168228149414
3391,saint_dqn,0.6404190063476562
3392,saint_dqn,1.8181428909301758
3393,saint_dqn,5.186783790588379
3394,saint_dqn,1.1098747253417969
3395,saint_dqn,0.46206092834472656
3396,saint_dqn,1.1813812255859375
3397,saint_dqn,1.657954216003418
3398,saint_dqn,1.4693174362182617
3399,saint_dqn,1.501296043395996
3400,saint_dqn,0.5474386215209961
3401,saint_dqn,0.8517704010009766
3402,saint_dqn,3.0280227661132812
3403,saint_dqn,1.802872657775879
3404,saint_dqn,3.359933853149414
3405,saint_dqn,1.618149757385254
3406,saint_dqn,1.2837018966674805
3407,saint_dqn,1.1213798522949219
3408,saint_dqn,1.5299854278564453
3409,saint_dqn,1.3081636428833008
3410,saint_dqn,1.1559505462646484
3411,saint_dqn,0.8677768707275391
3412,saint_dqn,4.021462440490723
3413,saint_dqn,0.30292510986328125
3414,saint_dqn,1.0923547744750977
3415,saint_dqn,-0.5222415924072266
3416,saint_dqn,-0.9314413070678711
3417,saint_dqn,0.5628089904785156
3418,saint_dqn,0.07422542572021484
3419,saint_dqn,2.5999317169189453
3420,saint_dqn,1.676283836364746
3421,saint_dqn,1.0163354873657227
3422,saint_dqn,0.7400188446044922
3423,saint_dqn,-0.15042781829833984
3424,saint_dqn,0.9625587463378906
3425,saint_dqn,0.2642345428466797
3426,saint_dqn,1.1409759521484375
3427,saint_dqn,0.12836551666259766
3428,saint_dqn,2.316448211669922
3429,saint_dqn,1.9313745498657227
3430,saint_dqn,0.23688983917236328
3431,saint_dqn,2.563131332397461
3432,saint_dqn,2.5354013442993164
3433,saint_dqn,1.4349727630615234
3434,saint_dqn,4.058570861816406
3435,saint_dqn,0.7480697631835938
3436,saint_dqn,0.9862308502197266
3437,saint_dqn,0.5775184631347656
3438,saint_dqn,2.8699264526367188
3439,saint_dqn,2.6982412338256836
3440,saint_dqn,0.46820735931396484
3441,saint_dqn,2.39188289642334
3442,saint_dqn,2.4469175338745117
3443,saint_dqn,0.22028732299804688
3444,saint_dqn,-0.18439292907714844
3445,saint_dqn,0.901911735534668
3446,saint_dqn,1.743678092956543
3447,saint_dqn,0.4668617248535156
3448,saint_dqn,0.7283992767333984
3449,saint_dqn,1.2078847885131836
3450,saint_dqn,0.08590221405029297
3451,saint_dqn,0.07676219940185547
3452,saint_dqn,2.575681686401367
3453,saint_dqn,0.8570318222045898
3454,saint_dqn,1.4952669143676758
3455,saint_dqn,0.63751220703125
3456,saint_dqn,2.6597518920898438
3457,saint_dqn,1.35577392578125
3458,saint_dqn,0.7569551467895508
3459,saint_dqn,1.4842939376831055
3460,saint_dqn,1.181788444519043
3461,saint_dqn,2.561758041381836
3462,saint_dqn,1.1334819793701172
3463,saint_dqn,0.8971748352050781
3464,saint_dqn,1.3780794143676758
3465,saint_dqn,1.2189006805419922
3466,saint_dqn,1.2441902160644531
3467,saint_dqn,1.9916572570800781
3468,saint_dqn,0.06481075286865234
3469,saint_dqn,2.3060665130615234
3470,saint_dqn,0.1320352554321289
3471,saint_dqn,0.37390899658203125
3472,saint_dqn,0.7552986145019531
3473,saint_dqn,0.4932098388671875
3474,saint_dqn,0.4164705276489258
3475,saint_dqn,1.8673439025878906
3476,saint_dqn,3.071725845336914
3477,saint_dqn,6.180108070373535
3478,saint_dqn,4.0070719718933105
3479,saint_dqn,0.5940151214599609
3480,saint_dqn,0.5642671585083008
3481,saint_dqn,1.5942325592041016
3482,saint_dqn,1.1077461242675781
3483,saint_dqn,-0.14191818237304688
3484,saint_dqn,1.324136734008789
3485,saint_dqn,1.4152393341064453
3486,saint_dqn,0.7769374847412109
3487,saint_dqn,3.084104537963867
3488,saint_dqn,0.5777616500854492
3489,saint_dqn,3.2873430252075195
3490,saint_dqn,-0.8583183288574219
3491,saint_dqn,-0.17486000061035156
3492,saint_dqn,0.47724246978759766
3493,saint_dqn,2.4187850952148438
3494,saint_dqn,1.5508098602294922
3495,saint_dqn,1.9509239196777344
3496,saint_dqn,1.427663803100586
3497,saint_dqn,3.216639518737793
3498,saint_dqn,3.381617546081543
3499,saint_dqn,0.12426280975341797
3500,saint_dqn,5.4446210861206055
3501,saint_dqn,-1.144810676574707
3502,saint_dqn,1.7684659957885742
3503,saint_dqn,0.6332912445068359
3504,saint_dqn,-0.056728363037109375
3505,saint_dqn,2.1559791564941406
3506,saint_dqn,0.4340782165527344
3507,saint_dqn,1.7908124923706055
3508,saint_dqn,2.689289093017578
3509,saint_dqn,0.12301921844482422
3510,saint_dqn,0.035419464111328125
3511,saint_dqn,0.9619884490966797
3512,saint_dqn,0.48702526092529297
3513,saint_dqn,1.8788223266601562
3514,saint_dqn,0.7128114700317383
3515,saint_dqn,3.106940269470215
3516,saint_dqn,1.8882617950439453
3517,saint_dqn,2.3541927337646484
3518,saint_dqn,0.12874221801757812
3519,saint_dqn,1.4712295532226562
3520,saint_dqn,0.5558586120605469
3521,saint_dqn,-0.1728658676147461
3522,saint_dqn,1.806905746459961
3523,saint_dqn,0.10943794250488281
3524,saint_dqn,1.0870323181152344
3525,saint_dqn,0.1645183563232422
3526,saint_dqn,2.558889389038086
3527,saint_dqn,1.2375679016113281
3528,saint_dqn,1.8592071533203125
3529,saint_dqn,1.3839874267578125
3530,saint_dqn,1.0490646362304688
3531,saint_dqn,0.42095375061035156
3532,saint_dqn,0.7879552841186523
3533,saint_dqn,3.1529903411865234
3534,saint_dqn,0.5896210670471191
3535,saint_dqn,2.215512752532959
3536,saint_dqn,7.094786643981934
3537,saint_dqn,1.457082748413086
3538,saint_dqn,0.12566184997558594
3539,saint_dqn,1.5947237014770508
3540,saint_dqn,0.05430412292480469
3541,saint_dqn,6.00022029876709
3542,saint_dqn,1.5909156799316406
3543,saint_dqn,0.8724021911621094
3544,saint_dqn,1.0004549026489258
3545,saint_dqn,4.989145278930664
3546,saint_dqn,2.351975440979004
3547,saint_dqn,6.319055557250977
3548,saint_dqn,0.6047286987304688
3549,saint_dqn,1.4073200225830078
3550,saint_dqn,1.4777488708496094
3551,saint_dqn,2.8687705993652344
3552,saint_dqn,-0.04482746124267578
3553,saint_dqn,2.6768836975097656
3554,saint_dqn,1.6507930755615234
3555,saint_dqn,0.3302488327026367
3556,saint_dqn,2.4717416763305664
3557,saint_dqn,2.369182586669922
3558,saint_dqn,4.0165605545043945
3559,saint_dqn,0.8146209716796875
3560,saint_dqn,1.3021650314331055
3561,saint_dqn,1.1325368881225586
3562,saint_dqn,-0.27512073516845703
3563,saint_dqn,1.5774974822998047
3564,saint_dqn,1.3665790557861328
3565,saint_dqn,1.3205327987670898
3566,saint_dqn,0.7537603378295898
3567,saint_dqn,0.9265623092651367
3568,saint_dqn,-0.060393333435058594
3569,saint_dqn,3.439265251159668
3570,saint_dqn,2.5813302993774414
3571,saint_dqn,1.3738861083984375
3572,saint_dqn,3.4709787368774414
3573,saint_dqn,0.28159618377685547
3574,saint_dqn,5.068145751953125
3575,saint_dqn,1.0920400619506836
3576,saint_dqn,1.1114511489868164
3577,saint_dqn,2.155445098876953
3578,saint_dqn,0.990910530090332
3579,saint_dqn,1.2550439834594727
3580,saint_dqn,0.9201993942260742
3581,saint_dqn,2.3222169876098633
3582,saint_dqn,3.1202688217163086
3583,saint_dqn,1.8575973510742188
3584,saint_dqn,1.5661230087280273
3585,saint_dqn,2.3959388732910156
3586,saint_dqn,2.616154670715332
3587,saint_dqn,1.9741497039794922
3588,saint_dqn,0.8819451332092285
3589,saint_dqn,2.041849136352539
3590,saint_dqn,1.7702407836914062
3591,saint_dqn,1.105973243713379
3592,saint_dqn,1.848128318786621
3593,saint_dqn,2.0126075744628906
3594,saint_dqn,5.825359344482422
3595,saint_dqn,2.6337814331054688
3596,saint_dqn,2.324888229370117
3597,saint_dqn,2.2987136840820312
3598,saint_dqn,2.3495302200317383
3599,saint_dqn,0.9789924621582031
3600,saint_dqn,1.3007259368896484
3601,saint_dqn,2.176621437072754
3602,saint_dqn,1.213160514831543
3603,saint_dqn,2.741480827331543
3604,saint_dqn,0.028954505920410156
3605,saint_dqn,1.4597291946411133
3606,saint_dqn,-0.6127052307128906
3607,saint_dqn,1.814361572265625
3608,saint_dqn,1.9381675720214844
3609,saint_dqn,0.4813060760498047
3610,saint_dqn,2.498504638671875
3611,saint_dqn,0.8817529678344727
3612,saint_dqn,0.44558238983154297
3613,saint_dqn,0.15802478790283203
3614,saint_dqn,0.0703897476196289
3615,saint_dqn,2.011256217956543
3616,saint_dqn,-0.42211341857910156
3617,saint_dqn,0.7709884643554688
3618,saint_dqn,1.173654556274414
3619,saint_dqn,-0.40972328186035156
3620,saint_dqn,3.3623857498168945
3621,saint_dqn,1.1848583221435547
3622,saint_dqn,1.887460708618164
3623,saint_dqn,0.6847782135009766
3624,saint_dqn,0.5512123107910156
3625,saint_dqn,2.894619941711426
3626,saint_dqn,0.47793102264404297
3627,saint_dqn,0.13087940216064453
3628,saint_dqn,1.8837213516235352
3629,saint_dqn,0.5710315704345703
3630,saint_dqn,-0.07212638854980469
3631,saint_dqn,-1.1908388137817383
3632,saint_dqn,4.236574172973633
3633,saint_dqn,1.7563161849975586
3634,saint_dqn,0.9167079925537109
3635,saint_dqn,2.275482177734375
3636,saint_dqn,3.7702293395996094
3637,saint_dqn,0.42957115173339844
3638,saint_dqn,0.7847604751586914
3639,saint_dqn,3.7980480194091797
3640,saint_dqn,1.2655935287475586
3641,saint_dqn,4.7065229415893555
3642,saint_dqn,2.34591007232666
3643,saint_dqn,0.09838008880615234
3644,saint_dqn,2.550215721130371
3645,saint_dqn,2.7972230911254883
3646,saint_dqn,2.336263656616211
3647,saint_dqn,0.5184993743896484
3648,saint_dqn,3.909086227416992
3649,saint_dqn,2.208676338195801
3650,saint_dqn,1.7872200012207031
3651,saint_dqn,0.2168436050415039
3652,saint_dqn,2.0218982696533203
3653,saint_dqn,2.002730369567871
3654,saint_dqn,-0.18663406372070312
3655,saint_dqn,0.6320648193359375
3656,saint_dqn,0.5761165618896484
3657,saint_dqn,1.6948432922363281
3658,saint_dqn,5.005601406097412
3659,saint_dqn,1.3945159912109375
3660,saint_dqn,-0.8902111053466797
3661,saint_dqn,2.0630130767822266
3662,saint_dqn,1.6451454162597656
3663,saint_dqn,2.2451438903808594
3664,saint_dqn,1.2826762199401855
3665,saint_dqn,-0.8345422744750977
3666,saint_dqn,0.1932840347290039
3667,saint_dqn,0.06316089630126953
3668,saint_dqn,1.2933712005615234
3669,saint_dqn,0.8247442245483398
3670,saint_dqn,2.5381507873535156
3671,saint_dqn,1.4365034103393555
3672,saint_dqn,0.2523670196533203
3673,saint_dqn,3.4942541122436523
3674,saint_dqn,1.583277702331543
3675,saint_dqn,0.20450878143310547
3676,saint_dqn,1.4008264541625977
3677,saint_dqn,1.6266412734985352
3678,saint_dqn,1.6742916107177734
3679,saint_dqn,1.677739143371582
3680,saint_dqn,-0.37873363494873047
3681,saint_dqn,3.1869707107543945
3682,saint_dqn,0.0404510498046875
3683,saint_dqn,0.33075714111328125
3684,saint_dqn,-0.041024208068847656
3685,saint_dqn,1.031968116760254
3686,saint_dqn,4.564960479736328
3687,saint_dqn,0.452972412109375
3688,saint_dqn,0.49305248260498047
3689,saint_dqn,1.664189338684082
3690,saint_dqn,-0.09283065795898438
3691,saint_dqn,1.4896736145019531
3692,saint_dqn,1.2946090698242188
3693,saint_dqn,1.7049198150634766
3694,saint_dqn,2.8696470260620117
3695,saint_dqn,4.197585105895996
3696,saint_dqn,1.9750566482543945
3697,saint_dqn,1.9110593795776367
3698,saint_dqn,0.8606653213500977
3699,saint_dqn,1.9308481216430664
3700,saint_dqn,1.3886537551879883
3701,saint_dqn,3.059978485107422
3702,saint_dqn,1.253382682800293
3703,saint_dqn,0.9168272018432617
3704,saint_dqn,0.013012886047363281
3705,saint_dqn,0.14197349548339844
3706,saint_dqn,1.9291887283325195
3707,saint_dqn,2.137263298034668
3708,saint_dqn,2.824481964111328
3709,saint_dqn,0.1414661407470703
3710,saint_dqn,2.3057355880737305
3711,saint_dqn,0.4297170639038086
3712,saint_dqn,0.6577911376953125
3713,saint_dqn,-0.7800922393798828
3714,saint_dqn,2.3397960662841797
3715,saint_dqn,2.1818161010742188
3716,saint_dqn,1.4419994354248047
3717,saint_dqn,0.1317424774169922
3718,saint_dqn,3.249251365661621
3719,saint_dqn,0.6352949142456055
3720,saint_dqn,1.7218208312988281
3721,saint_dqn,3.5043649673461914
3722,saint_dqn,1.5760364532470703
3723,saint_dqn,4.786579132080078
3724,saint_dqn,0.4981555938720703
3725,saint_dqn,6.316814422607422
3726,saint_dqn,-1.807744026184082
3727,saint_dqn,1.9216814041137695
3728,saint_dqn,1.847921371459961
3729,saint_dqn,0.16778278350830078
3730,saint_dqn,0.5145053863525391
3731,saint_dqn,4.071994781494141
3732,saint_dqn,1.7690544128417969
3733,saint_dqn,0.14485931396484375
3734,saint_dqn,0.7862644195556641
3735,saint_dqn,1.4293899536132812
3736,saint_dqn,1.0741844177246094
3737,saint_dqn,0.2891359329223633
3738,saint_dqn,1.732086181640625
3739,saint_dqn,0.9827728271484375
3740,saint_dqn,1.8513250350952148
3741,saint_dqn,2.490851402282715
3742,saint_dqn,1.559591293334961
3743,saint_dqn,4.41557502746582
3744,saint_dqn,-0.22023677825927734
3745,saint_dqn,2.72452449798584
3746,saint_dqn,3.044506072998047
3747,saint_dqn,5.642693996429443
3748,saint_dqn,3.687408447265625
3749,saint_dqn,2.233449935913086
3750,saint_dqn,0.48718738555908203
3751,saint_dqn,1.6434946060180664
3752,saint_dqn,-0.13011837005615234
3753,saint_dqn,0.508091926574707
3754,saint_dqn,1.7340984344482422
3755,saint_dqn,1.2165288925170898
3756,saint_dqn,-0.5742616653442383
3757,saint_dqn,3.901606559753418
3758,saint_dqn,3.1361217498779297
3759,saint_dqn,2.532400131225586
3760,saint_dqn,3.9721078872680664
3761,saint_dqn,0.41307830810546875
3762,saint_dqn,-0.42323970794677734
3763,saint_dqn,3.8422927856445312
3764,saint_dqn,-0.24933528900146484
3765,saint_dqn,4.674712181091309
3766,saint_dqn,4.333565711975098
3767,saint_dqn,0.44689369201660156
3768,saint_dqn,0.5576248168945312
3769,saint_dqn,1.6681241989135742
3770,saint_dqn,1.5211610794067383
3771,saint_dqn,1.6260528564453125
3772,saint_dqn,2.1662797927856445
3773,saint_dqn,2.4456872940063477
3774,saint_dqn,1.5007801055908203
3775,saint_dqn,4.5998077392578125
3776,saint_dqn,2.2536840438842773
3777,saint_dqn,1.525167465209961
3778,saint_dqn,1.9731903076171875
3779,saint_dqn,7.74232292175293
3780,saint_dqn,0.9476404190063477
3781,saint_dqn,2.1432266235351562
3782,saint_dqn,-0.6561183929443359
3783,saint_dqn,1.1889610290527344
3784,saint_dqn,1.5460166931152344
3785,saint_dqn,0.4005594253540039
3786,saint_dqn,0.08093929290771484
3787,saint_dqn,0.0718841552734375
3788,saint_dqn,2.225095748901367
3789,saint_dqn,2.879087448120117
3790,saint_dqn,1.3654651641845703
3791,saint_dqn,2.694915771484375
3792,saint_dqn,-0.37587928771972656
3793,saint_dqn,1.925887107849121
3794,saint_dqn,1.8698654174804688
3795,saint_dqn,1.1068763732910156
3796,saint_dqn,-0.20806312561035156
3797,saint_dqn,0.08588123321533203
3798,saint_dqn,1.097768783569336
3799,saint_dqn,4.631752014160156
3800,saint_dqn,0.44652557373046875
3801,saint_dqn,0.9838247299194336
3802,saint_dqn,4.529379844665527
3803,saint_dqn,2.4924259185791016
3804,saint_dqn,0.8130064010620117
3805,saint_dqn,0.8654747009277344
3806,saint_dqn,1.1262273788452148
3807,saint_dqn,1.3661613464355469
3808,saint_dqn,0.30898094177246094
3809,saint_dqn,-0.3918304443359375
3810,saint_dqn,2.649517059326172
3811,saint_dqn,1.1179637908935547
3812,saint_dqn,1.7020845413208008
3813,saint_dqn,0.522913932800293
3814,saint_dqn,0.9554557800292969
3815,saint_dqn,1.3614940643310547
3816,saint_dqn,0.9906063079833984
3817,saint_dqn,1.0034856796264648
3818,saint_dqn,5.741028308868408
3819,saint_dqn,-0.5403966903686523
3820,saint_dqn,2.1500749588012695
3821,saint_dqn,1.7173824310302734
3822,saint_dqn,1.339024543762207
3823,saint_dqn,1.0739679336547852
3824,saint_dqn,1.1556386947631836
3825,saint_dqn,0.7117586135864258
3826,saint_dqn,1.5075998306274414
3827,saint_dqn,2.431201934814453
3828,saint_dqn,0.5747404098510742
3829,saint_dqn,1.2115592956542969
3830,saint_dqn,1.9744081497192383
3831,saint_dqn,1.7391395568847656
3832,saint_dqn,-0.638148307800293
3833,saint_dqn,1.6075763702392578
3834,saint_dqn,-0.29412841796875
3835,saint_dqn,2.174285888671875
3836,saint_dqn,0.4508523941040039
3837,saint_dqn,2.5835189819335938
3838,saint_dqn,3.554873466491699
3839,saint_dqn,4.034185409545898
3840,saint_dqn,2.2024688720703125
3841,saint_dqn,1.5299797058105469
3842,saint_dqn,4.861406326293945
3843,saint_dqn,0.6338672637939453
3844,saint_dqn,2.2074031829833984
3845,saint_dqn,0.43048095703125
3846,saint_dqn,4.685490131378174
3847,saint_dqn,4.258457183837891
3848,saint_dqn,0.5099983215332031
3849,saint_dqn,0.5651311874389648
3850,saint_dqn,3.8133392333984375
3851,saint_dqn,1.4654293060302734
3852,saint_dqn,2.0208187103271484
3853,saint_dqn,2.656102180480957
3854,saint_dqn,2.7051572799682617
3855,saint_dqn,1.0481796264648438
3856,saint_dqn,-0.7824306488037109
3857,saint_dqn,0.36978816986083984
3858,saint_dqn,1.5714139938354492
3859,saint_dqn,5.902640342712402
3860,saint_dqn,1.3569202423095703
3861,saint_dqn,1.22021484375
3862,saint_dqn,3.565169334411621
3863,saint_dqn,2.139439582824707
3864,saint_dqn,3.9955453872680664
3865,saint_dqn,1.8517637252807617
3866,saint_dqn,0.46094226837158203
3867,saint_dqn,1.2136716842651367
3868,saint_dqn,1.1137685775756836
3869,saint_dqn,0.7611227035522461
3870,saint_dqn,0.6820173263549805
3871,saint_dqn,-0.5726728439331055
3872,saint_dqn,0.6085166931152344
3873,saint_dqn,0.49088478088378906
3874,saint_dqn,3.031259536743164
3875,saint_dqn,4.705328941345215
3876,saint_dqn,0.7325115203857422
3877,saint_dqn,1.5673980712890625
3878,saint_dqn,1.6116180419921875
3879,saint_dqn,1.0460529327392578
3880,saint_dqn,-0.08902645111083984
3881,saint_dqn,0.08276081085205078
3882,saint_dqn,2.573068618774414
3883,saint_dqn,1.079275131225586
3884,saint_dqn,0.18346595764160156
3885,saint_dqn,1.444371223449707
3886,saint_dqn,-0.16569137573242188
3887,saint_dqn,1.9549236297607422
3888,saint_dqn,0.6870517730712891
3889,saint_dqn,0.521306037902832
3890,saint_dqn,1.8283343315124512
3891,saint_dqn,4.444673538208008
3892,saint_dqn,5.930303573608398
3893,saint_dqn,2.5318403244018555
3894,saint_dqn,1.1184396743774414
3895,saint_dqn,0.11628341674804688
3896,saint_dqn,0.20557022094726562
3897,saint_dqn,1.5492372512817383
3898,saint_dqn,0.19977569580078125
3899,saint_dqn,1.1650285720825195
3900,saint_dqn,3.1626882553100586
3901,saint_dqn,2.1366119384765625
3902,saint_dqn,0.9934482574462891
3903,saint_dqn,2.0655479431152344
3904,saint_dqn,1.1648902893066406
3905,saint_dqn,3.058197021484375
3906,saint_dqn,5.674736022949219
3907,saint_dqn,2.335238456726074
3908,saint_dqn,1.1599464416503906
3909,saint_dqn,1.0744094848632812
3910,saint_dqn,-0.8902368545532227
3911,saint_dqn,1.498194694519043
3912,saint_dqn,1.622610092163086
3913,saint_dqn,0.9034109115600586
3914,saint_dqn,0.07852745056152344
3915,saint_dqn,2.4405298233032227
3916,saint_dqn,1.9545726776123047
3917,saint_dqn,0.6266994476318359
3918,saint_dqn,1.2885141372680664
3919,saint_dqn,0.5350503921508789
3920,saint_dqn,1.9223203659057617
3921,saint_dqn,0.6457290649414062
3922,saint_dqn,0.5972805023193359
3923,saint_dqn,2.087347984313965
3924,saint_dqn,1.2837390899658203
3925,saint_dqn,1.3083715438842773
3926,saint_dqn,0.0690450668334961
3927,saint_dqn,-0.051169395446777344
3928,saint_dqn,-2.121978759765625
3929,saint_dqn,-0.23800373077392578
3930,saint_dqn,2.2649030685424805
3931,saint_dqn,2.1173267364501953
3932,saint_dqn,1.285782814025879
3933,saint_dqn,3.5536422729492188
3934,saint_dqn,3.169727325439453
3935,saint_dqn,3.341768264770508
3936,saint_dqn,2.343843460083008
3937,saint_dqn,0.7030410766601562
3938,saint_dqn,1.1174068450927734
3939,saint_dqn,1.111466407775879
3940,saint_dqn,0.4848976135253906
3941,saint_dqn,1.0468721389770508
3942,saint_dqn,1.7172012329101562
3943,saint_dqn,1.7485904693603516
3944,saint_dqn,1.4097557067871094
3945,saint_dqn,3.7143287658691406
3946,saint_dqn,5.477083206176758
3947,saint_dqn,1.8329601287841797
3948,saint_dqn,-0.012623786926269531
3949,saint_dqn,1.667220115661621
3950,saint_dqn,3.449660301208496
3951,saint_dqn,0.10905075073242188
3952,saint_dqn,-0.19025421142578125
3953,saint_dqn,1.726973533630371
3954,saint_dqn,1.9433889389038086
3955,saint_dqn,1.9978694915771484
3956,saint_dqn,1.7944679260253906
3957,saint_dqn,0.675511360168457
3958,saint_dqn,2.4752845764160156
3959,saint_dqn,2.053194046020508
3960,saint_dqn,0.38331031799316406
3961,saint_dqn,0.2815694808959961
3962,saint_dqn,-0.4760255813598633
3963,saint_dqn,7.455621719360352
3964,saint_dqn,1.7738418579101562
3965,saint_dqn,-1.7772865295410156
3966,saint_dqn,2.540069580078125
3967,saint_dqn,-1.3305158615112305
3968,saint_dqn,1.4182071685791016
3969,saint_dqn,1.7362194061279297
3970,saint_dqn,0.7777996063232422
3971,saint_dqn,1.8358993530273438
3972,saint_dqn,1.4369792938232422
3973,saint_dqn,0.8740043640136719
3974,saint_dqn,1.8500595092773438
3975,saint_dqn,0.524409294128418
3976,saint_dqn,0.3251943588256836
3977,saint_dqn,0.20839881896972656
3978,saint_dqn,0.19098949432373047
3979,saint_dqn,0.8261508941650391
3980,saint_dqn,1.993189811706543
3981,saint_dqn,1.8829288482666016
3982,saint_dqn,2.9259166717529297
3983,saint_dqn,1.4828386306762695
3984,saint_dqn,1.3954792022705078
3985,saint_dqn,0.6777963638305664
3986,saint_dqn,-0.1809835433959961
3987,saint_dqn,1.4500732421875
3988,saint_dqn,3.450735092163086
3989,saint_dqn,0.6640729904174805
3990,saint_dqn,0.623774528503418
3991,saint_dqn,1.3224773406982422
3992,saint_dqn,0.6317930221557617
3993,saint_dqn,5.989677429199219
3994,saint_dqn,1.7047290802001953
3995,saint_dqn,1.9847421646118164
3996,saint_dqn,-0.05703258514404297
3997,saint_dqn,0.3596639633178711
3998,saint_dqn,0.020173072814941406
3999,saint_dqn,-0.6858043670654297
4000,saint_dqn,0.9175243377685547
4001,saint_dqn,2.4298782348632812
4002,saint_dqn,1.6279287338256836
4003,saint_dqn,1.1990623474121094
4004,saint_dqn,1.3788127899169922
4005,saint_dqn,1.3874788284301758
4006,saint_dqn,6.610939025878906
4007,saint_dqn,1.587839126586914
4008,saint_dqn,2.1648988723754883
4009,saint_dqn,0.6503992080688477
4010,saint_dqn,2.0061159133911133
4011,saint_dqn,0.4146852493286133
4012,saint_dqn,1.964071273803711
4013,saint_dqn,2.481661796569824
4014,saint_dqn,0.17038631439208984
4015,saint_dqn,6.349273681640625
4016,saint_dqn,2.480602264404297
4017,saint_dqn,1.8922538757324219
4018,saint_dqn,0.526240348815918
4019,saint_dqn,4.346980094909668
4020,saint_dqn,5.324705600738525
4021,saint_dqn,1.4641838073730469
4022,saint_dqn,0.14245319366455078
4023,saint_dqn,0.9271478652954102
4024,saint_dqn,1.7669048309326172
4025,saint_dqn,0.38423824310302734
4026,saint_dqn,1.501664161682129
4027,saint_dqn,1.2312602996826172
4028,saint_dqn,2.468954086303711
4029,saint_dqn,1.7790899276733398
4030,saint_dqn,-0.5245637893676758
4031,saint_dqn,1.354283332824707
4032,saint_dqn,3.0457286834716797
4033,saint_dqn,1.0844306945800781
4034,saint_dqn,-0.0040302276611328125
4035,saint_dqn,1.5170011520385742
4036,saint_dqn,0.9182472229003906
4037,saint_dqn,3.345667839050293
4038,saint_dqn,0.9269495010375977
4039,saint_dqn,1.4573602676391602
4040,saint_dqn,2.5271434783935547
4041,saint_dqn,3.626185417175293
4042,saint_dqn,1.1232633590698242
4043,saint_dqn,1.671666145324707
4044,saint_dqn,2.0465478897094727
4045,saint_dqn,0.5414791107177734
4046,saint_dqn,1.2403907775878906
4047,saint_dqn,3.47945499420166
4048,saint_dqn,1.5399770736694336
4049,saint_dqn,0.3483400344848633
4050,saint_dqn,0.8229389190673828
4051,saint_dqn,2.2079358100891113
4052,saint_dqn,0.3913717269897461
4053,saint_dqn,-0.17428874969482422
4054,saint_dqn,1.9779176712036133
4055,saint_dqn,3.6793203353881836
4056,saint_dqn,2.343891143798828
4057,saint_dqn,0.43326854705810547
4058,saint_dqn,-0.078094482421875
4059,saint_dqn,0.6922245025634766
4060,saint_dqn,2.834413528442383
4061,saint_dqn,1.016495704650879
4062,saint_dqn,0.9708566665649414
4063,saint_dqn,0.9717531204223633
4064,saint_dqn,-0.09589290618896484
4065,saint_dqn,1.5502395629882812
4066,saint_dqn,-0.8008403778076172
4067,saint_dqn,0.19977378845214844
4068,saint_dqn,1.5776147842407227
4069,saint_dqn,0.0880289077758789
4070,saint_dqn,1.0517501831054688
4071,saint_dqn,0.8391447067260742
4072,saint_dqn,1.4893131256103516
4073,saint_dqn,1.0094528198242188
4074,saint_dqn,-0.2428417205810547
4075,saint_dqn,0.7708034515380859
4076,saint_dqn,3.7669148445129395
4077,saint_dqn,0.900299072265625
4078,saint_dqn,1.0139846801757812
4079,saint_dqn,0.9074015617370605
4080,saint_dqn,0.3796348571777344
4081,saint_dqn,1.1730051040649414
4082,saint_dqn,0.6373672485351562
4083,saint_dqn,1.1470260620117188
4084,saint_dqn,1.737574577331543
4085,saint_dqn,1.8223094940185547
4086,saint_dqn,0.2361431121826172
4087,saint_dqn,0.9598588943481445
4088,saint_dqn,1.7202777862548828
4089,saint_dqn,2.772317886352539
4090,saint_dqn,1.0629186630249023
4091,saint_dqn,2.310044288635254
4092,saint_dqn,2.374943733215332
4093,saint_dqn,2.22170352935791
4094,saint_dqn,0.7394733428955078
4095,saint_dqn,4.504985809326172
4096,saint_dqn,1.601475715637207
4097,saint_dqn,1.251908302307129
4098,saint_dqn,-0.01960277557373047
4099,saint_dqn,0.9077854156494141
4100,saint_dqn,-0.28903865814208984
4101,saint_dqn,1.5163869857788086
4102,saint_dqn,1.7063417434692383
4103,saint_dqn,0.6340188980102539
4104,saint_dqn,1.8560771942138672
4105,saint_dqn,1.4632043838500977
4106,saint_dqn,0.5566377639770508
4107,saint_dqn,0.24196910858154297
4108,saint_dqn,4.187382698059082
4109,saint_dqn,1.1011934280395508
4110,saint_dqn,3.8363170623779297
4111,saint_dqn,1.3753957748413086
4112,saint_dqn,2.021552085876465
4113,saint_dqn,0.18292522430419922
4114,saint_dqn,0.8205127716064453
4115,saint_dqn,0.9867210388183594
4116,saint_dqn,3.227572441101074
4117,saint_dqn,1.0417718887329102
4118,saint_dqn,-0.09617996215820312
4119,saint_dqn,2.226736068725586
4120,saint_dqn,0.8860139846801758
4121,saint_dqn,3.8366661071777344
4122,saint_dqn,5.033105850219727
4123,saint_dqn,1.5671567916870117
4124,saint_dqn,2.899465560913086
4125,saint_dqn,1.499807357788086
4126,saint_dqn,1.5768089294433594
4127,saint_dqn,1.3066883087158203
4128,saint_dqn,0.17631053924560547
4129,saint_dqn,0.6818017959594727
4130,saint_dqn,2.927938938140869
4131,saint_dqn,1.671661376953125
4132,saint_dqn,2.2518444061279297
4133,saint_dqn,1.8884086608886719
4134,saint_dqn,0.6959085464477539
4135,saint_dqn,1.2166643142700195
4136,saint_dqn,1.2735233306884766
4137,saint_dqn,1.5549707412719727
4138,saint_dqn,2.2020912170410156
4139,saint_dqn,0.6617221832275391
4140,saint_dqn,1.6849784851074219
4141,saint_dqn,1.1000146865844727
4142,saint_dqn,2.690548896789551
4143,saint_dqn,0.8301210403442383
4144,saint_dqn,0.9541130065917969
4145,saint_dqn,2.8391456604003906
4146,saint_dqn,1.7835884094238281
4147,saint_dqn,3.7747440338134766
4148,saint_dqn,0.29774951934814453
4149,saint_dqn,1.34527587890625
4150,saint_dqn,1.5666942596435547
4151,saint_dqn,1.8400697708129883
4152,saint_dqn,1.651036262512207
4153,saint_dqn,2.9825735092163086
4154,saint_dqn,2.6567840576171875
4155,saint_dqn,0.8874921798706055
4156,saint_dqn,3.2546463012695312
4157,saint_dqn,2.0394678115844727
4158,saint_dqn,5.505821228027344
4159,saint_dqn,1.391021728515625
4160,saint_dqn,0.8006019592285156
4161,saint_dqn,0.4363517761230469
4162,saint_dqn,1.9158811569213867
4163,saint_dqn,1.2056055068969727
4164,saint_dqn,1.2210407257080078
4165,saint_dqn,2.0334835052490234
4166,saint_dqn,2.137166976928711
4167,saint_dqn,1.2346363067626953
4168,saint_dqn,0.9476728439331055
4169,saint_dqn,-1.0781965255737305
4170,saint_dqn,3.6388635635375977
4171,saint_dqn,0.634434700012207
4172,saint_dqn,1.1494731903076172
4173,saint_dqn,1.260209083557129
4174,saint_dqn,1.589198112487793
4175,saint_dqn,0.0150604248046875
4176,saint_dqn,1.8386316299438477
4177,saint_dqn,1.4560585021972656
4178,saint_dqn,0.40889835357666016
4179,saint_dqn,0.3109407424926758
4180,saint_dqn,2.090582847595215
4181,saint_dqn,4.212222099304199
4182,saint_dqn,2.121152877807617
4183,saint_dqn,0.6733293533325195
4184,saint_dqn,1.050497055053711
4185,saint_dqn,0.6428976058959961
4186,saint_dqn,5.541611671447754
4187,saint_dqn,0.06733512878417969
4188,saint_dqn,0.22870826721191406
4189,saint_dqn,2.3307275772094727
4190,saint_dqn,-0.17037105560302734
4191,saint_dqn,3.243443489074707
4192,saint_dqn,1.0413627624511719
4193,saint_dqn,0.8252182006835938
4194,saint_dqn,2.1366539001464844
4195,saint_dqn,0.009930610656738281
4196,saint_dqn,1.0420598983764648
4197,saint_dqn,-0.06703472137451172
4198,saint_dqn,1.8961114883422852
4199,saint_dqn,1.05133056640625
4200,saint_dqn,-0.18276596069335938
4201,saint_dqn,0.9953470230102539
4202,saint_dqn,5.899853706359863
4203,saint_dqn,1.9577655792236328
4204,saint_dqn,-0.5217132568359375
4205,saint_dqn,0.46747398376464844
4206,saint_dqn,0.7896041870117188
4207,saint_dqn,2.0452985763549805
4208,saint_dqn,2.9657325744628906
4209,saint_dqn,3.276076316833496
4210,saint_dqn,1.5924091339111328
4211,saint_dqn,2.0734920501708984
4212,saint_dqn,-0.8198862075805664
4213,saint_dqn,0.1945953369140625
4214,saint_dqn,0.8778228759765625
4215,saint_dqn,1.1068611145019531
4216,saint_dqn,3.2050886154174805
4217,saint_dqn,-0.3975696563720703
4218,saint_dqn,1.6576662063598633
4219,saint_dqn,1.4538040161132812
4220,saint_dqn,0.3087425231933594
4221,saint_dqn,1.6734247207641602
4222,saint_dqn,0.6270980834960938
4223,saint_dqn,-0.5171127319335938
4224,saint_dqn,-0.2968711853027344
4225,saint_dqn,0.92156982421875
4226,saint_dqn,4.333792686462402
4227,saint_dqn,1.1008634567260742
4228,saint_dqn,0.9694004058837891
4229,saint_dqn,-0.03176593780517578
4230,saint_dqn,2.623776435852051
4231,saint_dqn,0.34669971466064453
4232,saint_dqn,1.6883211135864258
4233,saint_dqn,0.9202165603637695
4234,saint_dqn,2.0758609771728516
4235,saint_dqn,0.5558967590332031
4236,saint_dqn,2.5774335861206055
4237,saint_dqn,1.1688079833984375
4238,saint_dqn,1.5475683212280273
4239,saint_dqn,1.1143951416015625
4240,saint_dqn,2.517190933227539
4241,saint_dqn,1.2493152618408203
4242,saint_dqn,2.7128076553344727
4243,saint_dqn,2.261345863342285
4244,saint_dqn,0.4121217727661133
4245,saint_dqn,2.474534034729004
4246,saint_dqn,1.3579368591308594
4247,saint_dqn,6.136519432067871
4248,saint_dqn,0.7494287490844727
4249,saint_dqn,1.3516426086425781
4250,saint_dqn,-0.25634193420410156
4251,saint_dqn,1.3009719848632812
4252,saint_dqn,1.3658533096313477
4253,saint_dqn,3.2047195434570312
4254,saint_dqn,1.4432668685913086
4255,saint_dqn,0.04883289337158203
4256,saint_dqn,0.8893909454345703
4257,saint_dqn,1.5044403076171875
4258,saint_dqn,2.115128517150879
4259,saint_dqn,0.9345722198486328
4260,saint_dqn,1.395986557006836
4261,saint_dqn,-0.026243209838867188
4262,saint_dqn,4.180229187011719
4263,saint_dqn,1.706944465637207
4264,saint_dqn,2.119577407836914
4265,saint_dqn,-0.3900175094604492
4266,saint_dqn,0.7271738052368164
4267,saint_dqn,2.5303382873535156
4268,saint_dqn,0.531219482421875
4269,saint_dqn,1.6709823608398438
4270,saint_dqn,-0.31874561309814453
4271,saint_dqn,3.181262969970703
4272,saint_dqn,0.4230308532714844
4273,saint_dqn,3.6199235916137695
4274,saint_dqn,0.811192512512207
4275,saint_dqn,2.5798826217651367
4276,saint_dqn,3.153087615966797
4277,saint_dqn,1.3487176895141602
4278,saint_dqn,0.9792900085449219
4279,saint_dqn,1.7501811981201172
4280,saint_dqn,0.84814453125
4281,saint_dqn,4.078061103820801
4282,saint_dqn,1.65478515625
4283,saint_dqn,1.5688276290893555
4284,saint_dqn,-0.43535900115966797
4285,saint_dqn,2.141207695007324
4286,saint_dqn,3.095430374145508
4287,saint_dqn,1.3366098403930664
4288,saint_dqn,2.910715103149414
4289,saint_dqn,0.6581306457519531
4290,saint_dqn,1.812234878540039
4291,saint_dqn,0.6425380706787109
4292,saint_dqn,6.709712982177734
4293,saint_dqn,1.0983085632324219
4294,saint_dqn,3.273172378540039
4295,saint_dqn,2.3359994888305664
4296,saint_dqn,0.5653762817382812
4297,saint_dqn,0.5548152923583984
4298,saint_dqn,4.207022666931152
4299,saint_dqn,1.7628650665283203
4300,saint_dqn,3.5679588317871094
4301,saint_dqn,1.6143169403076172
4302,saint_dqn,0.33951759338378906
4303,saint_dqn,0.7227640151977539
4304,saint_dqn,1.3885011672973633
4305,saint_dqn,1.6590404510498047
4306,saint_dqn,-0.07877922058105469
4307,saint_dqn,0.4223785400390625
4308,saint_dqn,1.3314342498779297
4309,saint_dqn,3.2788352966308594
4310,saint_dqn,2.482649803161621
4311,saint_dqn,1.156071662902832
4312,saint_dqn,1.076603889465332
4313,saint_dqn,2.282454490661621
4314,saint_dqn,1.8561811447143555
4315,saint_dqn,3.1241769790649414
4316,saint_dqn,3.1225080490112305
4317,saint_dqn,0.5772848129272461
4318,saint_dqn,2.4100799560546875
4319,saint_dqn,-1.0748014450073242
4320,saint_dqn,-0.24682235717773438
4321,saint_dqn,-1.2414836883544922
4322,saint_dqn,0.4205608367919922
4323,saint_dqn,0.6773719787597656
4324,saint_dqn,1.0674762725830078
4325,saint_dqn,-0.2835397720336914
4326,saint_dqn,0.5508537292480469
4327,saint_dqn,2.315983772277832
4328,saint_dqn,1.6096057891845703
4329,saint_dqn,1.8316335678100586
4330,saint_dqn,-0.6475009918212891
4331,saint_dqn,2.3783912658691406
4332,saint_dqn,-0.5676431655883789
4333,saint_dqn,2.5321922302246094
4334,saint_dqn,-1.3338079452514648
4335,saint_dqn,0.7469234466552734
4336,saint_dqn,1.902383804321289
4337,saint_dqn,1.077946662902832
4338,saint_dqn,0.5790557861328125
4339,saint_dqn,0.5886650085449219
4340,saint_dqn,1.9119853973388672
4341,saint_dqn,2.624375343322754
4342,saint_dqn,1.4869623184204102
4343,saint_dqn,1.014765739440918
4344,saint_dqn,1.7860136032104492
4345,saint_dqn,3.0834083557128906
4346,saint_dqn,0.7359209060668945
4347,saint_dqn,2.0979108810424805
4348,saint_dqn,1.7775297164916992
4349,saint_dqn,2.459413528442383
4350,saint_dqn,0.5307302474975586
4351,saint_dqn,1.7586164474487305
4352,saint_dqn,0.9319429397583008
4353,saint_dqn,2.0402088165283203
4354,saint_dqn,2.235112190246582
4355,saint_dqn,1.4635229110717773
4356,saint_dqn,0.18553543090820312
4357,saint_dqn,1.0876455307006836
4358,saint_dqn,1.875269889831543
4359,saint_dqn,0.9366397857666016
4360,saint_dqn,1.685861587524414
4361,saint_dqn,5.25568962097168
4362,saint_dqn,1.1035575866699219
4363,saint_dqn,0.5781612396240234
4364,saint_dqn,1.3017282485961914
4365,saint_dqn,1.0156354904174805
4366,saint_dqn,0.4143199920654297
4367,saint_dqn,1.8928794860839844
4368,saint_dqn,0.14534854888916016
4369,saint_dqn,2.4835500717163086
4370,saint_dqn,0.06104755401611328
4371,saint_dqn,1.8872394561767578
4372,saint_dqn,2.0409936904907227
4373,saint_dqn,2.9189414978027344
4374,saint_dqn,2.651495933532715
4375,saint_dqn,3.9135875701904297
4376,saint_dqn,-0.6713666915893555
4377,saint_dqn,0.9946050643920898
4378,saint_dqn,2.313732147216797
4379,saint_dqn,2.2480316162109375
4380,saint_dqn,3.9197559356689453
4381,saint_dqn,0.416229248046875
4382,saint_dqn,5.553492546081543
4383,saint_dqn,1.2389554977416992
4384,saint_dqn,2.946989059448242
4385,saint_dqn,3.729813575744629
4386,saint_dqn,0.9558506011962891
4387,saint_dqn,3.1470842361450195
4388,saint_dqn,-0.19449615478515625
4389,saint_dqn,0.10648155212402344
4390,saint_dqn,1.2568702697753906
4391,saint_dqn,0.9129753112792969
4392,saint_dqn,3.2833900451660156
4393,saint_dqn,1.0030736923217773
4394,saint_dqn,1.1437721252441406
4395,saint_dqn,2.625162124633789
4396,saint_dqn,2.0623931884765625
4397,saint_dqn,4.624177932739258
4398,saint_dqn,3.2412843704223633
4399,saint_dqn,0.09255790710449219
4400,saint_dqn,2.253159523010254
4401,saint_dqn,1.504129409790039
4402,saint_dqn,0.9387454986572266
4403,saint_dqn,0.2990455627441406
4404,saint_dqn,-0.8928842544555664
4405,saint_dqn,1.7543487548828125
4406,saint_dqn,6.639618396759033
4407,saint_dqn,2.5591506958007812
4408,saint_dqn,3.800889015197754
4409,saint_dqn,1.2966423034667969
4410,saint_dqn,0.5965051651000977
4411,saint_dqn,0.3073005676269531
4412,saint_dqn,-0.033935546875
4413,saint_dqn,2.8600893020629883
4414,saint_dqn,1.9096851348876953
4415,saint_dqn,1.4561481475830078
4416,saint_dqn,-0.20528125762939453
4417,saint_dqn,1.5561695098876953
4418,saint_dqn,2.433009147644043
4419,saint_dqn,2.9665775299072266
4420,saint_dqn,0.43848705291748047
4421,saint_dqn,1.2850408554077148
4422,saint_dqn,1.9576892852783203
4423,saint_dqn,1.9548187255859375
4424,saint_dqn,4.705568790435791
4425,saint_dqn,2.9487791061401367
4426,saint_dqn,1.022134780883789
4427,saint_dqn,1.8622817993164062
4428,saint_dqn,1.1863336563110352
4429,saint_dqn,5.619173049926758
4430,saint_dqn,1.6326618194580078
4431,saint_dqn,0.1973733901977539
4432,saint_dqn,0.21915817260742188
4433,saint_dqn,0.12816143035888672
4434,saint_dqn,1.1380767822265625
4435,saint_dqn,1.3221473693847656
4436,saint_dqn,1.641310691833496
4437,saint_dqn,1.2324714660644531
4438,saint_dqn,1.1100807189941406
4439,saint_dqn,3.5756654739379883
4440,saint_dqn,1.8428163528442383
4441,saint_dqn,-0.05326080322265625
4442,saint_dqn,0.19870376586914062
4443,saint_dqn,0.9924297332763672
4444,saint_dqn,0.4515199661254883
4445,saint_dqn,1.5620708465576172
4446,saint_dqn,-0.06833648681640625
4447,saint_dqn,4.187516212463379
4448,saint_dqn,1.85675048828125
4449,saint_dqn,0.03560638427734375
4450,saint_dqn,-0.1435403823852539
4451,saint_dqn,3.314451217651367
4452,saint_dqn,1.4435796737670898
4453,saint_dqn,1.036966323852539
4454,saint_dqn,1.1552419662475586
4455,saint_dqn,5.134978294372559
4456,saint_dqn,3.325716972351074
4457,saint_dqn,1.2012863159179688
4458,saint_dqn,-0.5056800842285156
4459,saint_dqn,0.061717987060546875
4460,saint_dqn,1.701498031616211
4461,saint_dqn,3.992227554321289
4462,saint_dqn,1.3103485107421875
4463,saint_dqn,0.6190938949584961
4464,saint_dqn,-0.2517261505126953
4465,saint_dqn,1.5938873291015625
4466,saint_dqn,1.7814321517944336
4467,saint_dqn,1.3046693801879883
4468,saint_dqn,0.8984613418579102
4469,saint_dqn,0.7365627288818359
4470,saint_dqn,4.028384685516357
4471,saint_dqn,0.6399011611938477
4472,saint_dqn,1.2711563110351562
4473,saint_dqn,2.409487724304199
4474,saint_dqn,5.129827499389648
4475,saint_dqn,5.283754348754883
4476,saint_dqn,-0.41295433044433594
4477,saint_dqn,1.3615140914916992
4478,saint_dqn,3.4166183471679688
4479,saint_dqn,2.584217071533203
4480,saint_dqn,1.7441215515136719
4481,saint_dqn,0.9154806137084961
4482,saint_dqn,3.616731643676758
4483,saint_dqn,2.723832130432129
4484,saint_dqn,2.007096290588379
4485,saint_dqn,0.8549661636352539
4486,saint_dqn,3.0622997283935547
4487,saint_dqn,4.738039016723633
4488,saint_dqn,2.2082138061523438
4489,saint_dqn,2.3180274963378906
4490,saint_dqn,1.6442632675170898
4491,saint_dqn,0.13074684143066406
4492,saint_dqn,2.176258087158203
4493,saint_dqn,1.908163070678711
4494,saint_dqn,5.284795761108398
4495,saint_dqn,2.398143768310547
4496,saint_dqn,1.3013334274291992
4497,saint_dqn,2.281397819519043
4498,saint_dqn,3.4703407287597656
4499,saint_dqn,0.4333677291870117
4500,saint_dqn,1.1606311798095703
4501,saint_dqn,1.8992433547973633
4502,saint_dqn,0.4613170623779297
4503,saint_dqn,1.7437267303466797
4504,saint_dqn,5.781380653381348
4505,saint_dqn,2.601870536804199
4506,saint_dqn,1.0659055709838867
4507,saint_dqn,0.9030418395996094
4508,saint_dqn,1.57373046875
4509,saint_dqn,-0.3326730728149414
4510,saint_dqn,0.8475437164306641
4511,saint_dqn,5.215616226196289
4512,saint_dqn,2.015676498413086
4513,saint_dqn,0.16874217987060547
4514,saint_dqn,1.0111093521118164
4515,saint_dqn,1.3979740142822266
4516,saint_dqn,0.4335651397705078
4517,saint_dqn,-0.9546804428100586
4518,saint_dqn,1.1982955932617188
4519,saint_dqn,3.0628662109375
4520,saint_dqn,2.5110301971435547
4521,saint_dqn,1.110426902770996
4522,saint_dqn,-0.3532247543334961
4523,saint_dqn,-0.31513214111328125
4524,saint_dqn,-0.1631641387939453
4525,saint_dqn,2.7113590240478516
4526,saint_dqn,3.057032585144043
4527,saint_dqn,1.312302589416504
4528,saint_dqn,1.0615425109863281
4529,saint_dqn,0.17212390899658203
4530,saint_dqn,1.6731128692626953
4531,saint_dqn,1.112945556640625
4532,saint_dqn,-0.31422901153564453
4533,saint_dqn,1.6945695877075195
4534,saint_dqn,2.039811134338379
4535,saint_dqn,3.808785915374756
4536,saint_dqn,0.22760868072509766
4537,saint_dqn,1.1093168258666992
4538,saint_dqn,4.5688886642456055
4539,saint_dqn,3.196949005126953
4540,saint_dqn,1.4633197784423828
4541,saint_dqn,2.2158994674682617
4542,saint_dqn,-2.8777904510498047
4543,saint_dqn,-1.3171758651733398
4544,saint_dqn,1.8223514556884766
4545,saint_dqn,0.7765941619873047
4546,saint_dqn,1.0366506576538086
4547,saint_dqn,0.6315164566040039
4548,saint_dqn,1.0300207138061523
4549,saint_dqn,-0.24739837646484375
4550,saint_dqn,1.7138862609863281
4551,saint_dqn,3.7533721923828125
4552,saint_dqn,0.18851089477539062
4553,saint_dqn,0.6230640411376953
4554,saint_dqn,0.6855268478393555
4555,saint_dqn,0.8729648590087891
4556,saint_dqn,1.6265449523925781
4557,saint_dqn,-0.3256645202636719
4558,saint_dqn,1.4814624786376953
4559,saint_dqn,3.0194411277770996
4560,saint_dqn,1.3696212768554688
4561,saint_dqn,-0.42568016052246094
4562,saint_dqn,4.393627643585205
4563,saint_dqn,3.528122901916504
4564,saint_dqn,-0.7364015579223633
4565,saint_dqn,3.656503677368164
4566,saint_dqn,1.3508596420288086
4567,saint_dqn,-0.2763385772705078
4568,saint_dqn,0.9014596939086914
4569,saint_dqn,1.578089714050293
4570,saint_dqn,7.958231449127197
4571,saint_dqn,1.3479194641113281
4572,saint_dqn,0.6815757751464844
4573,saint_dqn,-0.5061578750610352
4574,saint_dqn,0.8910818099975586
4575,saint_dqn,1.2961978912353516
4576,saint_dqn,-0.2747955322265625
4577,saint_dqn,1.691645622253418
4578,saint_dqn,3.101207733154297
4579,saint_dqn,5.639484405517578
4580,saint_dqn,2.6432600021362305
4581,saint_dqn,0.2114114761352539
4582,saint_dqn,1.2581987380981445
4583,saint_dqn,1.6620244979858398
4584,saint_dqn,1.4137248992919922
4585,saint_dqn,1.3349952697753906
4586,saint_dqn,0.2309856414794922
4587,saint_dqn,0.5110378265380859
4588,saint_dqn,1.396418571472168
4589,saint_dqn,-0.05432415008544922
4590,saint_dqn,0.010746002197265625
4591,saint_dqn,-0.631983757019043
4592,saint_dqn,0.6923532485961914
4593,saint_dqn,1.1644763946533203
4594,saint_dqn,2.405426025390625
4595,saint_dqn,1.7229394912719727
4596,saint_dqn,0.828648567199707
4597,saint_dqn,0.8976593017578125
4598,saint_dqn,0.03918743133544922
4599,saint_dqn,0.9225387573242188
4600,saint_dqn,0.983922004699707
4601,saint_dqn,3.9072437286376953
4602,saint_dqn,2.9858922958374023
4603,saint_dqn,6.812796592712402
4604,saint_dqn,0.38591766357421875
4605,saint_dqn,-1.4176511764526367
4606,saint_dqn,-0.141204833984375
4607,saint_dqn,3.907278060913086
4608,saint_dqn,2.0341577529907227
4609,saint_dqn,-0.3068218231201172
4610,saint_dqn,0.3395652770996094
4611,saint_dqn,1.9667778015136719
4612,saint_dqn,1.6052074432373047
4613,saint_dqn,0.9925756454467773
4614,saint_dqn,2.2402830123901367
4615,saint_dqn,5.089763641357422
4616,saint_dqn,0.9903936386108398
4617,saint_dqn,1.339066505432129
4618,saint_dqn,0.3661689758300781
4619,saint_dqn,3.725526809692383
4620,saint_dqn,2.087390899658203
4621,saint_dqn,1.7484550476074219
4622,saint_dqn,0.8885202407836914
4623,saint_dqn,1.6527328491210938
4624,saint_dqn,3.7992334365844727
4625,saint_dqn,0.9463014602661133
4626,saint_dqn,1.4365787506103516
4627,saint_dqn,3.012136459350586
4628,saint_dqn,1.5319690704345703
4629,saint_dqn,1.3395452499389648
4630,saint_dqn,0.1463794708251953
4631,saint_dqn,1.2552099227905273
4632,saint_dqn,3.9339847564697266
4633,saint_dqn,0.4726991653442383
4634,saint_dqn,1.2586650848388672
4635,saint_dqn,2.3996458053588867
4636,saint_dqn,0.4588661193847656
4637,saint_dqn,1.3354778289794922
4638,saint_dqn,3.347825050354004
4639,saint_dqn,1.009979248046875
4640,saint_dqn,3.157346725463867
4641,saint_dqn,1.690103530883789
4642,saint_dqn,3.5527219772338867
4643,saint_dqn,0.7500677108764648
4644,saint_dqn,0.5397977828979492
4645,saint_dqn,1.1185073852539062
4646,saint_dqn,0.7340307235717773
4647,saint_dqn,1.945760726928711
4648,saint_dqn,1.0921449661254883
4649,saint_dqn,4.960477828979492
4650,saint_dqn,1.3887014389038086
4651,saint_dqn,1.444427490234375
4652,saint_dqn,0.02772808074951172
4653,saint_dqn,0.5928201675415039
4654,saint_dqn,5.355621337890625
4655,saint_dqn,0.532191276550293
4656,saint_dqn,0.7081899642944336
4657,saint_dqn,0.6720094680786133
4658,saint_dqn,0.035393714904785156
4659,saint_dqn,1.067779541015625
4660,saint_dqn,0.26749706268310547
4661,saint_dqn,0.8228969573974609
4662,saint_dqn,5.065469741821289
4663,saint_dqn,4.330374717712402
4664,saint_dqn,1.9346580505371094
4665,saint_dqn,2.306157112121582
4666,saint_dqn,0.7954072952270508
4667,saint_dqn,1.7020597457885742
4668,saint_dqn,1.4483757019042969
4669,saint_dqn,2.6678810119628906
4670,saint_dqn,1.241037368774414
4671,saint_dqn,2.485135078430176
4672,saint_dqn,0.2476787567138672
4673,saint_dqn,1.1978302001953125
4674,saint_dqn,1.811762809753418
4675,saint_dqn,1.2937402725219727
4676,saint_dqn,-0.30654048919677734
4677,saint_dqn,-0.20267295837402344
4678,saint_dqn,-0.2298717498779297
4679,saint_dqn,1.3967323303222656
4680,saint_dqn,1.5443716049194336
4681,saint_dqn,1.0717973709106445
4682,saint_dqn,1.9050607681274414
4683,saint_dqn,1.1039247512817383
4684,saint_dqn,1.3532371520996094
4685,saint_dqn,1.6154251098632812
4686,saint_dqn,0.2683553695678711
4687,saint_dqn,1.6179590225219727
4688,saint_dqn,0.7448301315307617
4689,saint_dqn,3.7843008041381836
4690,saint_dqn,0.31839466094970703
4691,saint_dqn,6.352563858032227
4692,saint_dqn,1.940279483795166
4693,saint_dqn,0.6080169677734375
4694,saint_dqn,0.7745084762573242
4695,saint_dqn,3.589540958404541
4696,saint_dqn,1.4618921279907227
4697,saint_dqn,4.455714225769043
4698,saint_dqn,0.3935728073120117
4699,saint_dqn,2.0392932891845703
4700,saint_dqn,0.6174755096435547
4701,saint_dqn,0.9011240005493164
4702,saint_dqn,0.14144611358642578
4703,saint_dqn,1.0250673294067383
4704,saint_dqn,0.4700927734375
4705,saint_dqn,0.6523933410644531
4706,saint_dqn,1.782057762145996
4707,saint_dqn,1.4256601333618164
4708,saint_dqn,0.6662540435791016
4709,saint_dqn,4.797375679016113
4710,saint_dqn,1.450779914855957
4711,saint_dqn,3.145570755004883
4712,saint_dqn,0.10341930389404297
4713,saint_dqn,-0.9930362701416016
4714,saint_dqn,1.8899621963500977
4715,saint_dqn,5.419978141784668
4716,saint_dqn,1.4677963256835938
4717,saint_dqn,0.1463613510131836
4718,saint_dqn,6.265778541564941
4719,saint_dqn,1.4025230407714844
4720,saint_dqn,0.48607730865478516
4721,saint_dqn,2.276826858520508
4722,saint_dqn,0.6241827011108398
4723,saint_dqn,4.274275779724121
4724,saint_dqn,-0.508000373840332
4725,saint_dqn,2.2085094451904297
4726,saint_dqn,1.5091838836669922
4727,saint_dqn,0.6438665390014648
4728,saint_dqn,0.0728902816772461
4729,saint_dqn,2.177584648132324
4730,saint_dqn,2.7539310455322266
4731,saint_dqn,4.039669990539551
4732,saint_dqn,1.5122766494750977
4733,saint_dqn,7.318305015563965
4734,saint_dqn,4.36076545715332
4735,saint_dqn,1.070796012878418
4736,saint_dqn,0.2687978744506836
4737,saint_dqn,1.5829429626464844
4738,saint_dqn,0.40352439880371094
4739,saint_dqn,3.1854190826416016
4740,saint_dqn,0.0791769027709961
4741,saint_dqn,-1.1837196350097656
4742,saint_dqn,3.6681299209594727
4743,saint_dqn,1.3415756225585938
4744,saint_dqn,0.2246694564819336
4745,saint_dqn,2.5235557556152344
4746,saint_dqn,1.7921810150146484
4747,saint_dqn,0.5590057373046875
4748,saint_dqn,2.0930614471435547
4749,saint_dqn,2.445812225341797
4750,saint_dqn,0.5187129974365234
4751,saint_dqn,0.26054954528808594
4752,saint_dqn,0.20913028717041016
4753,saint_dqn,0.9078035354614258
4754,saint_dqn,1.2783946990966797
4755,saint_dqn,3.945183753967285
4756,saint_dqn,3.200479507446289
4757,saint_dqn,1.2336053848266602
4758,saint_dqn,2.1236000061035156
4759,saint_dqn,4.487611770629883
4760,saint_dqn,1.4455537796020508
4761,saint_dqn,1.8526582717895508
4762,saint_dqn,1.792616844177246
4763,saint_dqn,5.916080474853516
4764,saint_dqn,-0.13607025146484375
4765,saint_dqn,1.85321044921875
4766,saint_dqn,1.4114799499511719
4767,saint_dqn,4.496014595031738
4768,saint_dqn,1.8946094512939453
4769,saint_dqn,1.9862890243530273
4770,saint_dqn,4.834043502807617
4771,saint_dqn,0.3762044906616211
4772,saint_dqn,-0.022577285766601562
4773,saint_dqn,2.393899917602539
4774,saint_dqn,2.0832996368408203
4775,saint_dqn,1.8220739364624023
4776,saint_dqn,1.2746505737304688
4777,saint_dqn,0.7511510848999023
4778,saint_dqn,1.0918760299682617
4779,saint_dqn,1.2261457443237305
4780,saint_dqn,0.9405889511108398
4781,saint_dqn,0.17263412475585938
4782,saint_dqn,0.34670066833496094
4783,saint_dqn,-0.645050048828125
4784,saint_dqn,2.722166061401367
4785,saint_dqn,-0.5117216110229492
4786,saint_dqn,1.3476457595825195
4787,saint_dqn,0.7913236618041992
4788,saint_dqn,0.0898447036743164
4789,saint_dqn,3.7865724563598633
4790,saint_dqn,2.5595903396606445
4791,saint_dqn,3.3869810104370117
4792,saint_dqn,1.226384162902832
4793,saint_dqn,0.9330921173095703
4794,saint_dqn,0.6179265975952148
4795,saint_dqn,0.9158468246459961
4796,saint_dqn,-1.3709945678710938
4797,saint_dqn,0.8383064270019531
4798,saint_dqn,2.454117774963379
4799,saint_dqn,2.2112674713134766
4800,saint_dqn,-0.7534828186035156
4801,saint_dqn,0.36823558807373047
4802,saint_dqn,0.4046192169189453
4803,saint_dqn,3.2021312713623047
4804,saint_dqn,0.8435649871826172
4805,saint_dqn,-0.4139556884765625
4806,saint_dqn,0.9880924224853516
4807,saint_dqn,-0.1139364242553711
4808,saint_dqn,-0.18157386779785156
4809,saint_dqn,3.1233091354370117
4810,saint_dqn,0.3217754364013672
4811,saint_dqn,1.1159982681274414
4812,saint_dqn,0.7485132217407227
4813,saint_dqn,1.9913368225097656
4814,saint_dqn,-2.448009490966797
4815,saint_dqn,0.30295467376708984
4816,saint_dqn,0.006371498107910156
4817,saint_dqn,0.42194652557373047
4818,saint_dqn,2.327765464782715
4819,saint_dqn,0.6476869583129883
4820,saint_dqn,0.9989871978759766
4821,saint_dqn,1.5562753677368164
4822,saint_dqn,1.7885828018188477
4823,saint_dqn,-0.3588981628417969
4824,saint_dqn,1.0464401245117188
4825,saint_dqn,1.2230415344238281
4826,saint_dqn,1.9167060852050781
4827,saint_dqn,4.603662490844727
4828,saint_dqn,-0.3950462341308594
4829,saint_dqn,2.0780487060546875
4830,saint_dqn,1.8067245483398438
4831,saint_dqn,1.663400650024414
4832,saint_dqn,0.4141387939453125
4833,saint_dqn,0.42151451110839844
4834,saint_dqn,5.498971939086914
4835,saint_dqn,0.7057123184204102
4836,saint_dqn,0.6672163009643555
4837,saint_dqn,2.732044219970703
4838,saint_dqn,1.0791759490966797
4839,saint_dqn,2.9230031967163086
4840,saint_dqn,2.0290117263793945
4841,saint_dqn,1.1685676574707031
4842,saint_dqn,0.6004533767700195
4843,saint_dqn,2.2099685668945312
4844,saint_dqn,0.9188938140869141
4845,saint_dqn,1.4178657531738281
4846,saint_dqn,2.619399070739746
4847,saint_dqn,1.349344253540039
4848,saint_dqn,-1.27020263671875
4849,saint_dqn,3.905191421508789
4850,saint_dqn,3.487773895263672
4851,saint_dqn,1.86181640625
4852,saint_dqn,-0.24831295013427734
4853,saint_dqn,1.4747591018676758
4854,saint_dqn,0.1500530242919922
4855,saint_dqn,1.7148189544677734
4856,saint_dqn,2.478130340576172
4857,saint_dqn,1.7478017807006836
4858,saint_dqn,3.2490882873535156
4859,saint_dqn,-0.6784687042236328
4860,saint_dqn,0.8668642044067383
4861,saint_dqn,0.9562311172485352
4862,saint_dqn,3.593491554260254
4863,saint_dqn,2.2300710678100586
4864,saint_dqn,1.1170988082885742
4865,saint_dqn,0.9693918228149414
4866,saint_dqn,2.0437817573547363
4867,saint_dqn,4.078847885131836
4868,saint_dqn,1.7669696807861328
4869,saint_dqn,2.805990219116211
4870,saint_dqn,5.64985466003418
4871,saint_dqn,2.6618142127990723
4872,saint_dqn,3.1350536346435547
4873,saint_dqn,1.5570869445800781
4874,saint_dqn,4.093658447265625
4875,saint_dqn,1.1130943298339844
4876,saint_dqn,-0.13021183013916016
4877,saint_dqn,0.6038446426391602
4878,saint_dqn,2.588350296020508
4879,saint_dqn,0.9159717559814453
4880,saint_dqn,4.027124404907227
4881,saint_dqn,1.8695297241210938
4882,saint_dqn,3.6990489959716797
4883,saint_dqn,1.0063190460205078
4884,saint_dqn,1.7608957290649414
4885,saint_dqn,0.8955774307250977
4886,saint_dqn,1.1531744003295898
4887,saint_dqn,1.8796806335449219
4888,saint_dqn,-1.166604995727539
4889,saint_dqn,0.7109870910644531
4890,saint_dqn,1.2520751953125
4891,saint_dqn,0.9263296127319336
4892,saint_dqn,2.340789794921875
4893,saint_dqn,2.571615219116211
4894,saint_dqn,0.1759357452392578
4895,saint_dqn,1.0361881256103516
4896,saint_dqn,3.151773452758789
4897,saint_dqn,0.6246156692504883
4898,saint_dqn,0.865056037902832
4899,saint_dqn,1.7346420288085938
4900,saint_dqn,0.7454109191894531
4901,saint_dqn,1.7088489532470703
4902,saint_dqn,0.01227569580078125
4903,saint_dqn,1.4786252975463867
4904,saint_dqn,3.9384326934814453
4905,saint_dqn,1.3841028213500977
4906,saint_dqn,1.687321662902832
4907,saint_dqn,0.7028226852416992
4908,saint_dqn,-0.257720947265625
4909,saint_dqn,0.2259368896484375
4910,saint_dqn,-0.3191661834716797
4911,saint_dqn,1.2790002822875977
4912,saint_dqn,1.4417896270751953
4913,saint_dqn,3.6798324584960938
4914,saint_dqn,1.1797609329223633
4915,saint_dqn,2.898472785949707
4916,saint_dqn,3.330317497253418
4917,saint_dqn,0.4534168243408203
4918,saint_dqn,6.197912216186523
4919,saint_dqn,0.8962640762329102
4920,saint_dqn,3.323354721069336
4921,saint_dqn,0.32817935943603516
4922,saint_dqn,1.444016456604004
4923,saint_dqn,1.3264904022216797
4924,saint_dqn,0.6452217102050781
4925,saint_dqn,3.7426295280456543
4926,saint_dqn,3.264986991882324
4927,saint_dqn,0.18860530853271484
4928,saint_dqn,2.2593154907226562
4929,saint_dqn,1.6894311904907227
4930,saint_dqn,2.3384571075439453
4931,saint_dqn,3.9079055786132812
4932,saint_dqn,0.9613704681396484
4933,saint_dqn,2.2357797622680664
4934,saint_dqn,0.9806785583496094
4935,saint_dqn,1.632603645324707
4936,saint_dqn,0.045928955078125
4937,saint_dqn,5.928142547607422
4938,saint_dqn,1.3422775268554688
4939,saint_dqn,0.4569664001464844
4940,saint_dqn,1.424321174621582
4941,saint_dqn,1.5316238403320312
4942,saint_dqn,2.0611095428466797
4943,saint_dqn,2.626005172729492
4944,saint_dqn,6.285898208618164
4945,saint_dqn,0.01982593536376953
4946,saint_dqn,1.0717697143554688
4947,saint_dqn,1.6277589797973633
4948,saint_dqn,1.2950325012207031
4949,saint_dqn,1.1695575714111328
4950,saint_dqn,1.2511835098266602
4951,saint_dqn,1.2711553573608398
4952,saint_dqn,0.5282840728759766
4953,saint_dqn,3.0228872299194336
4954,saint_dqn,1.073801040649414
4955,saint_dqn,3.1689796447753906
4956,saint_dqn,1.409987449645996
4957,saint_dqn,2.583629608154297
4958,saint_dqn,1.4874801635742188
4959,saint_dqn,-0.5954952239990234
4960,saint_dqn,1.2215442657470703
4961,saint_dqn,1.8844146728515625
4962,saint_dqn,1.860795021057129
4963,saint_dqn,2.105802536010742
4964,saint_dqn,1.7663516998291016
4965,saint_dqn,3.6064682006835938
4966,saint_dqn,1.291738510131836
4967,saint_dqn,0.1513204574584961
4968,saint_dqn,1.2820558547973633
4969,saint_dqn,2.3866872787475586
4970,saint_dqn,1.7825312614440918
4971,saint_dqn,1.1157331466674805
4972,saint_dqn,1.2036561965942383
4973,saint_dqn,1.67645263671875
4974,saint_dqn,4.290615081787109
4975,saint_dqn,1.1418914794921875
4976,saint_dqn,0.40906620025634766
4977,saint_dqn,1.6019515991210938
4978,saint_dqn,1.4908246994018555
4979,saint_dqn,-0.47156333923339844
4980,saint_dqn,0.3030223846435547
4981,saint_dqn,1.4921379089355469
4982,saint_dqn,1.3509864807128906
4983,saint_dqn,3.0178136825561523
4984,saint_dqn,1.2352428436279297
4985,saint_dqn,1.8145875930786133
4986,saint_dqn,0.9001731872558594
4987,saint_dqn,1.8182802200317383
4988,saint_dqn,0.8469123840332031
4989,saint_dqn,4.133810043334961
4990,saint_dqn,1.832535743713379
4991,saint_dqn,6.97437858581543
4992,saint_dqn,2.1299362182617188
4993,saint_dqn,1.3752737045288086
4994,saint_dqn,0.6413698196411133
4995,saint_dqn,6.805178642272949
4996,saint_dqn,2.4279165267944336
4997,saint_dqn,-0.09811973571777344
4998,saint_dqn,5.250546455383301
4999,saint_dqn,-0.06268787384033203
5000,saint_dqn,0.7295265197753906
5001,saint_dqn,1.0607614517211914
5002,saint_dqn,1.9471893310546875
5003,saint_dqn,0.6894950866699219
5004,saint_dqn,1.4031085968017578
5005,saint_dqn,0.3353691101074219
5006,saint_dqn,0.4880037307739258
5007,saint_dqn,1.1037940979003906
5008,saint_dqn,2.7405166625976562
5009,saint_dqn,1.7292404174804688
5010,saint_dqn,2.596358299255371
5011,saint_dqn,3.3396596908569336
5012,saint_dqn,0.6982717514038086
5013,saint_dqn,2.3886051177978516
5014,saint_dqn,2.997854232788086
5015,saint_dqn,0.5113182067871094
5016,saint_dqn,0.8763427734375
5017,saint_dqn,1.420975685119629
5018,saint_dqn,1.218571662902832
5019,saint_dqn,1.2019319534301758
5020,saint_dqn,2.1364498138427734
5021,saint_dqn,2.8288793563842773
5022,saint_dqn,1.1499881744384766
5023,saint_dqn,2.525787353515625
5024,saint_dqn,1.480764389038086
5025,saint_dqn,2.6543798446655273
5026,saint_dqn,1.432337760925293
5027,saint_dqn,1.2980232238769531
5028,saint_dqn,0.6093111038208008
5029,saint_dqn,4.177436828613281
5030,saint_dqn,2.6109743118286133
5031,saint_dqn,1.8545255661010742
5032,saint_dqn,1.6790485382080078
5033,saint_dqn,3.7141456604003906
5034,saint_dqn,0.5622367858886719
5035,saint_dqn,1.3584651947021484
5036,saint_dqn,1.413741111755371
5037,saint_dqn,3.25985050201416
5038,saint_dqn,5.114570617675781
5039,saint_dqn,1.8814210891723633
5040,saint_dqn,0.21740341186523438
5041,saint_dqn,1.8087282180786133
5042,saint_dqn,1.892939567565918
5043,saint_dqn,-1.6940841674804688
5044,saint_dqn,3.1782941818237305
5045,saint_dqn,3.2370986938476562
5046,saint_dqn,2.466075897216797
5047,saint_dqn,2.145416259765625
5048,saint_dqn,0.746241569519043
5049,saint_dqn,0.8509197235107422
5050,saint_dqn,2.0647125244140625
5051,saint_dqn,3.794468879699707
5052,saint_dqn,1.6708908081054688
5053,saint_dqn,4.299041748046875
5054,saint_dqn,1.6796550750732422
5055,saint_dqn,7.211324691772461
5056,saint_dqn,0.6480379104614258
5057,saint_dqn,5.843112468719482
5058,saint_dqn,-0.2667732238769531
5059,saint_dqn,1.4015388488769531
5060,saint_dqn,0.7144699096679688
5061,saint_dqn,-0.2924842834472656
5062,saint_dqn,0.9848642349243164
5063,saint_dqn,1.601426124572754
5064,saint_dqn,2.102503776550293
5065,saint_dqn,2.476003646850586
5066,saint_dqn,1.690770149230957
5067,saint_dqn,1.9020318984985352
5068,saint_dqn,2.973012924194336
5069,saint_dqn,2.403484344482422
5070,saint_dqn,3.3083715438842773
5071,saint_dqn,1.0303831100463867
5072,saint_dqn,1.1247453689575195
5073,saint_dqn,5.296801567077637
5074,saint_dqn,-0.6935043334960938
5075,saint_dqn,3.908111572265625
5076,saint_dqn,1.7091445922851562
5077,saint_dqn,3.4335098266601562
5078,saint_dqn,1.233698844909668
5079,saint_dqn,0.612849235534668
5080,saint_dqn,1.9209098815917969
5081,saint_dqn,2.089733123779297
5082,saint_dqn,1.3966026306152344
5083,saint_dqn,0.1728382110595703
5084,saint_dqn,3.585820198059082
5085,saint_dqn,5.6669769287109375
5086,saint_dqn,1.271331787109375
5087,saint_dqn,2.5648136138916016
5088,saint_dqn,1.1956605911254883
5089,saint_dqn,2.710956573486328
5090,saint_dqn,1.0244340896606445
5091,saint_dqn,0.3207359313964844
5092,saint_dqn,1.1060380935668945
5093,saint_dqn,0.199676513671875
5094,saint_dqn,2.483698844909668
5095,saint_dqn,-1.4273138046264648
5096,saint_dqn,1.514054298400879
5097,saint_dqn,2.047703742980957
5098,saint_dqn,0.928013801574707
5099,saint_dqn,2.5574331283569336
5100,saint_dqn,2.747023582458496
5101,saint_dqn,2.798908233642578
5102,saint_dqn,0.17855072021484375
5103,saint_dqn,3.2511110305786133
5104,saint_dqn,0.5745058059692383
5105,saint_dqn,2.1388912200927734
5106,saint_dqn,2.246098518371582
5107,saint_dqn,1.7332391738891602
5108,saint_dqn,7.714500427246094
5109,saint_dqn,0.8520679473876953
5110,saint_dqn,0.7074422836303711
5111,saint_dqn,0.8489952087402344
5112,saint_dqn,1.3133392333984375
5113,saint_dqn,2.9730443954467773
5114,saint_dqn,0.4762907028198242
5115,saint_dqn,0.12877750396728516
5116,saint_dqn,0.41628360748291016
5117,saint_dqn,1.438924789428711
5118,saint_dqn,3.2690811157226562
5119,saint_dqn,1.1206541061401367
5120,saint_dqn,1.4037799835205078
5121,saint_dqn,1.3579435348510742
5122,saint_dqn,1.235886573791504
5123,saint_dqn,1.268519401550293
5124,saint_dqn,2.888803482055664
5125,saint_dqn,2.3228836059570312
5126,saint_dqn,1.9829282760620117
5127,saint_dqn,4.697933197021484
5128,saint_dqn,-0.4424266815185547
5129,saint_dqn,1.552389144897461
5130,saint_dqn,1.4045286178588867
5131,saint_dqn,3.2790708541870117
5132,saint_dqn,5.642006874084473
5133,saint_dqn,0.3006877899169922
5134,saint_dqn,0.6840343475341797
5135,saint_dqn,3.8697052001953125
5136,saint_dqn,3.277705192565918
5137,saint_dqn,-0.16936588287353516
5138,saint_dqn,4.318628311157227
5139,saint_dqn,0.6182632446289062
5140,saint_dqn,1.4506473541259766
5141,saint_dqn,1.1779851913452148
5142,saint_dqn,0.6834592819213867
5143,saint_dqn,1.2339105606079102
5144,saint_dqn,0.946685791015625
5145,saint_dqn,3.12847900390625
5146,saint_dqn,0.8205242156982422
5147,saint_dqn,1.1516733169555664
5148,saint_dqn,0.8534145355224609
5149,saint_dqn,1.2765541076660156
5150,saint_dqn,1.715458869934082
5151,saint_dqn,2.1885509490966797
5152,saint_dqn,-0.2065448760986328
5153,saint_dqn,1.2248554229736328
5154,saint_dqn,3.799471855163574
5155,saint_dqn,1.3976726531982422
5156,saint_dqn,5.8601789474487305
5157,saint_dqn,1.480010986328125
5158,saint_dqn,1.6464061737060547
5159,saint_dqn,-0.06569766998291016
5160,saint_dqn,0.5386590957641602
5161,saint_dqn,1.0826473236083984
5162,saint_dqn,2.1210670471191406
5163,saint_dqn,-1.1670827865600586
5164,saint_dqn,1.3102130889892578
5165,saint_dqn,4.590206146240234
5166,saint_dqn,1.3405790328979492
5167,saint_dqn,1.2538490295410156
5168,saint_dqn,0.5708322525024414
5169,saint_dqn,1.1717643737792969
5170,saint_dqn,3.0200767517089844
5171,saint_dqn,1.0013980865478516
5172,saint_dqn,3.4445009231567383
5173,saint_dqn,2.419466018676758
5174,saint_dqn,1.3114356994628906
5175,saint_dqn,0.6829595565795898
5176,saint_dqn,4.685808181762695
5177,saint_dqn,0.12236213684082031
5178,saint_dqn,-0.3919105529785156
5179,saint_dqn,5.08415412902832
5180,saint_dqn,-0.32833194732666016
5181,saint_dqn,0.6777782440185547
5182,saint_dqn,0.5337066650390625
5183,saint_dqn,1.6337308883666992
5184,saint_dqn,1.3209400177001953
5185,saint_dqn,0.54168701171875
5186,saint_dqn,1.9582185745239258
5187,saint_dqn,-0.03151130676269531
5188,saint_dqn,1.9653701782226562
5189,saint_dqn,2.114299774169922
5190,saint_dqn,1.0301408767700195
5191,saint_dqn,2.1556968688964844
5192,saint_dqn,0.38567638397216797
5193,saint_dqn,1.8744659423828125
5194,saint_dqn,2.112229347229004
5195,saint_dqn,4.86008358001709
5196,saint_dqn,1.8986186981201172
5197,saint_dqn,4.918636322021484
5198,saint_dqn,4.377346038818359
5199,saint_dqn,1.2111034393310547
5200,saint_dqn,2.909041404724121
5201,saint_dqn,1.1378259658813477
5202,saint_dqn,3.8369617462158203
5203,saint_dqn,0.5852880477905273
5204,saint_dqn,2.33797550201416
5205,saint_dqn,2.6830577850341797
5206,saint_dqn,4.829771041870117
5207,saint_dqn,0.9394044876098633
5208,saint_dqn,3.4067201614379883
5209,saint_dqn,-0.11440372467041016
5210,saint_dqn,0.4875450134277344
5211,saint_dqn,1.3963813781738281
5212,saint_dqn,-0.5579195022583008
5213,saint_dqn,0.13801860809326172
5214,saint_dqn,0.639495849609375
5215,saint_dqn,1.4616622924804688
5216,saint_dqn,2.9403610229492188
5217,saint_dqn,1.1391983032226562
5218,saint_dqn,2.2245893478393555
5219,saint_dqn,0.7926750183105469
5220,saint_dqn,1.9000625610351562
5221,saint_dqn,1.1834421157836914
5222,saint_dqn,1.077681541442871
5223,saint_dqn,4.0704498291015625
5224,saint_dqn,1.8452529907226562
5225,saint_dqn,2.9762797355651855
5226,saint_dqn,2.7661094665527344
5227,saint_dqn,0.9383401870727539
5228,saint_dqn,1.3660802841186523
5229,saint_dqn,5.17414665222168
5230,saint_dqn,-0.16838932037353516
5231,saint_dqn,1.1193475723266602
5232,saint_dqn,2.323531150817871
5233,saint_dqn,0.15149879455566406
5234,saint_dqn,1.684840202331543
5235,saint_dqn,0.8754959106445312
5236,saint_dqn,-0.7931385040283203
5237,saint_dqn,-0.7583885192871094
5238,saint_dqn,1.4805278778076172
5239,saint_dqn,1.048344612121582
5240,saint_dqn,1.092087745666504
5241,saint_dqn,5.326545238494873
5242,saint_dqn,1.3339719772338867
5243,saint_dqn,-0.7956409454345703
5244,saint_dqn,1.3736391067504883
5245,saint_dqn,2.316586494445801
5246,saint_dqn,3.4885406494140625
5247,saint_dqn,2.427427291870117
5248,saint_dqn,-0.013700485229492188
5249,saint_dqn,1.0546941757202148
5250,saint_dqn,1.3075952529907227
5251,saint_dqn,0.3040904998779297
5252,saint_dqn,0.8910369873046875
5253,saint_dqn,0.34958553314208984
5254,saint_dqn,2.0138254165649414
5255,saint_dqn,0.8636627197265625
5256,saint_dqn,5.713203430175781
5257,saint_dqn,2.2610864639282227
5258,saint_dqn,1.4043684005737305
5259,saint_dqn,2.6926612854003906
5260,saint_dqn,3.7863569259643555
5261,saint_dqn,1.6228008270263672
5262,saint_dqn,1.148280143737793
5263,saint_dqn,1.6227779388427734
5264,saint_dqn,1.8251934051513672
5265,saint_dqn,2.411457061767578
5266,saint_dqn,1.0184001922607422
5267,saint_dqn,0.31429004669189453
5268,saint_dqn,1.955942153930664
5269,saint_dqn,0.6493539810180664
5270,saint_dqn,1.332718849182129
5271,saint_dqn,2.0317916870117188
5272,saint_dqn,1.8637847900390625
5273,saint_dqn,2.522645950317383
5274,saint_dqn,3.7139081954956055
5275,saint_dqn,2.810527801513672
5276,saint_dqn,0.7706098556518555
5277,saint_dqn,3.5044074058532715
5278,saint_dqn,0.8264703750610352
5279,saint_dqn,1.4367427825927734
5280,saint_dqn,1.4260482788085938
5281,saint_dqn,0.27959156036376953
5282,saint_dqn,1.7001638412475586
5283,saint_dqn,2.1980886459350586
5284,saint_dqn,2.046398162841797
5285,saint_dqn,2.470529556274414
5286,saint_dqn,2.706210136413574
5287,saint_dqn,0.9550943374633789
5288,saint_dqn,3.759899139404297
5289,saint_dqn,1.2437105178833008
5290,saint_dqn,0.8940153121948242
5291,saint_dqn,1.1636199951171875
5292,saint_dqn,0.3422718048095703
5293,saint_dqn,-0.009893417358398438
5294,saint_dqn,2.440563201904297
5295,saint_dqn,1.991581916809082
5296,saint_dqn,1.113276481628418
5297,saint_dqn,2.438039779663086
5298,saint_dqn,0.4980583190917969
5299,saint_dqn,1.1408014297485352
5300,saint_dqn,0.7645320892333984
5301,saint_dqn,0.31387805938720703
5302,saint_dqn,0.9365596771240234
5303,saint_dqn,4.609844207763672
5304,saint_dqn,1.3417978286743164
5305,saint_dqn,1.8180532455444336
5306,saint_dqn,0.7760982513427734
5307,saint_dqn,1.6139144897460938
5308,saint_dqn,0.7553119659423828
5309,saint_dqn,5.813821792602539
5310,saint_dqn,2.0896778106689453
5311,saint_dqn,1.6043596267700195
5312,saint_dqn,1.3901653289794922
5313,saint_dqn,1.2336540222167969
5314,saint_dqn,2.801577568054199
5315,saint_dqn,-0.25362682342529297
5316,saint_dqn,0.5276098251342773
5317,saint_dqn,3.0533676147460938
5318,saint_dqn,7.014754295349121
5319,saint_dqn,3.0866918563842773
5320,saint_dqn,2.702080726623535
5321,saint_dqn,1.294142723083496
5322,saint_dqn,1.1317262649536133
5323,saint_dqn,1.7389764785766602
5324,saint_dqn,1.014237403869629
5325,saint_dqn,0.7856454849243164
5326,saint_dqn,2.110525131225586
5327,saint_dqn,0.9584102630615234
5328,saint_dqn,3.699038505554199
5329,saint_dqn,10.492065906524658
5330,saint_dqn,0.6000022888183594
5331,saint_dqn,0.6552667617797852
5332,saint_dqn,1.7705345153808594
5333,saint_dqn,5.075307846069336
5334,saint_dqn,2.5997514724731445
5335,saint_dqn,0.6222820281982422
5336,saint_dqn,1.6482162475585938
5337,saint_dqn,1.736471176147461
5338,saint_dqn,3.8602218627929688
5339,saint_dqn,1.922144889831543
5340,saint_dqn,4.113781929016113
5341,saint_dqn,-0.034515380859375
5342,saint_dqn,1.2742748260498047
5343,saint_dqn,1.1706476211547852
5344,saint_dqn,4.481781005859375
5345,saint_dqn,3.3713369369506836
5346,saint_dqn,0.3277854919433594
5347,saint_dqn,1.970902442932129
5348,saint_dqn,1.3412351608276367
5349,saint_dqn,0.7361888885498047
5350,saint_dqn,1.4115543365478516
5351,saint_dqn,1.1166191101074219
5352,saint_dqn,5.327162742614746
5353,saint_dqn,-0.5551424026489258
5354,saint_dqn,2.4947967529296875
5355,saint_dqn,0.32271862030029297
5356,saint_dqn,2.0788745880126953
5357,saint_dqn,5.064542770385742
5358,saint_dqn,0.8448867797851562
5359,saint_dqn,3.3296165466308594
5360,saint_dqn,2.4175071716308594
5361,saint_dqn,3.3873672485351562
5362,saint_dqn,3.536990165710449
5363,saint_dqn,0.9724340438842773
5364,saint_dqn,2.410684585571289
5365,saint_dqn,4.003877639770508
5366,saint_dqn,1.4804306030273438
5367,saint_dqn,1.1435613632202148
5368,saint_dqn,3.5363502502441406
5369,saint_dqn,2.423786163330078
5370,saint_dqn,5.519854545593262
5371,saint_dqn,2.9103193283081055
5372,saint_dqn,1.6426801681518555
5373,saint_dqn,1.7786035537719727
5374,saint_dqn,1.2085542678833008
5375,saint_dqn,3.4723024368286133
5376,saint_dqn,1.5258464813232422
5377,saint_dqn,-0.6010570526123047
5378,saint_dqn,4.753204345703125
5379,saint_dqn,-0.7489967346191406
5380,saint_dqn,0.9320774078369141
5381,saint_dqn,1.1808948516845703
5382,saint_dqn,1.98388671875
5383,saint_dqn,2.353435516357422
5384,saint_dqn,3.991159439086914
5385,saint_dqn,1.7214899063110352
5386,saint_dqn,1.2720012664794922
5387,saint_dqn,5.0454301834106445
5388,saint_dqn,0.7415285110473633
5389,saint_dqn,-0.48665809631347656
5390,saint_dqn,0.47844982147216797
5391,saint_dqn,0.6565971374511719
5392,saint_dqn,1.4859399795532227
5393,saint_dqn,4.573256492614746
5394,saint_dqn,0.5465793609619141
5395,saint_dqn,0.6439962387084961
5396,saint_dqn,0.705784797668457
5397,saint_dqn,-0.3003807067871094
5398,saint_dqn,0.6372976303100586
5399,saint_dqn,2.9300146102905273
5400,saint_dqn,0.9922704696655273
5401,saint_dqn,0.8369846343994141
5402,saint_dqn,1.7264890670776367
5403,saint_dqn,0.8806438446044922
5404,saint_dqn,2.0441017150878906
5405,saint_dqn,0.9852304458618164
5406,saint_dqn,0.6676654815673828
5407,saint_dqn,1.8196744918823242
5408,saint_dqn,1.757584571838379
5409,saint_dqn,2.95699405670166
5410,saint_dqn,-0.022792816162109375
5411,saint_dqn,3.124044418334961
5412,saint_dqn,0.7737226486206055
5413,saint_dqn,-0.03052043914794922
5414,saint_dqn,-0.000827789306640625
5415,saint_dqn,0.2679271697998047
5416,saint_dqn,0.8065462112426758
5417,saint_dqn,3.9843921661376953
5418,saint_dqn,1.7470378875732422
5419,saint_dqn,0.6751346588134766
5420,saint_dqn,1.207228660583496
5421,saint_dqn,-0.8275699615478516
5422,saint_dqn,-0.05223560333251953
5423,saint_dqn,2.8725461959838867
5424,saint_dqn,-0.8548393249511719
5425,saint_dqn,2.3487119674682617
5426,saint_dqn,2.558439254760742
5427,saint_dqn,1.2473201751708984
5428,saint_dqn,1.3620119094848633
5429,saint_dqn,2.2008180618286133
5430,saint_dqn,1.3708858489990234
5431,saint_dqn,1.6609039306640625
5432,saint_dqn,6.705690860748291
5433,saint_dqn,0.7992639541625977
5434,saint_dqn,2.8704309463500977
5435,saint_dqn,1.4453458786010742
5436,saint_dqn,0.690974235534668
5437,saint_dqn,0.45227909088134766
5438,saint_dqn,1.6745433807373047
5439,saint_dqn,1.399923324584961
5440,saint_dqn,3.028042793273926
5441,saint_dqn,0.8211565017700195
5442,saint_dqn,0.9297924041748047
5443,saint_dqn,1.0166559219360352
5444,saint_dqn,1.0566682815551758
5445,saint_dqn,3.133808135986328
5446,saint_dqn,3.0906410217285156
5447,saint_dqn,0.5852231979370117
5448,saint_dqn,1.6894712448120117
5449,saint_dqn,1.4550971984863281
5450,saint_dqn,1.8432235717773438
5451,saint_dqn,0.6797475814819336
5452,saint_dqn,1.307978630065918
5453,saint_dqn,-0.058876991271972656
5454,saint_dqn,0.032525062561035156
5455,saint_dqn,2.665719985961914
5456,saint_dqn,2.042316436767578
5457,saint_dqn,1.8372764587402344
5458,saint_dqn,0.5264987945556641
5459,saint_dqn,1.5002670288085938
5460,saint_dqn,2.0290870666503906
5461,saint_dqn,2.6632585525512695
5462,saint_dqn,0.2044544219970703
5463,saint_dqn,1.4384489059448242
5464,saint_dqn,1.4267702102661133
5465,saint_dqn,1.8410286903381348
5466,saint_dqn,1.3972892761230469
5467,saint_dqn,1.621293067932129
5468,saint_dqn,0.573430061340332
5469,saint_dqn,0.6390218734741211
5470,saint_dqn,4.922701358795166
5471,saint_dqn,1.6190690994262695
5472,saint_dqn,1.532649040222168
5473,saint_dqn,2.6606674194335938
5474,saint_dqn,2.1024322509765625
5475,saint_dqn,1.240102767944336
5476,saint_dqn,1.3067378997802734
5477,saint_dqn,1.155904769897461
5478,saint_dqn,3.0064010620117188
5479,saint_dqn,1.3706130981445312
5480,saint_dqn,6.659182548522949
5481,saint_dqn,1.5524358749389648
5482,saint_dqn,0.8835000991821289
5483,saint_dqn,-0.1255025863647461
5484,saint_dqn,0.5437984466552734
5485,saint_dqn,1.131338119506836
5486,saint_dqn,1.7357606887817383
5487,saint_dqn,1.8891487121582031
5488,saint_dqn,0.7326745986938477
5489,saint_dqn,1.2108688354492188
5490,saint_dqn,1.5349369049072266
5491,saint_dqn,0.7915782928466797
5492,saint_dqn,1.0741682052612305
5493,saint_dqn,0.8134136199951172
5494,saint_dqn,1.7385387420654297
5495,saint_dqn,-0.7985506057739258
5496,saint_dqn,0.8940954208374023
5497,saint_dqn,-0.20797443389892578
5498,saint_dqn,1.062112808227539
5499,saint_dqn,0.36565494537353516
5500,saint_dqn,2.110088348388672
5501,saint_dqn,1.040884017944336
5502,saint_dqn,1.299142837524414
5503,saint_dqn,1.9969539642333984
5504,saint_dqn,1.5438032150268555
5505,saint_dqn,2.726506233215332
5506,saint_dqn,1.9582433700561523
5507,saint_dqn,0.5802726745605469
5508,saint_dqn,1.6598138809204102
5509,saint_dqn,2.6389055252075195
5510,saint_dqn,4.606736183166504
5511,saint_dqn,4.929476737976074
5512,saint_dqn,3.8954267501831055
5513,saint_dqn,1.7418155670166016
5514,saint_dqn,3.988119125366211
5515,saint_dqn,3.357346534729004
5516,saint_dqn,5.4848833084106445
5517,saint_dqn,2.036576271057129
5518,saint_dqn,2.079408645629883
5519,saint_dqn,-0.07537078857421875
5520,saint_dqn,1.650090217590332
5521,saint_dqn,0.6214199066162109
5522,saint_dqn,0.4872779846191406
5523,saint_dqn,1.562260627746582
5524,saint_dqn,4.25958251953125
5525,saint_dqn,-0.9795379638671875
5526,saint_dqn,4.36488151550293
5527,saint_dqn,1.1489934921264648
5528,saint_dqn,3.006598472595215
5529,saint_dqn,1.945551872253418
5530,saint_dqn,5.378342628479004
5531,saint_dqn,1.4679374694824219
5532,saint_dqn,2.630453109741211
5533,saint_dqn,1.132944107055664
5534,saint_dqn,1.1520252227783203
5535,saint_dqn,2.857431411743164
5536,saint_dqn,0.5453395843505859
5537,saint_dqn,0.9890527725219727
5538,saint_dqn,0.7113838195800781
5539,saint_dqn,1.1065845489501953
5540,saint_dqn,1.5216264724731445
5541,saint_dqn,1.0785655975341797
5542,saint_dqn,3.5017709732055664
5543,saint_dqn,0.18932628631591797
5544,saint_dqn,0.19483280181884766
5545,saint_dqn,4.631503105163574
5546,saint_dqn,3.9274330139160156
5547,saint_dqn,1.8206796646118164
5548,saint_dqn,2.1873655319213867
5549,saint_dqn,1.4592437744140625
5550,saint_dqn,3.352351188659668
5551,saint_dqn,1.027693748474121
5552,saint_dqn,1.2767372131347656
5553,saint_dqn,4.1703691482543945
5554,saint_dqn,1.3117456436157227
5555,saint_dqn,0.09989738464355469
5556,saint_dqn,1.8723335266113281
5557,saint_dqn,1.8300132751464844
5558,saint_dqn,1.2245492935180664
5559,saint_dqn,0.5486230850219727
5560,saint_dqn,0.760655403137207
5561,saint_dqn,0.6756305694580078
5562,saint_dqn,4.599296569824219
5563,saint_dqn,2.651508331298828
5564,saint_dqn,2.002561569213867
5565,saint_dqn,1.682332992553711
5566,saint_dqn,1.4222002029418945
5567,saint_dqn,1.920949935913086
5568,saint_dqn,0.6705007553100586
5569,saint_dqn,0.830596923828125
5570,saint_dqn,1.6425018310546875
5571,saint_dqn,3.9364376068115234
5572,saint_dqn,2.301858901977539
5573,saint_dqn,1.0418128967285156
5574,saint_dqn,3.7076778411865234
5575,saint_dqn,1.3792753219604492
5576,saint_dqn,-0.7398643493652344
5577,saint_dqn,2.11376953125
5578,saint_dqn,4.826150894165039
5579,saint_dqn,2.389979362487793
5580,saint_dqn,3.826871871948242
5581,saint_dqn,1.6482067108154297
5582,saint_dqn,3.4229488372802734
5583,saint_dqn,1.7804946899414062
5584,saint_dqn,1.8621273040771484
5585,saint_dqn,2.262533187866211
5586,saint_dqn,1.6428871154785156
5587,saint_dqn,2.361680030822754
5588,saint_dqn,0.6887359619140625
5589,saint_dqn,1.2644824981689453
5590,saint_dqn,0.3615894317626953
5591,saint_dqn,2.521416664123535
5592,saint_dqn,1.1442890167236328
5593,saint_dqn,1.1181974411010742
5594,saint_dqn,3.9663143157958984
5595,saint_dqn,0.6751670837402344
5596,saint_dqn,2.3745317459106445
5597,saint_dqn,2.6169700622558594
5598,saint_dqn,1.1307868957519531
5599,saint_dqn,1.0183744430541992
5600,saint_dqn,1.717280387878418
5601,saint_dqn,3.1106033325195312
5602,saint_dqn,3.005099296569824
5603,saint_dqn,1.9946718215942383
5604,saint_dqn,3.9924020767211914
5605,saint_dqn,2.544236183166504
5606,saint_dqn,0.12933635711669922
5607,saint_dqn,1.6873607635498047
5608,saint_dqn,2.041919708251953
5609,saint_dqn,2.261768341064453
5610,saint_dqn,1.275364875793457
5611,saint_dqn,0.5356321334838867
5612,saint_dqn,1.3337335586547852
5613,saint_dqn,2.572617530822754
5614,saint_dqn,2.0596437454223633
5615,saint_dqn,0.010336875915527344
5616,saint_dqn,3.4436912536621094
5617,saint_dqn,0.8112087249755859
5618,saint_dqn,2.2322206497192383
5619,saint_dqn,0.06946659088134766
5620,saint_dqn,3.423039436340332
5621,saint_dqn,0.33144187927246094
5622,saint_dqn,2.1465368270874023
5623,saint_dqn,2.8671531677246094
5624,saint_dqn,-0.14495086669921875
5625,saint_dqn,1.7895307540893555
5626,saint_dqn,0.47396278381347656
5627,saint_dqn,2.4146881103515625
5628,saint_dqn,1.4918909072875977
5629,saint_dqn,1.3030309677124023
5630,saint_dqn,0.9578704833984375
5631,saint_dqn,4.170141696929932
5632,saint_dqn,4.123023986816406
5633,saint_dqn,1.555994987487793
5634,saint_dqn,-0.3125
5635,saint_dqn,0.8891162872314453
5636,saint_dqn,2.2146530151367188
5637,saint_dqn,2.818157196044922
5638,saint_dqn,3.669525146484375
5639,saint_dqn,2.8710737228393555
5640,saint_dqn,4.009696960449219
5641,saint_dqn,-0.8555059432983398
5642,saint_dqn,1.3013591766357422
5643,saint_dqn,1.3770017623901367
5644,saint_dqn,-1.2634077072143555
5645,saint_dqn,1.5503196716308594
5646,saint_dqn,2.2744760513305664
5647,saint_dqn,4.70352840423584
5648,saint_dqn,0.885869026184082
5649,saint_dqn,1.7686433792114258
5650,saint_dqn,1.1050128936767578
5651,saint_dqn,2.399097442626953
5652,saint_dqn,1.3092422485351562
5653,saint_dqn,0.14659881591796875
5654,saint_dqn,0.6382694244384766
5655,saint_dqn,0.3210010528564453
5656,saint_dqn,0.30719852447509766
5657,saint_dqn,2.8513784408569336
5658,saint_dqn,0.6389083862304688
5659,saint_dqn,0.04304313659667969
5660,saint_dqn,2.112828254699707
5661,saint_dqn,1.8131217956542969
5662,saint_dqn,0.1512308120727539
5663,saint_dqn,0.4719219207763672
5664,saint_dqn,4.249967575073242
5665,saint_dqn,4.969688415527344
5666,saint_dqn,1.1905231475830078
5667,saint_dqn,1.7899484634399414
5668,saint_dqn,0.5020370483398438
5669,saint_dqn,2.1683349609375
5670,saint_dqn,2.80942440032959
5671,saint_dqn,1.407278060913086
5672,saint_dqn,3.8302536010742188
5673,saint_dqn,5.859066009521484
5674,saint_dqn,0.6873846054077148
5675,saint_dqn,2.36358642578125
5676,saint_dqn,1.0813817977905273
5677,saint_dqn,0.6749410629272461
5678,saint_dqn,0.7279510498046875
5679,saint_dqn,2.525684356689453
5680,saint_dqn,4.257837295532227
5681,saint_dqn,0.522674560546875
5682,saint_dqn,1.1118392944335938
5683,saint_dqn,1.3277950286865234
5684,saint_dqn,0.7293853759765625
5685,saint_dqn,0.27156639099121094
5686,saint_dqn,0.6575794219970703
5687,saint_dqn,-0.07175731658935547
5688,saint_dqn,0.5809783935546875
5689,saint_dqn,1.1809396743774414
5690,saint_dqn,5.008274078369141
5691,saint_dqn,1.4015016555786133
5692,saint_dqn,1.5151252746582031
5693,saint_dqn,1.353438377380371
5694,saint_dqn,0.8141212463378906
5695,saint_dqn,1.9505138397216797
5696,saint_dqn,2.914886474609375
5697,saint_dqn,3.391061782836914
5698,saint_dqn,1.3258838653564453
5699,saint_dqn,3.5309925079345703
5700,saint_dqn,0.5801372528076172
5701,saint_dqn,1.400242805480957
5702,saint_dqn,1.8756370544433594
5703,saint_dqn,1.3494739532470703
5704,saint_dqn,1.289358139038086
5705,saint_dqn,1.2588329315185547
5706,saint_dqn,1.9758577346801758
5707,saint_dqn,1.0642833709716797
5708,saint_dqn,0.4867897033691406
5709,saint_dqn,4.9436750411987305
5710,saint_dqn,0.8651418685913086
5711,saint_dqn,-0.49428558349609375
5712,saint_dqn,3.355109214782715
5713,saint_dqn,1.1437034606933594
5714,saint_dqn,2.531569480895996
5715,saint_dqn,0.5563697814941406
5716,saint_dqn,1.0655174255371094
5717,saint_dqn,0.5114812850952148
5718,saint_dqn,4.631081581115723
5719,saint_dqn,0.9404640197753906
5720,saint_dqn,1.7767562866210938
5721,saint_dqn,1.2886371612548828
5722,saint_dqn,1.9353885650634766
5723,saint_dqn,-0.5075874328613281
5724,saint_dqn,-0.038005828857421875
5725,saint_dqn,2.3753738403320312
5726,saint_dqn,2.531087875366211
5727,saint_dqn,2.7626304626464844
5728,saint_dqn,3.5114898681640625
5729,saint_dqn,1.1876354217529297
5730,saint_dqn,-0.19599342346191406
5731,saint_dqn,1.7467823028564453
5732,saint_dqn,2.816861152648926
5733,saint_dqn,1.1850528717041016
5734,saint_dqn,1.4531803131103516
5735,saint_dqn,-0.3261451721191406
5736,saint_dqn,2.2547378540039062
5737,saint_dqn,5.140376091003418
5738,saint_dqn,2.1964797973632812
5739,saint_dqn,1.3019752502441406
5740,saint_dqn,4.001836776733398
5741,saint_dqn,2.442885398864746
5742,saint_dqn,0.9692049026489258
5743,saint_dqn,1.0998058319091797
5744,saint_dqn,2.7105655670166016
5745,saint_dqn,0.20001792907714844
5746,saint_dqn,-1.2258358001708984
5747,saint_dqn,3.4269466400146484
5748,saint_dqn,2.8794593811035156
5749,saint_dqn,3.633091926574707
5750,saint_dqn,3.6960744857788086
5751,saint_dqn,1.9551544189453125
5752,saint_dqn,1.389113426208496
5753,saint_dqn,-0.036865234375
5754,saint_dqn,0.33664798736572266
5755,saint_dqn,2.931342124938965
5756,saint_dqn,1.9094514846801758
5757,saint_dqn,0.6902074813842773
5758,saint_dqn,3.3811092376708984
5759,saint_dqn,1.323760986328125
5760,saint_dqn,2.39316463470459
5761,saint_dqn,1.892679214477539
5762,saint_dqn,0.8042831420898438
5763,saint_dqn,1.444167137145996
5764,saint_dqn,3.3646860122680664
5765,saint_dqn,1.2729406356811523
5766,saint_dqn,1.7859306335449219
5767,saint_dqn,4.7508649826049805
5768,saint_dqn,0.7197093963623047
5769,saint_dqn,1.253188133239746
5770,saint_dqn,0.9100685119628906
5771,saint_dqn,6.129513740539551
5772,saint_dqn,0.16463565826416016
5773,saint_dqn,2.0018386840820312
5774,saint_dqn,1.1351289749145508
5775,saint_dqn,3.621662139892578
5776,saint_dqn,4.433558464050293
5777,saint_dqn,3.3195419311523438
5778,saint_dqn,3.2216739654541016
5779,saint_dqn,-0.5606927871704102
5780,saint_dqn,5.089846611022949
5781,saint_dqn,0.7620115280151367
5782,saint_dqn,1.3823089599609375
5783,saint_dqn,1.4974565505981445
5784,saint_dqn,4.402545928955078
5785,saint_dqn,1.947347640991211
5786,saint_dqn,1.6944913864135742
5787,saint_dqn,0.8251724243164062
5788,saint_dqn,1.713566780090332
5789,saint_dqn,1.4537715911865234
5790,saint_dqn,1.115738868713379
5791,saint_dqn,0.5268821716308594
5792,saint_dqn,0.9362668991088867
5793,saint_dqn,1.5232601165771484
5794,saint_dqn,3.236680030822754
5795,saint_dqn,1.6241140365600586
5796,saint_dqn,2.0060911178588867
5797,saint_dqn,0.9467363357543945
5798,saint_dqn,6.6404924392700195
5799,saint_dqn,0.3253965377807617
5800,saint_dqn,1.1299734115600586
5801,saint_dqn,5.006811141967773
5802,saint_dqn,1.9984312057495117
5803,saint_dqn,1.194352149963379
5804,saint_dqn,2.8016085624694824
5805,saint_dqn,0.018632888793945312
5806,saint_dqn,1.1593570709228516
5807,saint_dqn,5.671457290649414
5808,saint_dqn,1.0498552322387695
5809,saint_dqn,1.8020524978637695
5810,saint_dqn,1.9114389419555664
5811,saint_dqn,4.930723190307617
5812,saint_dqn,1.2079229354858398
5813,saint_dqn,2.1580753326416016
5814,saint_dqn,1.5037193298339844
5815,saint_dqn,1.2893266677856445
5816,saint_dqn,2.1016883850097656
5817,saint_dqn,1.4885988235473633
5818,saint_dqn,4.17210578918457
5819,saint_dqn,1.359074592590332
5820,saint_dqn,2.8614625930786133
5821,saint_dqn,1.910715103149414
5822,saint_dqn,1.5621471405029297
5823,saint_dqn,4.836127281188965
5824,saint_dqn,0.8247833251953125
5825,saint_dqn,3.1223926544189453
5826,saint_dqn,1.6844511032104492
5827,saint_dqn,1.8559198379516602
5828,saint_dqn,0.41603946685791016
5829,saint_dqn,2.1462507247924805
5830,saint_dqn,-0.020158767700195312
5831,saint_dqn,0.4923067092895508
5832,saint_dqn,1.0688276290893555
5833,saint_dqn,0.729435920715332
5834,saint_dqn,0.4716758728027344
5835,saint_dqn,1.419356346130371
5836,saint_dqn,2.130390167236328
5837,saint_dqn,3.2189722061157227
5838,saint_dqn,2.7494115829467773
5839,saint_dqn,1.608109474182129
5840,saint_dqn,-0.12127494812011719
5841,saint_dqn,3.789793014526367
5842,saint_dqn,2.508350372314453
5843,saint_dqn,0.1774139404296875
5844,saint_dqn,1.9979839324951172
5845,saint_dqn,-0.12190818786621094
5846,saint_dqn,0.6168403625488281
5847,saint_dqn,1.6213092803955078
5848,saint_dqn,0.8711261749267578
5849,saint_dqn,2.0093307495117188
5850,saint_dqn,-0.2669353485107422
5851,saint_dqn,2.100107192993164
5852,saint_dqn,4.1883039474487305
5853,saint_dqn,1.3741798400878906
5854,saint_dqn,2.546630859375
5855,saint_dqn,0.08290290832519531
5856,saint_dqn,4.804238319396973
5857,saint_dqn,1.801732063293457
5858,saint_dqn,1.6538209915161133
5859,saint_dqn,2.725996971130371
5860,saint_dqn,-0.5118169784545898
5861,saint_dqn,0.09316444396972656
5862,saint_dqn,1.9851655960083008
5863,saint_dqn,-0.3211050033569336
5864,saint_dqn,1.9241275787353516
5865,saint_dqn,1.1196746826171875
5866,saint_dqn,0.3822669982910156
5867,saint_dqn,1.7076749801635742
5868,saint_dqn,2.2546939849853516
5869,saint_dqn,2.2259302139282227
5870,saint_dqn,0.962646484375
5871,saint_dqn,1.1691389083862305
5872,saint_dqn,0.24002647399902344
5873,saint_dqn,2.5172910690307617
5874,saint_dqn,1.6106014251708984
5875,saint_dqn,-0.47057437896728516
5876,saint_dqn,1.0120086669921875
5877,saint_dqn,1.3402347564697266
5878,saint_dqn,2.7812557220458984
5879,saint_dqn,0.39337921142578125
5880,saint_dqn,-0.6931190490722656
5881,saint_dqn,1.7738046646118164
5882,saint_dqn,-0.7756986618041992
5883,saint_dqn,-0.8116874694824219
5884,saint_dqn,5.172196388244629
5885,saint_dqn,0.7486057281494141
5886,saint_dqn,3.346316337585449
5887,saint_dqn,3.8836822509765625
5888,saint_dqn,1.9489011764526367
5889,saint_dqn,2.751570701599121
5890,saint_dqn,4.4362382888793945
5891,saint_dqn,1.8590221405029297
5892,saint_dqn,2.081472396850586
5893,saint_dqn,0.9366722106933594
5894,saint_dqn,0.5998592376708984
5895,saint_dqn,1.9345836639404297
5896,saint_dqn,2.6641387939453125
5897,saint_dqn,2.3728561401367188
5898,saint_dqn,5.4278564453125
5899,saint_dqn,2.086883544921875
5900,saint_dqn,2.0484609603881836
5901,saint_dqn,1.8989715576171875
5902,saint_dqn,1.8718061447143555
5903,saint_dqn,0.734074592590332
5904,saint_dqn,3.3079099655151367
5905,saint_dqn,4.012927055358887
5906,saint_dqn,0.12565135955810547
5907,saint_dqn,0.4136810302734375
5908,saint_dqn,-0.22867107391357422
5909,saint_dqn,2.6009225845336914
5910,saint_dqn,2.652888298034668
5911,saint_dqn,1.2234067916870117
5912,saint_dqn,2.2623558044433594
5913,saint_dqn,1.2978057861328125
5914,saint_dqn,0.7631692886352539
5915,saint_dqn,2.5552778244018555
5916,saint_dqn,2.3246850967407227
5917,saint_dqn,2.2160606384277344
5918,saint_dqn,3.572732925415039
5919,saint_dqn,0.5267181396484375
5920,saint_dqn,3.602895736694336
5921,saint_dqn,3.440898895263672
5922,saint_dqn,1.5264043807983398
5923,saint_dqn,1.8098869323730469
5924,saint_dqn,4.474322319030762
5925,saint_dqn,1.0875329971313477
5926,saint_dqn,3.4181976318359375
5927,saint_dqn,0.39214324951171875
5928,saint_dqn,0.8981800079345703
5929,saint_dqn,1.563857078552246
5930,saint_dqn,0.15277481079101562
5931,saint_dqn,1.4148330688476562
5932,saint_dqn,1.1315021514892578
5933,saint_dqn,2.693338394165039
5934,saint_dqn,0.28389549255371094
5935,saint_dqn,2.3098106384277344
5936,saint_dqn,1.6607561111450195
5937,saint_dqn,4.029567718505859
5938,saint_dqn,2.8355512619018555
5939,saint_dqn,0.9498062133789062
5940,saint_dqn,5.001008987426758
5941,saint_dqn,1.605752944946289
5942,saint_dqn,1.9519529342651367
5943,saint_dqn,2.0464067459106445
5944,saint_dqn,0.9452857971191406
5945,saint_dqn,2.0745935440063477
5946,saint_dqn,0.09047889709472656
5947,saint_dqn,1.3653850555419922
5948,saint_dqn,2.5960474014282227
5949,saint_dqn,5.869874000549316
5950,saint_dqn,2.1168079376220703
5951,saint_dqn,1.7642078399658203
5952,saint_dqn,4.552637100219727
5953,saint_dqn,1.5738277435302734
5954,saint_dqn,3.7519707679748535
5955,saint_dqn,0.6999063491821289
5956,saint_dqn,2.881941795349121
5957,saint_dqn,0.6064977645874023
5958,saint_dqn,3.003599166870117
5959,saint_dqn,1.9154701232910156
5960,saint_dqn,0.3928184509277344
5961,saint_dqn,2.062018394470215
5962,saint_dqn,0.9675722122192383
5963,saint_dqn,2.87697696685791
5964,saint_dqn,1.4185762405395508
5965,saint_dqn,2.4627418518066406
5966,saint_dqn,-0.3036623001098633
5967,saint_dqn,4.527327537536621
5968,saint_dqn,0.8791046142578125
5969,saint_dqn,1.3420286178588867
5970,saint_dqn,1.0786542892456055
5971,saint_dqn,3.6608076095581055
5972,saint_dqn,2.2579689025878906
5973,saint_dqn,1.4251861572265625
5974,saint_dqn,4.331388473510742
5975,saint_dqn,-0.2873220443725586
5976,saint_dqn,0.7535257339477539
5977,saint_dqn,1.9748096466064453
5978,saint_dqn,1.421621322631836
5979,saint_dqn,2.8379154205322266
5980,saint_dqn,0.9836025238037109
5981,saint_dqn,0.5242929458618164
5982,saint_dqn,1.3464860916137695
5983,saint_dqn,0.07084083557128906
5984,saint_dqn,1.9236297607421875
5985,saint_dqn,1.3628921508789062
5986,saint_dqn,1.861769676208496
5987,saint_dqn,1.4599189758300781
5988,saint_dqn,0.06624603271484375
5989,saint_dqn,0.8580923080444336
5990,saint_dqn,-0.5758371353149414
5991,saint_dqn,5.925073623657227
5992,saint_dqn,2.325972557067871
5993,saint_dqn,1.4723854064941406
5994,saint_dqn,4.811939239501953
5995,saint_dqn,0.44089698791503906
5996,saint_dqn,1.5382022857666016
5997,saint_dqn,5.169536590576172
5998,saint_dqn,1.6518983840942383
5999,saint_dqn,1.6561002731323242
6000,saint_dqn,0.8840551376342773
6001,saint_dqn,3.0455713272094727
6002,saint_dqn,0.09722900390625
6003,saint_dqn,1.2475204467773438
6004,saint_dqn,5.082895278930664
6005,saint_dqn,1.3196325302124023
6006,saint_dqn,1.7811594009399414
6007,saint_dqn,3.846085548400879
6008,saint_dqn,4.22230339050293
6009,saint_dqn,0.49573516845703125
6010,saint_dqn,4.456295967102051
6011,saint_dqn,1.2282381057739258
6012,saint_dqn,2.5898046493530273
6013,saint_dqn,1.4483728408813477
6014,saint_dqn,1.823887825012207
6015,saint_dqn,1.8517208099365234
6016,saint_dqn,0.6489076614379883
6017,saint_dqn,1.6864814758300781
6018,saint_dqn,1.607762336730957
6019,saint_dqn,1.7162094116210938
6020,saint_dqn,0.9753828048706055
6021,saint_dqn,4.594069480895996
6022,saint_dqn,0.9340782165527344
6023,saint_dqn,2.348705291748047
6024,saint_dqn,3.4150428771972656
6025,saint_dqn,1.728128433227539
6026,saint_dqn,0.39819812774658203
6027,saint_dqn,2.8882713317871094
6028,saint_dqn,-0.4836463928222656
6029,saint_dqn,1.938995361328125
6030,saint_dqn,2.5422592163085938
6031,saint_dqn,5.110136032104492
6032,saint_dqn,3.6158485412597656
6033,saint_dqn,2.775157928466797
6034,saint_dqn,2.111217498779297
6035,saint_dqn,1.714472770690918
6036,saint_dqn,1.0897817611694336
6037,saint_dqn,4.286293029785156
6038,saint_dqn,2.4457006454467773
6039,saint_dqn,1.892390251159668
6040,saint_dqn,3.110428810119629
6041,saint_dqn,-0.1965465545654297
6042,saint_dqn,2.3609437942504883
6043,saint_dqn,2.6736936569213867
6044,saint_dqn,1.905940055847168
6045,saint_dqn,1.084610939025879
6046,saint_dqn,2.0540618896484375
6047,saint_dqn,1.7718620300292969
6048,saint_dqn,2.5125818252563477
6049,saint_dqn,0.6090555191040039
6050,saint_dqn,7.8196258544921875
6051,saint_dqn,0.6502037048339844
6052,saint_dqn,1.254812240600586
6053,saint_dqn,1.5755834579467773
6054,saint_dqn,1.3540725708007812
6055,saint_dqn,4.13684606552124
6056,saint_dqn,3.345090866088867
6057,saint_dqn,2.8941726684570312
6058,saint_dqn,1.611063003540039
6059,saint_dqn,2.8782835006713867
6060,saint_dqn,3.442750930786133
6061,saint_dqn,3.7797603607177734
6062,saint_dqn,2.083949089050293
6063,saint_dqn,2.999447822570801
6064,saint_dqn,3.780449867248535
6065,saint_dqn,0.8447799682617188
6066,saint_dqn,0.9172029495239258
6067,saint_dqn,1.796961784362793
6068,saint_dqn,1.6745891571044922
6069,saint_dqn,1.0252685546875
6070,saint_dqn,3.9729719161987305
6071,saint_dqn,0.13663387298583984
6072,saint_dqn,0.8412094116210938
6073,saint_dqn,2.131908416748047
6074,saint_dqn,4.379353046417236
6075,saint_dqn,2.3223094940185547
6076,saint_dqn,1.6346988677978516
6077,saint_dqn,0.09753799438476562
6078,saint_dqn,0.6768255233764648
6079,saint_dqn,0.744624137878418
6080,saint_dqn,0.324493408203125
6081,saint_dqn,1.2378511428833008
6082,saint_dqn,1.9777088165283203
6083,saint_dqn,1.5037860870361328
6084,saint_dqn,0.9429645538330078
6085,saint_dqn,2.286787986755371
6086,saint_dqn,1.0265026092529297
6087,saint_dqn,4.185821533203125
6088,saint_dqn,1.7788333892822266
6089,saint_dqn,1.587686538696289
6090,saint_dqn,1.3454999923706055
6091,saint_dqn,1.1093578338623047
6092,saint_dqn,1.6040563583374023
6093,saint_dqn,4.256357192993164
6094,saint_dqn,1.783768653869629
6095,saint_dqn,0.40196990966796875
6096,saint_dqn,2.1723403930664062
6097,saint_dqn,2.7805538177490234
6098,saint_dqn,3.1306562423706055
6099,saint_dqn,0.18373584747314453
6100,saint_dqn,2.3656578063964844
6101,saint_dqn,1.6186532974243164
6102,saint_dqn,-0.5915231704711914
6103,saint_dqn,0.8522663116455078
6104,saint_dqn,1.88726806640625
6105,saint_dqn,1.2931346893310547
6106,saint_dqn,0.04490470886230469
6107,saint_dqn,2.227680206298828
6108,saint_dqn,2.7270078659057617
6109,saint_dqn,2.1761016845703125
6110,saint_dqn,0.6377553939819336
6111,saint_dqn,4.332425117492676
6112,saint_dqn,1.0970544815063477
6113,saint_dqn,1.5057363510131836
6114,saint_dqn,0.8392210006713867
6115,saint_dqn,0.8007946014404297
6116,saint_dqn,2.4768409729003906
6117,saint_dqn,1.1080799102783203
6118,saint_dqn,1.8055133819580078
6119,saint_dqn,0.7513675689697266
6120,saint_dqn,-0.14023303985595703
6121,saint_dqn,0.08578968048095703
6122,saint_dqn,3.03033447265625
6123,saint_dqn,6.192292213439941
6124,saint_dqn,0.7992362976074219
6125,saint_dqn,5.489799499511719
6126,saint_dqn,0.4609375
6127,saint_dqn,1.3683748245239258
6128,saint_dqn,4.998630523681641
6129,saint_dqn,1.7908878326416016
6130,saint_dqn,0.4729299545288086
6131,saint_dqn,3.6852798461914062
6132,saint_dqn,2.891857147216797
6133,saint_dqn,0.8675222396850586
6134,saint_dqn,4.967074394226074
6135,saint_dqn,1.146829605102539
6136,saint_dqn,0.6594390869140625
6137,saint_dqn,5.429653167724609
6138,saint_dqn,1.4826860427856445
6139,saint_dqn,0.9860315322875977
6140,saint_dqn,1.8080615997314453
6141,saint_dqn,1.6185083389282227
6142,saint_dqn,3.013233184814453
6143,saint_dqn,1.2456703186035156
6144,saint_dqn,2.8840103149414062
6145,saint_dqn,-0.3128986358642578
6146,saint_dqn,-0.2205524444580078
6147,saint_dqn,0.8565845489501953
6148,saint_dqn,0.17248153686523438
6149,saint_dqn,1.8486013412475586
6150,saint_dqn,1.2322111129760742
6151,saint_dqn,0.8749599456787109
6152,saint_dqn,0.050652503967285156
6153,saint_dqn,0.8984251022338867
6154,saint_dqn,3.9817237854003906
6155,saint_dqn,2.105496406555176
6156,saint_dqn,1.7546281814575195
6157,saint_dqn,-0.9961862564086914
6158,saint_dqn,3.282125473022461
6159,saint_dqn,1.6407718658447266
6160,saint_dqn,2.074336051940918
6161,saint_dqn,0.392242431640625
6162,saint_dqn,2.632815361022949
6163,saint_dqn,4.00830078125
6164,saint_dqn,3.027358055114746
6165,saint_dqn,-0.04625511169433594
6166,saint_dqn,1.055023193359375
6167,saint_dqn,1.8690214157104492
6168,saint_dqn,0.815129280090332
6169,saint_dqn,0.4474649429321289
6170,saint_dqn,1.0659513473510742
6171,saint_dqn,3.5976037979125977
6172,saint_dqn,1.9284229278564453
6173,saint_dqn,5.694829940795898
6174,saint_dqn,1.0552597045898438
6175,saint_dqn,4.24411678314209
6176,saint_dqn,1.2346839904785156
6177,saint_dqn,6.794744491577148
6178,saint_dqn,2.871527671813965
6179,saint_dqn,1.9230499267578125
6180,saint_dqn,4.311864852905273
6181,saint_dqn,1.2986154556274414
6182,saint_dqn,3.6798925399780273
6183,saint_dqn,5.663359642028809
6184,saint_dqn,1.846938133239746
6185,saint_dqn,1.303436279296875
6186,saint_dqn,1.7705211639404297
6187,saint_dqn,2.1583499908447266
6188,saint_dqn,2.055866241455078
6189,saint_dqn,1.384674072265625
6190,saint_dqn,1.4979324340820312
6191,saint_dqn,1.544271469116211
6192,saint_dqn,3.1411609649658203
6193,saint_dqn,3.4426116943359375
6194,saint_dqn,-1.0308399200439453
6195,saint_dqn,1.3623847961425781
6196,saint_dqn,-0.8365058898925781
6197,saint_dqn,1.6198015213012695
6198,saint_dqn,0.0592498779296875
6199,saint_dqn,3.4216175079345703
6200,saint_dqn,0.09760284423828125
6201,saint_dqn,0.39381980895996094
6202,saint_dqn,0.8319873809814453
6203,saint_dqn,1.5033073425292969
6204,saint_dqn,3.7957305908203125
6205,saint_dqn,1.9942750930786133
6206,saint_dqn,2.194639205932617
6207,saint_dqn,2.7003774642944336
6208,saint_dqn,0.038593292236328125
6209,saint_dqn,1.5170097351074219
6210,saint_dqn,0.8035335540771484
6211,saint_dqn,0.5026540756225586
6212,saint_dqn,3.7110462188720703
6213,saint_dqn,1.3339033126831055
6214,saint_dqn,1.70965576171875
6215,saint_dqn,1.6470460891723633
6216,saint_dqn,2.036792755126953
6217,saint_dqn,2.076382637023926
6218,saint_dqn,2.0498809814453125
6219,saint_dqn,-0.2414722442626953
6220,saint_dqn,2.2206249237060547
6221,saint_dqn,2.690523147583008
6222,saint_dqn,-0.010884284973144531
6223,saint_dqn,3.452578067779541
6224,saint_dqn,2.445249557495117
6225,saint_dqn,4.448502540588379
6226,saint_dqn,1.825749397277832
6227,saint_dqn,2.757131576538086
6228,saint_dqn,2.1417112350463867
6229,saint_dqn,0.9716262817382812
6230,saint_dqn,4.926641464233398
6231,saint_dqn,3.8837242126464844
6232,saint_dqn,0.03326702117919922
6233,saint_dqn,1.847458839416504
6234,saint_dqn,1.9767074584960938
6235,saint_dqn,5.188981056213379
6236,saint_dqn,1.001607894897461
6237,saint_dqn,1.3104743957519531
6238,saint_dqn,1.5860300064086914
6239,saint_dqn,3.5847692489624023
6240,saint_dqn,0.5981426239013672
6241,saint_dqn,4.072455883026123
6242,saint_dqn,1.067122459411621
6243,saint_dqn,5.832029342651367
6244,saint_dqn,2.027803421020508
6245,saint_dqn,2.787999153137207
6246,saint_dqn,0.08830738067626953
6247,saint_dqn,1.8849611282348633
6248,saint_dqn,2.060192108154297
6249,saint_dqn,-1.4927120208740234
6250,saint_dqn,-0.6419992446899414
6251,saint_dqn,1.9309587478637695
6252,saint_dqn,1.5422544479370117
6253,saint_dqn,5.184638977050781
6254,saint_dqn,0.9605121612548828
6255,saint_dqn,2.651015281677246
6256,saint_dqn,1.360875129699707
6257,saint_dqn,0.6900453567504883
6258,saint_dqn,3.5301876068115234
6259,saint_dqn,2.425233840942383
6260,saint_dqn,-0.5190868377685547
6261,saint_dqn,1.390202522277832
6262,saint_dqn,1.3708267211914062
6263,saint_dqn,1.2438344955444336
6264,saint_dqn,3.8771705627441406
6265,saint_dqn,2.083202362060547
6266,saint_dqn,1.241541862487793
6267,saint_dqn,1.8330612182617188
6268,saint_dqn,2.416614532470703
6269,saint_dqn,0.06475639343261719
6270,saint_dqn,-2.1533737182617188
6271,saint_dqn,1.1101274490356445
6272,saint_dqn,0.042044639587402344
6273,saint_dqn,-0.07317543029785156
6274,saint_dqn,1.788492202758789
6275,saint_dqn,0.9736976623535156
6276,saint_dqn,1.4478435516357422
6277,saint_dqn,0.6170797348022461
6278,saint_dqn,2.203277587890625
6279,saint_dqn,-0.12402725219726562
6280,saint_dqn,1.032374382019043
6281,saint_dqn,3.733607769012451
6282,saint_dqn,1.7682437896728516
6283,saint_dqn,0.06142234802246094
6284,saint_dqn,2.5326004028320312
6285,saint_dqn,0.29834747314453125
6286,saint_dqn,0.7632207870483398
6287,saint_dqn,-0.008335113525390625
6288,saint_dqn,2.681706428527832
6289,saint_dqn,1.0580072402954102
6290,saint_dqn,1.6989250183105469
6291,saint_dqn,1.7802324295043945
6292,saint_dqn,4.067628860473633
6293,saint_dqn,2.8376169204711914
6294,saint_dqn,0.3438711166381836
6295,saint_dqn,1.6471586227416992
6296,saint_dqn,1.5516738891601562
6297,saint_dqn,1.387481689453125
6298,saint_dqn,2.18380069732666
6299,saint_dqn,2.3701963424682617
6300,saint_dqn,1.2761421203613281
6301,saint_dqn,0.6624813079833984
6302,saint_dqn,2.875314712524414
6303,saint_dqn,2.272958755493164
6304,saint_dqn,4.796253204345703
6305,saint_dqn,-3.2870445251464844
6306,saint_dqn,2.554553985595703
6307,saint_dqn,0.5312919616699219
6308,saint_dqn,-0.4385957717895508
6309,saint_dqn,3.602421760559082
6310,saint_dqn,2.0265560150146484
6311,saint_dqn,0.8036594390869141
6312,saint_dqn,-0.716404914855957
6313,saint_dqn,1.2683124542236328
6314,saint_dqn,4.380519866943359
6315,saint_dqn,2.076046943664551
6316,saint_dqn,3.1318578720092773
6317,saint_dqn,0.9682531356811523
6318,saint_dqn,1.7341642379760742
6319,saint_dqn,0.12491512298583984
6320,saint_dqn,0.726776123046875
6321,saint_dqn,1.966836929321289
6322,saint_dqn,0.7763595581054688
6323,saint_dqn,-2.525702476501465
6324,saint_dqn,2.327031135559082
6325,saint_dqn,0.9871654510498047
6326,saint_dqn,1.1017694473266602
6327,saint_dqn,1.7466144561767578
6328,saint_dqn,1.419804573059082
6329,saint_dqn,1.5037994384765625
6330,saint_dqn,2.9033470153808594
6331,saint_dqn,1.1864089965820312
6332,saint_dqn,2.686274528503418
6333,saint_dqn,1.2466678619384766
6334,saint_dqn,0.8426780700683594
6335,saint_dqn,2.120798110961914
6336,saint_dqn,-0.10349845886230469
6337,saint_dqn,1.6990222930908203
6338,saint_dqn,1.090682029724121
6339,saint_dqn,0.2352437973022461
6340,saint_dqn,-1.6058387756347656
6341,saint_dqn,4.590190887451172
6342,saint_dqn,1.5593280792236328
6343,saint_dqn,4.177069664001465
6344,saint_dqn,0.9855804443359375
6345,saint_dqn,2.0595521926879883
6346,saint_dqn,1.1770477294921875
6347,saint_dqn,4.068343162536621
6348,saint_dqn,1.419367790222168
6349,saint_dqn,2.6374120712280273
6350,saint_dqn,1.2785825729370117
6351,saint_dqn,0.3688182830810547
6352,saint_dqn,-0.1039276123046875
6353,saint_dqn,5.7471208572387695
6354,saint_dqn,5.329097747802734
6355,saint_dqn,1.4811477661132812
6356,saint_dqn,0.8401365280151367
6357,saint_dqn,3.835829734802246
6358,saint_dqn,1.1337261199951172
6359,saint_dqn,3.0427932739257812
6360,saint_dqn,-0.4715557098388672
6361,saint_dqn,2.2713851928710938
6362,saint_dqn,-0.1841716766357422
6363,saint_dqn,2.294649124145508
6364,saint_dqn,3.2102603912353516
6365,saint_dqn,1.305349349975586
6366,saint_dqn,3.460084915161133
6367,saint_dqn,4.438290596008301
6368,saint_dqn,1.584172248840332
6369,saint_dqn,0.5551013946533203
6370,saint_dqn,0.2638702392578125
6371,saint_dqn,0.5411233901977539
6372,saint_dqn,5.658909797668457
6373,saint_dqn,-0.23883914947509766
6374,saint_dqn,0.8258628845214844
6375,saint_dqn,1.762343406677246
6376,saint_dqn,1.6177053451538086
6377,saint_dqn,1.7198524475097656
6378,saint_dqn,2.280313491821289
6379,saint_dqn,1.1885700225830078
6380,saint_dqn,2.0732784271240234
6381,saint_dqn,3.489882469177246
6382,saint_dqn,4.955005645751953
6383,saint_dqn,2.895724296569824
6384,saint_dqn,1.0529594421386719
6385,saint_dqn,4.205110549926758
6386,saint_dqn,11.604627132415771
6387,saint_dqn,3.58889102935791
6388,saint_dqn,0.24593162536621094
6389,saint_dqn,0.7156562805175781
6390,saint_dqn,2.121579170227051
6391,saint_dqn,0.29566097259521484
6392,saint_dqn,0.5995159149169922
6393,saint_dqn,0.7330799102783203
6394,saint_dqn,0.5972738265991211
6395,saint_dqn,1.1658964157104492
6396,saint_dqn,5.214012145996094
6397,saint_dqn,2.0521373748779297
6398,saint_dqn,0.4699535369873047
6399,saint_dqn,3.073352813720703
6400,saint_dqn,2.229646682739258
6401,saint_dqn,1.1503686904907227
6402,saint_dqn,3.1167526245117188
6403,saint_dqn,5.046009063720703
6404,saint_dqn,2.534576416015625
6405,saint_dqn,2.7688512802124023
6406,saint_dqn,2.838912010192871
6407,saint_dqn,2.5057878494262695
6408,saint_dqn,2.218170166015625
6409,saint_dqn,1.7689809799194336
6410,saint_dqn,0.5322198867797852
6411,saint_dqn,0.8537998199462891
6412,saint_dqn,1.2652778625488281
6413,saint_dqn,0.9529781341552734
6414,saint_dqn,3.238161087036133
6415,saint_dqn,3.9683141708374023
6416,saint_dqn,1.6019153594970703
6417,saint_dqn,3.076727867126465
6418,saint_dqn,0.9673061370849609
6419,saint_dqn,-0.1468944549560547
6420,saint_dqn,1.393178939819336
6421,saint_dqn,1.511153221130371
6422,saint_dqn,1.513688087463379
6423,saint_dqn,0.2708768844604492
6424,saint_dqn,2.6277637481689453
6425,saint_dqn,4.506913185119629
6426,saint_dqn,1.444035530090332
6427,saint_dqn,3.24959659576416
6428,saint_dqn,0.1475515365600586
6429,saint_dqn,5.042421340942383
6430,saint_dqn,-1.0655241012573242
6431,saint_dqn,2.4178972244262695
6432,saint_dqn,2.1797237396240234
6433,saint_dqn,3.30130672454834
6434,saint_dqn,4.85059928894043
6435,saint_dqn,1.7023811340332031
6436,saint_dqn,0.14285945892333984
6437,saint_dqn,3.202241897583008
6438,saint_dqn,2.6274871826171875
6439,saint_dqn,-0.2529325485229492
6440,saint_dqn,0.6635913848876953
6441,saint_dqn,1.3044042587280273
6442,saint_dqn,0.40468311309814453
6443,saint_dqn,1.65032958984375
6444,saint_dqn,0.07677173614501953
6445,saint_dqn,2.053384780883789
6446,saint_dqn,0.4932861328125
6447,saint_dqn,2.1023759841918945
6448,saint_dqn,0.9967613220214844
6449,saint_dqn,1.6809520721435547
6450,saint_dqn,4.365302085876465
6451,saint_dqn,-0.07065677642822266
6452,saint_dqn,1.730825424194336
6453,saint_dqn,8.090497016906738
6454,saint_dqn,2.9883804321289062
6455,saint_dqn,1.170670509338379
6456,saint_dqn,1.1934146881103516
6457,saint_dqn,1.5030975341796875
6458,saint_dqn,2.196744918823242
6459,saint_dqn,2.902935028076172
6460,saint_dqn,0.4030494689941406
6461,saint_dqn,4.609274864196777
6462,saint_dqn,2.3241758346557617
6463,saint_dqn,2.8105945587158203
6464,saint_dqn,0.4451007843017578
6465,saint_dqn,4.045188903808594
6466,saint_dqn,1.6094751358032227
6467,saint_dqn,4.905902862548828
6468,saint_dqn,3.3089427947998047
6469,saint_dqn,1.284886360168457
6470,saint_dqn,3.4945850372314453
6471,saint_dqn,1.2056999206542969
6472,saint_dqn,0.9013261795043945
6473,saint_dqn,3.4004440307617188
6474,saint_dqn,4.227852821350098
6475,saint_dqn,3.5432257652282715
6476,saint_dqn,1.0866775512695312
6477,saint_dqn,2.988861083984375
6478,saint_dqn,0.7256336212158203
6479,saint_dqn,2.030543327331543
6480,saint_dqn,2.5630016326904297
6481,saint_dqn,-0.47933006286621094
6482,saint_dqn,2.0946779251098633
6483,saint_dqn,2.8124637603759766
6484,saint_dqn,1.7702264785766602
6485,saint_dqn,2.6828956604003906
6486,saint_dqn,2.52377986907959
6487,saint_dqn,0.7175436019897461
6488,saint_dqn,0.44129180908203125
6489,saint_dqn,4.220898628234863
6490,saint_dqn,0.11295413970947266
6491,saint_dqn,1.5362849235534668
6492,saint_dqn,0.7386360168457031
6493,saint_dqn,1.6790714263916016
6494,saint_dqn,0.2969179153442383
6495,saint_dqn,1.3079729080200195
6496,saint_dqn,0.9441680908203125
6497,saint_dqn,1.3295354843139648
6498,saint_dqn,4.15257453918457
6499,saint_dqn,1.03912353515625
6500,saint_dqn,0.5546731948852539
6501,saint_dqn,0.2087411880493164
6502,saint_dqn,-1.433140754699707
6503,saint_dqn,0.6308727264404297
6504,saint_dqn,0.8249549865722656
6505,saint_dqn,1.800856590270996
6506,saint_dqn,2.4172487258911133
6507,saint_dqn,3.452122688293457
6508,saint_dqn,2.3394289016723633
6509,saint_dqn,3.399102210998535
6510,saint_dqn,2.4071903228759766
6511,saint_dqn,-0.4524345397949219
6512,saint_dqn,1.0471868515014648
6513,saint_dqn,0.6720714569091797
6514,saint_dqn,0.8389835357666016
6515,saint_dqn,2.310382843017578
6516,saint_dqn,1.1435089111328125
6517,saint_dqn,2.4095678329467773
6518,saint_dqn,0.4823455810546875
6519,saint_dqn,1.9166383743286133
6520,saint_dqn,0.33417510986328125
6521,saint_dqn,5.985837936401367
6522,saint_dqn,1.0547504425048828
6523,saint_dqn,2.28305721282959
6524,saint_dqn,6.035122871398926
6525,saint_dqn,1.412266731262207
6526,saint_dqn,2.030949592590332
6527,saint_dqn,5.402474403381348
6528,saint_dqn,1.5707006454467773
6529,saint_dqn,2.7431135177612305
6530,saint_dqn,2.320380210876465
6531,saint_dqn,3.504169464111328
6532,saint_dqn,1.5056028366088867
6533,saint_dqn,2.423159599304199
6534,saint_dqn,2.5089120864868164
6535,saint_dqn,2.420591354370117
6536,saint_dqn,0.7527132034301758
6537,saint_dqn,-0.36995410919189453
6538,saint_dqn,2.0749082565307617
6539,saint_dqn,0.37627124786376953
6540,saint_dqn,2.7431411743164062
6541,saint_dqn,1.2514467239379883
6542,saint_dqn,0.763519287109375
6543,saint_dqn,2.216517448425293
6544,saint_dqn,1.2331476211547852
6545,saint_dqn,1.4927091598510742
6546,saint_dqn,0.27138328552246094
6547,saint_dqn,2.0491504669189453
6548,saint_dqn,-1.0661201477050781
6549,saint_dqn,-0.14767169952392578
6550,saint_dqn,-0.09636592864990234
6551,saint_dqn,0.5772190093994141
6552,saint_dqn,1.382883071899414
6553,saint_dqn,1.5885887145996094
6554,saint_dqn,1.4694576263427734
6555,saint_dqn,1.6399059295654297
6556,saint_dqn,1.1667861938476562
6557,saint_dqn,0.2663564682006836
6558,saint_dqn,1.5625905990600586
6559,saint_dqn,6.956276893615723
6560,saint_dqn,1.8743896484375
6561,saint_dqn,2.6923828125
6562,saint_dqn,1.8735933303833008
6563,saint_dqn,-0.5710639953613281
6564,saint_dqn,0.4083108901977539
6565,saint_dqn,0.8660106658935547
6566,saint_dqn,4.471600532531738
6567,saint_dqn,3.299973487854004
6568,saint_dqn,2.672027587890625
6569,saint_dqn,2.6243362426757812
6570,saint_dqn,0.8421907424926758
6571,saint_dqn,3.141897201538086
6572,saint_dqn,0.03415870666503906
6573,saint_dqn,1.4754447937011719
6574,saint_dqn,3.6973466873168945
6575,saint_dqn,1.2797250747680664
6576,saint_dqn,1.9257936477661133
6577,saint_dqn,0.0860147476196289
6578,saint_dqn,2.0224227905273438
6579,saint_dqn,0.06199455261230469
6580,saint_dqn,1.0146369934082031
6581,saint_dqn,-0.1564464569091797
6582,saint_dqn,4.508240699768066
6583,saint_dqn,-0.3270292282104492
6584,saint_dqn,-0.8040847778320312
6585,saint_dqn,1.8087635040283203
6586,saint_dqn,0.8306894302368164
6587,saint_dqn,0.8119955062866211
6588,saint_dqn,1.3488245010375977
6589,saint_dqn,1.3451471328735352
6590,saint_dqn,1.3617849349975586
6591,saint_dqn,2.792207717895508
6592,saint_dqn,0.5625667572021484
6593,saint_dqn,1.5154533386230469
6594,saint_dqn,3.7038145065307617
6595,saint_dqn,2.1714067459106445
6596,saint_dqn,0.2821779251098633
6597,saint_dqn,0.19381332397460938
6598,saint_dqn,2.7708826065063477
6599,saint_dqn,1.2744359970092773
6600,saint_dqn,2.478001594543457
6601,saint_dqn,1.5918493270874023
6602,saint_dqn,1.4616279602050781
6603,saint_dqn,3.283121109008789
6604,saint_dqn,1.5791168212890625
6605,saint_dqn,1.8515491485595703
6606,saint_dqn,2.0175867080688477
6607,saint_dqn,0.6903295516967773
6608,saint_dqn,1.6939587593078613
6609,saint_dqn,1.9284248352050781
6610,saint_dqn,1.8155479431152344
6611,saint_dqn,4.629646301269531
6612,saint_dqn,-0.5264072418212891
6613,saint_dqn,1.3540401458740234
6614,saint_dqn,1.9583187103271484
6615,saint_dqn,3.870342254638672
6616,saint_dqn,0.05555248260498047
6617,saint_dqn,0.8365478515625
6618,saint_dqn,0.2632904052734375
6619,saint_dqn,1.7092666625976562
6620,saint_dqn,2.3398284912109375
6621,saint_dqn,1.8168926239013672
6622,saint_dqn,1.1498661041259766
6623,saint_dqn,0.13580703735351562
6624,saint_dqn,3.5694494247436523
6625,saint_dqn,1.2185640335083008
6626,saint_dqn,0.3082857131958008
6627,saint_dqn,0.12220573425292969
6628,saint_dqn,3.324000358581543
6629,saint_dqn,1.5021495819091797
6630,saint_dqn,0.9124584197998047
6631,saint_dqn,1.723759651184082
6632,saint_dqn,-0.10371112823486328
6633,saint_dqn,1.2961654663085938
6634,saint_dqn,1.4396934509277344
6635,saint_dqn,0.8225240707397461
6636,saint_dqn,1.65008544921875
6637,saint_dqn,-0.7096471786499023
6638,saint_dqn,0.38268280029296875
6639,saint_dqn,4.401240348815918
6640,saint_dqn,1.222031593322754
6641,saint_dqn,2.521129608154297
6642,saint_dqn,0.6591196060180664
6643,saint_dqn,4.052209854125977
6644,saint_dqn,1.0906181335449219
6645,saint_dqn,3.825653076171875
6646,saint_dqn,1.9542388916015625
6647,saint_dqn,-1.2729148864746094
6648,saint_dqn,-0.9169468879699707
6649,saint_dqn,4.357207298278809
6650,saint_dqn,2.986265182495117
6651,saint_dqn,1.1974267959594727
6652,saint_dqn,0.22477340698242188
6653,saint_dqn,3.457700729370117
6654,saint_dqn,0.9651527404785156
6655,saint_dqn,1.1103763580322266
6656,saint_dqn,1.6200580596923828
6657,saint_dqn,1.7741279602050781
6658,saint_dqn,3.992323875427246
6659,saint_dqn,2.816701889038086
6660,saint_dqn,1.456416130065918
6661,saint_dqn,0.5410804748535156
6662,saint_dqn,0.9365968704223633
6663,saint_dqn,0.5850296020507812
6664,saint_dqn,1.4823417663574219
6665,saint_dqn,1.0468311309814453
6666,saint_dqn,0.7741031646728516
6667,saint_dqn,4.970911026000977
6668,saint_dqn,0.8964023590087891
6669,saint_dqn,2.9717254638671875
6670,saint_dqn,2.2104177474975586
6671,saint_dqn,1.5369739532470703
6672,saint_dqn,1.81524658203125
6673,saint_dqn,1.9419479370117188
6674,saint_dqn,-0.11086177825927734
6675,saint_dqn,2.1003379821777344
6676,saint_dqn,1.7474937438964844
6677,saint_dqn,1.8786144256591797
6678,saint_dqn,3.807316780090332
6679,saint_dqn,1.1027421951293945
6680,saint_dqn,3.827486038208008
6681,saint_dqn,1.2237663269042969
6682,saint_dqn,-0.3556976318359375
6683,saint_dqn,2.059295654296875
6684,saint_dqn,0.47829437255859375
6685,saint_dqn,-0.400634765625
6686,saint_dqn,0.5495796203613281
6687,saint_dqn,0.7393732070922852
6688,saint_dqn,0.1905364990234375
6689,saint_dqn,2.241170883178711
6690,saint_dqn,0.024568557739257812
6691,saint_dqn,0.11415767669677734
6692,saint_dqn,0.6162214279174805
6693,saint_dqn,2.4039993286132812
6694,saint_dqn,0.8274650573730469
6695,saint_dqn,0.9225063323974609
6696,saint_dqn,1.3540916442871094
6697,saint_dqn,1.3985595703125
6698,saint_dqn,1.4990215301513672
6699,saint_dqn,4.548189163208008
6700,saint_dqn,0.6977481842041016
6701,saint_dqn,0.7836971282958984
6702,saint_dqn,4.125383377075195
6703,saint_dqn,1.7195396423339844
6704,saint_dqn,1.3702116012573242
6705,saint_dqn,1.3624086380004883
6706,saint_dqn,1.7871160507202148
6707,saint_dqn,4.308489799499512
6708,saint_dqn,0.5420827865600586
6709,saint_dqn,3.619800567626953
6710,saint_dqn,1.3214664459228516
6711,saint_dqn,2.6679420471191406
6712,saint_dqn,2.6313772201538086
6713,saint_dqn,1.3767366409301758
6714,saint_dqn,1.6319866180419922
6715,saint_dqn,1.7600650787353516
6716,saint_dqn,0.7930669784545898
6717,saint_dqn,0.6316452026367188
6718,saint_dqn,2.1241893768310547
6719,saint_dqn,1.117903709411621
6720,saint_dqn,3.063091278076172
6721,saint_dqn,2.168848991394043
6722,saint_dqn,1.7202539443969727
6723,saint_dqn,0.02364635467529297
6724,saint_dqn,5.491237163543701
6725,saint_dqn,1.4382495880126953
6726,saint_dqn,2.6802425384521484
6727,saint_dqn,2.9223337173461914
6728,saint_dqn,0.3300018310546875
6729,saint_dqn,0.16432952880859375
6730,saint_dqn,2.1354007720947266
6731,saint_dqn,2.0129470825195312
6732,saint_dqn,3.404378890991211
6733,saint_dqn,2.115367889404297
6734,saint_dqn,0.0127410888671875
6735,saint_dqn,4.561574935913086
6736,saint_dqn,2.1409034729003906
6737,saint_dqn,1.0266962051391602
6738,saint_dqn,0.5899372100830078
6739,saint_dqn,0.8458852767944336
6740,saint_dqn,2.5781545639038086
6741,saint_dqn,6.450564384460449
6742,saint_dqn,1.107121467590332
6743,saint_dqn,4.480686187744141
6744,saint_dqn,2.105565071105957
6745,saint_dqn,2.5846900939941406
6746,saint_dqn,2.990302085876465
6747,saint_dqn,4.39462947845459
6748,saint_dqn,2.648052215576172
6749,saint_dqn,0.38323211669921875
6750,saint_dqn,0.2216796875
6751,saint_dqn,0.42414379119873047
6752,saint_dqn,0.9850759506225586
6753,saint_dqn,2.061594009399414
6754,saint_dqn,6.2338409423828125
6755,saint_dqn,0.5371685028076172
6756,saint_dqn,2.529679298400879
6757,saint_dqn,0.1911020278930664
6758,saint_dqn,1.402353286743164
6759,saint_dqn,4.267230987548828
6760,saint_dqn,-0.3142566680908203
6761,saint_dqn,1.1427602767944336
6762,saint_dqn,1.4258842468261719
6763,saint_dqn,1.6015071868896484
6764,saint_dqn,1.6704959869384766
6765,saint_dqn,2.595399856567383
6766,saint_dqn,-0.7840862274169922
6767,saint_dqn,0.6437482833862305
6768,saint_dqn,0.17155838012695312
6769,saint_dqn,0.5842618942260742
6770,saint_dqn,-0.4342536926269531
6771,saint_dqn,0.32602500915527344
6772,saint_dqn,1.6484155654907227
6773,saint_dqn,2.4201040267944336
6774,saint_dqn,-0.056572914123535156
6775,saint_dqn,0.7823820114135742
6776,saint_dqn,2.631772994995117
6777,saint_dqn,1.4474306106567383
6778,saint_dqn,4.5071916580200195
6779,saint_dqn,1.7935686111450195
6780,saint_dqn,1.1745586395263672
6781,saint_dqn,0.9552984237670898
6782,saint_dqn,0.4372701644897461
6783,saint_dqn,2.2413434982299805
6784,saint_dqn,-0.4619598388671875
6785,saint_dqn,2.414766311645508
6786,saint_dqn,0.9501590728759766
6787,saint_dqn,-0.7885208129882812
6788,saint_dqn,4.9029645919799805
6789,saint_dqn,3.7520389556884766
6790,saint_dqn,1.4514474868774414
6791,saint_dqn,0.8513040542602539
6792,saint_dqn,2.563399314880371
6793,saint_dqn,3.494624137878418
6794,saint_dqn,2.692532539367676
6795,saint_dqn,1.304840087890625
6796,saint_dqn,1.4632854461669922
6797,saint_dqn,2.570864677429199
6798,saint_dqn,1.853811264038086
6799,saint_dqn,0.9180459976196289
6800,saint_dqn,1.5294866561889648
6801,saint_dqn,0.8017196655273438
6802,saint_dqn,0.9863500595092773
6803,saint_dqn,1.308884620666504
6804,saint_dqn,3.975771903991699
6805,saint_dqn,2.419102668762207
6806,saint_dqn,2.961592674255371
6807,saint_dqn,-0.10432052612304688
6808,saint_dqn,1.093301773071289
6809,saint_dqn,1.194228172302246
6810,saint_dqn,1.5863819122314453
6811,saint_dqn,2.1007680892944336
6812,saint_dqn,2.9296693801879883
6813,saint_dqn,3.031050682067871
6814,saint_dqn,2.1957483291625977
6815,saint_dqn,3.239198684692383
6816,saint_dqn,0.2968177795410156
6817,saint_dqn,1.3283281326293945
6818,saint_dqn,1.2164945602416992
6819,saint_dqn,-0.3023223876953125
6820,saint_dqn,3.0460472106933594
6821,saint_dqn,-0.039031028747558594
6822,saint_dqn,0.7183856964111328
6823,saint_dqn,4.084844589233398
6824,saint_dqn,2.927454948425293
6825,saint_dqn,2.6642589569091797
6826,saint_dqn,0.804351806640625
6827,saint_dqn,-0.563288688659668
6828,saint_dqn,2.416105270385742
6829,saint_dqn,1.4014949798583984
6830,saint_dqn,3.3589067459106445
6831,saint_dqn,-0.11340904235839844
6832,saint_dqn,2.651651382446289
6833,saint_dqn,2.0558242797851562
6834,saint_dqn,1.0362310409545898
6835,saint_dqn,2.7225732803344727
6836,saint_dqn,2.6917495727539062
6837,saint_dqn,1.8742027282714844
6838,saint_dqn,2.1063575744628906
6839,saint_dqn,1.2811260223388672
6840,saint_dqn,1.2405309677124023
6841,saint_dqn,1.33624267578125
6842,saint_dqn,-0.43721771240234375
6843,saint_dqn,1.3430490493774414
6844,saint_dqn,0.906982421875
6845,saint_dqn,2.02384090423584
6846,saint_dqn,0.7496633529663086
6847,saint_dqn,0.5499715805053711
6848,saint_dqn,0.40400218963623047
6849,saint_dqn,0.2509307861328125
6850,saint_dqn,2.250947952270508
6851,saint_dqn,2.333955764770508
6852,saint_dqn,1.7887611389160156
6853,saint_dqn,0.7623205184936523
6854,saint_dqn,1.6128559112548828
6855,saint_dqn,0.9782304763793945
6856,saint_dqn,7.616602897644043
6857,saint_dqn,1.203078269958496
6858,saint_dqn,2.4298343658447266
6859,saint_dqn,0.9221258163452148
6860,saint_dqn,3.4555530548095703
6861,saint_dqn,2.546518325805664
6862,saint_dqn,3.3560028076171875
6863,saint_dqn,1.3540658950805664
6864,saint_dqn,1.645533561706543
6865,saint_dqn,0.8349409103393555
6866,saint_dqn,4.237654685974121
6867,saint_dqn,1.1804389953613281
6868,saint_dqn,5.525747299194336
6869,saint_dqn,0.5745267868041992
6870,saint_dqn,0.853236198425293
6871,saint_dqn,-0.29245662689208984
6872,saint_dqn,1.6540489196777344
6873,saint_dqn,5.0632219314575195
6874,saint_dqn,0.8260784149169922
6875,saint_dqn,1.6368484497070312
6876,saint_dqn,1.5912723541259766
6877,saint_dqn,1.1736459732055664
6878,saint_dqn,1.0980358123779297
6879,saint_dqn,1.224207878112793
6880,saint_dqn,1.2326202392578125
6881,saint_dqn,3.8748512268066406
6882,saint_dqn,2.8336877822875977
6883,saint_dqn,1.9001188278198242
6884,saint_dqn,1.2461729049682617
6885,saint_dqn,0.05540275573730469
6886,saint_dqn,-0.6254606246948242
6887,saint_dqn,1.7707538604736328
6888,saint_dqn,-0.9445600509643555
6889,saint_dqn,3.5349016189575195
6890,saint_dqn,1.5674610137939453
6891,saint_dqn,4.257511138916016
6892,saint_dqn,0.06884765625
6893,saint_dqn,2.6277875900268555
6894,saint_dqn,4.064243316650391
6895,saint_dqn,3.297733783721924
6896,saint_dqn,1.4980268478393555
6897,saint_dqn,2.504117012023926
6898,saint_dqn,0.7796659469604492
6899,saint_dqn,0.10660457611083984
6900,saint_dqn,1.2010746002197266
6901,saint_dqn,2.738382339477539
6902,saint_dqn,0.9630184173583984
6903,saint_dqn,1.766641616821289
6904,saint_dqn,0.48012733459472656
6905,saint_dqn,1.3411626815795898
6906,saint_dqn,3.0894269943237305
6907,saint_dqn,0.22878742218017578
6908,saint_dqn,-1.4310121536254883
6909,saint_dqn,1.7307519912719727
6910,saint_dqn,1.081852912902832
6911,saint_dqn,1.9023866653442383
6912,saint_dqn,6.822962760925293
6913,saint_dqn,4.747312545776367
6914,saint_dqn,3.074458122253418
6915,saint_dqn,1.0740175247192383
6916,saint_dqn,0.5328512191772461
6917,saint_dqn,3.8769235610961914
6918,saint_dqn,2.1581249237060547
6919,saint_dqn,1.4874906539916992
6920,saint_dqn,2.3523855209350586
6921,saint_dqn,-0.18717193603515625
6922,saint_dqn,1.6305198669433594
6923,saint_dqn,1.9844856262207031
6924,saint_dqn,0.9822092056274414
6925,saint_dqn,3.811001777648926
6926,saint_dqn,1.932999610900879
6927,saint_dqn,0.8283672332763672
6928,saint_dqn,1.258296012878418
6929,saint_dqn,-0.04645061492919922
6930,saint_dqn,2.257230758666992
6931,saint_dqn,3.2772598266601562
6932,saint_dqn,2.240816116333008
6933,saint_dqn,2.6509933471679688
6934,saint_dqn,3.343533515930176
6935,saint_dqn,3.8956212997436523
6936,saint_dqn,3.067432403564453
6937,saint_dqn,4.656518936157227
6938,saint_dqn,2.157501220703125
6939,saint_dqn,1.038848876953125
6940,saint_dqn,1.08880615234375
6941,saint_dqn,2.9172534942626953
6942,saint_dqn,0.9769525527954102
6943,saint_dqn,2.105502128601074
6944,saint_dqn,0.633662223815918
6945,saint_dqn,1.0150690078735352
6946,saint_dqn,1.102879524230957
6947,saint_dqn,1.6597566604614258
6948,saint_dqn,1.7759885787963867
6949,saint_dqn,0.10648727416992188
6950,saint_dqn,2.549565315246582
6951,saint_dqn,1.0663070678710938
6952,saint_dqn,0.8167314529418945
6953,saint_dqn,4.01475715637207
6954,saint_dqn,2.199075698852539
6955,saint_dqn,8.812002182006836
6956,saint_dqn,3.5669937133789062
6957,saint_dqn,0.3612031936645508
6958,saint_dqn,-1.1161489486694336
6959,saint_dqn,0.4377775192260742
6960,saint_dqn,0.927943229675293
6961,saint_dqn,1.9084739685058594
6962,saint_dqn,5.795676231384277
6963,saint_dqn,1.1378774642944336
6964,saint_dqn,0.5583505630493164
6965,saint_dqn,0.7684860229492188
6966,saint_dqn,1.7543163299560547
6967,saint_dqn,0.5976295471191406
6968,saint_dqn,0.6442174911499023
6969,saint_dqn,1.4827423095703125
6970,saint_dqn,0.7474699020385742
6971,saint_dqn,1.5151700973510742
6972,saint_dqn,5.847121238708496
6973,saint_dqn,0.18104267120361328
6974,saint_dqn,3.8982744216918945
6975,saint_dqn,1.3910236358642578
6976,saint_dqn,1.2474985122680664
6977,saint_dqn,2.0153722763061523
6978,saint_dqn,4.493678092956543
6979,saint_dqn,2.081981658935547
6980,saint_dqn,1.8144683837890625
6981,saint_dqn,0.8003902435302734
6982,saint_dqn,1.0165891647338867
6983,saint_dqn,0.6062412261962891
6984,saint_dqn,2.2466506958007812
6985,saint_dqn,1.0397357940673828
6986,saint_dqn,0.4338645935058594
6987,saint_dqn,3.845724105834961
6988,saint_dqn,1.659276008605957
6989,saint_dqn,0.654109001159668
6990,saint_dqn,2.102158546447754
6991,saint_dqn,4.080365180969238
6992,saint_dqn,6.178158760070801
6993,saint_dqn,1.1006412506103516
6994,saint_dqn,0.9953727722167969
6995,saint_dqn,1.015456199645996
6996,saint_dqn,5.375877380371094
6997,saint_dqn,1.655287742614746
6998,saint_dqn,0.21367931365966797
6999,saint_dqn,3.0022668838500977
7000,saint_dqn,-0.2807188034057617
7001,saint_dqn,1.1653985977172852
7002,saint_dqn,4.345162391662598
7003,saint_dqn,4.236115455627441
7004,saint_dqn,2.0122432708740234
7005,saint_dqn,4.927104949951172
7006,saint_dqn,1.6844635009765625
7007,saint_dqn,1.6171808242797852
7008,saint_dqn,3.3042144775390625
7009,saint_dqn,-0.67962646484375
7010,saint_dqn,1.998525619506836
7011,saint_dqn,2.649587631225586
7012,saint_dqn,1.6781024932861328
7013,saint_dqn,2.1675338745117188
7014,saint_dqn,4.045982360839844
7015,saint_dqn,2.3114776611328125
7016,saint_dqn,2.952798843383789
7017,saint_dqn,0.3738393783569336
7018,saint_dqn,1.8768377304077148
7019,saint_dqn,0.2725563049316406
7020,saint_dqn,-0.48230934143066406
7021,saint_dqn,2.051645278930664
7022,saint_dqn,2.6344423294067383
7023,saint_dqn,1.464035987854004
7024,saint_dqn,3.2137861251831055
7025,saint_dqn,1.3004531860351562
7026,saint_dqn,5.960651397705078
7027,saint_dqn,2.041147232055664
7028,saint_dqn,1.0592031478881836
7029,saint_dqn,1.2268266677856445
7030,saint_dqn,1.4870147705078125
7031,saint_dqn,3.1914291381835938
7032,saint_dqn,2.8262529373168945
7033,saint_dqn,2.952850341796875
7034,saint_dqn,3.4594192504882812
7035,saint_dqn,0.864415168762207
7036,saint_dqn,1.6167840957641602
7037,saint_dqn,3.5041818618774414
7038,saint_dqn,0.6774110794067383
7039,saint_dqn,2.297056198120117
7040,saint_dqn,2.7614574432373047
7041,saint_dqn,0.9172687530517578
7042,saint_dqn,4.204291820526123
7043,saint_dqn,1.152435302734375
7044,saint_dqn,0.10762310028076172
7045,saint_dqn,0.6491241455078125
7046,saint_dqn,1.944809913635254
7047,saint_dqn,2.6472301483154297
7048,saint_dqn,3.675765037536621
7049,saint_dqn,3.6524534225463867
7050,saint_dqn,2.001605987548828
7051,saint_dqn,1.7878055572509766
7052,saint_dqn,1.569056510925293
7053,saint_dqn,2.7219295501708984
7054,saint_dqn,1.8209562301635742
7055,saint_dqn,1.892073631286621
7056,saint_dqn,4.574336051940918
7057,saint_dqn,0.7118120193481445
7058,saint_dqn,2.247854232788086
7059,saint_dqn,-0.14701175689697266
7060,saint_dqn,2.1108999252319336
7061,saint_dqn,2.2839784622192383
7062,saint_dqn,1.742208480834961
7063,saint_dqn,1.1751317977905273
7064,saint_dqn,1.0170249938964844
7065,saint_dqn,3.129484176635742
7066,saint_dqn,1.472794532775879
7067,saint_dqn,1.030111312866211
7068,saint_dqn,4.59405517578125
7069,saint_dqn,-0.6817703247070312
7070,saint_dqn,0.9999847412109375
7071,saint_dqn,1.9596014022827148
7072,saint_dqn,1.1545820236206055
7073,saint_dqn,1.9258480072021484
7074,saint_dqn,0.8195476531982422
7075,saint_dqn,2.0054750442504883
7076,saint_dqn,2.2301292419433594
7077,saint_dqn,2.2300634384155273
7078,saint_dqn,1.1245613098144531
7079,saint_dqn,2.263442039489746
7080,saint_dqn,1.0709848403930664
7081,saint_dqn,-0.3613319396972656
7082,saint_dqn,2.460507392883301
7083,saint_dqn,1.1649284362792969
7084,saint_dqn,6.630912780761719
7085,saint_dqn,4.33815860748291
7086,saint_dqn,0.6387138366699219
7087,saint_dqn,1.8257827758789062
7088,saint_dqn,0.8985366821289062
7089,saint_dqn,1.9577417373657227
7090,saint_dqn,0.8185691833496094
7091,saint_dqn,1.2013540267944336
7092,saint_dqn,4.150137901306152
7093,saint_dqn,-0.0777130126953125
7094,saint_dqn,0.50885009765625
7095,saint_dqn,0.6135568618774414
7096,saint_dqn,2.4935426712036133
7097,saint_dqn,1.893651008605957
7098,saint_dqn,1.5580501556396484
7099,saint_dqn,2.0603761672973633
7100,saint_dqn,0.958836555480957
7101,saint_dqn,0.5806856155395508
7102,saint_dqn,2.016798973083496
7103,saint_dqn,1.4240236282348633
7104,saint_dqn,0.15620040893554688
7105,saint_dqn,1.0691280364990234
7106,saint_dqn,1.7871990203857422
7107,saint_dqn,3.3669471740722656
7108,saint_dqn,3.545161247253418
7109,saint_dqn,-0.6879138946533203
7110,saint_dqn,0.45873260498046875
7111,saint_dqn,0.571314811706543
7112,saint_dqn,3.4937000274658203
7113,saint_dqn,1.9869499206542969
7114,saint_dqn,0.7722244262695312
7115,saint_dqn,1.6395292282104492
7116,saint_dqn,1.8888473510742188
7117,saint_dqn,2.687312126159668
7118,saint_dqn,4.603471755981445
7119,saint_dqn,3.205780029296875
7120,saint_dqn,2.283432960510254
7121,saint_dqn,2.4280166625976562
7122,saint_dqn,3.6299867630004883
7123,saint_dqn,3.4347152709960938
7124,saint_dqn,0.09710502624511719
7125,saint_dqn,0.35587406158447266
7126,saint_dqn,2.914764404296875
7127,saint_dqn,2.0818185806274414
7128,saint_dqn,1.7144241333007812
7129,saint_dqn,1.2558603286743164
7130,saint_dqn,4.007944107055664
7131,saint_dqn,0.1415863037109375
7132,saint_dqn,0.5035152435302734
7133,saint_dqn,2.6334428787231445
7134,saint_dqn,2.1880369186401367
7135,saint_dqn,2.1816959381103516
7136,saint_dqn,0.9420175552368164
7137,saint_dqn,4.776338577270508
7138,saint_dqn,1.549910545349121
7139,saint_dqn,3.0789051055908203
7140,saint_dqn,5.313261032104492
7141,saint_dqn,1.7215814590454102
7142,saint_dqn,0.10072898864746094
7143,saint_dqn,4.746349334716797
7144,saint_dqn,4.237979888916016
7145,saint_dqn,1.1251068115234375
7146,saint_dqn,2.825735092163086
7147,saint_dqn,1.7701969146728516
7148,saint_dqn,0.6818599700927734
7149,saint_dqn,1.055088996887207
7150,saint_dqn,4.027610778808594
7151,saint_dqn,0.8984918594360352
7152,saint_dqn,1.5997591018676758
7153,saint_dqn,1.3739500045776367
7154,saint_dqn,7.394501209259033
7155,saint_dqn,1.2973394393920898
7156,saint_dqn,0.9006023406982422
7157,saint_dqn,1.8089075088500977
7158,saint_dqn,-0.028186798095703125
7159,saint_dqn,0.9447412490844727
7160,saint_dqn,0.7138643264770508
7161,saint_dqn,-0.46283626556396484
7162,saint_dqn,2.9604616165161133
7163,saint_dqn,0.06345176696777344
7164,saint_dqn,1.7938785552978516
7165,saint_dqn,1.340804100036621
7166,saint_dqn,1.3696346282958984
7167,saint_dqn,0.4320955276489258
7168,saint_dqn,3.3703808784484863
7169,saint_dqn,0.7609949111938477
7170,saint_dqn,1.4870014190673828
7171,saint_dqn,3.5085201263427734
7172,saint_dqn,0.7941875457763672
7173,saint_dqn,0.9431591033935547
7174,saint_dqn,0.8477096557617188
7175,saint_dqn,5.368982315063477
7176,saint_dqn,2.3794336318969727
7177,saint_dqn,0.07721614837646484
7178,saint_dqn,0.617243766784668
7179,saint_dqn,0.8069629669189453
7180,saint_dqn,1.0076866149902344
7181,saint_dqn,1.0896797180175781
7182,saint_dqn,1.7258529663085938
7183,saint_dqn,3.678412437438965
7184,saint_dqn,0.4067401885986328
7185,saint_dqn,1.3840141296386719
7186,saint_dqn,-0.36893272399902344
7187,saint_dqn,1.484039306640625
7188,saint_dqn,2.925323486328125
7189,saint_dqn,5.20371150970459
7190,saint_dqn,1.0736942291259766
7191,saint_dqn,-0.05245399475097656
7192,saint_dqn,0.03229331970214844
7193,saint_dqn,0.32228660583496094
7194,saint_dqn,2.088395118713379
7195,saint_dqn,0.6365680694580078
7196,saint_dqn,2.204568862915039
7197,saint_dqn,2.4013938903808594
7198,saint_dqn,1.163400650024414
7199,saint_dqn,0.15501022338867188
7200,saint_dqn,1.3308124542236328
7201,saint_dqn,-0.5889511108398438
7202,saint_dqn,0.20614337921142578
7203,saint_dqn,2.013678550720215
7204,saint_dqn,2.2718076705932617
7205,saint_dqn,0.8662452697753906
7206,saint_dqn,3.1187515258789062
7207,saint_dqn,0.15372180938720703
7208,saint_dqn,0.4164447784423828
7209,saint_dqn,2.2752294540405273
7210,saint_dqn,5.173840522766113
7211,saint_dqn,2.5273847579956055
7212,saint_dqn,-0.02837371826171875
7213,saint_dqn,0.8901691436767578
7214,saint_dqn,1.2848424911499023
7215,saint_dqn,1.811574935913086
7216,saint_dqn,0.8418674468994141
7217,saint_dqn,1.541006088256836
7218,saint_dqn,1.2401361465454102
7219,saint_dqn,2.0632810592651367
7220,saint_dqn,1.7330141067504883
7221,saint_dqn,0.1355123519897461
7222,saint_dqn,3.4424171447753906
7223,saint_dqn,1.1319656372070312
7224,saint_dqn,3.8553380966186523
7225,saint_dqn,0.7491073608398438
7226,saint_dqn,0.3696928024291992
7227,saint_dqn,0.6228084564208984
7228,saint_dqn,1.3473892211914062
7229,saint_dqn,0.34449195861816406
7230,saint_dqn,2.9231081008911133
7231,saint_dqn,1.1690969467163086
7232,saint_dqn,2.572052001953125
7233,saint_dqn,0.6867084503173828
7234,saint_dqn,-0.2048625946044922
7235,saint_dqn,1.5332221984863281
7236,saint_dqn,0.8454103469848633
7237,saint_dqn,1.2590389251708984
7238,saint_dqn,0.5091419219970703
7239,saint_dqn,1.7570419311523438
7240,saint_dqn,1.6704444885253906
7241,saint_dqn,-0.21429920196533203
7242,saint_dqn,0.2518129348754883
7243,saint_dqn,0.8100299835205078
7244,saint_dqn,4.485748291015625
7245,saint_dqn,1.1131629943847656
7246,saint_dqn,0.6013431549072266
7247,saint_dqn,-0.2680091857910156
7248,saint_dqn,2.4951305389404297
7249,saint_dqn,1.3410968780517578
7250,saint_dqn,0.5683107376098633
7251,saint_dqn,-0.2691917419433594
7252,saint_dqn,-0.1957569122314453
7253,saint_dqn,0.7973108291625977
7254,saint_dqn,0.8122854232788086
7255,saint_dqn,3.9771780967712402
7256,saint_dqn,1.2900867462158203
7257,saint_dqn,2.1260366439819336
7258,saint_dqn,-0.46514034271240234
7259,saint_dqn,0.9236993789672852
7260,saint_dqn,4.791653633117676
7261,saint_dqn,0.7358055114746094
7262,saint_dqn,0.11543464660644531
7263,saint_dqn,0.8469743728637695
7264,saint_dqn,1.9084739685058594
7265,saint_dqn,2.117677688598633
7266,saint_dqn,1.443924903869629
7267,saint_dqn,1.151144027709961
7268,saint_dqn,1.8654203414916992
7269,saint_dqn,1.2386531829833984
7270,saint_dqn,1.167984962463379
7271,saint_dqn,1.5637874603271484
7272,saint_dqn,0.4294309616088867
7273,saint_dqn,4.645364761352539
7274,saint_dqn,1.9995012283325195
7275,saint_dqn,2.6427955627441406
7276,saint_dqn,-0.24984455108642578
7277,saint_dqn,1.6819658279418945
7278,saint_dqn,4.712818145751953
7279,saint_dqn,2.570497512817383
7280,saint_dqn,1.815657615661621
7281,saint_dqn,0.1806650161743164
7282,saint_dqn,4.311938285827637
7283,saint_dqn,1.2699699401855469
7284,saint_dqn,3.2828712463378906
7285,saint_dqn,1.5813121795654297
7286,saint_dqn,0.6127386093139648
7287,saint_dqn,1.831085205078125
7288,saint_dqn,0.6851625442504883
7289,saint_dqn,1.7362537384033203
7290,saint_dqn,1.751053810119629
7291,saint_dqn,2.02178955078125
7292,saint_dqn,4.256129264831543
7293,saint_dqn,1.0724411010742188
7294,saint_dqn,1.545053482055664
7295,saint_dqn,1.0573768615722656
7296,saint_dqn,1.310394287109375
7297,saint_dqn,1.688572883605957
7298,saint_dqn,1.4540586471557617
7299,saint_dqn,2.6909618377685547
7300,saint_dqn,0.6875238418579102
7301,saint_dqn,1.0140886306762695
7302,saint_dqn,2.738767623901367
7303,saint_dqn,2.9193410873413086
7304,saint_dqn,0.9372587203979492
7305,saint_dqn,2.4418115615844727
7306,saint_dqn,-0.039107322692871094
7307,saint_dqn,0.3816499710083008
7308,saint_dqn,1.960000991821289
7309,saint_dqn,0.9219942092895508
7310,saint_dqn,-0.4624166488647461
7311,saint_dqn,3.5901403427124023
7312,saint_dqn,0.900670051574707
7313,saint_dqn,0.17370033264160156
7314,saint_dqn,1.8535585403442383
7315,saint_dqn,2.5900726318359375
7316,saint_dqn,3.206205368041992
7317,saint_dqn,0.9878997802734375
7318,saint_dqn,1.6285896301269531
7319,saint_dqn,2.0029897689819336
7320,saint_dqn,3.3382482528686523
7321,saint_dqn,5.755764007568359
7322,saint_dqn,5.050213813781738
7323,saint_dqn,1.9043588638305664
7324,saint_dqn,1.2284469604492188
7325,saint_dqn,2.3173294067382812
7326,saint_dqn,1.303609848022461
7327,saint_dqn,-0.8235454559326172
7328,saint_dqn,3.560786247253418
7329,saint_dqn,0.9452095031738281
7330,saint_dqn,0.4372577667236328
7331,saint_dqn,0.7463493347167969
7332,saint_dqn,2.084071159362793
7333,saint_dqn,0.5454769134521484
7334,saint_dqn,1.6655607223510742
7335,saint_dqn,2.8145017623901367
7336,saint_dqn,1.4739437103271484
7337,saint_dqn,2.3448362350463867
7338,saint_dqn,2.869932174682617
7339,saint_dqn,1.3986396789550781
7340,saint_dqn,1.609086036682129
7341,saint_dqn,0.5536079406738281
7342,saint_dqn,1.3595914840698242
7343,saint_dqn,0.07363319396972656
7344,saint_dqn,5.956549644470215
7345,saint_dqn,-0.1733684539794922
7346,saint_dqn,0.745513916015625
7347,saint_dqn,-0.07230281829833984
7348,saint_dqn,2.0704307556152344
7349,saint_dqn,0.8548383712768555
7350,saint_dqn,1.9092082977294922
7351,saint_dqn,1.9337825775146484
7352,saint_dqn,1.147639274597168
7353,saint_dqn,4.027000427246094
7354,saint_dqn,3.000124931335449
7355,saint_dqn,2.6198482513427734
7356,saint_dqn,0.9637460708618164
7357,saint_dqn,3.3789443969726562
7358,saint_dqn,-0.3417530059814453
7359,saint_dqn,0.8879432678222656
7360,saint_dqn,2.177165985107422
7361,saint_dqn,5.138750076293945
7362,saint_dqn,1.8294620513916016
7363,saint_dqn,2.9562482833862305
7364,saint_dqn,0.9160327911376953
7365,saint_dqn,2.369196891784668
7366,saint_dqn,3.646042823791504
7367,saint_dqn,1.6752777099609375
7368,saint_dqn,5.163135051727295
7369,saint_dqn,-0.3962583541870117
7370,saint_dqn,3.380228042602539
7371,saint_dqn,1.3046998977661133
7372,saint_dqn,1.994706153869629
7373,saint_dqn,4.915964126586914
7374,saint_dqn,0.3313636779785156
7375,saint_dqn,3.7530574798583984
7376,saint_dqn,0.5926837921142578
7377,saint_dqn,2.813084602355957
7378,saint_dqn,1.5811271667480469
7379,saint_dqn,2.5976152420043945
7380,saint_dqn,5.704919815063477
7381,saint_dqn,0.5203189849853516
7382,saint_dqn,1.6171646118164062
7383,saint_dqn,1.7332515716552734
7384,saint_dqn,5.960083961486816
7385,saint_dqn,4.241077423095703
7386,saint_dqn,2.5904111862182617
7387,saint_dqn,1.9375
7388,saint_dqn,3.6485652923583984
7389,saint_dqn,3.6415796279907227
7390,saint_dqn,3.2843408584594727
7391,saint_dqn,1.9105253219604492
7392,saint_dqn,-0.6339778900146484
7393,saint_dqn,2.498208999633789
7394,saint_dqn,2.8525800704956055
7395,saint_dqn,1.6660680770874023
7396,saint_dqn,2.2936620712280273
7397,saint_dqn,1.8280344009399414
7398,saint_dqn,0.4853963851928711
7399,saint_dqn,1.7331876754760742
7400,saint_dqn,0.025673866271972656
7401,saint_dqn,1.7917613983154297
7402,saint_dqn,0.31088733673095703
7403,saint_dqn,-0.20243453979492188
7404,saint_dqn,2.805063247680664
7405,saint_dqn,-0.6739892959594727
7406,saint_dqn,2.7700719833374023
7407,saint_dqn,2.463857650756836
7408,saint_dqn,0.5920915603637695
7409,saint_dqn,2.850497245788574
7410,saint_dqn,2.0698728561401367
7411,saint_dqn,4.276187896728516
7412,saint_dqn,6.269798278808594
7413,saint_dqn,1.1024160385131836
7414,saint_dqn,1.5286588668823242
7415,saint_dqn,0.18973445892333984
7416,saint_dqn,1.2254772186279297
7417,saint_dqn,1.99676513671875
7418,saint_dqn,2.899972915649414
7419,saint_dqn,2.904653549194336
7420,saint_dqn,4.989202499389648
7421,saint_dqn,1.8729066848754883
7422,saint_dqn,1.4748058319091797
7423,saint_dqn,2.4641761779785156
7424,saint_dqn,2.429962158203125
7425,saint_dqn,5.456914901733398
7426,saint_dqn,1.1613130569458008
7427,saint_dqn,1.927316665649414
7428,saint_dqn,5.163460731506348
7429,saint_dqn,0.5706520080566406
7430,saint_dqn,2.3479652404785156
7431,saint_dqn,1.3293952941894531
7432,saint_dqn,2.2855892181396484
7433,saint_dqn,4.3693695068359375
7434,saint_dqn,2.178373336791992
7435,saint_dqn,1.849660873413086
7436,saint_dqn,1.1086463928222656
7437,saint_dqn,1.1286430358886719
7438,saint_dqn,1.5185999870300293
7439,saint_dqn,1.0793170928955078
7440,saint_dqn,0.5433597564697266
7441,saint_dqn,0.870086669921875
7442,saint_dqn,1.5332040786743164
7443,saint_dqn,1.6604928970336914
7444,saint_dqn,0.5305204391479492
7445,saint_dqn,2.0370426177978516
7446,saint_dqn,2.327672004699707
7447,saint_dqn,1.1543846130371094
7448,saint_dqn,-0.11728858947753906
7449,saint_dqn,0.6684579849243164
7450,saint_dqn,1.508291244506836
7451,saint_dqn,1.6891241073608398
7452,saint_dqn,1.9875926971435547
7453,saint_dqn,4.414841651916504
7454,saint_dqn,2.6916303634643555
7455,saint_dqn,3.811910629272461
7456,saint_dqn,1.8241443634033203
7457,saint_dqn,3.2850332260131836
7458,saint_dqn,1.7308673858642578
7459,saint_dqn,1.855727195739746
7460,saint_dqn,1.9193553924560547
7461,saint_dqn,4.847990989685059
7462,saint_dqn,5.337386131286621
7463,saint_dqn,3.0128469467163086
7464,saint_dqn,1.069401741027832
7465,saint_dqn,3.5262298583984375
7466,saint_dqn,2.7002782821655273
7467,saint_dqn,3.1066713333129883
7468,saint_dqn,1.4159440994262695
7469,saint_dqn,4.151960372924805
7470,saint_dqn,2.2742881774902344
7471,saint_dqn,-1.3209228515625
7472,saint_dqn,3.6468095779418945
7473,saint_dqn,4.285185813903809
7474,saint_dqn,3.9698328971862793
7475,saint_dqn,0.8091144561767578
7476,saint_dqn,0.08006858825683594
7477,saint_dqn,1.99053955078125
7478,saint_dqn,3.1940441131591797
7479,saint_dqn,1.8336353302001953
7480,saint_dqn,4.082348823547363
7481,saint_dqn,0.20549583435058594
7482,saint_dqn,3.5044784545898438
7483,saint_dqn,1.9536323547363281
7484,saint_dqn,-0.45583152770996094
7485,saint_dqn,0.8180475234985352
7486,saint_dqn,1.7686271667480469
7487,saint_dqn,7.8368940353393555
7488,saint_dqn,1.5477256774902344
7489,saint_dqn,-3.1059093475341797
7490,saint_dqn,3.1214141845703125
7491,saint_dqn,1.6672935485839844
7492,saint_dqn,1.5932807922363281
7493,saint_dqn,0.7950897216796875
7494,saint_dqn,1.663717269897461
7495,saint_dqn,3.0596017837524414
7496,saint_dqn,1.757521629333496
7497,saint_dqn,0.5732488632202148
7498,saint_dqn,1.5775060653686523
7499,saint_dqn,0.9022321701049805
7500,saint_dqn,-1.3302946090698242
7501,saint_dqn,3.0812740325927734
7502,saint_dqn,2.065004348754883
7503,saint_dqn,-0.0901041030883789
7504,saint_dqn,3.450301170349121
7505,saint_dqn,3.429279327392578
7506,saint_dqn,1.9334020614624023
7507,saint_dqn,1.2306241989135742
7508,saint_dqn,0.06544780731201172
7509,saint_dqn,-0.7022485733032227
7510,saint_dqn,4.71395206451416
7511,saint_dqn,2.751861572265625
7512,saint_dqn,4.418759822845459
7513,saint_dqn,4.807397842407227
7514,saint_dqn,5.206228733062744
7515,saint_dqn,3.5708560943603516
7516,saint_dqn,1.9296531677246094
7517,saint_dqn,1.8957042694091797
7518,saint_dqn,2.661897659301758
7519,saint_dqn,1.9116172790527344
7520,saint_dqn,3.153122901916504
7521,saint_dqn,2.5428295135498047
7522,saint_dqn,0.1173858642578125
7523,saint_dqn,0.6095876693725586
7524,saint_dqn,0.45332813262939453
7525,saint_dqn,1.8380651473999023
7526,saint_dqn,1.4318323135375977
7527,saint_dqn,2.3458242416381836
7528,saint_dqn,1.1708488464355469
7529,saint_dqn,5.304433822631836
7530,saint_dqn,1.3667984008789062
7531,saint_dqn,1.8532047271728516
7532,saint_dqn,1.5133247375488281
7533,saint_dqn,3.313661575317383
7534,saint_dqn,1.3298912048339844
7535,saint_dqn,0.29801273345947266
7536,saint_dqn,2.2948379516601562
7537,saint_dqn,2.527759552001953
7538,saint_dqn,1.8514022827148438
7539,saint_dqn,1.7856273651123047
7540,saint_dqn,1.9779949188232422
7541,saint_dqn,3.3922290802001953
7542,saint_dqn,-1.1084070205688477
7543,saint_dqn,-0.11511516571044922
7544,saint_dqn,-0.4197254180908203
7545,saint_dqn,2.334996223449707
7546,saint_dqn,0.04328346252441406
7547,saint_dqn,0.07226085662841797
7548,saint_dqn,3.758159637451172
7549,saint_dqn,1.2663087844848633
7550,saint_dqn,1.3172988891601562
7551,saint_dqn,3.7005128860473633
7552,saint_dqn,3.3665695190429688
7553,saint_dqn,2.8700952529907227
7554,saint_dqn,1.0151395797729492
7555,saint_dqn,0.35558032989501953
7556,saint_dqn,5.7902021408081055
7557,saint_dqn,2.4471893310546875
7558,saint_dqn,0.9482002258300781
7559,saint_dqn,0.13376426696777344
7560,saint_dqn,3.971647262573242
7561,saint_dqn,1.5829343795776367
7562,saint_dqn,0.0906219482421875
7563,saint_dqn,1.570530891418457
7564,saint_dqn,0.4496889114379883
7565,saint_dqn,-0.1856851577758789
7566,saint_dqn,0.09973526000976562
7567,saint_dqn,4.223804473876953
7568,saint_dqn,1.0751066207885742
7569,saint_dqn,4.223877429962158
7570,saint_dqn,2.5351037979125977
7571,saint_dqn,4.999666213989258
7572,saint_dqn,1.9625053405761719
7573,saint_dqn,0.7919330596923828
7574,saint_dqn,1.6021919250488281
7575,saint_dqn,4.270726203918457
7576,saint_dqn,3.518181800842285
7577,saint_dqn,0.9997587203979492
7578,saint_dqn,0.8213090896606445
7579,saint_dqn,0.22510337829589844
7580,saint_dqn,1.3419504165649414
7581,saint_dqn,4.152042388916016
7582,saint_dqn,1.2563066482543945
7583,saint_dqn,0.7502536773681641
7584,saint_dqn,0.2981443405151367
7585,saint_dqn,0.4579744338989258
7586,saint_dqn,-0.1384296417236328
7587,saint_dqn,0.6075439453125
7588,saint_dqn,1.0755176544189453
7589,saint_dqn,-0.3003253936767578
7590,saint_dqn,0.9140472412109375
7591,saint_dqn,1.7100658416748047
7592,saint_dqn,6.698981285095215
7593,saint_dqn,1.6492176055908203
7594,saint_dqn,2.114687919616699
7595,saint_dqn,2.304703712463379
7596,saint_dqn,4.777468681335449
7597,saint_dqn,0.8604927062988281
7598,saint_dqn,0.029524803161621094
7599,saint_dqn,2.641092300415039
7600,saint_dqn,1.788778305053711
7601,saint_dqn,-0.36495113372802734
7602,saint_dqn,3.4670190811157227
7603,saint_dqn,0.2870635986328125
7604,saint_dqn,3.7972960472106934
7605,saint_dqn,1.9644718170166016
7606,saint_dqn,4.471948623657227
7607,saint_dqn,1.946516990661621
7608,saint_dqn,3.3448410034179688
7609,saint_dqn,2.5333118438720703
7610,saint_dqn,2.7248897552490234
7611,saint_dqn,3.137460708618164
7612,saint_dqn,3.3044519424438477
7613,saint_dqn,1.6801481246948242
7614,saint_dqn,2.7132749557495117
7615,saint_dqn,1.6963300704956055
7616,saint_dqn,4.41282844543457
7617,saint_dqn,4.224482536315918
7618,saint_dqn,3.0493431091308594
7619,saint_dqn,0.7274103164672852
7620,saint_dqn,1.8610334396362305
7621,saint_dqn,2.748981475830078
7622,saint_dqn,2.3743343353271484
7623,saint_dqn,-0.12409591674804688
7624,saint_dqn,1.5852680206298828
7625,saint_dqn,1.5162830352783203
7626,saint_dqn,9.260129928588867
7627,saint_dqn,4.96893310546875
7628,saint_dqn,1.8466949462890625
7629,saint_dqn,1.532846450805664
7630,saint_dqn,1.3372106552124023
7631,saint_dqn,4.06258487701416
7632,saint_dqn,0.32878971099853516
7633,saint_dqn,0.7212133407592773
7634,saint_dqn,1.7045345306396484
7635,saint_dqn,0.5200824737548828
7636,saint_dqn,0.839324951171875
7637,saint_dqn,-1.6032791137695312
7638,saint_dqn,1.8865928649902344
7639,saint_dqn,2.965505599975586
7640,saint_dqn,5.4398345947265625
7641,saint_dqn,3.94415283203125
7642,saint_dqn,1.7066679000854492
7643,saint_dqn,2.2836437225341797
7644,saint_dqn,1.4164047241210938
7645,saint_dqn,1.4084415435791016
7646,saint_dqn,3.6474266052246094
7647,saint_dqn,4.309932231903076
7648,saint_dqn,1.7656803131103516
7649,saint_dqn,2.5393505096435547
7650,saint_dqn,2.662820816040039
7651,saint_dqn,1.794881820678711
7652,saint_dqn,0.7141342163085938
7653,saint_dqn,3.361330986022949
7654,saint_dqn,2.302806854248047
7655,saint_dqn,2.0281753540039062
7656,saint_dqn,3.653217315673828
7657,saint_dqn,1.3839178085327148
7658,saint_dqn,4.18315315246582
7659,saint_dqn,2.7769851684570312
7660,saint_dqn,1.3875389099121094
7661,saint_dqn,5.403718948364258
7662,saint_dqn,2.2421722412109375
7663,saint_dqn,1.0473265647888184
7664,saint_dqn,1.1625795364379883
7665,saint_dqn,0.16422557830810547
7666,saint_dqn,0.8575334548950195
7667,saint_dqn,0.4795112609863281
7668,saint_dqn,1.6455678939819336
7669,saint_dqn,0.9243574142456055
7670,saint_dqn,0.31496238708496094
7671,saint_dqn,2.2725772857666016
7672,saint_dqn,2.067917823791504
7673,saint_dqn,1.0348472595214844
7674,saint_dqn,1.391103744506836
7675,saint_dqn,3.6142892837524414
7676,saint_dqn,2.6764888763427734
7677,saint_dqn,1.2935199737548828
7678,saint_dqn,3.2374391555786133
7679,saint_dqn,3.7221508026123047
7680,saint_dqn,2.7286787033081055
7681,saint_dqn,0.7292842864990234
7682,saint_dqn,1.1710176467895508
7683,saint_dqn,3.617830276489258
7684,saint_dqn,3.1761646270751953
7685,saint_dqn,1.05328369140625
7686,saint_dqn,1.9812097549438477
7687,saint_dqn,1.885843276977539
7688,saint_dqn,-0.2523326873779297
7689,saint_dqn,1.896916389465332
7690,saint_dqn,2.228335380554199
7691,saint_dqn,-0.11056995391845703
7692,saint_dqn,3.014862060546875
7693,saint_dqn,1.4941167831420898
7694,saint_dqn,2.57871150970459
7695,saint_dqn,1.5448341369628906
7696,saint_dqn,2.2807703018188477
7697,saint_dqn,1.1240949630737305
7698,saint_dqn,-0.67340087890625
7699,saint_dqn,4.397130966186523
7700,saint_dqn,0.9399757385253906
7701,saint_dqn,2.5067920684814453
7702,saint_dqn,1.7495756149291992
7703,saint_dqn,0.16729164123535156
7704,saint_dqn,6.003738880157471
7705,saint_dqn,4.584089756011963
7706,saint_dqn,2.690005302429199
7707,saint_dqn,1.9098730087280273
7708,saint_dqn,1.7135210037231445
7709,saint_dqn,1.6891708374023438
7710,saint_dqn,1.3600549697875977
7711,saint_dqn,1.997300148010254
7712,saint_dqn,2.808450698852539
7713,saint_dqn,4.7857513427734375
7714,saint_dqn,1.612762451171875
7715,saint_dqn,1.46038818359375
7716,saint_dqn,1.617873191833496
7717,saint_dqn,1.7272758483886719
7718,saint_dqn,2.889760971069336
7719,saint_dqn,1.6471366882324219
7720,saint_dqn,3.359358787536621
7721,saint_dqn,4.091259956359863
7722,saint_dqn,1.1029052734375
7723,saint_dqn,3.458209991455078
7724,saint_dqn,0.8224287033081055
7725,saint_dqn,1.9162235260009766
7726,saint_dqn,1.5057353973388672
7727,saint_dqn,2.9355621337890625
7728,saint_dqn,1.8315801620483398
7729,saint_dqn,1.6696491241455078
7730,saint_dqn,0.9980039596557617
7731,saint_dqn,0.0869283676147461
7732,saint_dqn,3.314748764038086
7733,saint_dqn,1.1073732376098633
7734,saint_dqn,0.927830696105957
7735,saint_dqn,-0.3668222427368164
7736,saint_dqn,2.5236949920654297
7737,saint_dqn,1.1955852508544922
7738,saint_dqn,1.5018386840820312
7739,saint_dqn,2.446896553039551
7740,saint_dqn,2.390504837036133
7741,saint_dqn,0.2337961196899414
7742,saint_dqn,5.016599655151367
7743,saint_dqn,1.8841133117675781
7744,saint_dqn,0.42864227294921875
7745,saint_dqn,3.6289215087890625
7746,saint_dqn,1.2872085571289062
7747,saint_dqn,-0.7594432830810547
7748,saint_dqn,3.705425262451172
7749,saint_dqn,0.24493885040283203
7750,saint_dqn,-0.2790803909301758
7751,saint_dqn,-0.43425941467285156
7752,saint_dqn,1.8404436111450195
7753,saint_dqn,1.1105365753173828
7754,saint_dqn,-0.13926219940185547
7755,saint_dqn,7.248068809509277
7756,saint_dqn,1.5103635787963867
7757,saint_dqn,4.750877380371094
7758,saint_dqn,3.6048755645751953
7759,saint_dqn,1.3499631881713867
7760,saint_dqn,1.7563085556030273
7761,saint_dqn,2.4644880294799805
7762,saint_dqn,1.5552043914794922
7763,saint_dqn,1.8889579772949219
7764,saint_dqn,0.6156997680664062
7765,saint_dqn,0.880986213684082
7766,saint_dqn,2.252260208129883
7767,saint_dqn,-0.3189544677734375
7768,saint_dqn,0.4792623519897461
7769,saint_dqn,0.004040718078613281
7770,saint_dqn,4.471993446350098
7771,saint_dqn,2.289295196533203
7772,saint_dqn,1.613722801208496
7773,saint_dqn,1.819122314453125
7774,saint_dqn,1.796706199645996
7775,saint_dqn,2.7234764099121094
7776,saint_dqn,2.1856069564819336
7777,saint_dqn,2.1193342208862305
7778,saint_dqn,0.9154262542724609
7779,saint_dqn,-0.15497112274169922
7780,saint_dqn,-0.3595008850097656
7781,saint_dqn,1.1823291778564453
7782,saint_dqn,1.9088354110717773
7783,saint_dqn,4.560563087463379
7784,saint_dqn,3.9078712463378906
7785,saint_dqn,3.2330551147460938
7786,saint_dqn,0.09093761444091797
7787,saint_dqn,0.5959196090698242
7788,saint_dqn,3.5095272064208984
7789,saint_dqn,-0.04551982879638672
7790,saint_dqn,5.033474922180176
7791,saint_dqn,1.9753742218017578
7792,saint_dqn,1.2190847396850586
7793,saint_dqn,2.1834917068481445
7794,saint_dqn,2.487943649291992
7795,saint_dqn,0.4363527297973633
7796,saint_dqn,4.26765251159668
7797,saint_dqn,1.7372865676879883
7798,saint_dqn,2.024747848510742
7799,saint_dqn,3.329300880432129
7800,saint_dqn,0.41127777099609375
7801,saint_dqn,1.4788904190063477
7802,saint_dqn,3.791874885559082
7803,saint_dqn,3.7821884155273438
7804,saint_dqn,1.2629547119140625
7805,saint_dqn,1.7951154708862305
7806,saint_dqn,0.8732089996337891
7807,saint_dqn,4.409810543060303
7808,saint_dqn,-0.15775489807128906
7809,saint_dqn,0.9588108062744141
7810,saint_dqn,1.3199272155761719
7811,saint_dqn,2.1353721618652344
7812,saint_dqn,1.682692527770996
7813,saint_dqn,1.602889060974121
7814,saint_dqn,1.0668725967407227
7815,saint_dqn,1.468557357788086
7816,saint_dqn,1.3557119369506836
7817,saint_dqn,0.9203577041625977
7818,saint_dqn,1.1705245971679688
7819,saint_dqn,4.029712677001953
7820,saint_dqn,2.729750633239746
7821,saint_dqn,0.9808540344238281
7822,saint_dqn,1.4906930923461914
7823,saint_dqn,4.467825889587402
7824,saint_dqn,4.166660308837891
7825,saint_dqn,1.3897809982299805
7826,saint_dqn,2.5048437118530273
7827,saint_dqn,5.6711225509643555
7828,saint_dqn,5.742659091949463
7829,saint_dqn,1.880387306213379
7830,saint_dqn,1.1997642517089844
7831,saint_dqn,0.9865207672119141
7832,saint_dqn,-0.14252662658691406
7833,saint_dqn,3.9126510620117188
7834,saint_dqn,2.1161956787109375
7835,saint_dqn,4.123025894165039
7836,saint_dqn,1.1819067001342773
7837,saint_dqn,1.8018379211425781
7838,saint_dqn,2.9160804748535156
7839,saint_dqn,0.7627058029174805
7840,saint_dqn,0.24692249298095703
7841,saint_dqn,4.780313491821289
7842,saint_dqn,0.7872552871704102
7843,saint_dqn,3.2690601348876953
7844,saint_dqn,2.505499839782715
7845,saint_dqn,1.276566505432129
7846,saint_dqn,2.066333770751953
7847,saint_dqn,2.3874988555908203
7848,saint_dqn,1.7375965118408203
7849,saint_dqn,4.769322395324707
7850,saint_dqn,0.4440603256225586
7851,saint_dqn,2.937258720397949
7852,saint_dqn,1.9191522598266602
7853,saint_dqn,1.627701759338379
7854,saint_dqn,4.156765937805176
7855,saint_dqn,2.5076828002929688
7856,saint_dqn,0.643829345703125
7857,saint_dqn,1.8253755569458008
7858,saint_dqn,3.1898746490478516
7859,saint_dqn,2.0533199310302734
7860,saint_dqn,-0.2952899932861328
7861,saint_dqn,-0.1685771942138672
7862,saint_dqn,2.2826194763183594
7863,saint_dqn,2.556952476501465
7864,saint_dqn,1.0073328018188477
7865,saint_dqn,0.5073823928833008
7866,saint_dqn,0.7561464309692383
7867,saint_dqn,1.0691347122192383
7868,saint_dqn,-2.121037483215332
7869,saint_dqn,4.017820358276367
7870,saint_dqn,1.9273490905761719
7871,saint_dqn,0.7676048278808594
7872,saint_dqn,2.409149169921875
7873,saint_dqn,2.9343957901000977
7874,saint_dqn,-0.594482421875
7875,saint_dqn,0.7433967590332031
7876,saint_dqn,1.6841325759887695
7877,saint_dqn,1.0616941452026367
7878,saint_dqn,1.1243572235107422
7879,saint_dqn,4.349015235900879
7880,saint_dqn,1.062239646911621
7881,saint_dqn,1.764796257019043
7882,saint_dqn,3.04494571685791
7883,saint_dqn,-0.9745140075683594
7884,saint_dqn,4.781625747680664
7885,saint_dqn,2.5928850173950195
7886,saint_dqn,-0.8928804397583008
7887,saint_dqn,2.3695478439331055
7888,saint_dqn,1.6772575378417969
7889,saint_dqn,1.5760259628295898
7890,saint_dqn,1.214874267578125
7891,saint_dqn,2.633694648742676
7892,saint_dqn,1.5155067443847656
7893,saint_dqn,-0.9107732772827148
7894,saint_dqn,1.0148658752441406
7895,saint_dqn,1.3930931091308594
7896,saint_dqn,1.0828771591186523
7897,saint_dqn,1.4456615447998047
7898,saint_dqn,5.661367416381836
7899,saint_dqn,0.7034358978271484
7900,saint_dqn,0.6876001358032227
7901,saint_dqn,0.07802581787109375
7902,saint_dqn,2.2655582427978516
7903,saint_dqn,0.10700225830078125
7904,saint_dqn,3.6977853775024414
7905,saint_dqn,2.936534881591797
7906,saint_dqn,1.6346015930175781
7907,saint_dqn,1.5745048522949219
7908,saint_dqn,1.8373193740844727
7909,saint_dqn,0.9853010177612305
7910,saint_dqn,1.0385322570800781
7911,saint_dqn,1.6425905227661133
7912,saint_dqn,2.994823455810547
7913,saint_dqn,4.891880035400391
7914,saint_dqn,1.8459701538085938
7915,saint_dqn,2.9563379287719727
7916,saint_dqn,0.23301315307617188
7917,saint_dqn,1.8993158340454102
7918,saint_dqn,1.7944660186767578
7919,saint_dqn,5.013401031494141
7920,saint_dqn,-0.01169586181640625
7921,saint_dqn,1.702345848083496
7922,saint_dqn,0.9446392059326172
7923,saint_dqn,1.4406318664550781
7924,saint_dqn,1.947310447692871
7925,saint_dqn,1.7805805206298828
7926,saint_dqn,1.5111503601074219
7927,saint_dqn,4.624610900878906
7928,saint_dqn,2.6171884536743164
7929,saint_dqn,1.4668006896972656
7930,saint_dqn,0.4574928283691406
7931,saint_dqn,1.6764564514160156
7932,saint_dqn,2.05812931060791
7933,saint_dqn,2.7927474975585938
7934,saint_dqn,1.5989322662353516
7935,saint_dqn,2.616806983947754
7936,saint_dqn,0.9233837127685547
7937,saint_dqn,-0.1121988296508789
7938,saint_dqn,1.6137542724609375
7939,saint_dqn,2.362018585205078
7940,saint_dqn,1.843522071838379
7941,saint_dqn,0.9733343124389648
7942,saint_dqn,1.4279088973999023
7943,saint_dqn,0.5672121047973633
7944,saint_dqn,1.871647834777832
7945,saint_dqn,0.655339241027832
7946,saint_dqn,5.084524631500244
7947,saint_dqn,2.8149967193603516
7948,saint_dqn,1.4627294540405273
7949,saint_dqn,2.332432746887207
7950,saint_dqn,4.146583557128906
7951,saint_dqn,2.0785865783691406
7952,saint_dqn,1.6375846862792969
7953,saint_dqn,2.0023193359375
7954,saint_dqn,3.5623741149902344
7955,saint_dqn,4.858747482299805
7956,saint_dqn,1.3023052215576172
7957,saint_dqn,2.1138734817504883
7958,saint_dqn,-1.945138931274414
7959,saint_dqn,4.567985534667969
7960,saint_dqn,0.6041946411132812
7961,saint_dqn,-0.5571413040161133
7962,saint_dqn,0.8758354187011719
7963,saint_dqn,1.5877351760864258
7964,saint_dqn,1.3245220184326172
7965,saint_dqn,0.8468799591064453
7966,saint_dqn,3.09769344329834
7967,saint_dqn,0.02451038360595703
7968,saint_dqn,0.26216793060302734
7969,saint_dqn,2.806852340698242
7970,saint_dqn,0.9988574981689453
7971,saint_dqn,4.209804534912109
7972,saint_dqn,0.26241207122802734
7973,saint_dqn,1.857442855834961
7974,saint_dqn,4.456760406494141
7975,saint_dqn,1.583282470703125
7976,saint_dqn,0.9761199951171875
7977,saint_dqn,0.6860237121582031
7978,saint_dqn,0.19358253479003906
7979,saint_dqn,-0.8646135330200195
7980,saint_dqn,5.662562370300293
7981,saint_dqn,0.4862327575683594
7982,saint_dqn,3.0775976181030273
7983,saint_dqn,0.3155498504638672
7984,saint_dqn,1.3534784317016602
7985,saint_dqn,3.4764938354492188
7986,saint_dqn,1.1475744247436523
7987,saint_dqn,1.5983448028564453
7988,saint_dqn,3.107755661010742
7989,saint_dqn,0.8409147262573242
7990,saint_dqn,4.15854549407959
7991,saint_dqn,1.6335906982421875
7992,saint_dqn,1.0909252166748047
7993,saint_dqn,1.7978296279907227
7994,saint_dqn,0.718144416809082
7995,saint_dqn,1.3499488830566406
7996,saint_dqn,3.252948760986328
7997,saint_dqn,3.791149139404297
7998,saint_dqn,1.1469058990478516
7999,saint_dqn,1.598276138305664
8000,saint_dqn,1.4886341094970703
8001,saint_dqn,1.4882011413574219
8002,saint_dqn,0.693939208984375
8003,saint_dqn,1.2849407196044922
8004,saint_dqn,1.5309906005859375
8005,saint_dqn,1.1304655075073242
8006,saint_dqn,1.5908374786376953
8007,saint_dqn,0.6235847473144531
8008,saint_dqn,1.3137168884277344
8009,saint_dqn,2.5639429092407227
8010,saint_dqn,0.09215545654296875
8011,saint_dqn,0.3335418701171875
8012,saint_dqn,0.030488014221191406
8013,saint_dqn,3.1627607345581055
8014,saint_dqn,0.7943687438964844
8015,saint_dqn,1.3609132766723633
8016,saint_dqn,0.11129951477050781
8017,saint_dqn,4.872465133666992
8018,saint_dqn,1.8513450622558594
8019,saint_dqn,0.6026287078857422
8020,saint_dqn,4.457489013671875
8021,saint_dqn,1.9195690155029297
8022,saint_dqn,1.03399658203125
8023,saint_dqn,2.2430925369262695
8024,saint_dqn,2.7664852142333984
8025,saint_dqn,0.8387079238891602
8026,saint_dqn,2.0061635971069336
8027,saint_dqn,1.196462631225586
8028,saint_dqn,1.7496337890625
8029,saint_dqn,1.4477577209472656
8030,saint_dqn,1.2397241592407227
8031,saint_dqn,1.6971540451049805
8032,saint_dqn,0.695500373840332
8033,saint_dqn,1.4031343460083008
8034,saint_dqn,2.2077207565307617
8035,saint_dqn,2.025928497314453
8036,saint_dqn,-1.104548454284668
8037,saint_dqn,3.807509422302246
8038,saint_dqn,-0.07349967956542969
8039,saint_dqn,1.2569646835327148
8040,saint_dqn,2.2818784713745117
8041,saint_dqn,1.4798822402954102
8042,saint_dqn,1.8875455856323242
8043,saint_dqn,0.43500804901123047
8044,saint_dqn,0.01026153564453125
8045,saint_dqn,0.05868339538574219
8046,saint_dqn,1.3093719482421875
8047,saint_dqn,2.265873908996582
8048,saint_dqn,1.3418922424316406
8049,saint_dqn,2.0924339294433594
8050,saint_dqn,0.6603984832763672
8051,saint_dqn,1.6810121536254883
8052,saint_dqn,-2.1975955963134766
8053,saint_dqn,2.421459197998047
8054,saint_dqn,3.3183460235595703
8055,saint_dqn,0.3305473327636719
8056,saint_dqn,1.1489906311035156
8057,saint_dqn,3.819634437561035
8058,saint_dqn,2.3810434341430664
8059,saint_dqn,-0.5550155639648438
8060,saint_dqn,1.5808353424072266
8061,saint_dqn,1.2046680450439453
8062,saint_dqn,3.585007667541504
8063,saint_dqn,4.988969802856445
8064,saint_dqn,3.0370616912841797
8065,saint_dqn,1.3185386657714844
8066,saint_dqn,1.3206024169921875
8067,saint_dqn,1.8253240585327148
8068,saint_dqn,2.2953033447265625
8069,saint_dqn,1.5111026763916016
8070,saint_dqn,1.6504583358764648
8071,saint_dqn,1.2845096588134766
8072,saint_dqn,0.9649448394775391
8073,saint_dqn,2.2099180221557617
8074,saint_dqn,2.3743858337402344
8075,saint_dqn,-0.1302347183227539
8076,saint_dqn,4.326959609985352
8077,saint_dqn,2.9325408935546875
8078,saint_dqn,0.9821977615356445
8079,saint_dqn,1.3764972686767578
8080,saint_dqn,2.6895484924316406
8081,saint_dqn,3.610846519470215
8082,saint_dqn,6.175800323486328
8083,saint_dqn,1.3752450942993164
8084,saint_dqn,0.8781614303588867
8085,saint_dqn,0.9759855270385742
8086,saint_dqn,1.8921899795532227
8087,saint_dqn,1.127516746520996
8088,saint_dqn,1.455118179321289
8089,saint_dqn,2.375009536743164
8090,saint_dqn,2.0709962844848633
8091,saint_dqn,2.0421619415283203
8092,saint_dqn,2.069016456604004
8093,saint_dqn,1.0327768325805664
8094,saint_dqn,4.3697967529296875
8095,saint_dqn,0.7530841827392578
8096,saint_dqn,4.6408891677856445
8097,saint_dqn,2.4931774139404297
8098,saint_dqn,-0.45811939239501953
8099,saint_dqn,2.3769445419311523
8100,saint_dqn,1.759963035583496
8101,saint_dqn,-0.11660099029541016
8102,saint_dqn,0.8980712890625
8103,saint_dqn,1.1108226776123047
8104,saint_dqn,3.933079719543457
8105,saint_dqn,0.46706581115722656
8106,saint_dqn,1.6244277954101562
8107,saint_dqn,3.3335580825805664
8108,saint_dqn,-0.08313941955566406
8109,saint_dqn,-0.20175933837890625
8110,saint_dqn,1.1390581130981445
8111,saint_dqn,0.8984661102294922
8112,saint_dqn,3.6254348754882812
8113,saint_dqn,0.09519672393798828
8114,saint_dqn,0.2946949005126953
8115,saint_dqn,2.0045433044433594
8116,saint_dqn,-0.9979333877563477
8117,saint_dqn,1.7854728698730469
8118,saint_dqn,0.5916748046875
8119,saint_dqn,0.8512477874755859
8120,saint_dqn,1.4909601211547852
8121,saint_dqn,3.301300048828125
8122,saint_dqn,0.5156965255737305
8123,saint_dqn,5.052318572998047
8124,saint_dqn,2.908780097961426
8125,saint_dqn,2.4158458709716797
8126,saint_dqn,1.1803169250488281
8127,saint_dqn,1.1249580383300781
8128,saint_dqn,0.7460451126098633
8129,saint_dqn,0.6657257080078125
8130,saint_dqn,0.8938579559326172
8131,saint_dqn,2.6693038940429688
8132,saint_dqn,0.7997360229492188
8133,saint_dqn,1.0793123245239258
8134,saint_dqn,-0.7247285842895508
8135,saint_dqn,1.8801593780517578
8136,saint_dqn,4.131166458129883
8137,saint_dqn,3.284627914428711
8138,saint_dqn,0.5537290573120117
8139,saint_dqn,2.0760297775268555
8140,saint_dqn,0.06302547454833984
8141,saint_dqn,0.06778526306152344
8142,saint_dqn,1.1894397735595703
8143,saint_dqn,2.450371742248535
8144,saint_dqn,2.829874038696289
8145,saint_dqn,0.17554092407226562
8146,saint_dqn,1.3230323791503906
8147,saint_dqn,3.6801557540893555
8148,saint_dqn,1.6258792877197266
8149,saint_dqn,2.465765953063965
8150,saint_dqn,0.3725423812866211
8151,saint_dqn,4.303987503051758
8152,saint_dqn,6.961686134338379
8153,saint_dqn,3.0082664489746094
8154,saint_dqn,4.331484794616699
8155,saint_dqn,1.3951377868652344
8156,saint_dqn,1.8516387939453125
8157,saint_dqn,2.8679447174072266
8158,saint_dqn,0.4812784194946289
8159,saint_dqn,1.201380729675293
8160,saint_dqn,1.8699531555175781
8161,saint_dqn,0.7813749313354492
8162,saint_dqn,-0.18407821655273438
8163,saint_dqn,5.039551734924316
8164,saint_dqn,4.1900129318237305
8165,saint_dqn,0.6341609954833984
8166,saint_dqn,2.5391197204589844
8167,saint_dqn,1.8012590408325195
8168,saint_dqn,2.5360488891601562
8169,saint_dqn,1.8294763565063477
8170,saint_dqn,0.9215936660766602
8171,saint_dqn,1.4591331481933594
8172,saint_dqn,1.5908517837524414
8173,saint_dqn,0.007122039794921875
8174,saint_dqn,-0.1668834686279297
8175,saint_dqn,0.3103809356689453
8176,saint_dqn,0.029466629028320312
8177,saint_dqn,1.3138465881347656
8178,saint_dqn,-0.2680788040161133
8179,saint_dqn,1.7369451522827148
8180,saint_dqn,1.9159870147705078
8181,saint_dqn,3.1807384490966797
8182,saint_dqn,2.468263626098633
8183,saint_dqn,1.4064807891845703
8184,saint_dqn,0.9738674163818359
8185,saint_dqn,1.611250877380371
8186,saint_dqn,3.1466550827026367
8187,saint_dqn,2.0962419509887695
8188,saint_dqn,1.8397197723388672
8189,saint_dqn,3.4999732971191406
8190,saint_dqn,1.3951339721679688
8191,saint_dqn,-2.1025943756103516
8192,saint_dqn,0.6292352676391602
8193,saint_dqn,3.907853126525879
8194,saint_dqn,2.0186777114868164
8195,saint_dqn,-1.10400390625
8196,saint_dqn,-1.4923315048217773
8197,saint_dqn,1.7135124206542969
8198,saint_dqn,-1.7982673645019531
8199,saint_dqn,4.799088478088379
8200,saint_dqn,5.307690620422363
8201,saint_dqn,1.1627531051635742
8202,saint_dqn,0.5713291168212891
8203,saint_dqn,1.0171051025390625
8204,saint_dqn,1.0239591598510742
8205,saint_dqn,4.472140312194824
8206,saint_dqn,4.160899639129639
8207,saint_dqn,1.3150320053100586
8208,saint_dqn,1.1076593399047852
8209,saint_dqn,1.6524667739868164
8210,saint_dqn,1.8527755737304688
8211,saint_dqn,1.6000242233276367
8212,saint_dqn,0.8920507431030273
8213,saint_dqn,2.150177001953125
8214,saint_dqn,4.064151763916016
8215,saint_dqn,2.226125717163086
8216,saint_dqn,1.5175399780273438
8217,saint_dqn,2.3778467178344727
8218,saint_dqn,-0.5253438949584961
8219,saint_dqn,2.2743759155273438
8220,saint_dqn,0.2966423034667969
8221,saint_dqn,0.6883764266967773
8222,saint_dqn,0.5390405654907227
8223,saint_dqn,-0.914179801940918
8224,saint_dqn,2.1833372116088867
8225,saint_dqn,0.8541393280029297
8226,saint_dqn,5.021859169006348
8227,saint_dqn,0.8608789443969727
8228,saint_dqn,1.493173599243164
8229,saint_dqn,1.6066675186157227
8230,saint_dqn,2.5422019958496094
8231,saint_dqn,2.020968437194824
8232,saint_dqn,0.40901756286621094
8233,saint_dqn,4.072853088378906
8234,saint_dqn,0.9299860000610352
8235,saint_dqn,1.3101520538330078
8236,saint_dqn,4.242770195007324
8237,saint_dqn,0.8988580703735352
8238,saint_dqn,1.1591873168945312
8239,saint_dqn,1.3738203048706055
8240,saint_dqn,0.7288637161254883
8241,saint_dqn,1.6352272033691406
8242,saint_dqn,1.3390283584594727
8243,saint_dqn,4.7036237716674805
8244,saint_dqn,3.6729516983032227
8245,saint_dqn,2.7325353622436523
8246,saint_dqn,4.328985214233398
8247,saint_dqn,0.9483098983764648
8248,saint_dqn,3.602947235107422
8249,saint_dqn,4.7225165367126465
8250,saint_dqn,2.4326095581054688
8251,saint_dqn,-0.07949638366699219
8252,saint_dqn,1.7862958908081055
8253,saint_dqn,5.801042556762695
8254,saint_dqn,3.4166364669799805
8255,saint_dqn,2.446460723876953
8256,saint_dqn,2.6547555923461914
8257,saint_dqn,2.122041702270508
8258,saint_dqn,6.1064629554748535
8259,saint_dqn,0.07498931884765625
8260,saint_dqn,1.7990694046020508
8261,saint_dqn,2.889781951904297
8262,saint_dqn,2.4946670532226562
8263,saint_dqn,1.6088800430297852
8264,saint_dqn,-0.5594673156738281
8265,saint_dqn,4.100567817687988
8266,saint_dqn,6.280194282531738
8267,saint_dqn,2.0546178817749023
8268,saint_dqn,1.1163387298583984
8269,saint_dqn,0.9251289367675781
8270,saint_dqn,-0.296142578125
8271,saint_dqn,2.501462936401367
8272,saint_dqn,2.16666316986084
8273,saint_dqn,0.8768463134765625
8274,saint_dqn,1.2232046127319336
8275,saint_dqn,1.7029962539672852
8276,saint_dqn,2.836737632751465
8277,saint_dqn,0.9611043930053711
8278,saint_dqn,0.705357551574707
8279,saint_dqn,-0.6639404296875
8280,saint_dqn,2.7666921615600586
8281,saint_dqn,2.9409971237182617
8282,saint_dqn,0.8446273803710938
8283,saint_dqn,0.4439697265625
8284,saint_dqn,3.6284494400024414
8285,saint_dqn,0.5700645446777344
8286,saint_dqn,5.67043399810791
8287,saint_dqn,2.517855644226074
8288,saint_dqn,2.982111930847168
8289,saint_dqn,1.4171018600463867
8290,saint_dqn,1.5439682006835938
8291,saint_dqn,1.9701347351074219
8292,saint_dqn,4.2861008644104
8293,saint_dqn,1.6847162246704102
8294,saint_dqn,4.307343482971191
8295,saint_dqn,0.6851539611816406
8296,saint_dqn,5.568290710449219
8297,saint_dqn,1.6123266220092773
8298,saint_dqn,0.8975086212158203
8299,saint_dqn,0.8618965148925781
8300,saint_dqn,1.1846561431884766
8301,saint_dqn,0.7609596252441406
8302,saint_dqn,3.946207046508789
8303,saint_dqn,1.951493263244629
8304,saint_dqn,3.0416975021362305
8305,saint_dqn,0.9383678436279297
8306,saint_dqn,1.4153003692626953
8307,saint_dqn,0.6890840530395508
8308,saint_dqn,1.1478195190429688
8309,saint_dqn,4.183816909790039
8310,saint_dqn,3.946094512939453
8311,saint_dqn,0.6270818710327148
8312,saint_dqn,4.531742095947266
8313,saint_dqn,3.562845230102539
8314,saint_dqn,0.06983184814453125
8315,saint_dqn,1.7668743133544922
8316,saint_dqn,4.724796295166016
8317,saint_dqn,2.6022377014160156
8318,saint_dqn,2.828608512878418
8319,saint_dqn,0.8678960800170898
8320,saint_dqn,2.4766311645507812
8321,saint_dqn,2.74530029296875
8322,saint_dqn,1.5953903198242188
8323,saint_dqn,0.41693115234375
8324,saint_dqn,4.2479047775268555
8325,saint_dqn,4.408019065856934
8326,saint_dqn,2.8115549087524414
8327,saint_dqn,1.8820247650146484
8328,saint_dqn,2.423757553100586
8329,saint_dqn,1.5649356842041016
8330,saint_dqn,1.732029914855957
8331,saint_dqn,2.32785701751709
8332,saint_dqn,3.5439329147338867
8333,saint_dqn,0.0666799545288086
8334,saint_dqn,2.2357254028320312
8335,saint_dqn,1.822317123413086
8336,saint_dqn,0.6338539123535156
8337,saint_dqn,0.21294212341308594
8338,saint_dqn,1.947972297668457
8339,saint_dqn,3.147305488586426
8340,saint_dqn,1.190704345703125
8341,saint_dqn,2.331540107727051
8342,saint_dqn,1.6017436981201172
8343,saint_dqn,-2.548672676086426
8344,saint_dqn,1.1120166778564453
8345,saint_dqn,10.792186260223389
8346,saint_dqn,1.2920494079589844
8347,saint_dqn,1.689305305480957
8348,saint_dqn,1.7046356201171875
8349,saint_dqn,1.7356500625610352
8350,saint_dqn,2.5478649139404297
8351,saint_dqn,2.930600166320801
8352,saint_dqn,-0.06924819946289062
8353,saint_dqn,3.5767927169799805
8354,saint_dqn,1.4657297134399414
8355,saint_dqn,3.069819450378418
8356,saint_dqn,-0.3212728500366211
8357,saint_dqn,1.8596582412719727
8358,saint_dqn,4.2489142417907715
8359,saint_dqn,2.494396209716797
8360,saint_dqn,1.0874500274658203
8361,saint_dqn,2.180230140686035
8362,saint_dqn,2.7856740951538086
8363,saint_dqn,1.5321149826049805
8364,saint_dqn,2.0626678466796875
8365,saint_dqn,-0.6186695098876953
8366,saint_dqn,3.022616386413574
8367,saint_dqn,-0.28072547912597656
8368,saint_dqn,5.139900207519531
8369,saint_dqn,2.3280086517333984
8370,saint_dqn,3.167849540710449
8371,saint_dqn,1.0405139923095703
8372,saint_dqn,2.0971269607543945
8373,saint_dqn,3.866779327392578
8374,saint_dqn,-1.0066957473754883
8375,saint_dqn,1.8860769271850586
8376,saint_dqn,3.9090538024902344
8377,saint_dqn,2.523815155029297
8378,saint_dqn,0.20577430725097656
8379,saint_dqn,2.0619993209838867
8380,saint_dqn,2.273238182067871
8381,saint_dqn,1.904296875
8382,saint_dqn,2.756559371948242
8383,saint_dqn,3.727262496948242
8384,saint_dqn,5.974643707275391
8385,saint_dqn,2.364983558654785
8386,saint_dqn,0.5230321884155273
8387,saint_dqn,1.454636573791504
8388,saint_dqn,1.6898365020751953
8389,saint_dqn,-0.523259162902832
8390,saint_dqn,0.9090967178344727
8391,saint_dqn,0.9883413314819336
8392,saint_dqn,2.28017520904541
8393,saint_dqn,3.363292694091797
8394,saint_dqn,0.9133243560791016
8395,saint_dqn,1.8864879608154297
8396,saint_dqn,5.141707420349121
8397,saint_dqn,0.28491878509521484
8398,saint_dqn,1.8045549392700195
8399,saint_dqn,1.4758729934692383
8400,saint_dqn,1.0956859588623047
8401,saint_dqn,1.9179706573486328
8402,saint_dqn,1.8270912170410156
8403,saint_dqn,0.2742156982421875
8404,saint_dqn,3.6353511810302734
8405,saint_dqn,2.330368995666504
8406,saint_dqn,0.39069557189941406
8407,saint_dqn,3.0014076232910156
8408,saint_dqn,5.754314422607422
8409,saint_dqn,1.7740583419799805
8410,saint_dqn,0.8003444671630859
8411,saint_dqn,1.9485435485839844
8412,saint_dqn,1.4014368057250977
8413,saint_dqn,0.5664358139038086
8414,saint_dqn,2.4320201873779297
8415,saint_dqn,1.852198600769043
8416,saint_dqn,0.05702495574951172
8417,saint_dqn,2.274261474609375
8418,saint_dqn,3.155989646911621
8419,saint_dqn,1.652634620666504
8420,saint_dqn,1.7470474243164062
8421,saint_dqn,5.805149078369141
8422,saint_dqn,0.20925235748291016
8423,saint_dqn,1.0209541320800781
8424,saint_dqn,2.1613969802856445
8425,saint_dqn,1.7618389129638672
8426,saint_dqn,2.3168840408325195
8427,saint_dqn,3.9556169509887695
8428,saint_dqn,0.8160190582275391
8429,saint_dqn,6.1280317306518555
8430,saint_dqn,1.4088325500488281
8431,saint_dqn,1.3833770751953125
8432,saint_dqn,1.230565071105957
8433,saint_dqn,-0.8982505798339844
8434,saint_dqn,2.2731151580810547
8435,saint_dqn,2.2919883728027344
8436,saint_dqn,4.038549423217773
8437,saint_dqn,0.11927509307861328
8438,saint_dqn,1.0463647842407227
8439,saint_dqn,3.381974220275879
8440,saint_dqn,0.9130868911743164
8441,saint_dqn,-0.20328807830810547
8442,saint_dqn,0.5559711456298828
8443,saint_dqn,1.962449073791504
8444,saint_dqn,1.0870037078857422
8445,saint_dqn,1.3067951202392578
8446,saint_dqn,0.12846755981445312
8447,saint_dqn,2.491016387939453
8448,saint_dqn,0.05954742431640625
8449,saint_dqn,0.3423013687133789
8450,saint_dqn,-0.8986530303955078
8451,saint_dqn,1.652104377746582
8452,saint_dqn,2.719755172729492
8453,saint_dqn,2.052597999572754
8454,saint_dqn,1.1986207962036133
8455,saint_dqn,1.1267004013061523
8456,saint_dqn,3.9126806259155273
8457,saint_dqn,0.5975179672241211
8458,saint_dqn,0.7646570205688477
8459,saint_dqn,-0.1339406967163086
8460,saint_dqn,-0.17006206512451172
8461,saint_dqn,0.5901241302490234
8462,saint_dqn,1.2197074890136719
8463,saint_dqn,-0.4542675018310547
8464,saint_dqn,2.5639495849609375
8465,saint_dqn,0.11531639099121094
8466,saint_dqn,1.1473703384399414
8467,saint_dqn,0.04778575897216797
8468,saint_dqn,4.71849250793457
8469,saint_dqn,0.7708206176757812
8470,saint_dqn,3.137401580810547
8471,saint_dqn,1.366891860961914
8472,saint_dqn,0.9013738632202148
8473,saint_dqn,1.3852968215942383
8474,saint_dqn,0.2509918212890625
8475,saint_dqn,3.364530563354492
8476,saint_dqn,-0.7870779037475586
8477,saint_dqn,1.392690658569336
8478,saint_dqn,3.4028635025024414
8479,saint_dqn,1.9002819061279297
8480,saint_dqn,1.429941177368164
8481,saint_dqn,1.647860050201416
8482,saint_dqn,3.00174617767334
8483,saint_dqn,-0.7447385787963867
8484,saint_dqn,2.834005355834961
8485,saint_dqn,2.7173824310302734
8486,saint_dqn,0.4381265640258789
8487,saint_dqn,2.3106088638305664
8488,saint_dqn,3.600004196166992
8489,saint_dqn,-0.4549102783203125
8490,saint_dqn,1.7549104690551758
8491,saint_dqn,0.4484081268310547
8492,saint_dqn,0.1906585693359375
8493,saint_dqn,4.457080841064453
8494,saint_dqn,1.9145631790161133
8495,saint_dqn,0.7711067199707031
8496,saint_dqn,1.3043193817138672
8497,saint_dqn,2.2512073516845703
8498,saint_dqn,0.4482250213623047
8499,saint_dqn,2.137770652770996
8500,saint_dqn,1.4403457641601562
8501,saint_dqn,1.2997217178344727
8502,saint_dqn,2.3462886810302734
8503,saint_dqn,0.11093330383300781
8504,saint_dqn,1.0297126770019531
8505,saint_dqn,3.1213674545288086
8506,saint_dqn,1.7779617309570312
8507,saint_dqn,1.547419548034668
8508,saint_dqn,0.5811500549316406
8509,saint_dqn,0.007894515991210938
8510,saint_dqn,6.500077724456787
8511,saint_dqn,1.816420555114746
8512,saint_dqn,0.567138671875
8513,saint_dqn,2.6121339797973633
8514,saint_dqn,4.658308029174805
8515,saint_dqn,0.6783828735351562
8516,saint_dqn,0.30827999114990234
8517,saint_dqn,2.0746774673461914
8518,saint_dqn,2.216724395751953
8519,saint_dqn,0.4767036437988281
8520,saint_dqn,1.7295074462890625
8521,saint_dqn,4.1936845779418945
8522,saint_dqn,1.6585378646850586
8523,saint_dqn,4.2678728103637695
8524,saint_dqn,2.600278854370117
8525,saint_dqn,3.167086601257324
8526,saint_dqn,1.4108963012695312
8527,saint_dqn,1.7993354797363281
8528,saint_dqn,2.38547420501709
8529,saint_dqn,2.929022789001465
8530,saint_dqn,2.172666549682617
8531,saint_dqn,3.4770212173461914
8532,saint_dqn,0.5674238204956055
8533,saint_dqn,2.8089895248413086
8534,saint_dqn,0.30312538146972656
8535,saint_dqn,1.3824548721313477
8536,saint_dqn,1.8996362686157227
8537,saint_dqn,0.6864013671875
8538,saint_dqn,3.4394798278808594
8539,saint_dqn,0.5181665420532227
8540,saint_dqn,2.280938148498535
8541,saint_dqn,2.016632080078125
8542,saint_dqn,0.6929502487182617
8543,saint_dqn,0.8423643112182617
8544,saint_dqn,4.572349548339844
8545,saint_dqn,0.3611259460449219
8546,saint_dqn,3.249998092651367
8547,saint_dqn,5.756024360656738
8548,saint_dqn,0.7488222122192383
8549,saint_dqn,3.3913516998291016
8550,saint_dqn,3.9003829956054688
8551,saint_dqn,4.340059757232666
8552,saint_dqn,0.5967750549316406
8553,saint_dqn,1.5133895874023438
8554,saint_dqn,2.598971366882324
8555,saint_dqn,0.7138252258300781
8556,saint_dqn,4.761312484741211
8557,saint_dqn,1.787816047668457
8558,saint_dqn,1.175252914428711
8559,saint_dqn,1.0785236358642578
8560,saint_dqn,0.40837860107421875
8561,saint_dqn,1.227569580078125
8562,saint_dqn,1.9827260971069336
8563,saint_dqn,3.5519962310791016
8564,saint_dqn,0.6141672134399414
8565,saint_dqn,0.2440938949584961
8566,saint_dqn,1.2470130920410156
8567,saint_dqn,0.48333740234375
8568,saint_dqn,1.4932403564453125
8569,saint_dqn,2.628885269165039
8570,saint_dqn,3.6958465576171875
8571,saint_dqn,1.1064634323120117
8572,saint_dqn,0.9311628341674805
8573,saint_dqn,0.6549263000488281
8574,saint_dqn,-0.3332805633544922
8575,saint_dqn,1.1993637084960938
8576,saint_dqn,3.4563674926757812
8577,saint_dqn,0.6473121643066406
8578,saint_dqn,1.3289833068847656
8579,saint_dqn,1.702641487121582
8580,saint_dqn,3.2537412643432617
8581,saint_dqn,-0.23015785217285156
8582,saint_dqn,2.992216110229492
8583,saint_dqn,2.3940658569335938
8584,saint_dqn,6.7775115966796875
8585,saint_dqn,1.9099254608154297
8586,saint_dqn,0.29555320739746094
8587,saint_dqn,3.002004623413086
8588,saint_dqn,1.786433219909668
8589,saint_dqn,1.496652603149414
8590,saint_dqn,1.949793815612793
8591,saint_dqn,2.9334983825683594
8592,saint_dqn,3.495173454284668
8593,saint_dqn,6.165607452392578
8594,saint_dqn,3.3180551528930664
8595,saint_dqn,2.407735824584961
8596,saint_dqn,2.017436981201172
8597,saint_dqn,4.336210250854492
8598,saint_dqn,-0.15297794342041016
8599,saint_dqn,1.012176513671875
8600,saint_dqn,-0.36309242248535156
8601,saint_dqn,0.8367242813110352
8602,saint_dqn,2.3017473220825195
8603,saint_dqn,0.4827079772949219
8604,saint_dqn,1.627645492553711
8605,saint_dqn,5.673868179321289
8606,saint_dqn,4.20283317565918
8607,saint_dqn,1.3679733276367188
8608,saint_dqn,1.3168249130249023
8609,saint_dqn,2.373720169067383
8610,saint_dqn,-0.1627521514892578
8611,saint_dqn,1.9320201873779297
8612,saint_dqn,2.528761863708496
8613,saint_dqn,1.9186840057373047
8614,saint_dqn,4.077779769897461
8615,saint_dqn,1.7962312698364258
8616,saint_dqn,3.187624931335449
8617,saint_dqn,0.11135196685791016
8618,saint_dqn,1.4538135528564453
8619,saint_dqn,0.6315088272094727
8620,saint_dqn,4.25334358215332
8621,saint_dqn,1.8362798690795898
8622,saint_dqn,-0.4133148193359375
8623,saint_dqn,-0.08280754089355469
8624,saint_dqn,3.6526150703430176
8625,saint_dqn,2.402385711669922
8626,saint_dqn,0.1397418975830078
8627,saint_dqn,5.444149017333984
8628,saint_dqn,2.8099594116210938
8629,saint_dqn,0.7007427215576172
8630,saint_dqn,-0.22722816467285156
8631,saint_dqn,3.3335533142089844
8632,saint_dqn,1.8919906616210938
8633,saint_dqn,2.8027400970458984
8634,saint_dqn,-0.08155250549316406
8635,saint_dqn,3.231128692626953
8636,saint_dqn,1.060715675354004
8637,saint_dqn,1.5416011810302734
8638,saint_dqn,0.4506235122680664
8639,saint_dqn,2.832721710205078
8640,saint_dqn,1.7034740447998047
8641,saint_dqn,-0.5412998199462891
8642,saint_dqn,2.9284801483154297
8643,saint_dqn,0.5192928314208984
8644,saint_dqn,1.3888750076293945
8645,saint_dqn,3.0162887573242188
8646,saint_dqn,5.351595401763916
8647,saint_dqn,1.7866973876953125
8648,saint_dqn,2.4800872802734375
8649,saint_dqn,2.0127525329589844
8650,saint_dqn,0.280517578125
8651,saint_dqn,2.0795812606811523
8652,saint_dqn,1.1745586395263672
8653,saint_dqn,2.314699172973633
8654,saint_dqn,2.339076042175293
8655,saint_dqn,1.5525169372558594
8656,saint_dqn,0.6640911102294922
8657,saint_dqn,3.3306045532226562
8658,saint_dqn,0.2892293930053711
8659,saint_dqn,5.363752365112305
8660,saint_dqn,2.0265979766845703
8661,saint_dqn,0.6168651580810547
8662,saint_dqn,2.500643730163574
8663,saint_dqn,4.081721305847168
8664,saint_dqn,1.6677608489990234
8665,saint_dqn,0.7793064117431641
8666,saint_dqn,-0.9184026718139648
8667,saint_dqn,-0.05087757110595703
8668,saint_dqn,1.5331153869628906
8669,saint_dqn,0.5481224060058594
8670,saint_dqn,2.1224441528320312
8671,saint_dqn,0.3921937942504883
8672,saint_dqn,3.6343822479248047
8673,saint_dqn,1.5700550079345703
8674,saint_dqn,1.1615276336669922
8675,saint_dqn,1.3741111755371094
8676,saint_dqn,3.2084426879882812
8677,saint_dqn,3.7340497970581055
8678,saint_dqn,2.354368209838867
8679,saint_dqn,2.5321741104125977
8680,saint_dqn,0.5511989593505859
8681,saint_dqn,3.3776512145996094
8682,saint_dqn,0.10613822937011719
8683,saint_dqn,1.9868478775024414
8684,saint_dqn,4.134039878845215
8685,saint_dqn,4.699995040893555
8686,saint_dqn,3.332334518432617
8687,saint_dqn,2.34769344329834
8688,saint_dqn,5.357715606689453
8689,saint_dqn,1.335174560546875
8690,saint_dqn,3.617013931274414
8691,saint_dqn,2.305032730102539
8692,saint_dqn,1.2060251235961914
8693,saint_dqn,1.0290699005126953
8694,saint_dqn,1.1930580139160156
8695,saint_dqn,2.549372673034668
8696,saint_dqn,1.8014020919799805
8697,saint_dqn,4.070661544799805
8698,saint_dqn,0.8705282211303711
8699,saint_dqn,1.563018798828125
8700,saint_dqn,3.9797229766845703
8701,saint_dqn,2.157144546508789
8702,saint_dqn,0.7488689422607422
8703,saint_dqn,2.449281692504883
8704,saint_dqn,2.371342658996582
8705,saint_dqn,4.017779350280762
8706,saint_dqn,1.3463764190673828
8707,saint_dqn,1.6565780639648438
8708,saint_dqn,1.9379596710205078
8709,saint_dqn,0.5183773040771484
8710,saint_dqn,1.2373323440551758
8711,saint_dqn,1.5579118728637695
8712,saint_dqn,0.24202919006347656
8713,saint_dqn,0.37496280670166016
8714,saint_dqn,5.1339111328125
8715,saint_dqn,0.4514474868774414
8716,saint_dqn,3.400442123413086
8717,saint_dqn,3.613123893737793
8718,saint_dqn,0.1713428497314453
8719,saint_dqn,0.4458427429199219
8720,saint_dqn,0.10370731353759766
8721,saint_dqn,5.5214033126831055
8722,saint_dqn,4.271222114562988
8723,saint_dqn,0.7996606826782227
8724,saint_dqn,1.3714818954467773
8725,saint_dqn,1.963602066040039
8726,saint_dqn,1.3821258544921875
8727,saint_dqn,2.661296844482422
8728,saint_dqn,1.5097637176513672
8729,saint_dqn,4.467007637023926
8730,saint_dqn,3.884331703186035
8731,saint_dqn,4.1817779541015625
8732,saint_dqn,2.9791078567504883
8733,saint_dqn,1.263885498046875
8734,saint_dqn,0.030029296875
8735,saint_dqn,1.1483850479125977
8736,saint_dqn,1.4638605117797852
8737,saint_dqn,0.3916473388671875
8738,saint_dqn,2.431306838989258
8739,saint_dqn,1.8320693969726562
8740,saint_dqn,1.498117446899414
8741,saint_dqn,-0.40915679931640625
8742,saint_dqn,1.743220329284668
8743,saint_dqn,2.099956512451172
8744,saint_dqn,4.555774688720703
8745,saint_dqn,1.6205158233642578
8746,saint_dqn,1.8457603454589844
8747,saint_dqn,1.7459678649902344
8748,saint_dqn,0.9677000045776367
8749,saint_dqn,1.5509300231933594
8750,saint_dqn,3.6043787002563477
8751,saint_dqn,0.36278438568115234
8752,saint_dqn,-1.5611743927001953
8753,saint_dqn,2.261031150817871
8754,saint_dqn,0.21416187286376953
8755,saint_dqn,1.3815736770629883
8756,saint_dqn,5.110467910766602
8757,saint_dqn,2.065457344055176
8758,saint_dqn,3.390191078186035
8759,saint_dqn,9.814483642578125
8760,saint_dqn,1.2714509963989258
8761,saint_dqn,0.9073724746704102
8762,saint_dqn,3.4136571884155273
8763,saint_dqn,2.469576835632324
8764,saint_dqn,3.1281919479370117
8765,saint_dqn,0.3112649917602539
8766,saint_dqn,0.7598333358764648
8767,saint_dqn,3.0275402069091797
8768,saint_dqn,3.730624198913574
8769,saint_dqn,0.7531242370605469
8770,saint_dqn,2.8963756561279297
8771,saint_dqn,5.385163307189941
8772,saint_dqn,2.599397659301758
8773,saint_dqn,1.2890167236328125
8774,saint_dqn,0.876312255859375
8775,saint_dqn,-0.7202558517456055
8776,saint_dqn,2.0048084259033203
8777,saint_dqn,0.17740249633789062
8778,saint_dqn,-0.6977825164794922
8779,saint_dqn,1.4081811904907227
8780,saint_dqn,2.1332015991210938
8781,saint_dqn,0.05883502960205078
8782,saint_dqn,0.14687156677246094
8783,saint_dqn,2.401787757873535
8784,saint_dqn,3.206846237182617
8785,saint_dqn,2.0431137084960938
8786,saint_dqn,4.668416976928711
8787,saint_dqn,2.604707717895508
8788,saint_dqn,2.169064521789551
8789,saint_dqn,3.052724838256836
8790,saint_dqn,1.0053749084472656
8791,saint_dqn,1.0147686004638672
8792,saint_dqn,4.882829666137695
8793,saint_dqn,0.9422807693481445
8794,saint_dqn,1.708643913269043
8795,saint_dqn,0.6356229782104492
8796,saint_dqn,4.643780708312988
8797,saint_dqn,1.3127756118774414
8798,saint_dqn,0.34343528747558594
8799,saint_dqn,1.20111083984375
8800,saint_dqn,1.2606840133666992
8801,saint_dqn,0.4039878845214844
8802,saint_dqn,0.9657630920410156
8803,saint_dqn,1.819204330444336
8804,saint_dqn,2.7332334518432617
8805,saint_dqn,2.3231077194213867
8806,saint_dqn,0.33470630645751953
8807,saint_dqn,0.9891033172607422
8808,saint_dqn,0.3213491439819336
8809,saint_dqn,3.6296348571777344
8810,saint_dqn,3.090651512145996
8811,saint_dqn,2.219348907470703
8812,saint_dqn,3.8599109649658203
8813,saint_dqn,0.6542329788208008
8814,saint_dqn,1.8118715286254883
8815,saint_dqn,1.209207534790039
8816,saint_dqn,5.231517791748047
8817,saint_dqn,3.3886260986328125
8818,saint_dqn,1.523545265197754
8819,saint_dqn,1.601933479309082
8820,saint_dqn,3.32645320892334
8821,saint_dqn,0.8430376052856445
8822,saint_dqn,0.8527746200561523
8823,saint_dqn,1.7043495178222656
8824,saint_dqn,3.1820926666259766
8825,saint_dqn,1.6325321197509766
8826,saint_dqn,1.2919015884399414
8827,saint_dqn,2.416757583618164
8828,saint_dqn,1.1234712600708008
8829,saint_dqn,0.6413841247558594
8830,saint_dqn,3.6440320014953613
8831,saint_dqn,0.9016456604003906
8832,saint_dqn,0.7787313461303711
8833,saint_dqn,1.779780387878418
8834,saint_dqn,0.8296489715576172
8835,saint_dqn,1.090444564819336
8836,saint_dqn,1.7077054977416992
8837,saint_dqn,1.7854795455932617
8838,saint_dqn,0.5774898529052734
8839,saint_dqn,1.8731880187988281
8840,saint_dqn,1.892568588256836
8841,saint_dqn,1.8402366638183594
8842,saint_dqn,3.195781707763672
8843,saint_dqn,5.666690826416016
8844,saint_dqn,1.2049627304077148
8845,saint_dqn,3.329232692718506
8846,saint_dqn,0.07686328887939453
8847,saint_dqn,1.345107078552246
8848,saint_dqn,1.5054845809936523
8849,saint_dqn,2.2572813034057617
8850,saint_dqn,-0.2776069641113281
8851,saint_dqn,3.010435104370117
8852,saint_dqn,2.085102081298828
8853,saint_dqn,7.65334415435791
8854,saint_dqn,1.719243049621582
8855,saint_dqn,1.1606664657592773
8856,saint_dqn,0.7491817474365234
8857,saint_dqn,1.1668262481689453
8858,saint_dqn,1.4904499053955078
8859,saint_dqn,0.6586017608642578
8860,saint_dqn,1.356431007385254
8861,saint_dqn,0.7157554626464844
8862,saint_dqn,1.6179141998291016
8863,saint_dqn,2.9046802520751953
8864,saint_dqn,3.1185836791992188
8865,saint_dqn,4.018373489379883
8866,saint_dqn,1.036116600036621
8867,saint_dqn,1.6181650161743164
8868,saint_dqn,3.9033994674682617
8869,saint_dqn,3.3508987426757812
8870,saint_dqn,0.2433605194091797
8871,saint_dqn,2.005465507507324
8872,saint_dqn,1.633768081665039
8873,saint_dqn,1.7819786071777344
8874,saint_dqn,1.195852279663086
8875,saint_dqn,2.157144546508789
8876,saint_dqn,1.298579216003418
8877,saint_dqn,2.154752731323242
8878,saint_dqn,2.4020843505859375
8879,saint_dqn,1.3502273559570312
8880,saint_dqn,4.13067626953125
8881,saint_dqn,0.9456367492675781
8882,saint_dqn,2.526796340942383
8883,saint_dqn,1.3846025466918945
8884,saint_dqn,3.5185327529907227
8885,saint_dqn,2.425675392150879
8886,saint_dqn,1.2099294662475586
8887,saint_dqn,2.915468215942383
8888,saint_dqn,1.0212278366088867
8889,saint_dqn,-1.678114891052246
8890,saint_dqn,1.1590394973754883
8891,saint_dqn,0.649932861328125
8892,saint_dqn,1.3830556869506836
8893,saint_dqn,4.423711776733398
8894,saint_dqn,0.9228935241699219
8895,saint_dqn,1.8628883361816406
8896,saint_dqn,1.3507137298583984
8897,saint_dqn,2.907115936279297
8898,saint_dqn,1.9595861434936523
8899,saint_dqn,3.071417808532715
8900,saint_dqn,1.5086135864257812
8901,saint_dqn,1.8499488830566406
8902,saint_dqn,1.9262981414794922
8903,saint_dqn,1.498739242553711
8904,saint_dqn,1.51898193359375
8905,saint_dqn,0.828740119934082
8906,saint_dqn,2.1428050994873047
8907,saint_dqn,2.362368583679199
8908,saint_dqn,1.0075187683105469
8909,saint_dqn,1.5753440856933594
8910,saint_dqn,0.9918937683105469
8911,saint_dqn,2.1625747680664062
8912,saint_dqn,0.42445945739746094
8913,saint_dqn,1.2478418350219727
8914,saint_dqn,2.4749603271484375
8915,saint_dqn,4.6286821365356445
8916,saint_dqn,4.903744697570801
8917,saint_dqn,2.187957763671875
8918,saint_dqn,2.1188974380493164
8919,saint_dqn,3.657525062561035
8920,saint_dqn,3.727003574371338
8921,saint_dqn,0.7460184097290039
8922,saint_dqn,1.185464859008789
8923,saint_dqn,2.3273086547851562
8924,saint_dqn,1.1171045303344727
8925,saint_dqn,6.087294578552246
8926,saint_dqn,5.256832122802734
8927,saint_dqn,1.8830852508544922
8928,saint_dqn,1.0186595916748047
8929,saint_dqn,1.2196035385131836
8930,saint_dqn,2.176116943359375
8931,saint_dqn,3.7469167709350586
8932,saint_dqn,3.0619354248046875
8933,saint_dqn,1.3823060989379883
8934,saint_dqn,0.21421337127685547
8935,saint_dqn,2.0413436889648438
8936,saint_dqn,1.8223400115966797
8937,saint_dqn,1.8154735565185547
8938,saint_dqn,1.7485885620117188
8939,saint_dqn,2.8328380584716797
8940,saint_dqn,0.01690673828125
8941,saint_dqn,2.958369255065918
8942,saint_dqn,1.0122194290161133
8943,saint_dqn,6.760730266571045
8944,saint_dqn,2.032327651977539
8945,saint_dqn,0.642547607421875
8946,saint_dqn,0.8096408843994141
8947,saint_dqn,0.9940395355224609
8948,saint_dqn,6.653675079345703
8949,saint_dqn,1.5121231079101562
8950,saint_dqn,2.43497371673584
8951,saint_dqn,3.400601387023926
8952,saint_dqn,5.851698875427246
8953,saint_dqn,2.2476625442504883
8954,saint_dqn,3.623279571533203
8955,saint_dqn,0.9155168533325195
8956,saint_dqn,1.006424903869629
8957,saint_dqn,1.4918651580810547
8958,saint_dqn,2.055023193359375
8959,saint_dqn,0.5798454284667969
8960,saint_dqn,1.2275257110595703
8961,saint_dqn,5.473684310913086
8962,saint_dqn,1.2719058990478516
8963,saint_dqn,0.46283531188964844
8964,saint_dqn,2.283877372741699
8965,saint_dqn,2.5778017044067383
8966,saint_dqn,0.9493484497070312
8967,saint_dqn,2.936408042907715
8968,saint_dqn,1.6156606674194336
8969,saint_dqn,1.038116455078125
8970,saint_dqn,0.323516845703125
8971,saint_dqn,0.9940214157104492
8972,saint_dqn,5.849571228027344
8973,saint_dqn,2.405928611755371
8974,saint_dqn,-0.25504207611083984
8975,saint_dqn,2.3551712036132812
8976,saint_dqn,1.5364675521850586
8977,saint_dqn,3.8012638092041016
8978,saint_dqn,3.6245899200439453
8979,saint_dqn,2.5573205947875977
8980,saint_dqn,1.9637622833251953
8981,saint_dqn,5.268688201904297
8982,saint_dqn,0.1703176498413086
8983,saint_dqn,3.8439693450927734
8984,saint_dqn,0.5587787628173828
8985,saint_dqn,1.671548843383789
8986,saint_dqn,2.273077964782715
8987,saint_dqn,0.1392536163330078
8988,saint_dqn,-0.05999755859375
8989,saint_dqn,1.3588285446166992
8990,saint_dqn,0.3285818099975586
8991,saint_dqn,-1.8599319458007812
8992,saint_dqn,-0.42522335052490234
8993,saint_dqn,1.3358469009399414
8994,saint_dqn,3.2824087142944336
8995,saint_dqn,0.8845329284667969
8996,saint_dqn,1.8449907302856445
8997,saint_dqn,1.2248401641845703
8998,saint_dqn,0.01661205291748047
8999,saint_dqn,1.992208480834961
9000,saint_dqn,3.2294702529907227
9001,saint_dqn,0.018545150756835938
9002,saint_dqn,0.9012718200683594
9003,saint_dqn,0.9078502655029297
9004,saint_dqn,2.229731559753418
9005,saint_dqn,1.6852493286132812
9006,saint_dqn,1.3727855682373047
9007,saint_dqn,1.7970590591430664
9008,saint_dqn,2.832657814025879
9009,saint_dqn,1.5709609985351562
9010,saint_dqn,1.1246232986450195
9011,saint_dqn,3.818941116333008
9012,saint_dqn,1.8290538787841797
9013,saint_dqn,0.8589649200439453
9014,saint_dqn,0.21572303771972656
9015,saint_dqn,3.2502384185791016
9016,saint_dqn,1.1063899993896484
9017,saint_dqn,1.7551860809326172
9018,saint_dqn,1.9613494873046875
9019,saint_dqn,0.16019153594970703
9020,saint_dqn,1.1430702209472656
9021,saint_dqn,1.6844549179077148
9022,saint_dqn,1.2483444213867188
9023,saint_dqn,4.449432373046875
9024,saint_dqn,2.4898786544799805
9025,saint_dqn,2.032896041870117
9026,saint_dqn,2.118967056274414
9027,saint_dqn,1.3901309967041016
9028,saint_dqn,-0.06371688842773438
9029,saint_dqn,0.4373950958251953
9030,saint_dqn,3.1963253021240234
9031,saint_dqn,1.6678991317749023
9032,saint_dqn,4.491939544677734
9033,saint_dqn,0.6758651733398438
9034,saint_dqn,1.262765884399414
9035,saint_dqn,1.5116310119628906
9036,saint_dqn,2.800203323364258
9037,saint_dqn,1.3502140045166016
9038,saint_dqn,5.4274091720581055
9039,saint_dqn,1.3188409805297852
9040,saint_dqn,1.5876646041870117
9041,saint_dqn,1.5299606323242188
9042,saint_dqn,0.7846603393554688
9043,saint_dqn,1.3015127182006836
9044,saint_dqn,0.43148326873779297
9045,saint_dqn,1.078049659729004
9046,saint_dqn,0.43463993072509766
9047,saint_dqn,2.6097097396850586
9048,saint_dqn,3.2509765625
9049,saint_dqn,2.699789047241211
9050,saint_dqn,5.196394443511963
9051,saint_dqn,4.961607933044434
9052,saint_dqn,4.969226837158203
9053,saint_dqn,3.1874122619628906
9054,saint_dqn,0.9127235412597656
9055,saint_dqn,1.0243158340454102
9056,saint_dqn,1.9450225830078125
9057,saint_dqn,0.5266342163085938
9058,saint_dqn,0.7080621719360352
9059,saint_dqn,0.729400634765625
9060,saint_dqn,-0.16055679321289062
9061,saint_dqn,1.9882802963256836
9062,saint_dqn,4.64324951171875
9063,saint_dqn,2.020237922668457
9064,saint_dqn,0.08602714538574219
9065,saint_dqn,4.270077705383301
9066,saint_dqn,2.0594043731689453
9067,saint_dqn,2.7420244216918945
9068,saint_dqn,3.002732276916504
9069,saint_dqn,1.0644292831420898
9070,saint_dqn,3.675251007080078
9071,saint_dqn,1.1340456008911133
9072,saint_dqn,0.3905782699584961
9073,saint_dqn,3.228839874267578
9074,saint_dqn,3.093050003051758
9075,saint_dqn,1.171579360961914
9076,saint_dqn,1.7717962265014648
9077,saint_dqn,0.9234933853149414
9078,saint_dqn,0.7133674621582031
9079,saint_dqn,2.5096120834350586
9080,saint_dqn,2.9790077209472656
9081,saint_dqn,2.225499153137207
9082,saint_dqn,1.7650346755981445
9083,saint_dqn,2.6407480239868164
9084,saint_dqn,0.11158943176269531
9085,saint_dqn,5.5967559814453125
9086,saint_dqn,0.815582275390625
9087,saint_dqn,0.014582633972167969
9088,saint_dqn,1.4952945709228516
9089,saint_dqn,1.8439273834228516
9090,saint_dqn,2.587355613708496
9091,saint_dqn,1.8557052612304688
9092,saint_dqn,6.035373687744141
9093,saint_dqn,2.0764713287353516
9094,saint_dqn,4.638286113739014
9095,saint_dqn,3.0507049560546875
9096,saint_dqn,4.374126434326172
9097,saint_dqn,4.281497001647949
9098,saint_dqn,1.751272201538086
9099,saint_dqn,0.9898242950439453
9100,saint_dqn,1.7834148406982422
9101,saint_dqn,1.3618621826171875
9102,saint_dqn,2.8795833587646484
9103,saint_dqn,3.2969789505004883
9104,saint_dqn,3.123807907104492
9105,saint_dqn,4.40516471862793
9106,saint_dqn,-0.04404735565185547
9107,saint_dqn,2.2490406036376953
9108,saint_dqn,1.6411104202270508
9109,saint_dqn,0.8324136734008789
9110,saint_dqn,3.3174047470092773
9111,saint_dqn,1.4030942916870117
9112,saint_dqn,1.8120412826538086
9113,saint_dqn,2.335320472717285
9114,saint_dqn,1.5172414779663086
9115,saint_dqn,0.6508989334106445
9116,saint_dqn,1.2547855377197266
9117,saint_dqn,0.9556818008422852
9118,saint_dqn,-0.02294921875
9119,saint_dqn,1.5781850814819336
9120,saint_dqn,0.8085422515869141
9121,saint_dqn,0.9316749572753906
9122,saint_dqn,3.1587142944335938
9123,saint_dqn,0.5129728317260742
9124,saint_dqn,0.6427745819091797
9125,saint_dqn,0.09817218780517578
9126,saint_dqn,0.3437652587890625
9127,saint_dqn,3.790658950805664
9128,saint_dqn,0.3682365417480469
9129,saint_dqn,2.892641067504883
9130,saint_dqn,0.2391986846923828
9131,saint_dqn,0.9810409545898438
9132,saint_dqn,0.6733970642089844
9133,saint_dqn,0.8430404663085938
9134,saint_dqn,1.4695320129394531
9135,saint_dqn,2.8432655334472656
9136,saint_dqn,2.086094856262207
9137,saint_dqn,5.229124546051025
9138,saint_dqn,4.406503677368164
9139,saint_dqn,4.962113380432129
9140,saint_dqn,1.3666791915893555
9141,saint_dqn,1.228886604309082
9142,saint_dqn,1.1484050750732422
9143,saint_dqn,0.6654167175292969
9144,saint_dqn,1.6969671249389648
9145,saint_dqn,2.743539810180664
9146,saint_dqn,2.665867805480957
9147,saint_dqn,0.5935859680175781
9148,saint_dqn,0.48328399658203125
9149,saint_dqn,0.21096420288085938
9150,saint_dqn,1.7745046615600586
9151,saint_dqn,1.009303092956543
9152,saint_dqn,0.9138803482055664
9153,saint_dqn,1.8316526412963867
9154,saint_dqn,4.909597396850586
9155,saint_dqn,1.950216293334961
9156,saint_dqn,1.7439079284667969
9157,saint_dqn,2.794713020324707
9158,saint_dqn,1.1764726638793945
9159,saint_dqn,0.8321571350097656
9160,saint_dqn,4.229094505310059
9161,saint_dqn,5.427159309387207
9162,saint_dqn,3.065403938293457
9163,saint_dqn,1.8814191818237305
9164,saint_dqn,6.363962173461914
9165,saint_dqn,0.7019081115722656
9166,saint_dqn,1.9183969497680664
9167,saint_dqn,1.7173824310302734
9168,saint_dqn,3.773228645324707
9169,saint_dqn,0.8514423370361328
9170,saint_dqn,1.0868072509765625
9171,saint_dqn,3.335293769836426
9172,saint_dqn,2.9880475997924805
9173,saint_dqn,1.7351665496826172
9174,saint_dqn,0.9123287200927734
9175,saint_dqn,0.15654373168945312
9176,saint_dqn,3.0392942428588867
9177,saint_dqn,2.968998908996582
9178,saint_dqn,-0.22355270385742188
9179,saint_dqn,1.052994728088379
9180,saint_dqn,1.001235008239746
9181,saint_dqn,1.277963638305664
9182,saint_dqn,-0.05084514617919922
9183,saint_dqn,3.018655776977539
9184,saint_dqn,2.4174976348876953
9185,saint_dqn,1.3324222564697266
9186,saint_dqn,2.9982147216796875
9187,saint_dqn,2.9436416625976562
9188,saint_dqn,3.943608283996582
9189,saint_dqn,0.7942800521850586
9190,saint_dqn,1.0105485916137695
9191,saint_dqn,0.07358360290527344
9192,saint_dqn,3.696949005126953
9193,saint_dqn,0.2456531524658203
9194,saint_dqn,1.8387269973754883
9195,saint_dqn,1.8121719360351562
9196,saint_dqn,2.468380928039551
9197,saint_dqn,0.28014183044433594
9198,saint_dqn,-1.2821989059448242
9199,saint_dqn,4.972267150878906
9200,saint_dqn,1.87469482421875
9201,saint_dqn,2.1549911499023438
9202,saint_dqn,0.6830635070800781
9203,saint_dqn,1.4564228057861328
9204,saint_dqn,1.0634374618530273
9205,saint_dqn,1.268585205078125
9206,saint_dqn,1.9488964080810547
9207,saint_dqn,-0.01601409912109375
9208,saint_dqn,0.22484207153320312
9209,saint_dqn,1.7440309524536133
9210,saint_dqn,0.4533224105834961
9211,saint_dqn,5.398401260375977
9212,saint_dqn,2.0081005096435547
9213,saint_dqn,2.859712600708008
9214,saint_dqn,2.8384037017822266
9215,saint_dqn,2.468942642211914
9216,saint_dqn,1.4997291564941406
9217,saint_dqn,0.9914569854736328
9218,saint_dqn,0.15906715393066406
9219,saint_dqn,-0.24526500701904297
9220,saint_dqn,3.1173644065856934
9221,saint_dqn,1.7806997299194336
9222,saint_dqn,3.057297706604004
9223,saint_dqn,1.722564697265625
9224,saint_dqn,0.13767433166503906
9225,saint_dqn,0.8968124389648438
9226,saint_dqn,1.0496139526367188
9227,saint_dqn,0.31250762939453125
9228,saint_dqn,3.5711727142333984
9229,saint_dqn,1.950338363647461
9230,saint_dqn,2.6034374237060547
9231,saint_dqn,0.7209758758544922
9232,saint_dqn,1.0936641693115234
9233,saint_dqn,3.3046493530273438
9234,saint_dqn,0.5500268936157227
9235,saint_dqn,2.302487373352051
9236,saint_dqn,5.260711669921875
9237,saint_dqn,2.099043846130371
9238,saint_dqn,3.784688949584961
9239,saint_dqn,1.6916065216064453
9240,saint_dqn,2.512040138244629
9241,saint_dqn,4.427707672119141
9242,saint_dqn,1.7530136108398438
9243,saint_dqn,5.113335609436035
9244,saint_dqn,3.958979606628418
9245,saint_dqn,4.511875152587891
9246,saint_dqn,0.725764274597168
9247,saint_dqn,2.336557388305664
9248,saint_dqn,1.9012041091918945
9249,saint_dqn,1.3515510559082031
9250,saint_dqn,2.6469345092773438
9251,saint_dqn,1.5982332229614258
9252,saint_dqn,0.7144765853881836
9253,saint_dqn,0.29962158203125
9254,saint_dqn,-2.5123815536499023
9255,saint_dqn,1.9062986373901367
9256,saint_dqn,1.677891731262207
9257,saint_dqn,2.321796417236328
9258,saint_dqn,2.406869888305664
9259,saint_dqn,3.594803810119629
9260,saint_dqn,1.9248809814453125
9261,saint_dqn,0.34668827056884766
9262,saint_dqn,2.3940343856811523
9263,saint_dqn,2.977201461791992
9264,saint_dqn,2.0015830993652344
9265,saint_dqn,1.5076208114624023
9266,saint_dqn,0.589848518371582
9267,saint_dqn,1.8562908172607422
9268,saint_dqn,0.9592990875244141
9269,saint_dqn,3.271484375
9270,saint_dqn,2.6017675399780273
9271,saint_dqn,4.586669921875
9272,saint_dqn,2.4063405990600586
9273,saint_dqn,3.658580780029297
9274,saint_dqn,0.060471534729003906
9275,saint_dqn,1.5795679092407227
9276,saint_dqn,0.8479242324829102
9277,saint_dqn,3.001272201538086
9278,saint_dqn,1.2116594314575195
9279,saint_dqn,0.7553272247314453
9280,saint_dqn,2.3568649291992188
9281,saint_dqn,1.136357307434082
9282,saint_dqn,4.120588302612305
9283,saint_dqn,1.017268180847168
9284,saint_dqn,2.9796953201293945
9285,saint_dqn,2.5672531127929688
9286,saint_dqn,0.42359447479248047
9287,saint_dqn,1.508859634399414
9288,saint_dqn,0.16163063049316406
9289,saint_dqn,4.49200439453125
9290,saint_dqn,1.4065418243408203
9291,saint_dqn,0.5572299957275391
9292,saint_dqn,0.8863716125488281
9293,saint_dqn,2.5107030868530273
9294,saint_dqn,-0.09514427185058594
9295,saint_dqn,2.7567873001098633
9296,saint_dqn,1.8093204498291016
9297,saint_dqn,0.7868404388427734
9298,saint_dqn,2.274232864379883
9299,saint_dqn,0.8010959625244141
9300,saint_dqn,4.022758483886719
9301,saint_dqn,-1.2802982330322266
9302,saint_dqn,2.254526138305664
9303,saint_dqn,1.3136796951293945
9304,saint_dqn,1.6774826049804688
9305,saint_dqn,2.61275577545166
9306,saint_dqn,1.4697465896606445
9307,saint_dqn,2.1787023544311523
9308,saint_dqn,1.6662626266479492
9309,saint_dqn,3.6055831909179688
9310,saint_dqn,1.0478687286376953
9311,saint_dqn,1.381098747253418
9312,saint_dqn,-0.10271453857421875
9313,saint_dqn,1.892399787902832
9314,saint_dqn,-0.05575847625732422
9315,saint_dqn,1.8996191024780273
9316,saint_dqn,1.1823482513427734
9317,saint_dqn,3.3875484466552734
9318,saint_dqn,1.0161314010620117
9319,saint_dqn,1.3187255859375
9320,saint_dqn,-1.7169551849365234
9321,saint_dqn,-0.47282981872558594
9322,saint_dqn,0.4391498565673828
9323,saint_dqn,1.5701112747192383
9324,saint_dqn,4.712673187255859
9325,saint_dqn,0.1853790283203125
9326,saint_dqn,0.41387462615966797
9327,saint_dqn,1.969970703125
9328,saint_dqn,2.1954517364501953
9329,saint_dqn,0.9736928939819336
9330,saint_dqn,2.102214813232422
9331,saint_dqn,1.0294075012207031
9332,saint_dqn,6.020788192749023
9333,saint_dqn,-0.5065288543701172
9334,saint_dqn,2.779271125793457
9335,saint_dqn,1.5314645767211914
9336,saint_dqn,1.6978178024291992
9337,saint_dqn,1.4013051986694336
9338,saint_dqn,0.9560108184814453
9339,saint_dqn,-0.7790002822875977
9340,saint_dqn,0.4069080352783203
9341,saint_dqn,2.9532995223999023
9342,saint_dqn,5.692688941955566
9343,saint_dqn,0.2500486373901367
9344,saint_dqn,4.96533203125
9345,saint_dqn,0.2505025863647461
9346,saint_dqn,1.3266277313232422
9347,saint_dqn,1.273590087890625
9348,saint_dqn,1.3385591506958008
9349,saint_dqn,1.0993757247924805
9350,saint_dqn,2.3563613891601562
9351,saint_dqn,0.4963703155517578
9352,saint_dqn,-1.483872413635254
9353,saint_dqn,2.395749092102051
9354,saint_dqn,-1.1736335754394531
9355,saint_dqn,0.18147754669189453
9356,saint_dqn,2.059464454650879
9357,saint_dqn,2.350189208984375
9358,saint_dqn,-0.5707597732543945
9359,saint_dqn,1.5413265228271484
9360,saint_dqn,2.024526596069336
9361,saint_dqn,1.7093868255615234
9362,saint_dqn,1.0790376663208008
9363,saint_dqn,1.258784294128418
9364,saint_dqn,4.91459846496582
9365,saint_dqn,1.5606088638305664
9366,saint_dqn,0.022057533264160156
9367,saint_dqn,2.4977431297302246
9368,saint_dqn,3.5402040481567383
9369,saint_dqn,6.764561653137207
9370,saint_dqn,2.7257299423217773
9371,saint_dqn,6.6495513916015625
9372,saint_dqn,0.369964599609375
9373,saint_dqn,1.3989696502685547
9374,saint_dqn,3.5238256454467773
9375,saint_dqn,-0.4159965515136719
9376,saint_dqn,0.8466920852661133
9377,saint_dqn,1.215993881225586
9378,saint_dqn,2.2628774642944336
9379,saint_dqn,5.49057674407959
9380,saint_dqn,2.9980649948120117
9381,saint_dqn,1.7847862243652344
9382,saint_dqn,2.4227094650268555
9383,saint_dqn,1.9853086471557617
9384,saint_dqn,1.4815540313720703
9385,saint_dqn,0.506378173828125
9386,saint_dqn,4.551953315734863
9387,saint_dqn,0.2298421859741211
9388,saint_dqn,3.294522285461426
9389,saint_dqn,5.499246597290039
9390,saint_dqn,1.1496706008911133
9391,saint_dqn,4.124059677124023
9392,saint_dqn,1.8128366470336914
9393,saint_dqn,1.6080350875854492
9394,saint_dqn,1.8048133850097656
9395,saint_dqn,4.22231388092041
9396,saint_dqn,4.981727600097656
9397,saint_dqn,2.2968368530273438
9398,saint_dqn,0.44397449493408203
9399,saint_dqn,0.8263378143310547
9400,saint_dqn,4.184059143066406
9401,saint_dqn,0.9733791351318359
9402,saint_dqn,-0.017210960388183594
9403,saint_dqn,0.1857147216796875
9404,saint_dqn,4.953834533691406
9405,saint_dqn,1.6926994323730469
9406,saint_dqn,0.9401006698608398
9407,saint_dqn,1.3619928359985352
9408,saint_dqn,1.8023838996887207
9409,saint_dqn,0.1938161849975586
9410,saint_dqn,3.8966493606567383
9411,saint_dqn,1.345163345336914
9412,saint_dqn,3.015627861022949
9413,saint_dqn,1.5794258117675781
9414,saint_dqn,5.6737823486328125
9415,saint_dqn,1.8863334655761719
9416,saint_dqn,0.8386507034301758
9417,saint_dqn,1.115096092224121
9418,saint_dqn,5.100048065185547
9419,saint_dqn,1.585000991821289
9420,saint_dqn,0.2906637191772461
9421,saint_dqn,1.8441457748413086
9422,saint_dqn,5.120388984680176
9423,saint_dqn,1.9657869338989258
9424,saint_dqn,0.19548606872558594
9425,saint_dqn,2.452320098876953
9426,saint_dqn,3.411266326904297
9427,saint_dqn,1.8947944641113281
9428,saint_dqn,0.010708808898925781
9429,saint_dqn,1.0360050201416016
9430,saint_dqn,1.1820297241210938
9431,saint_dqn,3.512622833251953
9432,saint_dqn,1.3931732177734375
9433,saint_dqn,1.3708829879760742
9434,saint_dqn,1.4780149459838867
9435,saint_dqn,1.0325956344604492
9436,saint_dqn,1.7738122940063477
9437,saint_dqn,1.2291717529296875
9438,saint_dqn,1.9359560012817383
9439,saint_dqn,0.026322364807128906
9440,saint_dqn,1.7642812728881836
9441,saint_dqn,2.1609020233154297
9442,saint_dqn,-0.8179492950439453
9443,saint_dqn,1.3156805038452148
9444,saint_dqn,0.7131567001342773
9445,saint_dqn,1.920182228088379
9446,saint_dqn,-0.1698589324951172
9447,saint_dqn,1.734236717224121
9448,saint_dqn,0.5679988861083984
9449,saint_dqn,0.6917343139648438
9450,saint_dqn,2.6671180725097656
9451,saint_dqn,3.7008066177368164
9452,saint_dqn,3.2275733947753906
9453,saint_dqn,2.129070281982422
9454,saint_dqn,-0.5398435592651367
9455,saint_dqn,0.4376964569091797
9456,saint_dqn,0.4727668762207031
9457,saint_dqn,2.7514724731445312
9458,saint_dqn,1.115525245666504
9459,saint_dqn,1.364363670349121
9460,saint_dqn,1.8290653228759766
9461,saint_dqn,0.4078502655029297
9462,saint_dqn,1.3083953857421875
9463,saint_dqn,0.6437034606933594
9464,saint_dqn,2.355332374572754
9465,saint_dqn,2.4445905685424805
9466,saint_dqn,1.160017967224121
9467,saint_dqn,2.2744626998901367
9468,saint_dqn,0.5124044418334961
9469,saint_dqn,1.213531494140625
9470,saint_dqn,1.576669692993164
9471,saint_dqn,2.1748714447021484
9472,saint_dqn,1.1773509979248047
9473,saint_dqn,1.7929763793945312
9474,saint_dqn,1.215123176574707
9475,saint_dqn,5.1806182861328125
9476,saint_dqn,0.6422576904296875
9477,saint_dqn,3.1915721893310547
9478,saint_dqn,1.3728952407836914
9479,saint_dqn,0.5397043228149414
9480,saint_dqn,1.758127212524414
9481,saint_dqn,3.063197135925293
9482,saint_dqn,4.596258163452148
9483,saint_dqn,1.5207881927490234
9484,saint_dqn,1.9525384902954102
9485,saint_dqn,2.2717771530151367
9486,saint_dqn,1.0852203369140625
9487,saint_dqn,1.4051637649536133
9488,saint_dqn,0.8182792663574219
9489,saint_dqn,1.5724992752075195
9490,saint_dqn,1.875746726989746
9491,saint_dqn,1.2381982803344727
9492,saint_dqn,3.5144271850585938
9493,saint_dqn,0.12403106689453125
9494,saint_dqn,1.3411693572998047
9495,saint_dqn,0.7205486297607422
9496,saint_dqn,1.4219293594360352
9497,saint_dqn,1.6148109436035156
9498,saint_dqn,4.443999290466309
9499,saint_dqn,2.010599136352539
9500,saint_dqn,0.9125289916992188
9501,saint_dqn,-0.2441883087158203
9502,saint_dqn,1.3688249588012695
9503,saint_dqn,1.496140480041504
9504,saint_dqn,4.1813249588012695
9505,saint_dqn,4.017641544342041
9506,saint_dqn,3.479001045227051
9507,saint_dqn,0.8921241760253906
9508,saint_dqn,2.0398941040039062
9509,saint_dqn,0.8237152099609375
9510,saint_dqn,1.6600456237792969
9511,saint_dqn,1.4001235961914062
9512,saint_dqn,1.523188591003418
9513,saint_dqn,2.213682174682617
9514,saint_dqn,4.778295516967773
9515,saint_dqn,1.9780616760253906
9516,saint_dqn,1.8655853271484375
9517,saint_dqn,0.3940391540527344
9518,saint_dqn,3.554532051086426
9519,saint_dqn,0.9376487731933594
9520,saint_dqn,0.32950305938720703
9521,saint_dqn,5.661917686462402
9522,saint_dqn,1.7634143829345703
9523,saint_dqn,1.0404233932495117
9524,saint_dqn,-0.1391305923461914
9525,saint_dqn,1.1416454315185547
9526,saint_dqn,4.779825210571289
9527,saint_dqn,0.9560480117797852
9528,saint_dqn,1.0526084899902344
9529,saint_dqn,1.4823846817016602
9530,saint_dqn,1.7540159225463867
9531,saint_dqn,2.6027088165283203
9532,saint_dqn,0.5263462066650391
9533,saint_dqn,3.559732437133789
9534,saint_dqn,4.68548583984375
9535,saint_dqn,1.3087396621704102
9536,saint_dqn,3.0863571166992188
9537,saint_dqn,3.8663864135742188
9538,saint_dqn,0.8793001174926758
9539,saint_dqn,2.6923351287841797
9540,saint_dqn,1.549560546875
9541,saint_dqn,1.7684545516967773
9542,saint_dqn,1.2211647033691406
9543,saint_dqn,1.3867874145507812
9544,saint_dqn,3.0461606979370117
9545,saint_dqn,0.7606143951416016
9546,saint_dqn,1.231398582458496
9547,saint_dqn,2.350057601928711
9548,saint_dqn,0.7674942016601562
9549,saint_dqn,0.7775554656982422
9550,saint_dqn,1.4452705383300781
9551,saint_dqn,1.6733474731445312
9552,saint_dqn,5.636442184448242
9553,saint_dqn,0.47131919860839844
9554,saint_dqn,1.736785888671875
9555,saint_dqn,1.9407625198364258
9556,saint_dqn,0.6184234619140625
9557,saint_dqn,3.2004833221435547
9558,saint_dqn,2.7864723205566406
9559,saint_dqn,0.5958957672119141
9560,saint_dqn,1.467158317565918
9561,saint_dqn,2.1640148162841797
9562,saint_dqn,3.1959056854248047
9563,saint_dqn,2.3323183059692383
9564,saint_dqn,1.2872753143310547
9565,saint_dqn,0.7081136703491211
9566,saint_dqn,0.9271373748779297
9567,saint_dqn,2.6567916870117188
9568,saint_dqn,5.470516204833984
9569,saint_dqn,1.2526159286499023
9570,saint_dqn,2.989047050476074
9571,saint_dqn,1.6334457397460938
9572,saint_dqn,1.2580547332763672
9573,saint_dqn,1.5106544494628906
9574,saint_dqn,0.05370903015136719
9575,saint_dqn,0.6659221649169922
9576,saint_dqn,5.98738956451416
9577,saint_dqn,1.6725139617919922
9578,saint_dqn,4.970745086669922
9579,saint_dqn,0.615473747253418
9580,saint_dqn,1.701202392578125
9581,saint_dqn,1.191091537475586
9582,saint_dqn,1.524724006652832
9583,saint_dqn,3.17134952545166
9584,saint_dqn,0.1383676528930664
9585,saint_dqn,1.1816205978393555
9586,saint_dqn,2.01104736328125
9587,saint_dqn,2.170842170715332
9588,saint_dqn,2.178828239440918
9589,saint_dqn,1.6845121383666992
9590,saint_dqn,0.6879596710205078
9591,saint_dqn,2.421034812927246
9592,saint_dqn,-0.2610788345336914
9593,saint_dqn,3.015167236328125
9594,saint_dqn,1.464838981628418
9595,saint_dqn,0.5651531219482422
9596,saint_dqn,3.4132280349731445
9597,saint_dqn,1.2625236511230469
9598,saint_dqn,0.5874948501586914
9599,saint_dqn,0.8992338180541992
9600,saint_dqn,0.6672544479370117
9601,saint_dqn,1.6608428955078125
9602,saint_dqn,1.1469316482543945
9603,saint_dqn,2.2531843185424805
9604,saint_dqn,2.230807304382324
9605,saint_dqn,1.7663288116455078
9606,saint_dqn,0.30190181732177734
9607,saint_dqn,2.247608184814453
9608,saint_dqn,3.365510940551758
9609,saint_dqn,3.898263931274414
9610,saint_dqn,1.5604496002197266
9611,saint_dqn,1.0360603332519531
9612,saint_dqn,4.373076438903809
9613,saint_dqn,4.277318000793457
9614,saint_dqn,2.1909217834472656
9615,saint_dqn,2.910511016845703
9616,saint_dqn,2.434926986694336
9617,saint_dqn,0.1633586883544922
9618,saint_dqn,4.274290084838867
9619,saint_dqn,1.7501535415649414
9620,saint_dqn,1.937058448791504
9621,saint_dqn,3.3472299575805664
9622,saint_dqn,4.341167449951172
9623,saint_dqn,2.6635847091674805
9624,saint_dqn,2.406301498413086
9625,saint_dqn,0.5405960083007812
9626,saint_dqn,3.8166275024414062
9627,saint_dqn,1.8394994735717773
9628,saint_dqn,2.376314163208008
9629,saint_dqn,3.987031936645508
9630,saint_dqn,2.1199827194213867
9631,saint_dqn,1.3539447784423828
9632,saint_dqn,1.5708074569702148
9633,saint_dqn,0.6177301406860352
9634,saint_dqn,-0.2697486877441406
9635,saint_dqn,1.291111946105957
9636,saint_dqn,5.128223419189453
9637,saint_dqn,5.572622776031494
9638,saint_dqn,3.1406784057617188
9639,saint_dqn,1.0948829650878906
9640,saint_dqn,1.689467430114746
9641,saint_dqn,4.794553756713867
9642,saint_dqn,0.8681602478027344
9643,saint_dqn,0.8816156387329102
9644,saint_dqn,0.039757728576660156
9645,saint_dqn,4.007514953613281
9646,saint_dqn,1.435563087463379
9647,saint_dqn,0.12761688232421875
9648,saint_dqn,1.4165887832641602
9649,saint_dqn,1.2780380249023438
9650,saint_dqn,2.292414665222168
9651,saint_dqn,0.8479652404785156
9652,saint_dqn,1.9428367614746094
9653,saint_dqn,2.866880416870117
9654,saint_dqn,3.1737537384033203
9655,saint_dqn,1.1570463180541992
9656,saint_dqn,3.2331600189208984
9657,saint_dqn,1.3660402297973633
9658,saint_dqn,2.8927574157714844
9659,saint_dqn,0.4393806457519531
9660,saint_dqn,2.945972442626953
9661,saint_dqn,1.2908496856689453
9662,saint_dqn,0.8046398162841797
9663,saint_dqn,1.202528953552246
9664,saint_dqn,1.3802165985107422
9665,saint_dqn,0.8155384063720703
9666,saint_dqn,0.8343372344970703
9667,saint_dqn,3.520604133605957
9668,saint_dqn,4.680071830749512
9669,saint_dqn,1.7389612197875977
9670,saint_dqn,2.59332275390625
9671,saint_dqn,1.8444023132324219
9672,saint_dqn,0.07341957092285156
9673,saint_dqn,2.20981502532959
9674,saint_dqn,0.7284021377563477
9675,saint_dqn,1.4223556518554688
9676,saint_dqn,2.2115440368652344
9677,saint_dqn,0.3904838562011719
9678,saint_dqn,0.7552652359008789
9679,saint_dqn,1.7581958770751953
9680,saint_dqn,0.8561067581176758
9681,saint_dqn,-1.3112545013427734
9682,saint_dqn,1.9157695770263672
9683,saint_dqn,1.9002065658569336
9684,saint_dqn,1.5964269638061523
9685,saint_dqn,-0.21955490112304688
9686,saint_dqn,4.13179874420166
9687,saint_dqn,1.5587921142578125
9688,saint_dqn,5.5927734375
9689,saint_dqn,1.0349655151367188
9690,saint_dqn,1.793039321899414
9691,saint_dqn,1.2838249206542969
9692,saint_dqn,1.0524911880493164
9693,saint_dqn,1.2010221481323242
9694,saint_dqn,3.5178613662719727
9695,saint_dqn,0.4901542663574219
9696,saint_dqn,2.0225000381469727
9697,saint_dqn,0.724726676940918
9698,saint_dqn,2.9018478393554688
9699,saint_dqn,1.9544944763183594
9700,saint_dqn,2.617443084716797
9701,saint_dqn,0.3889646530151367
9702,saint_dqn,3.3438491821289062
9703,saint_dqn,1.901993751525879
9704,saint_dqn,3.0679969787597656
9705,saint_dqn,-0.055572509765625
9706,saint_dqn,1.386052131652832
9707,saint_dqn,2.1911420822143555
9708,saint_dqn,0.33773231506347656
9709,saint_dqn,0.8381233215332031
9710,saint_dqn,2.3781604766845703
9711,saint_dqn,1.2619781494140625
9712,saint_dqn,2.7469587326049805
9713,saint_dqn,1.7964200973510742
9714,saint_dqn,4.976311683654785
9715,saint_dqn,0.4483518600463867
9716,saint_dqn,2.9182052612304688
9717,saint_dqn,2.69912052154541
9718,saint_dqn,1.3243017196655273
9719,saint_dqn,5.273960113525391
9720,saint_dqn,1.3577861785888672
9721,saint_dqn,2.8398189544677734
9722,saint_dqn,0.014952659606933594
9723,saint_dqn,0.4940185546875
9724,saint_dqn,1.1434478759765625
9725,saint_dqn,4.840564727783203
9726,saint_dqn,1.9773941040039062
9727,saint_dqn,0.1271371841430664
9728,saint_dqn,1.4454116821289062
9729,saint_dqn,1.2547740936279297
9730,saint_dqn,2.5011959075927734
9731,saint_dqn,2.1620187759399414
9732,saint_dqn,0.7092409133911133
9733,saint_dqn,-0.49488258361816406
9734,saint_dqn,-0.048621177673339844
9735,saint_dqn,2.063335418701172
9736,saint_dqn,1.3282995223999023
9737,saint_dqn,3.404961585998535
9738,saint_dqn,4.661223411560059
9739,saint_dqn,1.2915935516357422
9740,saint_dqn,-0.16151809692382812
9741,saint_dqn,1.6357383728027344
9742,saint_dqn,2.95644474029541
9743,saint_dqn,-0.24695491790771484
9744,saint_dqn,1.7109222412109375
9745,saint_dqn,-0.12587547302246094
9746,saint_dqn,6.2341413497924805
9747,saint_dqn,-0.2977266311645508
9748,saint_dqn,2.2256011962890625
9749,saint_dqn,4.624429225921631
9750,saint_dqn,1.1888246536254883
9751,saint_dqn,0.9194068908691406
9752,saint_dqn,1.5092182159423828
9753,saint_dqn,1.0562000274658203
9754,saint_dqn,1.0564908981323242
9755,saint_dqn,2.2504959106445312
9756,saint_dqn,-0.3393087387084961
9757,saint_dqn,4.458550453186035
9758,saint_dqn,3.9260997772216797
9759,saint_dqn,0.14348411560058594
9760,saint_dqn,2.6608505249023438
9761,saint_dqn,1.5087690353393555
9762,saint_dqn,1.6300039291381836
9763,saint_dqn,2.6716842651367188
9764,saint_dqn,1.515650749206543
9765,saint_dqn,1.3856449127197266
9766,saint_dqn,1.5365581512451172
9767,saint_dqn,0.3424034118652344
9768,saint_dqn,0.8710508346557617
9769,saint_dqn,4.578401565551758
9770,saint_dqn,0.24561214447021484
9771,saint_dqn,0.975825309753418
9772,saint_dqn,3.4107351303100586
9773,saint_dqn,0.22499656677246094
9774,saint_dqn,2.4297847747802734
9775,saint_dqn,1.4172439575195312
9776,saint_dqn,-0.012521743774414062
9777,saint_dqn,1.7848491668701172
9778,saint_dqn,1.3048973083496094
9779,saint_dqn,1.1041011810302734
9780,saint_dqn,2.145491600036621
9781,saint_dqn,1.7250843048095703
9782,saint_dqn,1.187760353088379
9783,saint_dqn,1.156113624572754
9784,saint_dqn,0.2789030075073242
9785,saint_dqn,1.8603029251098633
9786,saint_dqn,-0.8666553497314453
9787,saint_dqn,-1.8612346649169922
9788,saint_dqn,1.634160041809082
9789,saint_dqn,4.760052680969238
9790,saint_dqn,1.217961311340332
9791,saint_dqn,1.50531005859375
9792,saint_dqn,1.1294145584106445
9793,saint_dqn,0.21495819091796875
9794,saint_dqn,1.6109123229980469
9795,saint_dqn,1.9226388931274414
9796,saint_dqn,0.571751594543457
9797,saint_dqn,1.6247053146362305
9798,saint_dqn,2.5636138916015625
9799,saint_dqn,1.002638816833496
9800,saint_dqn,0.027274131774902344
9801,saint_dqn,1.2169246673583984
9802,saint_dqn,3.951836585998535
9803,saint_dqn,0.49599170684814453
9804,saint_dqn,3.1148128509521484
9805,saint_dqn,3.164173126220703
9806,saint_dqn,3.104764938354492
9807,saint_dqn,1.3656721115112305
9808,saint_dqn,3.8711366653442383
9809,saint_dqn,2.920161247253418
9810,saint_dqn,0.9539394378662109
9811,saint_dqn,1.7512893676757812
9812,saint_dqn,0.9572210311889648
9813,saint_dqn,5.150295257568359
9814,saint_dqn,1.286595344543457
9815,saint_dqn,1.613541603088379
9816,saint_dqn,2.245245933532715
9817,saint_dqn,2.522036552429199
9818,saint_dqn,3.753509521484375
9819,saint_dqn,-0.16351032257080078
9820,saint_dqn,2.1392335891723633
9821,saint_dqn,1.5522451400756836
9822,saint_dqn,2.070155143737793
9823,saint_dqn,-0.5331754684448242
9824,saint_dqn,1.3271112442016602
9825,saint_dqn,3.6049365997314453
9826,saint_dqn,0.6666326522827148
9827,saint_dqn,1.4832134246826172
9828,saint_dqn,0.6970281600952148
9829,saint_dqn,3.419426918029785
9830,saint_dqn,2.7520904541015625
9831,saint_dqn,4.230376243591309
9832,saint_dqn,1.7629108428955078
9833,saint_dqn,2.3349313735961914
9834,saint_dqn,1.7738456726074219
9835,saint_dqn,0.9132709503173828
9836,saint_dqn,2.2715530395507812
9837,saint_dqn,2.2759323120117188
9838,saint_dqn,0.3002328872680664
9839,saint_dqn,0.42096900939941406
9840,saint_dqn,1.2934761047363281
9841,saint_dqn,2.2717676162719727
9842,saint_dqn,1.0102338790893555
9843,saint_dqn,-2.9317588806152344
9844,saint_dqn,2.011575698852539
9845,saint_dqn,0.18054962158203125
9846,saint_dqn,1.1159448623657227
9847,saint_dqn,1.806692123413086
9848,saint_dqn,1.7131280899047852
9849,saint_dqn,1.1490468978881836
9850,saint_dqn,3.2285079956054688
9851,saint_dqn,3.4441146850585938
9852,saint_dqn,0.5728740692138672
9853,saint_dqn,0.21721458435058594
9854,saint_dqn,1.9974031448364258
9855,saint_dqn,1.733734130859375
9856,saint_dqn,1.6649608612060547
9857,saint_dqn,1.2351951599121094
9858,saint_dqn,3.632486343383789
9859,saint_dqn,1.9084205627441406
9860,saint_dqn,0.8554553985595703
9861,saint_dqn,2.6304588317871094
9862,saint_dqn,-0.11682319641113281
9863,saint_dqn,1.6475181579589844
9864,saint_dqn,1.440260887145996
9865,saint_dqn,2.9216537475585938
9866,saint_dqn,0.9751319885253906
9867,saint_dqn,3.3213491439819336
9868,saint_dqn,-0.017543792724609375
9869,saint_dqn,0.3474006652832031
9870,saint_dqn,1.5201587677001953
9871,saint_dqn,0.7566347122192383
9872,saint_dqn,0.14513587951660156
9873,saint_dqn,2.808666229248047
9874,saint_dqn,1.3817310333251953
9875,saint_dqn,1.683842658996582
9876,saint_dqn,2.2563257217407227
9877,saint_dqn,1.3341608047485352
9878,saint_dqn,1.6062917709350586
9879,saint_dqn,5.649187088012695
9880,saint_dqn,1.3639564514160156
9881,saint_dqn,1.0064010620117188
9882,saint_dqn,-0.20293235778808594
9883,saint_dqn,2.1804981231689453
9884,saint_dqn,1.9931135177612305
9885,saint_dqn,0.7455720901489258
9886,saint_dqn,0.4883565902709961
9887,saint_dqn,2.5922231674194336
9888,saint_dqn,1.4468116760253906
9889,saint_dqn,1.8251953125
9890,saint_dqn,3.11651611328125
9891,saint_dqn,1.8399667739868164
9892,saint_dqn,0.7911815643310547
9893,saint_dqn,0.3572053909301758
9894,saint_dqn,1.2042884826660156
9895,saint_dqn,1.7183618545532227
9896,saint_dqn,3.5373268127441406
9897,saint_dqn,1.284444808959961
9898,saint_dqn,1.3645868301391602
9899,saint_dqn,3.2430429458618164
9900,saint_dqn,0.5028696060180664
9901,saint_dqn,0.6868324279785156
9902,saint_dqn,2.084506034851074
9903,saint_dqn,-2.0473098754882812
9904,saint_dqn,2.0483150482177734
9905,saint_dqn,2.1909408569335938
9906,saint_dqn,0.4178657531738281
9907,saint_dqn,5.176875114440918
9908,saint_dqn,1.1999473571777344
9909,saint_dqn,2.9833364486694336
9910,saint_dqn,1.274785041809082
9911,saint_dqn,1.5590219497680664
9912,saint_dqn,1.4655647277832031
9913,saint_dqn,2.82108736038208
9914,saint_dqn,5.456647872924805
9915,saint_dqn,3.7637739181518555
9916,saint_dqn,1.2639532089233398
9917,saint_dqn,1.6280088424682617
9918,saint_dqn,0.9235153198242188
9919,saint_dqn,0.7831716537475586
9920,saint_dqn,1.2642478942871094
9921,saint_dqn,1.675612449645996
9922,saint_dqn,3.873600959777832
9923,saint_dqn,1.282689094543457
9924,saint_dqn,3.078913688659668
9925,saint_dqn,0.7084541320800781
9926,saint_dqn,-0.882105827331543
9927,saint_dqn,2.22855281829834
9928,saint_dqn,2.687911033630371
9929,saint_dqn,0.07420158386230469
9930,saint_dqn,5.063807487487793
9931,saint_dqn,2.706287384033203
9932,saint_dqn,0.84100341796875
9933,saint_dqn,0.0657491683959961
9934,saint_dqn,-0.6298904418945312
9935,saint_dqn,1.9016609191894531
9936,saint_dqn,0.8977994918823242
9937,saint_dqn,0.7185497283935547
9938,saint_dqn,2.9374828338623047
9939,saint_dqn,1.9416561126708984
9940,saint_dqn,1.0916681289672852
9941,saint_dqn,2.0609331130981445
9942,saint_dqn,3.6990861892700195
9943,saint_dqn,0.019191741943359375
9944,saint_dqn,2.871389389038086
9945,saint_dqn,4.025026321411133
9946,saint_dqn,2.570967674255371
9947,saint_dqn,1.1334228515625
9948,saint_dqn,0.7587413787841797
9949,saint_dqn,1.8361568450927734
9950,saint_dqn,3.683865547180176
9951,saint_dqn,0.5248260498046875
9952,saint_dqn,0.05901336669921875
9953,saint_dqn,6.799324989318848
9954,saint_dqn,2.4331722259521484
9955,saint_dqn,0.6004438400268555
9956,saint_dqn,2.228271484375
9957,saint_dqn,-0.4945335388183594
9958,saint_dqn,1.5441865921020508
9959,saint_dqn,1.3710765838623047
9960,saint_dqn,0.5021839141845703
9961,saint_dqn,1.900254249572754
9962,saint_dqn,5.055393218994141
9963,saint_dqn,1.8136367797851562
9964,saint_dqn,0.4464550018310547
9965,saint_dqn,1.8329992294311523
9966,saint_dqn,2.1964149475097656
9967,saint_dqn,2.6988582611083984
9968,saint_dqn,1.9932012557983398
9969,saint_dqn,0.1224508285522461
9970,saint_dqn,2.0066003799438477
9971,saint_dqn,1.5822582244873047
9972,saint_dqn,1.424118995666504
9973,saint_dqn,0.6402149200439453
9974,saint_dqn,1.2396907806396484
9975,saint_dqn,1.68341064453125
9976,saint_dqn,0.5569324493408203
9977,saint_dqn,2.7157421112060547
9978,saint_dqn,1.4807167053222656
9979,saint_dqn,0.4862537384033203
9980,saint_dqn,0.6097259521484375
9981,saint_dqn,1.3242197036743164
9982,saint_dqn,3.865833282470703
9983,saint_dqn,1.8078508377075195
9984,saint_dqn,2.551736831665039
9985,saint_dqn,1.4869070053100586
9986,saint_dqn,0.8297586441040039
9987,saint_dqn,1.684605598449707
9988,saint_dqn,2.007831573486328
9989,saint_dqn,6.034361839294434
9990,saint_dqn,0.4457988739013672
9991,saint_dqn,0.8983755111694336
9992,saint_dqn,1.3312664031982422
9993,saint_dqn,-0.09423065185546875
9994,saint_dqn,-1.0138940811157227
9995,saint_dqn,2.3006582260131836
9996,saint_dqn,3.9286623001098633
9997,saint_dqn,2.36618709564209
9998,saint_dqn,0.34307384490966797
9999,saint_dqn,3.131406784057617
10000,saint_dqn,3.3814640045166016
